id_custo,id_data,id_filial,categoria_custo,valor
1,20240101,1,Combustível,1846.66
2,20240101,1,Manutenção,618.81
3,20240101,1,Pedágio,388.6
4,20240101,1,Motorista (Salário/Diária),536.36
5,20240101,1,Seguro,157.07
6,20240101,1,Outros,118.35
7,20240101,2,Combustível,177.81
8,20240101,2,Manutenção,82.14
9,20240101,2,Pedágio,40.85
10,20240101,2,Motorista (Salário/Diária),66.21
11,20240101,2,Seguro,18.23
12,20240101,2,Outros,12.57
13,20240101,5,Combustível,6145.22
14,20240101,5,Manutenção,2274.74
15,20240101,5,Pedágio,1174.47
16,20240101,5,Motorista (Salário/Diária),1947.68
17,20240101,5,Seguro,541.95
18,20240101,5,Outros,358.18
19,20240102,2,Combustível,2506.66
20,20240102,2,Manutenção,1333.15
21,20240102,2,Pedágio,640.26
22,20240102,2,Motorista (Salário/Diária),996.21
23,20240102,2,Seguro,276.0
24,20240102,2,Outros,192.49
25,20240102,3,Combustível,1066.94
26,20240102,3,Manutenção,503.71
27,20240102,3,Pedágio,212.89
28,20240102,3,Motorista (Salário/Diária),390.55
29,20240102,3,Seguro,118.34
30,20240102,3,Outros,60.33
31,20240102,4,Combustível,2235.31
32,20240102,4,Manutenção,940.02
33,20240102,4,Pedágio,565.63
34,20240102,4,Motorista (Salário/Diária),871.09
35,20240102,4,Seguro,288.28
36,20240102,4,Outros,130.16
37,20240102,5,Combustível,3500.74
38,20240102,5,Manutenção,1581.34
39,20240102,5,Pedágio,649.1
40,20240102,5,Motorista (Salário/Diária),1025.32
41,20240102,5,Seguro,377.36
42,20240102,5,Outros,234.68
43,20240103,1,Combustível,4777.02
44,20240103,1,Manutenção,2007.82
45,20240103,1,Pedágio,1101.01
46,20240103,1,Motorista (Salário/Diária),1819.34
47,20240103,1,Seguro,559.72
48,20240103,1,Outros,357.48
49,20240103,2,Combustível,182.79
50,20240103,2,Manutenção,97.31
51,20240103,2,Pedágio,41.28
52,20240103,2,Motorista (Salário/Diária),79.91
53,20240103,2,Seguro,19.46
54,20240103,2,Outros,11.75
55,20240103,3,Combustível,2937.54
56,20240103,3,Manutenção,1466.55
57,20240103,3,Pedágio,619.08
58,20240103,3,Motorista (Salário/Diária),1190.67
59,20240103,3,Seguro,295.64
60,20240103,3,Outros,204.26
61,20240103,4,Combustível,1034.06
62,20240103,4,Manutenção,399.3
63,20240103,4,Pedágio,213.27
64,20240103,4,Motorista (Salário/Diária),370.38
65,20240103,4,Seguro,100.79
66,20240103,4,Outros,77.03
67,20240103,5,Combustível,5567.38
68,20240103,5,Manutenção,2324.11
69,20240103,5,Pedágio,1056.27
70,20240103,5,Motorista (Salário/Diária),1876.57
71,20240103,5,Seguro,636.39
72,20240103,5,Outros,322.86
73,20240104,1,Combustível,2727.01
74,20240104,1,Manutenção,1046.2
75,20240104,1,Pedágio,559.45
76,20240104,1,Motorista (Salário/Diária),801.3
77,20240104,1,Seguro,287.42
78,20240104,1,Outros,157.91
79,20240104,3,Combustível,1906.11
80,20240104,3,Manutenção,789.6
81,20240104,3,Pedágio,348.74
82,20240104,3,Motorista (Salário/Diária),727.62
83,20240104,3,Seguro,163.07
84,20240104,3,Outros,103.12
85,20240104,4,Combustível,3340.33
86,20240104,4,Manutenção,1778.23
87,20240104,4,Pedágio,899.71
88,20240104,4,Motorista (Salário/Diária),1579.67
89,20240104,4,Seguro,372.11
90,20240104,4,Outros,250.4
91,20240104,5,Combustível,5385.23
92,20240104,5,Manutenção,2325.71
93,20240104,5,Pedágio,1214.15
94,20240104,5,Motorista (Salário/Diária),2525.16
95,20240104,5,Seguro,595.22
96,20240104,5,Outros,342.98
97,20240105,1,Combustível,4969.28
98,20240105,1,Manutenção,1954.62
99,20240105,1,Pedágio,1084.05
100,20240105,1,Motorista (Salário/Diária),1639.59
101,20240105,1,Seguro,516.23
102,20240105,1,Outros,288.91
103,20240105,2,Combustível,4577.36
104,20240105,2,Manutenção,2286.65
105,20240105,2,Pedágio,1040.38
106,20240105,2,Motorista (Salário/Diária),1763.67
107,20240105,2,Seguro,499.45
108,20240105,2,Outros,293.0
109,20240105,3,Combustível,1751.03
110,20240105,3,Manutenção,982.77
111,20240105,3,Pedágio,459.97
112,20240105,3,Motorista (Salário/Diária),709.83
113,20240105,3,Seguro,199.5
114,20240105,3,Outros,130.15
115,20240105,5,Combustível,799.49
116,20240105,5,Manutenção,405.16
117,20240105,5,Pedágio,192.37
118,20240105,5,Motorista (Salário/Diária),334.12
119,20240105,5,Seguro,91.9
120,20240105,5,Outros,51.56
121,20240106,1,Combustível,1298.99
122,20240106,1,Manutenção,575.22
123,20240106,1,Pedágio,280.18
124,20240106,1,Motorista (Salário/Diária),563.31
125,20240106,1,Seguro,143.41
126,20240106,1,Outros,101.04
127,20240107,1,Combustível,813.06
128,20240107,1,Manutenção,322.19
129,20240107,1,Pedágio,156.17
130,20240107,1,Motorista (Salário/Diária),308.47
131,20240107,1,Seguro,94.62
132,20240107,1,Outros,57.29
133,20240107,5,Combustível,2879.63
134,20240107,5,Manutenção,1547.08
135,20240107,5,Pedágio,838.26
136,20240107,5,Motorista (Salário/Diária),1403.22
137,20240107,5,Seguro,378.89
138,20240107,5,Outros,203.15
139,20240108,1,Combustível,2612.38
140,20240108,1,Manutenção,1471.38
141,20240108,1,Pedágio,764.32
142,20240108,1,Motorista (Salário/Diária),1217.23
143,20240108,1,Seguro,328.44
144,20240108,1,Outros,179.65
145,20240108,2,Combustível,2434.85
146,20240108,2,Manutenção,1149.54
147,20240108,2,Pedágio,633.05
148,20240108,2,Motorista (Salário/Diária),1073.3
149,20240108,2,Seguro,306.02
150,20240108,2,Outros,182.23
151,20240108,3,Combustível,4818.87
152,20240108,3,Manutenção,1950.64
153,20240108,3,Pedágio,950.52
154,20240108,3,Motorista (Salário/Diária),1652.84
155,20240108,3,Seguro,507.85
156,20240108,3,Outros,285.39
157,20240108,5,Combustível,5629.87
158,20240108,5,Manutenção,2333.61
159,20240108,5,Pedágio,1373.29
160,20240108,5,Motorista (Salário/Diária),1794.6
161,20240108,5,Seguro,576.55
162,20240108,5,Outros,359.06
163,20240109,1,Combustível,4110.85
164,20240109,1,Manutenção,1891.27
165,20240109,1,Pedágio,995.43
166,20240109,1,Motorista (Salário/Diária),1634.23
167,20240109,1,Seguro,492.21
168,20240109,1,Outros,300.5
169,20240109,3,Combustível,2829.43
170,20240109,3,Manutenção,1401.25
171,20240109,3,Pedágio,629.79
172,20240109,3,Motorista (Salário/Diária),1264.78
173,20240109,3,Seguro,330.63
174,20240109,3,Outros,210.3
175,20240109,5,Combustível,6941.63
176,20240109,5,Manutenção,3243.58
177,20240109,5,Pedágio,1628.33
178,20240109,5,Motorista (Salário/Diária),2824.09
179,20240109,5,Seguro,680.09
180,20240109,5,Outros,387.59
181,20240110,1,Combustível,3905.98
182,20240110,1,Manutenção,1417.42
183,20240110,1,Pedágio,741.13
184,20240110,1,Motorista (Salário/Diária),1409.41
185,20240110,1,Seguro,460.17
186,20240110,1,Outros,247.0
187,20240110,2,Combustível,4460.56
188,20240110,2,Manutenção,1663.39
189,20240110,2,Pedágio,893.99
190,20240110,2,Motorista (Salário/Diária),1531.38
191,20240110,2,Seguro,470.78
192,20240110,2,Outros,242.56
193,20240110,4,Combustível,4051.83
194,20240110,4,Manutenção,1405.5
195,20240110,4,Pedágio,736.19
196,20240110,4,Motorista (Salário/Diária),1293.75
197,20240110,4,Seguro,393.99
198,20240110,4,Outros,254.71
199,20240110,5,Combustível,5713.21
200,20240110,5,Manutenção,2535.98
201,20240110,5,Pedágio,1228.83
202,20240110,5,Motorista (Salário/Diária),2136.38
203,20240110,5,Seguro,564.25
204,20240110,5,Outros,302.34
205,20240111,1,Combustível,897.97
206,20240111,1,Manutenção,493.79
207,20240111,1,Pedágio,232.62
208,20240111,1,Motorista (Salário/Diária),395.24
209,20240111,1,Seguro,125.3
210,20240111,1,Outros,58.61
211,20240111,2,Combustível,371.79
212,20240111,2,Manutenção,180.98
213,20240111,2,Pedágio,107.83
214,20240111,2,Motorista (Salário/Diária),183.25
215,20240111,2,Seguro,51.45
216,20240111,2,Outros,30.42
217,20240111,3,Combustível,778.42
218,20240111,3,Manutenção,426.94
219,20240111,3,Pedágio,198.37
220,20240111,3,Motorista (Salário/Diária),319.3
221,20240111,3,Seguro,104.17
222,20240111,3,Outros,67.66
223,20240111,4,Combustível,1005.27
224,20240111,4,Manutenção,436.5
225,20240111,4,Pedágio,216.72
226,20240111,4,Motorista (Salário/Diária),460.11
227,20240111,4,Seguro,118.47
228,20240111,4,Outros,71.33
229,20240111,5,Combustível,3791.15
230,20240111,5,Manutenção,2014.3
231,20240111,5,Pedágio,988.77
232,20240111,5,Motorista (Salário/Diária),1582.02
233,20240111,5,Seguro,400.4
234,20240111,5,Outros,278.18
235,20240112,1,Combustível,3103.85
236,20240112,1,Manutenção,1186.56
237,20240112,1,Pedágio,599.43
238,20240112,1,Motorista (Salário/Diária),1001.83
239,20240112,1,Seguro,298.3
240,20240112,1,Outros,190.56
241,20240112,2,Combustível,1504.05
242,20240112,2,Manutenção,706.47
243,20240112,2,Pedágio,350.7
244,20240112,2,Motorista (Salário/Diária),511.02
245,20240112,2,Seguro,145.41
246,20240112,2,Outros,105.15
247,20240112,3,Combustível,1491.78
248,20240112,3,Manutenção,550.19
249,20240112,3,Pedágio,295.14
250,20240112,3,Motorista (Salário/Diária),513.99
251,20240112,3,Seguro,176.57
252,20240112,3,Outros,82.83
253,20240112,4,Combustível,612.97
254,20240112,4,Manutenção,254.12
255,20240112,4,Pedágio,127.21
256,20240112,4,Motorista (Salário/Diária),213.59
257,20240112,4,Seguro,69.8
258,20240112,4,Outros,49.11
259,20240112,5,Combustível,6678.98
260,20240112,5,Manutenção,2534.96
261,20240112,5,Pedágio,1606.79
262,20240112,5,Motorista (Salário/Diária),2618.26
263,20240112,5,Seguro,640.8
264,20240112,5,Outros,479.57
265,20240113,1,Combustível,1332.05
266,20240113,1,Manutenção,613.08
267,20240113,1,Pedágio,292.5
268,20240113,1,Motorista (Salário/Diária),545.63
269,20240113,1,Seguro,136.11
270,20240113,1,Outros,90.25
271,20240113,4,Combustível,532.93
272,20240113,4,Manutenção,271.03
273,20240113,4,Pedágio,111.87
274,20240113,4,Motorista (Salário/Diária),247.39
275,20240113,4,Seguro,55.88
276,20240113,4,Outros,41.01
277,20240113,5,Combustível,2508.07
278,20240113,5,Manutenção,967.4
279,20240113,5,Pedágio,472.41
280,20240113,5,Motorista (Salário/Diária),845.83
281,20240113,5,Seguro,247.91
282,20240113,5,Outros,181.15
283,20240114,1,Combustível,1385.48
284,20240114,1,Manutenção,581.09
285,20240114,1,Pedágio,302.51
286,20240114,1,Motorista (Salário/Diária),441.42
287,20240114,1,Seguro,148.08
288,20240114,1,Outros,83.34
289,20240114,3,Combustível,1891.93
290,20240114,3,Manutenção,1070.79
291,20240114,3,Pedágio,451.82
292,20240114,3,Motorista (Salário/Diária),722.79
293,20240114,3,Seguro,240.29
294,20240114,3,Outros,145.34
295,20240114,5,Combustível,1644.32
296,20240114,5,Manutenção,597.2
297,20240114,5,Pedágio,307.21
298,20240114,5,Motorista (Salário/Diária),546.37
299,20240114,5,Seguro,143.89
300,20240114,5,Outros,99.68
301,20240115,1,Combustível,1003.01
302,20240115,1,Manutenção,408.29
303,20240115,1,Pedágio,207.07
304,20240115,1,Motorista (Salário/Diária),344.38
305,20240115,1,Seguro,102.02
306,20240115,1,Outros,54.89
307,20240115,2,Combustível,379.44
308,20240115,2,Manutenção,175.37
309,20240115,2,Pedágio,73.58
310,20240115,2,Motorista (Salário/Diária),147.47
311,20240115,2,Seguro,40.48
312,20240115,2,Outros,28.37
313,20240115,3,Combustível,3272.01
314,20240115,3,Manutenção,1552.82
315,20240115,3,Pedágio,763.46
316,20240115,3,Motorista (Salário/Diária),1446.84
317,20240115,3,Seguro,447.46
318,20240115,3,Outros,263.61
319,20240115,4,Combustível,2330.21
320,20240115,4,Manutenção,1039.37
321,20240115,4,Pedágio,510.24
322,20240115,4,Motorista (Salário/Diária),664.79
323,20240115,4,Seguro,244.68
324,20240115,4,Outros,122.42
325,20240115,5,Combustível,2796.75
326,20240115,5,Manutenção,1201.98
327,20240115,5,Pedágio,718.05
328,20240115,5,Motorista (Salário/Diária),1143.73
329,20240115,5,Seguro,306.79
330,20240115,5,Outros,234.83
331,20240116,1,Combustível,7795.0
332,20240116,1,Manutenção,3609.69
333,20240116,1,Pedágio,1656.61
334,20240116,1,Motorista (Salário/Diária),2621.51
335,20240116,1,Seguro,899.18
336,20240116,1,Outros,578.62
337,20240116,3,Combustível,2250.23
338,20240116,3,Manutenção,1073.93
339,20240116,3,Pedágio,516.6
340,20240116,3,Motorista (Salário/Diária),845.69
341,20240116,3,Seguro,269.77
342,20240116,3,Outros,172.73
343,20240116,4,Combustível,411.44
344,20240116,4,Manutenção,168.84
345,20240116,4,Pedágio,105.94
346,20240116,4,Motorista (Salário/Diária),140.58
347,20240116,4,Seguro,51.74
348,20240116,4,Outros,26.28
349,20240116,5,Combustível,2312.93
350,20240116,5,Manutenção,1120.91
351,20240116,5,Pedágio,522.28
352,20240116,5,Motorista (Salário/Diária),767.55
353,20240116,5,Seguro,292.29
354,20240116,5,Outros,163.29
355,20240117,1,Combustível,7027.06
356,20240117,1,Manutenção,3833.7
357,20240117,1,Pedágio,1811.57
358,20240117,1,Motorista (Salário/Diária),3465.3
359,20240117,1,Seguro,856.45
360,20240117,1,Outros,554.01
361,20240117,3,Combustível,3318.09
362,20240117,3,Manutenção,1626.85
363,20240117,3,Pedágio,754.88
364,20240117,3,Motorista (Salário/Diária),1412.87
365,20240117,3,Seguro,383.23
366,20240117,3,Outros,282.0
367,20240117,4,Combustível,3050.78
368,20240117,4,Manutenção,1283.66
369,20240117,4,Pedágio,779.89
370,20240117,4,Motorista (Salário/Diária),1220.14
371,20240117,4,Seguro,307.39
372,20240117,4,Outros,185.46
373,20240117,5,Combustível,579.0
374,20240117,5,Manutenção,226.3
375,20240117,5,Pedágio,126.61
376,20240117,5,Motorista (Salário/Diária),218.89
377,20240117,5,Seguro,56.56
378,20240117,5,Outros,43.67
379,20240118,1,Combustível,1856.15
380,20240118,1,Manutenção,811.58
381,20240118,1,Pedágio,375.82
382,20240118,1,Motorista (Salário/Diária),773.15
383,20240118,1,Seguro,196.24
384,20240118,1,Outros,133.47
385,20240118,3,Combustível,3190.36
386,20240118,3,Manutenção,1381.49
387,20240118,3,Pedágio,746.6
388,20240118,3,Motorista (Salário/Diária),1239.84
389,20240118,3,Seguro,342.04
390,20240118,3,Outros,241.29
391,20240118,4,Combustível,2819.11
392,20240118,4,Manutenção,1215.16
393,20240118,4,Pedágio,698.02
394,20240118,4,Motorista (Salário/Diária),1015.63
395,20240118,4,Seguro,277.8
396,20240118,4,Outros,206.24
397,20240118,5,Combustível,6130.07
398,20240118,5,Manutenção,2602.12
399,20240118,5,Pedágio,1351.83
400,20240118,5,Motorista (Salário/Diária),2269.07
401,20240118,5,Seguro,746.78
402,20240118,5,Outros,382.22
403,20240119,1,Combustível,6710.42
404,20240119,1,Manutenção,2297.29
405,20240119,1,Pedágio,1315.69
406,20240119,1,Motorista (Salário/Diária),2234.16
407,20240119,1,Seguro,568.07
408,20240119,1,Outros,365.93
409,20240119,2,Combustível,1620.44
410,20240119,2,Manutenção,646.73
411,20240119,2,Pedágio,388.04
412,20240119,2,Motorista (Salário/Diária),669.73
413,20240119,2,Seguro,174.39
414,20240119,2,Outros,105.65
415,20240119,3,Combustível,1091.73
416,20240119,3,Manutenção,497.54
417,20240119,3,Pedágio,217.39
418,20240119,3,Motorista (Salário/Diária),430.4
419,20240119,3,Seguro,126.47
420,20240119,3,Outros,76.8
421,20240119,4,Combustível,1161.98
422,20240119,4,Manutenção,460.64
423,20240119,4,Pedágio,293.87
424,20240119,4,Motorista (Salário/Diária),481.0
425,20240119,4,Seguro,118.86
426,20240119,4,Outros,74.0
427,20240119,5,Combustível,6503.17
428,20240119,5,Manutenção,2833.81
429,20240119,5,Pedágio,1657.68
430,20240119,5,Motorista (Salário/Diária),2427.91
431,20240119,5,Seguro,851.91
432,20240119,5,Outros,484.54
433,20240120,3,Combustível,1030.39
434,20240120,3,Manutenção,409.67
435,20240120,3,Pedágio,215.55
436,20240120,3,Motorista (Salário/Diária),370.94
437,20240120,3,Seguro,108.05
438,20240120,3,Outros,73.35
439,20240120,4,Combustível,756.39
440,20240120,4,Manutenção,345.62
441,20240120,4,Pedágio,147.18
442,20240120,4,Motorista (Salário/Diária),253.07
443,20240120,4,Seguro,75.44
444,20240120,4,Outros,41.53
445,20240120,5,Combustível,1882.64
446,20240120,5,Manutenção,1017.3
447,20240120,5,Pedágio,545.45
448,20240120,5,Motorista (Salário/Diária),784.09
449,20240120,5,Seguro,262.49
450,20240120,5,Outros,145.43
451,20240121,1,Combustível,166.17
452,20240121,1,Manutenção,70.24
453,20240121,1,Pedágio,35.05
454,20240121,1,Motorista (Salário/Diária),69.18
455,20240121,1,Seguro,18.0
456,20240121,1,Outros,11.37
457,20240121,3,Combustível,1210.35
458,20240121,3,Manutenção,512.34
459,20240121,3,Pedágio,261.31
460,20240121,3,Motorista (Salário/Diária),427.14
461,20240121,3,Seguro,125.65
462,20240121,3,Outros,75.72
463,20240121,4,Combustível,1688.62
464,20240121,4,Manutenção,774.48
465,20240121,4,Pedágio,388.04
466,20240121,4,Motorista (Salário/Diária),599.24
467,20240121,4,Seguro,162.94
468,20240121,4,Outros,98.34
469,20240121,5,Combustível,662.79
470,20240121,5,Manutenção,265.72
471,20240121,5,Pedágio,117.05
472,20240121,5,Motorista (Salário/Diária),220.32
473,20240121,5,Seguro,68.86
474,20240121,5,Outros,42.65
475,20240122,1,Combustível,4953.84
476,20240122,1,Manutenção,1936.51
477,20240122,1,Pedágio,1064.84
478,20240122,1,Motorista (Salário/Diária),1912.83
479,20240122,1,Seguro,568.07
480,20240122,1,Outros,260.16
481,20240122,3,Combustível,190.36
482,20240122,3,Manutenção,89.08
483,20240122,3,Pedágio,41.29
484,20240122,3,Motorista (Salário/Diária),74.64
485,20240122,3,Seguro,24.07
486,20240122,3,Outros,13.88
487,20240122,4,Combustível,1430.29
488,20240122,4,Manutenção,729.57
489,20240122,4,Pedágio,308.51
490,20240122,4,Motorista (Salário/Diária),667.98
491,20240122,4,Seguro,201.63
492,20240122,4,Outros,114.19
493,20240122,5,Combustível,3505.88
494,20240122,5,Manutenção,1618.61
495,20240122,5,Pedágio,857.73
496,20240122,5,Motorista (Salário/Diária),1716.93
497,20240122,5,Seguro,392.68
498,20240122,5,Outros,262.55
499,20240123,1,Combustível,3998.27
500,20240123,1,Manutenção,2200.33
501,20240123,1,Pedágio,887.28
502,20240123,1,Motorista (Salário/Diária),1725.04
503,20240123,1,Seguro,577.01
504,20240123,1,Outros,348.47
505,20240123,3,Combustível,343.45
506,20240123,3,Manutenção,196.53
507,20240123,3,Pedágio,97.37
508,20240123,3,Motorista (Salário/Diária),166.13
509,20240123,3,Seguro,46.85
510,20240123,3,Outros,27.94
511,20240123,5,Combustível,4007.79
512,20240123,5,Manutenção,2212.79
513,20240123,5,Pedágio,1108.7
514,20240123,5,Motorista (Salário/Diária),1907.44
515,20240123,5,Seguro,573.3
516,20240123,5,Outros,305.44
517,20240124,1,Combustível,3206.81
518,20240124,1,Manutenção,1383.99
519,20240124,1,Pedágio,634.48
520,20240124,1,Motorista (Salário/Diária),994.25
521,20240124,1,Seguro,311.18
522,20240124,1,Outros,178.16
523,20240124,2,Combustível,5672.54
524,20240124,2,Manutenção,2477.57
525,20240124,2,Pedágio,1265.33
526,20240124,2,Motorista (Salário/Diária),1834.98
527,20240124,2,Seguro,502.27
528,20240124,2,Outros,391.75
529,20240124,3,Combustível,2099.88
530,20240124,3,Manutenção,894.33
531,20240124,3,Pedágio,392.24
532,20240124,3,Motorista (Salário/Diária),754.12
533,20240124,3,Seguro,230.32
534,20240124,3,Outros,109.71
535,20240124,4,Combustível,3201.66
536,20240124,4,Manutenção,1325.1
537,20240124,4,Pedágio,549.28
538,20240124,4,Motorista (Salário/Diária),962.2
539,20240124,4,Seguro,324.87
540,20240124,4,Outros,190.35
541,20240124,5,Combustível,4898.72
542,20240124,5,Manutenção,1721.14
543,20240124,5,Pedágio,903.15
544,20240124,5,Motorista (Salário/Diária),1440.23
545,20240124,5,Seguro,424.6
546,20240124,5,Outros,263.64
547,20240125,1,Combustível,511.58
548,20240125,1,Manutenção,180.78
549,20240125,1,Pedágio,111.29
550,20240125,1,Motorista (Salário/Diária),184.89
551,20240125,1,Seguro,50.9
552,20240125,1,Outros,33.14
553,20240125,2,Combustível,1029.54
554,20240125,2,Manutenção,422.66
555,20240125,2,Pedágio,202.8
556,20240125,2,Motorista (Salário/Diária),355.51
557,20240125,2,Seguro,99.51
558,20240125,2,Outros,69.55
559,20240125,3,Combustível,1666.12
560,20240125,3,Manutenção,626.01
561,20240125,3,Pedágio,341.62
562,20240125,3,Motorista (Salário/Diária),535.87
563,20240125,3,Seguro,181.38
564,20240125,3,Outros,107.24
565,20240125,4,Combustível,6654.1
566,20240125,4,Manutenção,2613.29
567,20240125,4,Pedágio,1344.51
568,20240125,4,Motorista (Salário/Diária),2175.58
569,20240125,4,Seguro,777.41
570,20240125,4,Outros,389.68
571,20240125,5,Combustível,4635.07
572,20240125,5,Manutenção,2136.84
573,20240125,5,Pedágio,942.22
574,20240125,5,Motorista (Salário/Diária),1843.43
575,20240125,5,Seguro,506.85
576,20240125,5,Outros,338.79
577,20240126,1,Combustível,5975.7
578,20240126,1,Manutenção,2487.55
579,20240126,1,Pedágio,1330.58
580,20240126,1,Motorista (Salário/Diária),1828.32
581,20240126,1,Seguro,572.92
582,20240126,1,Outros,395.95
583,20240126,2,Combustível,3548.84
584,20240126,2,Manutenção,1551.24
585,20240126,2,Pedágio,715.83
586,20240126,2,Motorista (Salário/Diária),1336.81
587,20240126,2,Seguro,395.63
588,20240126,2,Outros,240.93
589,20240126,3,Combustível,4196.45
590,20240126,3,Manutenção,1484.75
591,20240126,3,Pedágio,796.66
592,20240126,3,Motorista (Salário/Diária),1533.75
593,20240126,3,Seguro,442.2
594,20240126,3,Outros,250.16
595,20240126,4,Combustível,1143.09
596,20240126,4,Manutenção,496.12
597,20240126,4,Pedágio,238.64
598,20240126,4,Motorista (Salário/Diária),385.64
599,20240126,4,Seguro,105.85
600,20240126,4,Outros,62.04
601,20240127,1,Combustível,2493.86
602,20240127,1,Manutenção,900.85
603,20240127,1,Pedágio,564.29
604,20240127,1,Motorista (Salário/Diária),872.63
605,20240127,1,Seguro,210.77
606,20240127,1,Outros,153.05
607,20240127,2,Combustível,484.03
608,20240127,2,Manutenção,254.7
609,20240127,2,Pedágio,136.62
610,20240127,2,Motorista (Salário/Diária),232.59
611,20240127,2,Seguro,57.59
612,20240127,2,Outros,33.07
613,20240127,4,Combustível,825.13
614,20240127,4,Manutenção,389.19
615,20240127,4,Pedágio,187.7
616,20240127,4,Motorista (Salário/Diária),338.72
617,20240127,4,Seguro,98.64
618,20240127,4,Outros,57.42
619,20240127,5,Combustível,848.92
620,20240127,5,Manutenção,353.92
621,20240127,5,Pedágio,193.85
622,20240127,5,Motorista (Salário/Diária),352.6
623,20240127,5,Seguro,109.66
624,20240127,5,Outros,53.42
625,20240128,1,Combustível,686.17
626,20240128,1,Manutenção,376.37
627,20240128,1,Pedágio,188.42
628,20240128,1,Motorista (Salário/Diária),295.04
629,20240128,1,Seguro,82.89
630,20240128,1,Outros,47.6
631,20240128,3,Combustível,599.75
632,20240128,3,Manutenção,219.14
633,20240128,3,Pedágio,112.56
634,20240128,3,Motorista (Salário/Diária),186.13
635,20240128,3,Seguro,63.74
636,20240128,3,Outros,37.4
637,20240129,1,Combustível,4301.88
638,20240129,1,Manutenção,2481.13
639,20240129,1,Pedágio,1143.9
640,20240129,1,Motorista (Salário/Diária),1904.63
641,20240129,1,Seguro,518.49
642,20240129,1,Outros,329.63
643,20240129,3,Combustível,5363.1
644,20240129,3,Manutenção,2547.57
645,20240129,3,Pedágio,1525.52
646,20240129,3,Motorista (Salário/Diária),2107.24
647,20240129,3,Seguro,690.78
648,20240129,3,Outros,392.36
649,20240129,4,Combustível,3398.15
650,20240129,4,Manutenção,1414.85
651,20240129,4,Pedágio,746.17
652,20240129,4,Motorista (Salário/Diária),1474.3
653,20240129,4,Seguro,433.86
654,20240129,4,Outros,217.38
655,20240129,5,Combustível,548.94
656,20240129,5,Manutenção,248.2
657,20240129,5,Pedágio,116.1
658,20240129,5,Motorista (Salário/Diária),175.99
659,20240129,5,Seguro,52.31
660,20240129,5,Outros,38.16
661,20240130,1,Combustível,741.82
662,20240130,1,Manutenção,322.36
663,20240130,1,Pedágio,159.67
664,20240130,1,Motorista (Salário/Diária),265.36
665,20240130,1,Seguro,92.85
666,20240130,1,Outros,49.72
667,20240130,2,Combustível,1400.28
668,20240130,2,Manutenção,663.23
669,20240130,2,Pedágio,269.01
670,20240130,2,Motorista (Salário/Diária),513.47
671,20240130,2,Seguro,149.29
672,20240130,2,Outros,89.03
673,20240130,3,Combustível,3072.72
674,20240130,3,Manutenção,1604.74
675,20240130,3,Pedágio,639.89
676,20240130,3,Motorista (Salário/Diária),1289.38
677,20240130,3,Seguro,328.73
678,20240130,3,Outros,183.24
679,20240130,4,Combustível,4847.86
680,20240130,4,Manutenção,2104.0
681,20240130,4,Pedágio,1138.84
682,20240130,4,Motorista (Salário/Diária),1641.58
683,20240130,4,Seguro,533.84
684,20240130,4,Outros,356.39
685,20240130,5,Combustível,5998.47
686,20240130,5,Manutenção,2909.71
687,20240130,5,Pedágio,1539.2
688,20240130,5,Motorista (Salário/Diária),2441.9
689,20240130,5,Seguro,721.32
690,20240130,5,Outros,470.07
691,20240131,1,Combustível,4748.86
692,20240131,1,Manutenção,2115.61
693,20240131,1,Pedágio,956.63
694,20240131,1,Motorista (Salário/Diária),1637.24
695,20240131,1,Seguro,591.71
696,20240131,1,Outros,312.5
697,20240131,2,Combustível,1867.45
698,20240131,2,Manutenção,892.37
699,20240131,2,Pedágio,442.14
700,20240131,2,Motorista (Salário/Diária),721.85
701,20240131,2,Seguro,218.57
702,20240131,2,Outros,106.69
703,20240131,3,Combustível,3684.25
704,20240131,3,Manutenção,1878.59
705,20240131,3,Pedágio,898.53
706,20240131,3,Motorista (Salário/Diária),1633.76
707,20240131,3,Seguro,370.0
708,20240131,3,Outros,231.22
709,20240131,4,Combustível,3800.74
710,20240131,4,Manutenção,1988.06
711,20240131,4,Pedágio,923.68
712,20240131,4,Motorista (Salário/Diária),1426.16
713,20240131,4,Seguro,503.13
714,20240131,4,Outros,264.53
715,20240131,5,Combustível,3644.41
716,20240131,5,Manutenção,1457.3
717,20240131,5,Pedágio,706.06
718,20240131,5,Motorista (Salário/Diária),1299.66
719,20240131,5,Seguro,422.03
720,20240131,5,Outros,199.87
721,20240201,1,Combustível,10429.21
722,20240201,1,Manutenção,5543.61
723,20240201,1,Pedágio,2543.52
724,20240201,1,Motorista (Salário/Diária),4732.47
725,20240201,1,Seguro,1050.81
726,20240201,1,Outros,716.35
727,20240201,2,Combustível,559.84
728,20240201,2,Manutenção,300.49
729,20240201,2,Pedágio,145.81
730,20240201,2,Motorista (Salário/Diária),272.24
731,20240201,2,Seguro,63.32
732,20240201,2,Outros,46.2
733,20240201,3,Combustível,3107.44
734,20240201,3,Manutenção,1612.48
735,20240201,3,Pedágio,822.17
736,20240201,3,Motorista (Salário/Diária),1372.44
737,20240201,3,Seguro,341.75
738,20240201,3,Outros,197.64
739,20240201,4,Combustível,459.25
740,20240201,4,Manutenção,195.8
741,20240201,4,Pedágio,89.21
742,20240201,4,Motorista (Salário/Diária),145.61
743,20240201,4,Seguro,44.67
744,20240201,4,Outros,26.15
745,20240201,5,Combustível,8517.06
746,20240201,5,Manutenção,3541.99
747,20240201,5,Pedágio,1747.44
748,20240201,5,Motorista (Salário/Diária),3309.12
749,20240201,5,Seguro,724.7
750,20240201,5,Outros,497.59
751,20240202,1,Combustível,599.19
752,20240202,1,Manutenção,318.94
753,20240202,1,Pedágio,158.0
754,20240202,1,Motorista (Salário/Diária),240.31
755,20240202,1,Seguro,80.06
756,20240202,1,Outros,39.61
757,20240202,2,Combustível,3889.44
758,20240202,2,Manutenção,1661.87
759,20240202,2,Pedágio,826.94
760,20240202,2,Motorista (Salário/Diária),1547.77
761,20240202,2,Seguro,407.12
762,20240202,2,Outros,244.86
763,20240202,3,Combustível,1179.05
764,20240202,3,Manutenção,481.52
765,20240202,3,Pedágio,231.43
766,20240202,3,Motorista (Salário/Diária),369.43
767,20240202,3,Seguro,114.41
768,20240202,3,Outros,81.88
769,20240202,4,Combustível,2231.47
770,20240202,4,Manutenção,812.63
771,20240202,4,Pedágio,409.35
772,20240202,4,Motorista (Salário/Diária),652.86
773,20240202,4,Seguro,215.59
774,20240202,4,Outros,140.72
775,20240202,5,Combustível,10319.28
776,20240202,5,Manutenção,4558.66
777,20240202,5,Pedágio,2421.12
778,20240202,5,Motorista (Salário/Diária),4022.5
779,20240202,5,Seguro,1111.69
780,20240202,5,Outros,686.58
781,20240203,1,Combustível,741.94
782,20240203,1,Manutenção,358.14
783,20240203,1,Pedágio,185.73
784,20240203,1,Motorista (Salário/Diária),294.8
785,20240203,1,Seguro,83.08
786,20240203,1,Outros,60.92
787,20240203,2,Combustível,2487.24
788,20240203,2,Manutenção,1098.08
789,20240203,2,Pedágio,524.3
790,20240203,2,Motorista (Salário/Diária),929.29
791,20240203,2,Seguro,267.35
792,20240203,2,Outros,138.41
793,20240203,4,Combustível,3447.73
794,20240203,4,Manutenção,1649.13
795,20240203,4,Pedágio,716.83
796,20240203,4,Motorista (Salário/Diária),1250.47
797,20240203,4,Seguro,402.65
798,20240203,4,Outros,251.45
799,20240203,5,Combustível,1729.34
800,20240203,5,Manutenção,810.38
801,20240203,5,Pedágio,352.6
802,20240203,5,Motorista (Salário/Diária),609.55
803,20240203,5,Seguro,202.13
804,20240203,5,Outros,119.33
805,20240204,1,Combustível,3904.45
806,20240204,1,Manutenção,1593.96
807,20240204,1,Pedágio,898.59
808,20240204,1,Motorista (Salário/Diária),1370.63
809,20240204,1,Seguro,357.33
810,20240204,1,Outros,247.1
811,20240204,3,Combustível,540.36
812,20240204,3,Manutenção,206.68
813,20240204,3,Pedágio,112.03
814,20240204,3,Motorista (Salário/Diária),194.45
815,20240204,3,Seguro,50.49
816,20240204,3,Outros,33.83
817,20240204,4,Combustível,812.73
818,20240204,4,Manutenção,364.2
819,20240204,4,Pedágio,168.03
820,20240204,4,Motorista (Salário/Diária),281.49
821,20240204,4,Seguro,98.36
822,20240204,4,Outros,58.03
823,20240204,5,Combustível,2547.11
824,20240204,5,Manutenção,1154.39
825,20240204,5,Pedágio,517.04
826,20240204,5,Motorista (Salário/Diária),935.87
827,20240204,5,Seguro,236.52
828,20240204,5,Outros,150.44
829,20240205,2,Combustível,1013.32
830,20240205,2,Manutenção,490.7
831,20240205,2,Pedágio,241.06
832,20240205,2,Motorista (Salário/Diária),409.57
833,20240205,2,Seguro,149.43
834,20240205,2,Outros,84.27
835,20240205,3,Combustível,3321.88
836,20240205,3,Manutenção,1342.39
837,20240205,3,Pedágio,598.74
838,20240205,3,Motorista (Salário/Diária),1133.69
839,20240205,3,Seguro,335.99
840,20240205,3,Outros,182.63
841,20240205,4,Combustível,930.63
842,20240205,4,Manutenção,435.75
843,20240205,4,Pedágio,251.21
844,20240205,4,Motorista (Salário/Diária),409.66
845,20240205,4,Seguro,102.6
846,20240205,4,Outros,57.89
847,20240205,5,Combustível,4178.62
848,20240205,5,Manutenção,2087.89
849,20240205,5,Pedágio,839.46
850,20240205,5,Motorista (Salário/Diária),1431.01
851,20240205,5,Seguro,497.52
852,20240205,5,Outros,294.87
853,20240206,1,Combustível,11105.5
854,20240206,1,Manutenção,5654.86
855,20240206,1,Pedágio,3043.44
856,20240206,1,Motorista (Salário/Diária),5043.4
857,20240206,1,Seguro,1356.41
858,20240206,1,Outros,827.52
859,20240206,2,Combustível,2147.37
860,20240206,2,Manutenção,1095.32
861,20240206,2,Pedágio,539.49
862,20240206,2,Motorista (Salário/Diária),1041.0
863,20240206,2,Seguro,241.0
864,20240206,2,Outros,158.41
865,20240206,3,Combustível,2580.74
866,20240206,3,Manutenção,1028.11
867,20240206,3,Pedágio,499.53
868,20240206,3,Motorista (Salário/Diária),783.16
869,20240206,3,Seguro,269.57
870,20240206,3,Outros,133.56
871,20240206,4,Combustível,1635.34
872,20240206,4,Manutenção,717.31
873,20240206,4,Pedágio,342.92
874,20240206,4,Motorista (Salário/Diária),553.53
875,20240206,4,Seguro,154.73
876,20240206,4,Outros,107.12
877,20240206,5,Combustível,2400.34
878,20240206,5,Manutenção,1284.89
879,20240206,5,Pedágio,481.97
880,20240206,5,Motorista (Salário/Diária),892.8
881,20240206,5,Seguro,289.66
882,20240206,5,Outros,155.88
883,20240207,1,Combustível,1035.66
884,20240207,1,Manutenção,438.46
885,20240207,1,Pedágio,218.78
886,20240207,1,Motorista (Salário/Diária),401.03
887,20240207,1,Seguro,103.42
888,20240207,1,Outros,73.49
889,20240207,2,Combustível,4128.28
890,20240207,2,Manutenção,2307.74
891,20240207,2,Pedágio,1156.78
892,20240207,2,Motorista (Salário/Diária),1989.57
893,20240207,2,Seguro,553.04
894,20240207,2,Outros,323.12
895,20240207,3,Combustível,1447.45
896,20240207,3,Manutenção,730.15
897,20240207,3,Pedágio,291.03
898,20240207,3,Motorista (Salário/Diária),538.27
899,20240207,3,Seguro,187.6
900,20240207,3,Outros,94.68
901,20240207,4,Combustível,7900.49
902,20240207,4,Manutenção,3369.8
903,20240207,4,Pedágio,1570.34
904,20240207,4,Motorista (Salário/Diária),2940.95
905,20240207,4,Seguro,723.92
906,20240207,4,Outros,454.83
907,20240207,5,Combustível,7373.93
908,20240207,5,Manutenção,3382.57
909,20240207,5,Pedágio,1654.44
910,20240207,5,Motorista (Salário/Diária),2478.34
911,20240207,5,Seguro,929.2
912,20240207,5,Outros,489.92
913,20240208,1,Combustível,4109.96
914,20240208,1,Manutenção,2180.0
915,20240208,1,Pedágio,947.12
916,20240208,1,Motorista (Salário/Diária),1654.63
917,20240208,1,Seguro,537.2
918,20240208,1,Outros,348.39
919,20240208,2,Combustível,2624.99
920,20240208,2,Manutenção,1310.64
921,20240208,2,Pedágio,746.2
922,20240208,2,Motorista (Salário/Diária),1227.18
923,20240208,2,Seguro,346.19
924,20240208,2,Outros,169.43
925,20240208,3,Combustível,5253.9
926,20240208,3,Manutenção,2304.89
927,20240208,3,Pedágio,1282.8
928,20240208,3,Motorista (Salário/Diária),1894.12
929,20240208,3,Seguro,583.63
930,20240208,3,Outros,344.07
931,20240208,4,Combustível,3076.64
932,20240208,4,Manutenção,1349.91
933,20240208,4,Pedágio,567.98
934,20240208,4,Motorista (Salário/Diária),1093.86
935,20240208,4,Seguro,308.01
936,20240208,4,Outros,203.97
937,20240208,5,Combustível,6707.57
938,20240208,5,Manutenção,3584.81
939,20240208,5,Pedágio,1630.89
940,20240208,5,Motorista (Salário/Diária),2323.26
941,20240208,5,Seguro,896.86
942,20240208,5,Outros,490.53
943,20240209,1,Combustível,6075.09
944,20240209,1,Manutenção,2175.6
945,20240209,1,Pedágio,1131.62
946,20240209,1,Motorista (Salário/Diária),2255.23
947,20240209,1,Seguro,589.68
948,20240209,1,Outros,412.22
949,20240209,2,Combustível,967.48
950,20240209,2,Manutenção,519.12
951,20240209,2,Pedágio,234.61
952,20240209,2,Motorista (Salário/Diária),408.02
953,20240209,2,Seguro,119.14
954,20240209,2,Outros,66.5
955,20240209,3,Combustível,692.0
956,20240209,3,Manutenção,294.7
957,20240209,3,Pedágio,126.52
958,20240209,3,Motorista (Salário/Diária),209.57
959,20240209,3,Seguro,73.64
960,20240209,3,Outros,36.77
961,20240209,4,Combustível,3870.34
962,20240209,4,Manutenção,2183.24
963,20240209,4,Pedágio,1002.42
964,20240209,4,Motorista (Salário/Diária),1630.49
965,20240209,4,Seguro,408.56
966,20240209,4,Outros,292.52
967,20240209,5,Combustível,5149.57
968,20240209,5,Manutenção,2362.09
969,20240209,5,Pedágio,923.35
970,20240209,5,Motorista (Salário/Diária),1746.32
971,20240209,5,Seguro,489.77
972,20240209,5,Outros,322.69
973,20240210,1,Combustível,368.69
974,20240210,1,Manutenção,134.65
975,20240210,1,Pedágio,70.5
976,20240210,1,Motorista (Salário/Diária),134.26
977,20240210,1,Seguro,36.58
978,20240210,1,Outros,24.45
979,20240210,2,Combustível,3866.25
980,20240210,2,Manutenção,1718.89
981,20240210,2,Pedágio,907.97
982,20240210,2,Motorista (Salário/Diária),1188.94
983,20240210,2,Seguro,445.9
984,20240210,2,Outros,231.54
985,20240210,5,Combustível,742.79
986,20240210,5,Manutenção,395.69
987,20240210,5,Pedágio,187.13
988,20240210,5,Motorista (Salário/Diária),358.52
989,20240210,5,Seguro,92.28
990,20240210,5,Outros,54.32
991,20240211,1,Combustível,2666.05
992,20240211,1,Manutenção,1031.11
993,20240211,1,Pedágio,536.65
994,20240211,1,Motorista (Salário/Diária),821.05
995,20240211,1,Seguro,258.72
996,20240211,1,Outros,156.63
997,20240211,3,Combustível,422.78
998,20240211,3,Manutenção,210.6
999,20240211,3,Pedágio,108.89
1000,20240211,3,Motorista (Salário/Diária),182.34
1001,20240211,3,Seguro,59.92
1002,20240211,3,Outros,28.54
1003,20240211,4,Combustível,739.63
1004,20240211,4,Manutenção,334.52
1005,20240211,4,Pedágio,188.44
1006,20240211,4,Motorista (Salário/Diária),322.6
1007,20240211,4,Seguro,92.89
1008,20240211,4,Outros,65.03
1009,20240211,5,Combustível,1541.63
1010,20240211,5,Manutenção,647.59
1011,20240211,5,Pedágio,395.97
1012,20240211,5,Motorista (Salário/Diária),596.13
1013,20240211,5,Seguro,200.94
1014,20240211,5,Outros,107.18
1015,20240212,1,Combustível,6608.77
1016,20240212,1,Manutenção,2607.83
1017,20240212,1,Pedágio,1394.87
1018,20240212,1,Motorista (Salário/Diária),2249.63
1019,20240212,1,Seguro,628.49
1020,20240212,1,Outros,414.13
1021,20240212,3,Combustível,4197.55
1022,20240212,3,Manutenção,1911.57
1023,20240212,3,Pedágio,1066.71
1024,20240212,3,Motorista (Salário/Diária),1547.81
1025,20240212,3,Seguro,521.55
1026,20240212,3,Outros,269.7
1027,20240212,4,Combustível,2991.26
1028,20240212,4,Manutenção,1486.69
1029,20240212,4,Pedágio,892.01
1030,20240212,4,Motorista (Salário/Diária),1376.7
1031,20240212,4,Seguro,332.73
1032,20240212,4,Outros,215.43
1033,20240212,5,Combustível,7881.05
1034,20240212,5,Manutenção,4195.51
1035,20240212,5,Pedágio,1834.84
1036,20240212,5,Motorista (Salário/Diária),3133.85
1037,20240212,5,Seguro,916.27
1038,20240212,5,Outros,546.95
1039,20240213,1,Combustível,6999.81
1040,20240213,1,Manutenção,3136.36
1041,20240213,1,Pedágio,1663.61
1042,20240213,1,Motorista (Salário/Diária),2505.55
1043,20240213,1,Seguro,756.93
1044,20240213,1,Outros,497.42
1045,20240213,2,Combustível,4185.6
1046,20240213,2,Manutenção,1771.94
1047,20240213,2,Pedágio,764.58
1048,20240213,2,Motorista (Salário/Diária),1287.16
1049,20240213,2,Seguro,477.66
1050,20240213,2,Outros,277.55
1051,20240213,3,Combustível,2096.32
1052,20240213,3,Manutenção,730.94
1053,20240213,3,Pedágio,465.33
1054,20240213,3,Motorista (Salário/Diária),727.62
1055,20240213,3,Seguro,185.12
1056,20240213,3,Outros,137.06
1057,20240213,4,Combustível,5450.26
1058,20240213,4,Manutenção,2273.26
1059,20240213,4,Pedágio,1173.06
1060,20240213,4,Motorista (Salário/Diária),2086.07
1061,20240213,4,Seguro,601.76
1062,20240213,4,Outros,399.8
1063,20240213,5,Combustível,4089.46
1064,20240213,5,Manutenção,1868.01
1065,20240213,5,Pedágio,888.29
1066,20240213,5,Motorista (Salário/Diária),1577.61
1067,20240213,5,Seguro,461.74
1068,20240213,5,Outros,310.71
1069,20240214,1,Combustível,3936.09
1070,20240214,1,Manutenção,1834.84
1071,20240214,1,Pedágio,756.22
1072,20240214,1,Motorista (Salário/Diária),1482.97
1073,20240214,1,Seguro,392.15
1074,20240214,1,Outros,283.04
1075,20240214,2,Combustível,1052.36
1076,20240214,2,Manutenção,516.23
1077,20240214,2,Pedágio,251.8
1078,20240214,2,Motorista (Salário/Diária),448.88
1079,20240214,2,Seguro,115.63
1080,20240214,2,Outros,73.89
1081,20240214,3,Combustível,5252.44
1082,20240214,3,Manutenção,1778.56
1083,20240214,3,Pedágio,1168.4
1084,20240214,3,Motorista (Salário/Diária),1855.39
1085,20240214,3,Seguro,574.83
1086,20240214,3,Outros,304.95
1087,20240214,4,Combustível,1497.47
1088,20240214,4,Manutenção,534.85
1089,20240214,4,Pedágio,259.56
1090,20240214,4,Motorista (Salário/Diária),523.06
1091,20240214,4,Seguro,145.71
1092,20240214,4,Outros,97.69
1093,20240214,5,Combustível,3478.06
1094,20240214,5,Manutenção,1628.69
1095,20240214,5,Pedágio,943.63
1096,20240214,5,Motorista (Salário/Diária),1637.06
1097,20240214,5,Seguro,426.26
1098,20240214,5,Outros,286.94
1099,20240215,1,Combustível,6881.02
1100,20240215,1,Manutenção,2648.35
1101,20240215,1,Pedágio,1486.58
1102,20240215,1,Motorista (Salário/Diária),2187.86
1103,20240215,1,Seguro,628.64
1104,20240215,1,Outros,459.35
1105,20240215,2,Combustível,1508.38
1106,20240215,2,Manutenção,542.51
1107,20240215,2,Pedágio,316.78
1108,20240215,2,Motorista (Salário/Diária),496.16
1109,20240215,2,Seguro,159.17
1110,20240215,2,Outros,88.38
1111,20240215,3,Combustível,3865.96
1112,20240215,3,Manutenção,1899.6
1113,20240215,3,Pedágio,792.11
1114,20240215,3,Motorista (Salário/Diária),1275.73
1115,20240215,3,Seguro,449.3
1116,20240215,3,Outros,280.75
1117,20240215,4,Combustível,812.75
1118,20240215,4,Manutenção,348.38
1119,20240215,4,Pedágio,156.96
1120,20240215,4,Motorista (Salário/Diária),288.82
1121,20240215,4,Seguro,91.09
1122,20240215,4,Outros,53.88
1123,20240215,5,Combustível,7319.08
1124,20240215,5,Manutenção,3126.17
1125,20240215,5,Pedágio,1703.95
1126,20240215,5,Motorista (Salário/Diária),2774.46
1127,20240215,5,Seguro,835.81
1128,20240215,5,Outros,490.89
1129,20240216,1,Combustível,4834.62
1130,20240216,1,Manutenção,2035.07
1131,20240216,1,Pedágio,1013.64
1132,20240216,1,Motorista (Salário/Diária),1868.14
1133,20240216,1,Seguro,460.88
1134,20240216,1,Outros,277.47
1135,20240216,3,Combustível,1781.04
1136,20240216,3,Manutenção,846.46
1137,20240216,3,Pedágio,347.02
1138,20240216,3,Motorista (Salário/Diária),633.1
1139,20240216,3,Seguro,162.71
1140,20240216,3,Outros,103.08
1141,20240216,4,Combustível,6021.05
1142,20240216,4,Manutenção,2078.03
1143,20240216,4,Pedágio,1118.32
1144,20240216,4,Motorista (Salário/Diária),2120.67
1145,20240216,4,Seguro,579.26
1146,20240216,4,Outros,338.74
1147,20240216,5,Combustível,9398.3
1148,20240216,5,Manutenção,4836.95
1149,20240216,5,Pedágio,1996.24
1150,20240216,5,Motorista (Salário/Diária),4025.69
1151,20240216,5,Seguro,1006.47
1152,20240216,5,Outros,762.65
1153,20240217,1,Combustível,1660.54
1154,20240217,1,Manutenção,725.33
1155,20240217,1,Pedágio,295.29
1156,20240217,1,Motorista (Salário/Diária),510.09
1157,20240217,1,Seguro,144.62
1158,20240217,1,Outros,100.46
1159,20240217,3,Combustível,1736.09
1160,20240217,3,Manutenção,985.3
1161,20240217,3,Pedágio,470.58
1162,20240217,3,Motorista (Salário/Diária),775.83
1163,20240217,3,Seguro,246.94
1164,20240217,3,Outros,127.7
1165,20240217,5,Combustível,4569.87
1166,20240217,5,Manutenção,2278.17
1167,20240217,5,Pedágio,1137.7
1168,20240217,5,Motorista (Salário/Diária),1568.86
1169,20240217,5,Seguro,508.51
1170,20240217,5,Outros,310.06
1171,20240218,1,Combustível,1787.29
1172,20240218,1,Manutenção,881.7
1173,20240218,1,Pedágio,446.28
1174,20240218,1,Motorista (Salário/Diária),708.82
1175,20240218,1,Seguro,216.53
1176,20240218,1,Outros,147.87
1177,20240218,4,Combustível,1971.23
1178,20240218,4,Manutenção,817.17
1179,20240218,4,Pedágio,529.38
1180,20240218,4,Motorista (Salário/Diária),709.92
1181,20240218,4,Seguro,209.62
1182,20240218,4,Outros,147.21
1183,20240218,5,Combustível,4569.39
1184,20240218,5,Manutenção,2072.56
1185,20240218,5,Pedágio,1000.32
1186,20240218,5,Motorista (Salário/Diária),1714.29
1187,20240218,5,Seguro,517.26
1188,20240218,5,Outros,308.92
1189,20240219,1,Combustível,10571.23
1190,20240219,1,Manutenção,4614.3
1191,20240219,1,Pedágio,2004.77
1192,20240219,1,Motorista (Salário/Diária),3836.75
1193,20240219,1,Seguro,973.08
1194,20240219,1,Outros,605.52
1195,20240219,2,Combustível,1019.02
1196,20240219,2,Manutenção,549.75
1197,20240219,2,Pedágio,212.08
1198,20240219,2,Motorista (Salário/Diária),440.75
1199,20240219,2,Seguro,134.09
1200,20240219,2,Outros,63.87
1201,20240219,3,Combustível,9430.28
1202,20240219,3,Manutenção,4763.99
1203,20240219,3,Pedágio,2084.33
1204,20240219,3,Motorista (Salário/Diária),3674.46
1205,20240219,3,Seguro,947.52
1206,20240219,3,Outros,609.14
1207,20240219,4,Combustível,3738.7
1208,20240219,4,Manutenção,1709.31
1209,20240219,4,Pedágio,813.16
1210,20240219,4,Motorista (Salário/Diária),1592.74
1211,20240219,4,Seguro,503.21
1212,20240219,4,Outros,284.48
1213,20240219,5,Combustível,1690.43
1214,20240219,5,Manutenção,661.27
1215,20240219,5,Pedágio,310.91
1216,20240219,5,Motorista (Salário/Diária),563.05
1217,20240219,5,Seguro,163.47
1218,20240219,5,Outros,104.6
1219,20240220,1,Combustível,6490.78
1220,20240220,1,Manutenção,2217.48
1221,20240220,1,Pedágio,1458.02
1222,20240220,1,Motorista (Salário/Diária),2169.1
1223,20240220,1,Seguro,628.77
1224,20240220,1,Outros,440.29
1225,20240220,3,Combustível,6930.43
1226,20240220,3,Manutenção,2994.55
1227,20240220,3,Pedágio,1487.24
1228,20240220,3,Motorista (Salário/Diária),2885.45
1229,20240220,3,Seguro,812.13
1230,20240220,3,Outros,522.66
1231,20240220,4,Combustível,3562.3
1232,20240220,4,Manutenção,1960.54
1233,20240220,4,Pedágio,1020.82
1234,20240220,4,Motorista (Salário/Diária),1709.18
1235,20240220,4,Seguro,458.9
1236,20240220,4,Outros,298.35
1237,20240220,5,Combustível,12891.59
1238,20240220,5,Manutenção,4737.52
1239,20240220,5,Pedágio,2342.66
1240,20240220,5,Motorista (Salário/Diária),3862.22
1241,20240220,5,Seguro,1447.78
1242,20240220,5,Outros,853.58
1243,20240221,1,Combustível,5739.55
1244,20240221,1,Manutenção,2323.7
1245,20240221,1,Pedágio,1269.39
1246,20240221,1,Motorista (Salário/Diária),2163.53
1247,20240221,1,Seguro,700.77
1248,20240221,1,Outros,416.65
1249,20240221,3,Combustível,2779.26
1250,20240221,3,Manutenção,1048.12
1251,20240221,3,Pedágio,500.26
1252,20240221,3,Motorista (Salário/Diária),1121.05
1253,20240221,3,Seguro,315.25
1254,20240221,3,Outros,177.7
1255,20240221,4,Combustível,4329.4
1256,20240221,4,Manutenção,1833.93
1257,20240221,4,Pedágio,777.2
1258,20240221,4,Motorista (Salário/Diária),1395.6
1259,20240221,4,Seguro,416.47
1260,20240221,4,Outros,284.13
1261,20240221,5,Combustível,8559.23
1262,20240221,5,Manutenção,4144.91
1263,20240221,5,Pedágio,2040.52
1264,20240221,5,Motorista (Salário/Diária),3778.41
1265,20240221,5,Seguro,1006.8
1266,20240221,5,Outros,719.04
1267,20240222,1,Combustível,5869.2
1268,20240222,1,Manutenção,2469.18
1269,20240222,1,Pedágio,1319.72
1270,20240222,1,Motorista (Salário/Diária),2472.86
1271,20240222,1,Seguro,671.57
1272,20240222,1,Outros,432.89
1273,20240222,3,Combustível,1785.3
1274,20240222,3,Manutenção,757.71
1275,20240222,3,Pedágio,387.86
1276,20240222,3,Motorista (Salário/Diária),575.02
1277,20240222,3,Seguro,151.44
1278,20240222,3,Outros,96.85
1279,20240222,4,Combustível,3183.5
1280,20240222,4,Manutenção,1437.57
1281,20240222,4,Pedágio,811.16
1282,20240222,4,Motorista (Salário/Diária),1240.27
1283,20240222,4,Seguro,333.79
1284,20240222,4,Outros,222.85
1285,20240222,5,Combustível,3042.9
1286,20240222,5,Manutenção,1307.9
1287,20240222,5,Pedágio,668.01
1288,20240222,5,Motorista (Salário/Diária),996.92
1289,20240222,5,Seguro,270.55
1290,20240222,5,Outros,175.52
1291,20240223,1,Combustível,3563.94
1292,20240223,1,Manutenção,1915.75
1293,20240223,1,Pedágio,946.94
1294,20240223,1,Motorista (Salário/Diária),1352.73
1295,20240223,1,Seguro,484.99
1296,20240223,1,Outros,245.7
1297,20240223,2,Combustível,4373.33
1298,20240223,2,Manutenção,1996.42
1299,20240223,2,Pedágio,873.77
1300,20240223,2,Motorista (Salário/Diária),1393.74
1301,20240223,2,Seguro,521.36
1302,20240223,2,Outros,286.22
1303,20240223,3,Combustível,3876.25
1304,20240223,3,Manutenção,1908.41
1305,20240223,3,Pedágio,949.87
1306,20240223,3,Motorista (Salário/Diária),1375.88
1307,20240223,3,Seguro,365.04
1308,20240223,3,Outros,291.93
1309,20240223,4,Combustível,3216.07
1310,20240223,4,Manutenção,1516.24
1311,20240223,4,Pedágio,880.29
1312,20240223,4,Motorista (Salário/Diária),1313.39
1313,20240223,4,Seguro,374.15
1314,20240223,4,Outros,239.93
1315,20240223,5,Combustível,7776.88
1316,20240223,5,Manutenção,3659.57
1317,20240223,5,Pedágio,1591.38
1318,20240223,5,Motorista (Salário/Diária),3329.64
1319,20240223,5,Seguro,1022.23
1320,20240223,5,Outros,574.22
1321,20240224,1,Combustível,558.97
1322,20240224,1,Manutenção,258.61
1323,20240224,1,Pedágio,135.62
1324,20240224,1,Motorista (Salário/Diária),269.92
1325,20240224,1,Seguro,62.87
1326,20240224,1,Outros,40.48
1327,20240224,3,Combustível,832.9
1328,20240224,3,Manutenção,342.58
1329,20240224,3,Pedágio,192.6
1330,20240224,3,Motorista (Salário/Diária),359.46
1331,20240224,3,Seguro,78.93
1332,20240224,3,Outros,59.66
1333,20240224,5,Combustível,2203.34
1334,20240224,5,Manutenção,888.14
1335,20240224,5,Pedágio,432.25
1336,20240224,5,Motorista (Salário/Diária),878.89
1337,20240224,5,Seguro,217.22
1338,20240224,5,Outros,158.31
1339,20240225,2,Combustível,1228.47
1340,20240225,2,Manutenção,455.91
1341,20240225,2,Pedágio,225.81
1342,20240225,2,Motorista (Salário/Diária),430.29
1343,20240225,2,Seguro,121.73
1344,20240225,2,Outros,69.47
1345,20240225,3,Combustível,3854.02
1346,20240225,3,Manutenção,1772.49
1347,20240225,3,Pedágio,794.79
1348,20240225,3,Motorista (Salário/Diária),1632.63
1349,20240225,3,Seguro,397.03
1350,20240225,3,Outros,300.68
1351,20240225,5,Combustível,299.71
1352,20240225,5,Manutenção,137.84
1353,20240225,5,Pedágio,87.41
1354,20240225,5,Motorista (Salário/Diária),132.42
1355,20240225,5,Seguro,40.07
1356,20240225,5,Outros,25.19
1357,20240226,1,Combustível,9514.34
1358,20240226,1,Manutenção,3885.46
1359,20240226,1,Pedágio,1775.04
1360,20240226,1,Motorista (Salário/Diária),2789.43
1361,20240226,1,Seguro,878.74
1362,20240226,1,Outros,635.88
1363,20240226,3,Combustível,2851.88
1364,20240226,3,Manutenção,1429.17
1365,20240226,3,Pedágio,580.64
1366,20240226,3,Motorista (Salário/Diária),1031.66
1367,20240226,3,Seguro,297.21
1368,20240226,3,Outros,174.54
1369,20240226,5,Combustível,2981.17
1370,20240226,5,Manutenção,1318.8
1371,20240226,5,Pedágio,794.9
1372,20240226,5,Motorista (Salário/Diária),1055.82
1373,20240226,5,Seguro,307.65
1374,20240226,5,Outros,215.08
1375,20240227,1,Combustível,9673.87
1376,20240227,1,Manutenção,4333.69
1377,20240227,1,Pedágio,2105.26
1378,20240227,1,Motorista (Salário/Diária),2925.23
1379,20240227,1,Seguro,987.99
1380,20240227,1,Outros,534.08
1381,20240227,2,Combustível,1050.68
1382,20240227,2,Manutenção,480.61
1383,20240227,2,Pedágio,215.36
1384,20240227,2,Motorista (Salário/Diária),381.91
1385,20240227,2,Seguro,107.05
1386,20240227,2,Outros,69.25
1387,20240227,3,Combustível,5635.03
1388,20240227,3,Manutenção,2434.34
1389,20240227,3,Pedágio,1379.92
1390,20240227,3,Motorista (Salário/Diária),2064.82
1391,20240227,3,Seguro,609.31
1392,20240227,3,Outros,359.41
1393,20240227,4,Combustível,1406.34
1394,20240227,4,Manutenção,661.13
1395,20240227,4,Pedágio,302.66
1396,20240227,4,Motorista (Salário/Diária),540.57
1397,20240227,4,Seguro,145.94
1398,20240227,4,Outros,82.76
1399,20240227,5,Combustível,1144.04
1400,20240227,5,Manutenção,552.33
1401,20240227,5,Pedágio,317.1
1402,20240227,5,Motorista (Salário/Diária),488.2
1403,20240227,5,Seguro,162.76
1404,20240227,5,Outros,80.41
1405,20240228,1,Combustível,4198.18
1406,20240228,1,Manutenção,1746.43
1407,20240228,1,Pedágio,708.71
1408,20240228,1,Motorista (Salário/Diária),1427.26
1409,20240228,1,Seguro,472.45
1410,20240228,1,Outros,273.44
1411,20240228,3,Combustível,1937.46
1412,20240228,3,Manutenção,808.59
1413,20240228,3,Pedágio,459.48
1414,20240228,3,Motorista (Salário/Diária),866.86
1415,20240228,3,Seguro,198.29
1416,20240228,3,Outros,142.5
1417,20240228,4,Combustível,2796.39
1418,20240228,4,Manutenção,1077.74
1419,20240228,4,Pedágio,608.04
1420,20240228,4,Motorista (Salário/Diária),927.49
1421,20240228,4,Seguro,283.65
1422,20240228,4,Outros,178.02
1423,20240228,5,Combustível,11367.68
1424,20240228,5,Manutenção,5672.12
1425,20240228,5,Pedágio,2593.2
1426,20240228,5,Motorista (Salário/Diária),4093.11
1427,20240228,5,Seguro,1450.96
1428,20240228,5,Outros,806.95
1429,20240229,1,Combustível,5819.6
1430,20240229,1,Manutenção,2556.93
1431,20240229,1,Pedágio,1331.52
1432,20240229,1,Motorista (Salário/Diária),2215.04
1433,20240229,1,Seguro,697.16
1434,20240229,1,Outros,438.97
1435,20240229,3,Combustível,1872.32
1436,20240229,3,Manutenção,891.11
1437,20240229,3,Pedágio,410.09
1438,20240229,3,Motorista (Salário/Diária),698.43
1439,20240229,3,Seguro,194.47
1440,20240229,3,Outros,132.78
1441,20240229,4,Combustível,4870.39
1442,20240229,4,Manutenção,2677.09
1443,20240229,4,Pedágio,1239.54
1444,20240229,4,Motorista (Salário/Diária),2183.48
1445,20240229,4,Seguro,622.13
1446,20240229,4,Outros,378.15
1447,20240229,5,Combustível,5867.32
1448,20240229,5,Manutenção,3318.46
1449,20240229,5,Pedágio,1649.74
1450,20240229,5,Motorista (Salário/Diária),2167.07
1451,20240229,5,Seguro,709.99
1452,20240229,5,Outros,453.83
1453,20240301,1,Combustível,5549.62
1454,20240301,1,Manutenção,2791.58
1455,20240301,1,Pedágio,1575.97
1456,20240301,1,Motorista (Salário/Diária),2191.62
1457,20240301,1,Seguro,709.05
1458,20240301,1,Outros,487.03
1459,20240301,2,Combustível,4834.53
1460,20240301,2,Manutenção,2374.25
1461,20240301,2,Pedágio,1158.69
1462,20240301,2,Motorista (Salário/Diária),1997.54
1463,20240301,2,Seguro,503.85
1464,20240301,2,Outros,293.8
1465,20240301,3,Combustível,2711.02
1466,20240301,3,Manutenção,1261.59
1467,20240301,3,Pedágio,560.02
1468,20240301,3,Motorista (Salário/Diária),1192.79
1469,20240301,3,Seguro,319.61
1470,20240301,3,Outros,185.88
1471,20240301,4,Combustível,5238.16
1472,20240301,4,Manutenção,2470.45
1473,20240301,4,Pedágio,1465.66
1474,20240301,4,Motorista (Salário/Diária),1998.23
1475,20240301,4,Seguro,719.97
1476,20240301,4,Outros,350.74
1477,20240301,5,Combustível,2608.26
1478,20240301,5,Manutenção,1221.11
1479,20240301,5,Pedágio,585.14
1480,20240301,5,Motorista (Salário/Diária),993.88
1481,20240301,5,Seguro,292.34
1482,20240301,5,Outros,173.67
1483,20240302,1,Combustível,1628.49
1484,20240302,1,Manutenção,667.03
1485,20240302,1,Pedágio,329.28
1486,20240302,1,Motorista (Salário/Diária),568.01
1487,20240302,1,Seguro,190.07
1488,20240302,1,Outros,88.92
1489,20240302,3,Combustível,3219.6
1490,20240302,3,Manutenção,1724.77
1491,20240302,3,Pedágio,664.54
1492,20240302,3,Motorista (Salário/Diária),1182.3
1493,20240302,3,Seguro,382.91
1494,20240302,3,Outros,224.89
1495,20240303,1,Combustível,3868.87
1496,20240303,1,Manutenção,1852.37
1497,20240303,1,Pedágio,778.58
1498,20240303,1,Motorista (Salário/Diária),1473.53
1499,20240303,1,Seguro,354.49
1500,20240303,1,Outros,223.39
1501,20240303,2,Combustível,2986.44
1502,20240303,2,Manutenção,1125.11
1503,20240303,2,Pedágio,576.26
1504,20240303,2,Motorista (Salário/Diária),1008.66
1505,20240303,2,Seguro,335.21
1506,20240303,2,Outros,190.59
1507,20240303,4,Combustível,816.36
1508,20240303,4,Manutenção,363.83
1509,20240303,4,Pedágio,198.74
1510,20240303,4,Motorista (Salário/Diária),292.8
1511,20240303,4,Seguro,98.19
1512,20240303,4,Outros,61.37
1513,20240304,1,Combustível,3063.44
1514,20240304,1,Manutenção,1472.56
1515,20240304,1,Pedágio,591.61
1516,20240304,1,Motorista (Salário/Diária),1273.82
1517,20240304,1,Seguro,356.38
1518,20240304,1,Outros,212.2
1519,20240304,2,Combustível,485.69
1520,20240304,2,Manutenção,166.91
1521,20240304,2,Pedágio,101.85
1522,20240304,2,Motorista (Salário/Diária),161.11
1523,20240304,2,Seguro,46.28
1524,20240304,2,Outros,25.03
1525,20240304,3,Combustível,1745.8
1526,20240304,3,Manutenção,753.72
1527,20240304,3,Pedágio,401.65
1528,20240304,3,Motorista (Salário/Diária),612.59
1529,20240304,3,Seguro,188.25
1530,20240304,3,Outros,112.66
1531,20240304,4,Combustível,1673.19
1532,20240304,4,Manutenção,714.59
1533,20240304,4,Pedágio,282.62
1534,20240304,4,Motorista (Salário/Diária),519.86
1535,20240304,4,Seguro,179.27
1536,20240304,4,Outros,94.52
1537,20240304,5,Combustível,4352.62
1538,20240304,5,Manutenção,2114.79
1539,20240304,5,Pedágio,1039.27
1540,20240304,5,Motorista (Salário/Diária),1596.67
1541,20240304,5,Seguro,456.83
1542,20240304,5,Outros,361.05
1543,20240305,1,Combustível,3972.24
1544,20240305,1,Manutenção,2039.05
1545,20240305,1,Pedágio,794.86
1546,20240305,1,Motorista (Salário/Diária),1645.43
1547,20240305,1,Seguro,503.39
1548,20240305,1,Outros,267.31
1549,20240305,2,Combustível,1007.01
1550,20240305,2,Manutenção,494.81
1551,20240305,2,Pedágio,230.56
1552,20240305,2,Motorista (Salário/Diária),431.29
1553,20240305,2,Seguro,145.42
1554,20240305,2,Outros,74.42
1555,20240305,3,Combustível,817.79
1556,20240305,3,Manutenção,364.86
1557,20240305,3,Pedágio,189.16
1558,20240305,3,Motorista (Salário/Diária),324.09
1559,20240305,3,Seguro,88.75
1560,20240305,3,Outros,51.42
1561,20240305,4,Combustível,3770.26
1562,20240305,4,Manutenção,1273.01
1563,20240305,4,Pedágio,689.32
1564,20240305,4,Motorista (Salário/Diária),1206.66
1565,20240305,4,Seguro,329.74
1566,20240305,4,Outros,191.0
1567,20240305,5,Combustível,7094.18
1568,20240305,5,Manutenção,3472.55
1569,20240305,5,Pedágio,1597.55
1570,20240305,5,Motorista (Salário/Diária),2731.39
1571,20240305,5,Seguro,713.76
1572,20240305,5,Outros,549.2
1573,20240306,1,Combustível,3232.45
1574,20240306,1,Manutenção,1377.68
1575,20240306,1,Pedágio,864.89
1576,20240306,1,Motorista (Salário/Diária),1436.83
1577,20240306,1,Seguro,365.76
1578,20240306,1,Outros,214.55
1579,20240306,2,Combustível,1126.69
1580,20240306,2,Manutenção,557.78
1581,20240306,2,Pedágio,271.56
1582,20240306,2,Motorista (Salário/Diária),382.48
1583,20240306,2,Seguro,141.15
1584,20240306,2,Outros,78.37
1585,20240306,3,Combustível,2137.2
1586,20240306,3,Manutenção,876.27
1587,20240306,3,Pedágio,447.58
1588,20240306,3,Motorista (Salário/Diária),784.2
1589,20240306,3,Seguro,225.58
1590,20240306,3,Outros,154.1
1591,20240306,4,Combustível,3697.12
1592,20240306,4,Manutenção,1369.8
1593,20240306,4,Pedágio,766.6
1594,20240306,4,Motorista (Salário/Diária),1482.98
1595,20240306,4,Seguro,437.68
1596,20240306,4,Outros,219.87
1597,20240306,5,Combustível,7561.9
1598,20240306,5,Manutenção,3442.56
1599,20240306,5,Pedágio,1359.65
1600,20240306,5,Motorista (Salário/Diária),2839.65
1601,20240306,5,Seguro,659.25
1602,20240306,5,Outros,505.61
1603,20240307,1,Combustível,7463.39
1604,20240307,1,Manutenção,3281.97
1605,20240307,1,Pedágio,1621.82
1606,20240307,1,Motorista (Salário/Diária),2912.65
1607,20240307,1,Seguro,807.75
1608,20240307,1,Outros,472.41
1609,20240307,2,Combustível,2869.89
1610,20240307,2,Manutenção,1519.08
1611,20240307,2,Pedágio,644.83
1612,20240307,2,Motorista (Salário/Diária),1199.62
1613,20240307,2,Seguro,334.98
1614,20240307,2,Outros,208.02
1615,20240307,3,Combustível,5116.69
1616,20240307,3,Manutenção,2001.42
1617,20240307,3,Pedágio,950.63
1618,20240307,3,Motorista (Salário/Diária),1712.74
1619,20240307,3,Seguro,501.48
1620,20240307,3,Outros,269.55
1621,20240307,5,Combustível,10578.42
1622,20240307,5,Manutenção,3711.78
1623,20240307,5,Pedágio,1890.99
1624,20240307,5,Motorista (Salário/Diária),3543.33
1625,20240307,5,Seguro,1150.47
1626,20240307,5,Outros,623.5
1627,20240308,1,Combustível,7823.06
1628,20240308,1,Manutenção,4413.26
1629,20240308,1,Pedágio,2080.46
1630,20240308,1,Motorista (Salário/Diária),3876.96
1631,20240308,1,Seguro,911.11
1632,20240308,1,Outros,672.98
1633,20240308,2,Combustível,2936.18
1634,20240308,2,Manutenção,1301.72
1635,20240308,2,Pedágio,708.77
1636,20240308,2,Motorista (Salário/Diária),1197.39
1637,20240308,2,Seguro,349.49
1638,20240308,2,Outros,194.32
1639,20240308,3,Combustível,3049.69
1640,20240308,3,Manutenção,1227.88
1641,20240308,3,Pedágio,545.08
1642,20240308,3,Motorista (Salário/Diária),1132.84
1643,20240308,3,Seguro,346.08
1644,20240308,3,Outros,177.72
1645,20240308,4,Combustível,4473.43
1646,20240308,4,Manutenção,1959.71
1647,20240308,4,Pedágio,1054.08
1648,20240308,4,Motorista (Salário/Diária),1715.03
1649,20240308,4,Seguro,495.71
1650,20240308,4,Outros,241.55
1651,20240308,5,Combustível,2299.55
1652,20240308,5,Manutenção,1265.71
1653,20240308,5,Pedágio,539.16
1654,20240308,5,Motorista (Salário/Diária),987.89
1655,20240308,5,Seguro,301.77
1656,20240308,5,Outros,156.54
1657,20240309,1,Combustível,445.19
1658,20240309,1,Manutenção,186.81
1659,20240309,1,Pedágio,86.52
1660,20240309,1,Motorista (Salário/Diária),159.42
1661,20240309,1,Seguro,44.6
1662,20240309,1,Outros,33.96
1663,20240309,3,Combustível,3149.66
1664,20240309,3,Manutenção,1212.61
1665,20240309,3,Pedágio,620.56
1666,20240309,3,Motorista (Salário/Diária),1073.08
1667,20240309,3,Seguro,348.47
1668,20240309,3,Outros,216.98
1669,20240309,4,Combustível,836.46
1670,20240309,4,Manutenção,374.23
1671,20240309,4,Pedágio,199.59
1672,20240309,4,Motorista (Salário/Diária),290.82
1673,20240309,4,Seguro,95.29
1674,20240309,4,Outros,50.02
1675,20240309,5,Combustível,3755.44
1676,20240309,5,Manutenção,1536.31
1677,20240309,5,Pedágio,869.45
1678,20240309,5,Motorista (Salário/Diária),1502.75
1679,20240309,5,Seguro,433.27
1680,20240309,5,Outros,228.05
1681,20240310,1,Combustível,237.55
1682,20240310,1,Manutenção,91.68
1683,20240310,1,Pedágio,46.86
1684,20240310,1,Motorista (Salário/Diária),82.76
1685,20240310,1,Seguro,23.97
1686,20240310,1,Outros,15.34
1687,20240310,2,Combustível,958.87
1688,20240310,2,Manutenção,473.2
1689,20240310,2,Pedágio,209.2
1690,20240310,2,Motorista (Salário/Diária),381.78
1691,20240310,2,Seguro,128.3
1692,20240310,2,Outros,72.85
1693,20240310,5,Combustível,3344.62
1694,20240310,5,Manutenção,1543.73
1695,20240310,5,Pedágio,765.19
1696,20240310,5,Motorista (Salário/Diária),1391.01
1697,20240310,5,Seguro,404.54
1698,20240310,5,Outros,197.23
1699,20240311,1,Combustível,6763.74
1700,20240311,1,Manutenção,3029.66
1701,20240311,1,Pedágio,1519.55
1702,20240311,1,Motorista (Salário/Diária),2765.06
1703,20240311,1,Seguro,689.43
1704,20240311,1,Outros,484.2
1705,20240311,3,Combustível,10499.07
1706,20240311,3,Manutenção,3769.06
1707,20240311,3,Pedágio,2004.09
1708,20240311,3,Motorista (Salário/Diária),3493.86
1709,20240311,3,Seguro,1033.91
1710,20240311,3,Outros,651.96
1711,20240311,4,Combustível,2286.75
1712,20240311,4,Manutenção,932.22
1713,20240311,4,Pedágio,546.8
1714,20240311,4,Motorista (Salário/Diária),832.6
1715,20240311,4,Seguro,235.27
1716,20240311,4,Outros,141.5
1717,20240311,5,Combustível,4336.13
1718,20240311,5,Manutenção,1989.91
1719,20240311,5,Pedágio,1056.03
1720,20240311,5,Motorista (Salário/Diária),1500.98
1721,20240311,5,Seguro,519.85
1722,20240311,5,Outros,273.42
1723,20240312,1,Combustível,5469.41
1724,20240312,1,Manutenção,2425.95
1725,20240312,1,Pedágio,1361.42
1726,20240312,1,Motorista (Salário/Diária),2395.18
1727,20240312,1,Seguro,692.52
1728,20240312,1,Outros,376.16
1729,20240312,2,Combustível,568.67
1730,20240312,2,Manutenção,302.23
1731,20240312,2,Pedágio,154.77
1732,20240312,2,Motorista (Salário/Diária),252.81
1733,20240312,2,Seguro,74.74
1734,20240312,2,Outros,43.18
1735,20240312,3,Combustível,2910.86
1736,20240312,3,Manutenção,1670.84
1737,20240312,3,Pedágio,647.62
1738,20240312,3,Motorista (Salário/Diária),1314.21
1739,20240312,3,Seguro,328.39
1740,20240312,3,Outros,241.3
1741,20240312,4,Combustível,3734.58
1742,20240312,4,Manutenção,1837.14
1743,20240312,4,Pedágio,1052.42
1744,20240312,4,Motorista (Salário/Diária),1436.51
1745,20240312,4,Seguro,516.66
1746,20240312,4,Outros,268.36
1747,20240312,5,Combustível,5114.75
1748,20240312,5,Manutenção,2377.97
1749,20240312,5,Pedágio,1097.06
1750,20240312,5,Motorista (Salário/Diária),2129.51
1751,20240312,5,Seguro,601.67
1752,20240312,5,Outros,324.33
1753,20240313,1,Combustível,5749.19
1754,20240313,1,Manutenção,2339.61
1755,20240313,1,Pedágio,1242.52
1756,20240313,1,Motorista (Salário/Diária),2004.22
1757,20240313,1,Seguro,694.31
1758,20240313,1,Outros,363.61
1759,20240313,3,Combustível,896.21
1760,20240313,3,Manutenção,380.22
1761,20240313,3,Pedágio,179.71
1762,20240313,3,Motorista (Salário/Diária),350.5
1763,20240313,3,Seguro,84.0
1764,20240313,3,Outros,55.52
1765,20240313,4,Combustível,1532.27
1766,20240313,4,Manutenção,734.3
1767,20240313,4,Pedágio,338.94
1768,20240313,4,Motorista (Salário/Diária),602.0
1769,20240313,4,Seguro,180.3
1770,20240313,4,Outros,86.83
1771,20240313,5,Combustível,4730.88
1772,20240313,5,Manutenção,2526.26
1773,20240313,5,Pedágio,1220.11
1774,20240313,5,Motorista (Salário/Diária),1768.54
1775,20240313,5,Seguro,519.52
1776,20240313,5,Outros,325.04
1777,20240314,1,Combustível,5384.21
1778,20240314,1,Manutenção,2448.44
1779,20240314,1,Pedágio,1341.67
1780,20240314,1,Motorista (Salário/Diária),2568.1
1781,20240314,1,Seguro,629.07
1782,20240314,1,Outros,431.54
1783,20240314,2,Combustível,393.39
1784,20240314,2,Manutenção,178.1
1785,20240314,2,Pedágio,96.88
1786,20240314,2,Motorista (Salário/Diária),150.22
1787,20240314,2,Seguro,51.37
1788,20240314,2,Outros,28.46
1789,20240314,3,Combustível,3150.61
1790,20240314,3,Manutenção,1371.19
1791,20240314,3,Pedágio,830.42
1792,20240314,3,Motorista (Salário/Diária),1244.62
1793,20240314,3,Seguro,346.54
1794,20240314,3,Outros,227.35
1795,20240314,4,Combustível,6459.88
1796,20240314,4,Manutenção,2962.64
1797,20240314,4,Pedágio,1387.57
1798,20240314,4,Motorista (Salário/Diária),2445.94
1799,20240314,4,Seguro,737.02
1800,20240314,4,Outros,385.32
1801,20240314,5,Combustível,5349.87
1802,20240314,5,Manutenção,2695.12
1803,20240314,5,Pedágio,1399.5
1804,20240314,5,Motorista (Salário/Diária),2420.44
1805,20240314,5,Seguro,617.51
1806,20240314,5,Outros,407.75
1807,20240315,1,Combustível,7531.36
1808,20240315,1,Manutenção,3012.23
1809,20240315,1,Pedágio,1529.69
1810,20240315,1,Motorista (Salário/Diária),2664.87
1811,20240315,1,Seguro,727.46
1812,20240315,1,Outros,502.34
1813,20240315,2,Combustível,448.27
1814,20240315,2,Manutenção,218.18
1815,20240315,2,Pedágio,87.86
1816,20240315,2,Motorista (Salário/Diária),172.14
1817,20240315,2,Seguro,49.35
1818,20240315,2,Outros,31.19
1819,20240315,3,Combustível,655.26
1820,20240315,3,Manutenção,345.8
1821,20240315,3,Pedágio,149.77
1822,20240315,3,Motorista (Salário/Diária),254.98
1823,20240315,3,Seguro,77.34
1824,20240315,3,Outros,41.1
1825,20240315,4,Combustível,1564.45
1826,20240315,4,Manutenção,751.46
1827,20240315,4,Pedágio,343.59
1828,20240315,4,Motorista (Salário/Diária),678.26
1829,20240315,4,Seguro,180.06
1830,20240315,4,Outros,119.41
1831,20240315,5,Combustível,7193.26
1832,20240315,5,Manutenção,3314.96
1833,20240315,5,Pedágio,1823.05
1834,20240315,5,Motorista (Salário/Diária),2936.05
1835,20240315,5,Seguro,835.35
1836,20240315,5,Outros,572.91
1837,20240316,1,Combustível,1030.36
1838,20240316,1,Manutenção,453.26
1839,20240316,1,Pedágio,224.69
1840,20240316,1,Motorista (Salário/Diária),461.11
1841,20240316,1,Seguro,109.55
1842,20240316,1,Outros,82.06
1843,20240316,3,Combustível,1307.57
1844,20240316,3,Manutenção,641.9
1845,20240316,3,Pedágio,341.37
1846,20240316,3,Motorista (Salário/Diária),540.61
1847,20240316,3,Seguro,143.43
1848,20240316,3,Outros,80.84
1849,20240317,2,Combustível,4639.25
1850,20240317,2,Manutenção,1731.95
1851,20240317,2,Pedágio,1036.81
1852,20240317,2,Motorista (Salário/Diária),1431.54
1853,20240317,2,Seguro,557.24
1854,20240317,2,Outros,336.61
1855,20240317,3,Combustível,2542.46
1856,20240317,3,Manutenção,1254.85
1857,20240317,3,Pedágio,595.05
1858,20240317,3,Motorista (Salário/Diária),1100.86
1859,20240317,3,Seguro,264.41
1860,20240317,3,Outros,198.3
1861,20240317,4,Combustível,485.68
1862,20240317,4,Manutenção,191.99
1863,20240317,4,Pedágio,98.82
1864,20240317,4,Motorista (Salário/Diária),165.37
1865,20240317,4,Seguro,53.33
1866,20240317,4,Outros,33.48
1867,20240318,1,Combustível,8242.44
1868,20240318,1,Manutenção,3335.46
1869,20240318,1,Pedágio,1786.43
1870,20240318,1,Motorista (Salário/Diária),2879.08
1871,20240318,1,Seguro,731.49
1872,20240318,1,Outros,429.88
1873,20240318,2,Combustível,2803.03
1874,20240318,2,Manutenção,1299.37
1875,20240318,2,Pedágio,656.04
1876,20240318,2,Motorista (Salário/Diária),1270.48
1877,20240318,2,Seguro,353.66
1878,20240318,2,Outros,242.2
1879,20240318,3,Combustível,3281.28
1880,20240318,3,Manutenção,1569.8
1881,20240318,3,Pedágio,646.51
1882,20240318,3,Motorista (Salário/Diária),1386.2
1883,20240318,3,Seguro,395.07
1884,20240318,3,Outros,200.37
1885,20240318,4,Combustível,1016.85
1886,20240318,4,Manutenção,516.85
1887,20240318,4,Pedágio,207.83
1888,20240318,4,Motorista (Salário/Diária),368.1
1889,20240318,4,Seguro,128.58
1890,20240318,4,Outros,75.11
1891,20240318,5,Combustível,4395.69
1892,20240318,5,Manutenção,1953.42
1893,20240318,5,Pedágio,951.09
1894,20240318,5,Motorista (Salário/Diária),1257.26
1895,20240318,5,Seguro,413.26
1896,20240318,5,Outros,223.76
1897,20240319,1,Combustível,4742.96
1898,20240319,1,Manutenção,2652.12
1899,20240319,1,Pedágio,1272.64
1900,20240319,1,Motorista (Salário/Diária),1952.43
1901,20240319,1,Seguro,665.85
1902,20240319,1,Outros,405.24
1903,20240319,2,Combustível,698.0
1904,20240319,2,Manutenção,279.34
1905,20240319,2,Pedágio,152.78
1906,20240319,2,Motorista (Salário/Diária),286.0
1907,20240319,2,Seguro,75.92
1908,20240319,2,Outros,39.35
1909,20240319,3,Combustível,1344.45
1910,20240319,3,Manutenção,737.64
1911,20240319,3,Pedágio,377.36
1912,20240319,3,Motorista (Salário/Diária),532.79
1913,20240319,3,Seguro,185.68
1914,20240319,3,Outros,98.96
1915,20240319,4,Combustível,8807.66
1916,20240319,4,Manutenção,4177.8
1917,20240319,4,Pedágio,1858.9
1918,20240319,4,Motorista (Salário/Diária),3064.53
1919,20240319,4,Seguro,932.17
1920,20240319,4,Outros,645.82
1921,20240319,5,Combustível,9209.3
1922,20240319,5,Manutenção,3971.33
1923,20240319,5,Pedágio,2023.04
1924,20240319,5,Motorista (Salário/Diária),3393.07
1925,20240319,5,Seguro,1136.12
1926,20240319,5,Outros,638.75
1927,20240320,1,Combustível,3225.38
1928,20240320,1,Manutenção,1792.53
1929,20240320,1,Pedágio,719.87
1930,20240320,1,Motorista (Salário/Diária),1502.96
1931,20240320,1,Seguro,405.06
1932,20240320,1,Outros,200.06
1933,20240320,2,Combustível,4293.25
1934,20240320,2,Manutenção,1724.58
1935,20240320,2,Pedágio,918.43
1936,20240320,2,Motorista (Salário/Diária),1249.41
1937,20240320,2,Seguro,453.43
1938,20240320,2,Outros,224.46
1939,20240320,3,Combustível,1471.88
1940,20240320,3,Manutenção,750.11
1941,20240320,3,Pedágio,364.89
1942,20240320,3,Motorista (Salário/Diária),667.13
1943,20240320,3,Seguro,169.72
1944,20240320,3,Outros,99.33
1945,20240320,4,Combustível,3446.76
1946,20240320,4,Manutenção,1884.85
1947,20240320,4,Pedágio,932.88
1948,20240320,4,Motorista (Salário/Diária),1617.97
1949,20240320,4,Seguro,461.26
1950,20240320,4,Outros,294.79
1951,20240320,5,Combustível,9607.06
1952,20240320,5,Manutenção,3284.83
1953,20240320,5,Pedágio,1617.86
1954,20240320,5,Motorista (Salário/Diária),3061.95
1955,20240320,5,Seguro,948.5
1956,20240320,5,Outros,549.37
1957,20240321,1,Combustível,7791.38
1958,20240321,1,Manutenção,3239.61
1959,20240321,1,Pedágio,1375.24
1960,20240321,1,Motorista (Salário/Diária),3027.07
1961,20240321,1,Seguro,670.49
1962,20240321,1,Outros,419.17
1963,20240321,2,Combustível,2697.69
1964,20240321,2,Manutenção,1393.46
1965,20240321,2,Pedágio,701.73
1966,20240321,2,Motorista (Salário/Diária),1257.89
1967,20240321,2,Seguro,307.19
1968,20240321,2,Outros,188.45
1969,20240321,3,Combustível,726.93
1970,20240321,3,Manutenção,354.35
1971,20240321,3,Pedágio,152.05
1972,20240321,3,Motorista (Salário/Diária),263.36
1973,20240321,3,Seguro,89.67
1974,20240321,3,Outros,43.25
1975,20240321,4,Combustível,4224.76
1976,20240321,4,Manutenção,2109.71
1977,20240321,4,Pedágio,999.74
1978,20240321,4,Motorista (Salário/Diária),1686.15
1979,20240321,4,Seguro,532.6
1980,20240321,4,Outros,282.13
1981,20240321,5,Combustível,14384.39
1982,20240321,5,Manutenção,7660.62
1983,20240321,5,Pedágio,3478.07
1984,20240321,5,Motorista (Salário/Diária),6889.01
1985,20240321,5,Seguro,2086.24
1986,20240321,5,Outros,1133.27
1987,20240322,1,Combustível,2027.1
1988,20240322,1,Manutenção,1021.68
1989,20240322,1,Pedágio,526.57
1990,20240322,1,Motorista (Salário/Diária),788.67
1991,20240322,1,Seguro,270.83
1992,20240322,1,Outros,138.83
1993,20240322,3,Combustível,8918.2
1994,20240322,3,Manutenção,4608.91
1995,20240322,3,Pedágio,2291.51
1996,20240322,3,Motorista (Salário/Diária),3840.19
1997,20240322,3,Seguro,1044.14
1998,20240322,3,Outros,553.51
1999,20240322,4,Combustível,1914.59
2000,20240322,4,Manutenção,1009.63
2001,20240322,4,Pedágio,539.61
2002,20240322,4,Motorista (Salário/Diária),885.77
2003,20240322,4,Seguro,229.3
2004,20240322,4,Outros,149.21
2005,20240322,5,Combustível,1715.81
2006,20240322,5,Manutenção,951.84
2007,20240322,5,Pedágio,378.75
2008,20240322,5,Motorista (Salário/Diária),780.24
2009,20240322,5,Seguro,200.07
2010,20240322,5,Outros,129.53
2011,20240323,1,Combustível,1570.95
2012,20240323,1,Manutenção,674.5
2013,20240323,1,Pedágio,341.89
2014,20240323,1,Motorista (Salário/Diária),653.83
2015,20240323,1,Seguro,180.51
2016,20240323,1,Outros,111.72
2017,20240323,2,Combustível,3247.06
2018,20240323,2,Manutenção,1519.3
2019,20240323,2,Pedágio,656.03
2020,20240323,2,Motorista (Salário/Diária),1340.32
2021,20240323,2,Seguro,384.44
2022,20240323,2,Outros,200.79
2023,20240323,4,Combustível,1838.09
2024,20240323,4,Manutenção,613.91
2025,20240323,4,Pedágio,360.25
2026,20240323,4,Motorista (Salário/Diária),541.86
2027,20240323,4,Seguro,171.78
2028,20240323,4,Outros,123.24
2029,20240323,5,Combustível,1025.65
2030,20240323,5,Manutenção,421.6
2031,20240323,5,Pedágio,265.52
2032,20240323,5,Motorista (Salário/Diária),353.48
2033,20240323,5,Seguro,100.64
2034,20240323,5,Outros,77.74
2035,20240324,1,Combustível,3564.22
2036,20240324,1,Manutenção,1719.82
2037,20240324,1,Pedágio,784.01
2038,20240324,1,Motorista (Salário/Diária),1389.13
2039,20240324,1,Seguro,385.19
2040,20240324,1,Outros,217.62
2041,20240324,2,Combustível,927.26
2042,20240324,2,Manutenção,374.24
2043,20240324,2,Pedágio,230.37
2044,20240324,2,Motorista (Salário/Diária),387.12
2045,20240324,2,Seguro,110.78
2046,20240324,2,Outros,55.58
2047,20240324,4,Combustível,1243.44
2048,20240324,4,Manutenção,582.76
2049,20240324,4,Pedágio,304.38
2050,20240324,4,Motorista (Salário/Diária),543.1
2051,20240324,4,Seguro,150.49
2052,20240324,4,Outros,99.56
2053,20240324,5,Combustível,905.6
2054,20240324,5,Manutenção,401.61
2055,20240324,5,Pedágio,156.61
2056,20240324,5,Motorista (Salário/Diária),300.0
2057,20240324,5,Seguro,101.09
2058,20240324,5,Outros,56.37
2059,20240325,1,Combustível,3247.58
2060,20240325,1,Manutenção,1769.17
2061,20240325,1,Pedágio,890.01
2062,20240325,1,Motorista (Salário/Diária),1367.95
2063,20240325,1,Seguro,365.99
2064,20240325,1,Outros,281.06
2065,20240325,3,Combustível,3000.1
2066,20240325,3,Manutenção,1054.39
2067,20240325,3,Pedágio,543.9
2068,20240325,3,Motorista (Salário/Diária),970.43
2069,20240325,3,Seguro,262.17
2070,20240325,3,Outros,164.3
2071,20240325,4,Combustível,4068.6
2072,20240325,4,Manutenção,1928.78
2073,20240325,4,Pedágio,1073.24
2074,20240325,4,Motorista (Salário/Diária),1978.11
2075,20240325,4,Seguro,452.41
2076,20240325,4,Outros,344.37
2077,20240325,5,Combustível,6363.8
2078,20240325,5,Manutenção,3431.59
2079,20240325,5,Pedágio,1680.87
2080,20240325,5,Motorista (Salário/Diária),3022.07
2081,20240325,5,Seguro,743.68
2082,20240325,5,Outros,529.01
2083,20240326,1,Combustível,8749.93
2084,20240326,1,Manutenção,3824.11
2085,20240326,1,Pedágio,1922.17
2086,20240326,1,Motorista (Salário/Diária),2770.27
2087,20240326,1,Seguro,773.13
2088,20240326,1,Outros,460.41
2089,20240326,2,Combustível,830.52
2090,20240326,2,Manutenção,329.89
2091,20240326,2,Pedágio,178.51
2092,20240326,2,Motorista (Salário/Diária),280.53
2093,20240326,2,Seguro,82.49
2094,20240326,2,Outros,53.24
2095,20240326,3,Combustível,684.63
2096,20240326,3,Manutenção,331.23
2097,20240326,3,Pedágio,152.58
2098,20240326,3,Motorista (Salário/Diária),290.29
2099,20240326,3,Seguro,65.94
2100,20240326,3,Outros,51.02
2101,20240326,4,Combustível,2541.12
2102,20240326,4,Manutenção,1168.63
2103,20240326,4,Pedágio,602.33
2104,20240326,4,Motorista (Salário/Diária),1103.0
2105,20240326,4,Seguro,317.54
2106,20240326,4,Outros,219.84
2107,20240326,5,Combustível,5206.48
2108,20240326,5,Manutenção,2912.29
2109,20240326,5,Pedágio,1351.41
2110,20240326,5,Motorista (Salário/Diária),2428.92
2111,20240326,5,Seguro,670.57
2112,20240326,5,Outros,398.43
2113,20240327,1,Combustível,698.76
2114,20240327,1,Manutenção,310.2
2115,20240327,1,Pedágio,135.19
2116,20240327,1,Motorista (Salário/Diária),297.92
2117,20240327,1,Seguro,79.27
2118,20240327,1,Outros,45.28
2119,20240327,2,Combustível,1207.11
2120,20240327,2,Manutenção,525.73
2121,20240327,2,Pedágio,251.87
2122,20240327,2,Motorista (Salário/Diária),359.68
2123,20240327,2,Seguro,136.8
2124,20240327,2,Outros,69.1
2125,20240327,3,Combustível,1905.03
2126,20240327,3,Manutenção,862.57
2127,20240327,3,Pedágio,517.73
2128,20240327,3,Motorista (Salário/Diária),858.33
2129,20240327,3,Seguro,225.75
2130,20240327,3,Outros,147.53
2131,20240327,4,Combustível,7668.54
2132,20240327,4,Manutenção,2765.14
2133,20240327,4,Pedágio,1598.26
2134,20240327,4,Motorista (Salário/Diária),2454.82
2135,20240327,4,Seguro,884.07
2136,20240327,4,Outros,491.93
2137,20240327,5,Combustível,13954.6
2138,20240327,5,Manutenção,6040.8
2139,20240327,5,Pedágio,3565.01
2140,20240327,5,Motorista (Salário/Diária),5949.41
2141,20240327,5,Seguro,1901.08
2142,20240327,5,Outros,1092.15
2143,20240328,2,Combustível,3287.05
2144,20240328,2,Manutenção,1725.93
2145,20240328,2,Pedágio,767.18
2146,20240328,2,Motorista (Salário/Diária),1594.02
2147,20240328,2,Seguro,421.04
2148,20240328,2,Outros,295.25
2149,20240328,3,Combustível,10428.16
2150,20240328,3,Manutenção,4116.69
2151,20240328,3,Pedágio,2092.57
2152,20240328,3,Motorista (Salário/Diária),3281.53
2153,20240328,3,Seguro,1137.95
2154,20240328,3,Outros,688.57
2155,20240328,4,Combustível,2950.4
2156,20240328,4,Manutenção,1195.78
2157,20240328,4,Pedágio,641.98
2158,20240328,4,Motorista (Salário/Diária),1005.07
2159,20240328,4,Seguro,260.31
2160,20240328,4,Outros,196.5
2161,20240328,5,Combustível,5350.54
2162,20240328,5,Manutenção,2062.26
2163,20240328,5,Pedágio,1083.37
2164,20240328,5,Motorista (Salário/Diária),1839.79
2165,20240328,5,Seguro,541.52
2166,20240328,5,Outros,299.34
2167,20240329,1,Combustível,5596.63
2168,20240329,1,Manutenção,1921.51
2169,20240329,1,Pedágio,1068.69
2170,20240329,1,Motorista (Salário/Diária),1808.44
2171,20240329,1,Seguro,497.69
2172,20240329,1,Outros,295.21
2173,20240329,2,Combustível,423.13
2174,20240329,2,Manutenção,203.95
2175,20240329,2,Pedágio,99.42
2176,20240329,2,Motorista (Salário/Diária),135.45
2177,20240329,2,Seguro,52.57
2178,20240329,2,Outros,31.67
2179,20240329,3,Combustível,4139.43
2180,20240329,3,Manutenção,2347.29
2181,20240329,3,Pedágio,1033.63
2182,20240329,3,Motorista (Salário/Diária),1940.6
2183,20240329,3,Seguro,510.67
2184,20240329,3,Outros,334.19
2185,20240329,4,Combustível,2636.36
2186,20240329,4,Manutenção,1310.94
2187,20240329,4,Pedágio,501.66
2188,20240329,4,Motorista (Salário/Diária),989.88
2189,20240329,4,Seguro,250.73
2190,20240329,4,Outros,195.74
2191,20240329,5,Combustível,10418.64
2192,20240329,5,Manutenção,4606.94
2193,20240329,5,Pedágio,1906.83
2194,20240329,5,Motorista (Salário/Diária),3480.5
2195,20240329,5,Seguro,967.06
2196,20240329,5,Outros,678.58
2197,20240330,1,Combustível,4065.99
2198,20240330,1,Manutenção,1948.69
2199,20240330,1,Pedágio,827.65
2200,20240330,1,Motorista (Salário/Diária),1521.4
2201,20240330,1,Seguro,418.46
2202,20240330,1,Outros,286.67
2203,20240330,2,Combustível,316.62
2204,20240330,2,Manutenção,130.93
2205,20240330,2,Pedágio,80.8
2206,20240330,2,Motorista (Salário/Diária),126.9
2207,20240330,2,Seguro,42.18
2208,20240330,2,Outros,25.96
2209,20240330,4,Combustível,2742.27
2210,20240330,4,Manutenção,1142.57
2211,20240330,4,Pedágio,616.53
2212,20240330,4,Motorista (Salário/Diária),1189.53
2213,20240330,4,Seguro,352.56
2214,20240330,4,Outros,165.44
2215,20240330,5,Combustível,7104.21
2216,20240330,5,Manutenção,3300.29
2217,20240330,5,Pedágio,1908.24
2218,20240330,5,Motorista (Salário/Diária),2852.77
2219,20240330,5,Seguro,873.52
2220,20240330,5,Outros,442.1
2221,20240331,1,Combustível,1727.63
2222,20240331,1,Manutenção,733.61
2223,20240331,1,Pedágio,369.21
2224,20240331,1,Motorista (Salário/Diária),569.77
2225,20240331,1,Seguro,153.0
2226,20240331,1,Outros,103.35
2227,20240331,2,Combustível,3074.74
2228,20240331,2,Manutenção,1248.29
2229,20240331,2,Pedágio,694.45
2230,20240331,2,Motorista (Salário/Diária),1191.3
2231,20240331,2,Seguro,313.22
2232,20240331,2,Outros,220.24
2233,20240331,3,Combustível,1627.24
2234,20240331,3,Manutenção,785.66
2235,20240331,3,Pedágio,426.65
2236,20240331,3,Motorista (Salário/Diária),711.12
2237,20240331,3,Seguro,182.63
2238,20240331,3,Outros,129.31
2239,20240331,5,Combustível,460.42
2240,20240331,5,Manutenção,204.01
2241,20240331,5,Pedágio,124.57
2242,20240331,5,Motorista (Salário/Diária),213.45
2243,20240331,5,Seguro,59.61
2244,20240331,5,Outros,32.06
2245,20240401,1,Combustível,8599.34
2246,20240401,1,Manutenção,3886.36
2247,20240401,1,Pedágio,2092.55
2248,20240401,1,Motorista (Salário/Diária),3342.82
2249,20240401,1,Seguro,1027.17
2250,20240401,1,Outros,628.37
2251,20240401,2,Combustível,2941.45
2252,20240401,2,Manutenção,1181.9
2253,20240401,2,Pedágio,734.1
2254,20240401,2,Motorista (Salário/Diária),1209.34
2255,20240401,2,Seguro,322.64
2256,20240401,2,Outros,212.5
2257,20240401,3,Combustível,1921.81
2258,20240401,3,Manutenção,1021.62
2259,20240401,3,Pedágio,520.76
2260,20240401,3,Motorista (Salário/Diária),852.7
2261,20240401,3,Seguro,226.72
2262,20240401,3,Outros,137.94
2263,20240401,4,Combustível,4503.13
2264,20240401,4,Manutenção,1786.47
2265,20240401,4,Pedágio,973.56
2266,20240401,4,Motorista (Salário/Diária),1783.27
2267,20240401,4,Seguro,477.74
2268,20240401,4,Outros,283.51
2269,20240401,5,Combustível,9539.32
2270,20240401,5,Manutenção,4306.18
2271,20240401,5,Pedágio,2194.17
2272,20240401,5,Motorista (Salário/Diária),3026.41
2273,20240401,5,Seguro,919.39
2274,20240401,5,Outros,660.85
2275,20240402,1,Combustível,7723.07
2276,20240402,1,Manutenção,3896.2
2277,20240402,1,Pedágio,1672.04
2278,20240402,1,Motorista (Salário/Diária),3141.01
2279,20240402,1,Seguro,911.56
2280,20240402,1,Outros,583.61
2281,20240402,2,Combustível,5408.89
2282,20240402,2,Manutenção,2477.84
2283,20240402,2,Pedágio,1267.12
2284,20240402,2,Motorista (Salário/Diária),2238.09
2285,20240402,2,Seguro,551.39
2286,20240402,2,Outros,338.29
2287,20240402,3,Combustível,4723.97
2288,20240402,3,Manutenção,1992.51
2289,20240402,3,Pedágio,1202.99
2290,20240402,3,Motorista (Salário/Diária),2089.57
2291,20240402,3,Seguro,465.28
2292,20240402,3,Outros,285.8
2293,20240402,4,Combustível,3488.7
2294,20240402,4,Manutenção,1382.33
2295,20240402,4,Pedágio,800.52
2296,20240402,4,Motorista (Salário/Diária),1328.43
2297,20240402,4,Seguro,409.0
2298,20240402,4,Outros,245.54
2299,20240402,5,Combustível,3248.53
2300,20240402,5,Manutenção,1440.46
2301,20240402,5,Pedágio,801.93
2302,20240402,5,Motorista (Salário/Diária),1395.01
2303,20240402,5,Seguro,437.81
2304,20240402,5,Outros,247.64
2305,20240403,1,Combustível,12587.67
2306,20240403,1,Manutenção,5388.77
2307,20240403,1,Pedágio,2798.4
2308,20240403,1,Motorista (Salário/Diária),4405.24
2309,20240403,1,Seguro,1151.63
2310,20240403,1,Outros,810.27
2311,20240403,2,Combustível,1336.42
2312,20240403,2,Manutenção,646.61
2313,20240403,2,Pedágio,267.62
2314,20240403,2,Motorista (Salário/Diária),541.32
2315,20240403,2,Seguro,154.87
2316,20240403,2,Outros,96.01
2317,20240403,3,Combustível,4361.82
2318,20240403,3,Manutenção,1848.98
2319,20240403,3,Pedágio,1003.19
2320,20240403,3,Motorista (Salário/Diária),1577.47
2321,20240403,3,Seguro,451.11
2322,20240403,3,Outros,298.56
2323,20240403,5,Combustível,10768.58
2324,20240403,5,Manutenção,4508.36
2325,20240403,5,Pedágio,1832.27
2326,20240403,5,Motorista (Salário/Diária),3911.3
2327,20240403,5,Seguro,907.03
2328,20240403,5,Outros,657.16
2329,20240404,1,Combustível,16088.08
2330,20240404,1,Manutenção,6672.37
2331,20240404,1,Pedágio,4233.45
2332,20240404,1,Motorista (Salário/Diária),6613.96
2333,20240404,1,Seguro,1954.77
2334,20240404,1,Outros,1193.19
2335,20240404,2,Combustível,2791.58
2336,20240404,2,Manutenção,1309.11
2337,20240404,2,Pedágio,641.99
2338,20240404,2,Motorista (Salário/Diária),1222.92
2339,20240404,2,Seguro,341.29
2340,20240404,2,Outros,237.06
2341,20240404,3,Combustível,418.2
2342,20240404,3,Manutenção,155.79
2343,20240404,3,Pedágio,82.41
2344,20240404,3,Motorista (Salário/Diária),159.15
2345,20240404,3,Seguro,44.46
2346,20240404,3,Outros,28.89
2347,20240404,4,Combustível,5432.8
2348,20240404,4,Manutenção,2354.33
2349,20240404,4,Pedágio,1474.49
2350,20240404,4,Motorista (Salário/Diária),2431.48
2351,20240404,4,Seguro,657.91
2352,20240404,4,Outros,403.74
2353,20240404,5,Combustível,3658.98
2354,20240404,5,Manutenção,1288.95
2355,20240404,5,Pedágio,740.63
2356,20240404,5,Motorista (Salário/Diária),1407.47
2357,20240404,5,Seguro,372.04
2358,20240404,5,Outros,201.86
2359,20240405,1,Combustível,5632.67
2360,20240405,1,Manutenção,2263.64
2361,20240405,1,Pedágio,1303.6
2362,20240405,1,Motorista (Salário/Diária),2322.02
2363,20240405,1,Seguro,631.62
2364,20240405,1,Outros,413.41
2365,20240405,2,Combustível,360.34
2366,20240405,2,Manutenção,179.97
2367,20240405,2,Pedágio,82.88
2368,20240405,2,Motorista (Salário/Diária),144.73
2369,20240405,2,Seguro,43.06
2370,20240405,2,Outros,23.42
2371,20240405,3,Combustível,6202.82
2372,20240405,3,Manutenção,2116.78
2373,20240405,3,Pedágio,1139.7
2374,20240405,3,Motorista (Salário/Diária),2138.9
2375,20240405,3,Seguro,691.13
2376,20240405,3,Outros,420.6
2377,20240405,4,Combustível,4203.42
2378,20240405,4,Manutenção,1768.6
2379,20240405,4,Pedágio,864.54
2380,20240405,4,Motorista (Salário/Diária),1467.44
2381,20240405,4,Seguro,484.89
2382,20240405,4,Outros,303.94
2383,20240405,5,Combustível,9315.69
2384,20240405,5,Manutenção,3918.4
2385,20240405,5,Pedágio,2069.73
2386,20240405,5,Motorista (Salário/Diária),3606.24
2387,20240405,5,Seguro,996.06
2388,20240405,5,Outros,727.36
2389,20240406,1,Combustível,2718.32
2390,20240406,1,Manutenção,1478.2
2391,20240406,1,Pedágio,563.6
2392,20240406,1,Motorista (Salário/Diária),1186.95
2393,20240406,1,Seguro,304.4
2394,20240406,1,Outros,172.45
2395,20240406,4,Combustível,8493.7
2396,20240406,4,Manutenção,3090.88
2397,20240406,4,Pedágio,1614.22
2398,20240406,4,Motorista (Salário/Diária),3067.87
2399,20240406,4,Seguro,828.22
2400,20240406,4,Outros,555.79
2401,20240406,5,Combustível,4735.11
2402,20240406,5,Manutenção,2064.25
2403,20240406,5,Pedágio,956.17
2404,20240406,5,Motorista (Salário/Diária),1707.08
2405,20240406,5,Seguro,501.57
2406,20240406,5,Outros,283.5
2407,20240407,1,Combustível,2125.23
2408,20240407,1,Manutenção,973.13
2409,20240407,1,Pedágio,569.45
2410,20240407,1,Motorista (Salário/Diária),839.74
2411,20240407,1,Seguro,276.44
2412,20240407,1,Outros,177.57
2413,20240407,3,Combustível,739.17
2414,20240407,3,Manutenção,344.46
2415,20240407,3,Pedágio,144.65
2416,20240407,3,Motorista (Salário/Diária),270.13
2417,20240407,3,Seguro,80.18
2418,20240407,3,Outros,48.13
2419,20240407,5,Combustível,5344.29
2420,20240407,5,Manutenção,2369.29
2421,20240407,5,Pedágio,1276.88
2422,20240407,5,Motorista (Salário/Diária),2472.06
2423,20240407,5,Seguro,716.75
2424,20240407,5,Outros,409.57
2425,20240408,1,Combustível,1481.49
2426,20240408,1,Manutenção,640.71
2427,20240408,1,Pedágio,309.13
2428,20240408,1,Motorista (Salário/Diária),545.69
2429,20240408,1,Seguro,153.77
2430,20240408,1,Outros,94.72
2431,20240408,2,Combustível,2189.3
2432,20240408,2,Manutenção,894.66
2433,20240408,2,Pedágio,445.39
2434,20240408,2,Motorista (Salário/Diária),854.31
2435,20240408,2,Seguro,264.21
2436,20240408,2,Outros,147.3
2437,20240408,3,Combustível,1167.49
2438,20240408,3,Manutenção,465.61
2439,20240408,3,Pedágio,267.49
2440,20240408,3,Motorista (Salário/Diária),495.19
2441,20240408,3,Seguro,150.47
2442,20240408,3,Outros,82.43
2443,20240408,4,Combustível,6147.23
2444,20240408,4,Manutenção,2132.16
2445,20240408,4,Pedágio,1089.01
2446,20240408,4,Motorista (Salário/Diária),1822.65
2447,20240408,4,Seguro,557.68
2448,20240408,4,Outros,370.53
2449,20240408,5,Combustível,10241.96
2450,20240408,5,Manutenção,4910.41
2451,20240408,5,Pedágio,2690.93
2452,20240408,5,Motorista (Salário/Diária),4270.38
2453,20240408,5,Seguro,1363.72
2454,20240408,5,Outros,630.28
2455,20240409,1,Combustível,3287.62
2456,20240409,1,Manutenção,1503.06
2457,20240409,1,Pedágio,706.98
2458,20240409,1,Motorista (Salário/Diária),1214.18
2459,20240409,1,Seguro,369.93
2460,20240409,1,Outros,211.11
2461,20240409,3,Combustível,2273.52
2462,20240409,3,Manutenção,989.46
2463,20240409,3,Pedágio,453.83
2464,20240409,3,Motorista (Salário/Diária),787.18
2465,20240409,3,Seguro,254.83
2466,20240409,3,Outros,147.06
2467,20240409,4,Combustível,5016.87
2468,20240409,4,Manutenção,2166.24
2469,20240409,4,Pedágio,1267.64
2470,20240409,4,Motorista (Salário/Diária),2068.16
2471,20240409,4,Seguro,506.36
2472,20240409,4,Outros,317.14
2473,20240409,5,Combustível,3815.41
2474,20240409,5,Manutenção,2053.94
2475,20240409,5,Pedágio,862.88
2476,20240409,5,Motorista (Salário/Diária),1703.66
2477,20240409,5,Seguro,540.33
2478,20240409,5,Outros,249.43
2479,20240410,1,Combustível,5452.97
2480,20240410,1,Manutenção,2766.72
2481,20240410,1,Pedágio,1452.5
2482,20240410,1,Motorista (Salário/Diária),2625.44
2483,20240410,1,Seguro,636.62
2484,20240410,1,Outros,372.77
2485,20240410,2,Combustível,2887.2
2486,20240410,2,Manutenção,1407.14
2487,20240410,2,Pedágio,560.36
2488,20240410,2,Motorista (Salário/Diária),1038.23
2489,20240410,2,Seguro,301.0
2490,20240410,2,Outros,176.6
2491,20240410,3,Combustível,746.9
2492,20240410,3,Manutenção,424.42
2493,20240410,3,Pedágio,213.99
2494,20240410,3,Motorista (Salário/Diária),333.05
2495,20240410,3,Seguro,94.45
2496,20240410,3,Outros,53.51
2497,20240410,4,Combustível,1232.0
2498,20240410,4,Manutenção,498.28
2499,20240410,4,Pedágio,240.91
2500,20240410,4,Motorista (Salário/Diária),493.69
2501,20240410,4,Seguro,155.23
2502,20240410,4,Outros,73.22
2503,20240410,5,Combustível,2740.35
2504,20240410,5,Manutenção,1053.65
2505,20240410,5,Pedágio,572.83
2506,20240410,5,Motorista (Salário/Diária),1016.11
2507,20240410,5,Seguro,277.56
2508,20240410,5,Outros,149.93
2509,20240411,1,Combustível,5202.96
2510,20240411,1,Manutenção,2494.67
2511,20240411,1,Pedágio,1401.82
2512,20240411,1,Motorista (Salário/Diária),2180.91
2513,20240411,1,Seguro,569.64
2514,20240411,1,Outros,415.72
2515,20240411,2,Combustível,1489.42
2516,20240411,2,Manutenção,530.2
2517,20240411,2,Pedágio,297.88
2518,20240411,2,Motorista (Salário/Diária),556.73
2519,20240411,2,Seguro,161.11
2520,20240411,2,Outros,83.79
2521,20240411,3,Combustível,1188.82
2522,20240411,3,Manutenção,458.42
2523,20240411,3,Pedágio,240.88
2524,20240411,3,Motorista (Salário/Diária),501.74
2525,20240411,3,Seguro,119.58
2526,20240411,3,Outros,87.61
2527,20240411,4,Combustível,1750.52
2528,20240411,4,Manutenção,681.26
2529,20240411,4,Pedágio,359.01
2530,20240411,4,Motorista (Salário/Diária),554.64
2531,20240411,4,Seguro,194.1
2532,20240411,4,Outros,107.95
2533,20240411,5,Combustível,6800.97
2534,20240411,5,Manutenção,2764.46
2535,20240411,5,Pedágio,1313.09
2536,20240411,5,Motorista (Salário/Diária),2128.22
2537,20240411,5,Seguro,800.56
2538,20240411,5,Outros,398.65
2539,20240412,1,Combustível,4105.56
2540,20240412,1,Manutenção,1895.64
2541,20240412,1,Pedágio,734.8
2542,20240412,1,Motorista (Salário/Diária),1603.08
2543,20240412,1,Seguro,409.69
2544,20240412,1,Outros,231.32
2545,20240412,2,Combustível,1412.22
2546,20240412,2,Manutenção,658.15
2547,20240412,2,Pedágio,348.62
2548,20240412,2,Motorista (Salário/Diária),494.56
2549,20240412,2,Seguro,187.87
2550,20240412,2,Outros,112.74
2551,20240412,4,Combustível,2997.19
2552,20240412,4,Manutenção,1532.78
2553,20240412,4,Pedágio,800.41
2554,20240412,4,Motorista (Salário/Diária),1339.84
2555,20240412,4,Seguro,371.95
2556,20240412,4,Outros,224.22
2557,20240412,5,Combustível,9226.5
2558,20240412,5,Manutenção,3840.49
2559,20240412,5,Pedágio,1656.73
2560,20240412,5,Motorista (Salário/Diária),3501.63
2561,20240412,5,Seguro,885.55
2562,20240412,5,Outros,506.59
2563,20240413,1,Combustível,716.54
2564,20240413,1,Manutenção,265.77
2565,20240413,1,Pedágio,139.63
2566,20240413,1,Motorista (Salário/Diária),244.06
2567,20240413,1,Seguro,62.3
2568,20240413,1,Outros,43.72
2569,20240413,2,Combustível,1749.31
2570,20240413,2,Manutenção,738.72
2571,20240413,2,Pedágio,378.68
2572,20240413,2,Motorista (Salário/Diária),652.47
2573,20240413,2,Seguro,220.11
2574,20240413,2,Outros,110.87
2575,20240413,3,Combustível,3074.74
2576,20240413,3,Manutenção,1570.62
2577,20240413,3,Pedágio,762.64
2578,20240413,3,Motorista (Salário/Diária),1406.7
2579,20240413,3,Seguro,418.76
2580,20240413,3,Outros,211.73
2581,20240413,5,Combustível,1763.09
2582,20240413,5,Manutenção,721.25
2583,20240413,5,Pedágio,300.68
2584,20240413,5,Motorista (Salário/Diária),620.26
2585,20240413,5,Seguro,171.8
2586,20240413,5,Outros,97.29
2587,20240414,3,Combustível,2297.82
2588,20240414,3,Manutenção,974.12
2589,20240414,3,Pedágio,478.59
2590,20240414,3,Motorista (Salário/Diária),793.15
2591,20240414,3,Seguro,259.12
2592,20240414,3,Outros,175.35
2593,20240414,4,Combustível,2430.72
2594,20240414,4,Manutenção,1144.54
2595,20240414,4,Pedágio,563.68
2596,20240414,4,Motorista (Salário/Diária),827.98
2597,20240414,4,Seguro,223.13
2598,20240414,4,Outros,149.47
2599,20240414,5,Combustível,576.04
2600,20240414,5,Manutenção,224.88
2601,20240414,5,Pedágio,127.47
2602,20240414,5,Motorista (Salário/Diária),203.57
2603,20240414,5,Seguro,60.36
2604,20240414,5,Outros,41.61
2605,20240415,1,Combustível,4435.73
2606,20240415,1,Manutenção,2139.19
2607,20240415,1,Pedágio,962.25
2608,20240415,1,Motorista (Salário/Diária),2025.95
2609,20240415,1,Seguro,554.3
2610,20240415,1,Outros,379.61
2611,20240415,2,Combustível,2218.62
2612,20240415,2,Manutenção,895.2
2613,20240415,2,Pedágio,458.52
2614,20240415,2,Motorista (Salário/Diária),769.48
2615,20240415,2,Seguro,235.03
2616,20240415,2,Outros,131.03
2617,20240415,3,Combustível,654.34
2618,20240415,3,Manutenção,381.32
2619,20240415,3,Pedágio,190.73
2620,20240415,3,Motorista (Salário/Diária),258.31
2621,20240415,3,Seguro,88.11
2622,20240415,3,Outros,52.69
2623,20240415,4,Combustível,783.44
2624,20240415,4,Manutenção,303.21
2625,20240415,4,Pedágio,195.11
2626,20240415,4,Motorista (Salário/Diária),251.02
2627,20240415,4,Seguro,86.73
2628,20240415,4,Outros,50.93
2629,20240415,5,Combustível,2539.91
2630,20240415,5,Manutenção,1113.59
2631,20240415,5,Pedágio,424.7
2632,20240415,5,Motorista (Salário/Diária),723.89
2633,20240415,5,Seguro,243.54
2634,20240415,5,Outros,148.5
2635,20240416,1,Combustível,19804.65
2636,20240416,1,Manutenção,9366.82
2637,20240416,1,Pedágio,3750.98
2638,20240416,1,Motorista (Salário/Diária),7416.35
2639,20240416,1,Seguro,2073.38
2640,20240416,1,Outros,1387.02
2641,20240416,2,Combustível,4140.45
2642,20240416,2,Manutenção,2431.71
2643,20240416,2,Pedágio,1195.51
2644,20240416,2,Motorista (Salário/Diária),2075.95
2645,20240416,2,Seguro,540.68
2646,20240416,2,Outros,324.19
2647,20240416,3,Combustível,3175.53
2648,20240416,3,Manutenção,1455.85
2649,20240416,3,Pedágio,630.53
2650,20240416,3,Motorista (Salário/Diária),940.31
2651,20240416,3,Seguro,325.82
2652,20240416,3,Outros,177.09
2653,20240416,4,Combustível,2221.72
2654,20240416,4,Manutenção,938.46
2655,20240416,4,Pedágio,511.31
2656,20240416,4,Motorista (Salário/Diária),825.52
2657,20240416,4,Seguro,203.15
2658,20240416,4,Outros,155.78
2659,20240416,5,Combustível,4392.34
2660,20240416,5,Manutenção,1853.91
2661,20240416,5,Pedágio,1048.21
2662,20240416,5,Motorista (Salário/Diária),1617.48
2663,20240416,5,Seguro,580.21
2664,20240416,5,Outros,307.19
2665,20240417,1,Combustível,7417.38
2666,20240417,1,Manutenção,3064.45
2667,20240417,1,Pedágio,1846.02
2668,20240417,1,Motorista (Salário/Diária),2607.25
2669,20240417,1,Seguro,783.87
2670,20240417,1,Outros,455.11
2671,20240417,3,Combustível,1692.74
2672,20240417,3,Manutenção,701.43
2673,20240417,3,Pedágio,280.77
2674,20240417,3,Motorista (Salário/Diária),612.57
2675,20240417,3,Seguro,156.35
2676,20240417,3,Outros,90.73
2677,20240417,4,Combustível,6826.94
2678,20240417,4,Manutenção,3079.29
2679,20240417,4,Pedágio,1350.48
2680,20240417,4,Motorista (Salário/Diária),2191.97
2681,20240417,4,Seguro,686.93
2682,20240417,4,Outros,498.37
2683,20240417,5,Combustível,4541.9
2684,20240417,5,Manutenção,2658.74
2685,20240417,5,Pedágio,1221.31
2686,20240417,5,Motorista (Salário/Diária),1938.26
2687,20240417,5,Seguro,597.81
2688,20240417,5,Outros,398.0
2689,20240418,1,Combustível,14215.5
2690,20240418,1,Manutenção,5710.06
2691,20240418,1,Pedágio,2869.02
2692,20240418,1,Motorista (Salário/Diária),4608.41
2693,20240418,1,Seguro,1372.98
2694,20240418,1,Outros,821.14
2695,20240418,2,Combustível,4953.2
2696,20240418,2,Manutenção,1861.61
2697,20240418,2,Pedágio,1125.57
2698,20240418,2,Motorista (Salário/Diária),2018.77
2699,20240418,2,Seguro,585.73
2700,20240418,2,Outros,358.76
2701,20240418,3,Combustível,4740.29
2702,20240418,3,Manutenção,2155.44
2703,20240418,3,Pedágio,1305.37
2704,20240418,3,Motorista (Salário/Diária),1819.47
2705,20240418,3,Seguro,565.23
2706,20240418,3,Outros,350.62
2707,20240418,4,Combustível,7447.57
2708,20240418,4,Manutenção,3423.03
2709,20240418,4,Pedágio,1619.03
2710,20240418,4,Motorista (Salário/Diária),2807.71
2711,20240418,4,Seguro,682.67
2712,20240418,4,Outros,467.73
2713,20240418,5,Combustível,4704.41
2714,20240418,5,Manutenção,1954.27
2715,20240418,5,Pedágio,906.55
2716,20240418,5,Motorista (Salário/Diária),1485.01
2717,20240418,5,Seguro,412.54
2718,20240418,5,Outros,316.98
2719,20240419,1,Combustível,7900.66
2720,20240419,1,Manutenção,3902.04
2721,20240419,1,Pedágio,2031.95
2722,20240419,1,Motorista (Salário/Diária),3089.36
2723,20240419,1,Seguro,1001.81
2724,20240419,1,Outros,493.19
2725,20240419,2,Combustível,4898.93
2726,20240419,2,Manutenção,2342.94
2727,20240419,2,Pedágio,957.22
2728,20240419,2,Motorista (Salário/Diária),1848.86
2729,20240419,2,Seguro,559.47
2730,20240419,2,Outros,285.2
2731,20240419,3,Combustível,3313.18
2732,20240419,3,Manutenção,1445.62
2733,20240419,3,Pedágio,766.83
2734,20240419,3,Motorista (Salário/Diária),1297.87
2735,20240419,3,Seguro,367.3
2736,20240419,3,Outros,219.26
2737,20240419,4,Combustível,3332.31
2738,20240419,4,Manutenção,1764.13
2739,20240419,4,Pedágio,809.84
2740,20240419,4,Motorista (Salário/Diária),1401.65
2741,20240419,4,Seguro,413.42
2742,20240419,4,Outros,205.47
2743,20240419,5,Combustível,8110.35
2744,20240419,5,Manutenção,3776.75
2745,20240419,5,Pedágio,1508.59
2746,20240419,5,Motorista (Salário/Diária),2571.84
2747,20240419,5,Seguro,941.55
2748,20240419,5,Outros,438.07
2749,20240420,1,Combustível,730.33
2750,20240420,1,Manutenção,357.07
2751,20240420,1,Pedágio,158.7
2752,20240420,1,Motorista (Salário/Diária),270.52
2753,20240420,1,Seguro,91.44
2754,20240420,1,Outros,47.37
2755,20240420,2,Combustível,3972.16
2756,20240420,2,Manutenção,1531.12
2757,20240420,2,Pedágio,765.9
2758,20240420,2,Motorista (Salário/Diária),1233.5
2759,20240420,2,Seguro,339.49
2760,20240420,2,Outros,247.81
2761,20240420,3,Combustível,1233.05
2762,20240420,3,Manutenção,514.02
2763,20240420,3,Pedágio,334.23
2764,20240420,3,Motorista (Salário/Diária),449.15
2765,20240420,3,Seguro,159.06
2766,20240420,3,Outros,81.32
2767,20240420,4,Combustível,4280.69
2768,20240420,4,Manutenção,1598.58
2769,20240420,4,Pedágio,972.82
2770,20240420,4,Motorista (Salário/Diária),1442.07
2771,20240420,4,Seguro,479.49
2772,20240420,4,Outros,306.4
2773,20240420,5,Combustível,743.68
2774,20240420,5,Manutenção,355.6
2775,20240420,5,Pedágio,184.08
2776,20240420,5,Motorista (Salário/Diária),297.83
2777,20240420,5,Seguro,75.88
2778,20240420,5,Outros,49.68
2779,20240421,2,Combustível,1045.16
2780,20240421,2,Manutenção,450.35
2781,20240421,2,Pedágio,209.73
2782,20240421,2,Motorista (Salário/Diária),390.0
2783,20240421,2,Seguro,123.46
2784,20240421,2,Outros,69.64
2785,20240421,5,Combustível,1861.13
2786,20240421,5,Manutenção,700.92
2787,20240421,5,Pedágio,359.79
2788,20240421,5,Motorista (Salário/Diária),759.17
2789,20240421,5,Seguro,212.26
2790,20240421,5,Outros,127.28
2791,20240422,2,Combustível,374.1
2792,20240422,2,Manutenção,140.68
2793,20240422,2,Pedágio,70.3
2794,20240422,2,Motorista (Salário/Diária),132.4
2795,20240422,2,Seguro,40.55
2796,20240422,2,Outros,19.05
2797,20240422,3,Combustível,3144.46
2798,20240422,3,Manutenção,1147.77
2799,20240422,3,Pedágio,702.26
2800,20240422,3,Motorista (Salário/Diária),1101.36
2801,20240422,3,Seguro,316.2
2802,20240422,3,Outros,162.86
2803,20240422,4,Combustível,1632.37
2804,20240422,4,Manutenção,766.77
2805,20240422,4,Pedágio,398.21
2806,20240422,4,Motorista (Salário/Diária),689.71
2807,20240422,4,Seguro,183.14
2808,20240422,4,Outros,116.48
2809,20240422,5,Combustível,4890.69
2810,20240422,5,Manutenção,2280.48
2811,20240422,5,Pedágio,1216.55
2812,20240422,5,Motorista (Salário/Diária),1839.04
2813,20240422,5,Seguro,650.75
2814,20240422,5,Outros,394.04
2815,20240423,1,Combustível,4065.37
2816,20240423,1,Manutenção,2073.65
2817,20240423,1,Pedágio,954.9
2818,20240423,1,Motorista (Salário/Diária),1672.8
2819,20240423,1,Seguro,505.11
2820,20240423,1,Outros,328.19
2821,20240423,2,Combustível,3022.8
2822,20240423,2,Manutenção,1270.98
2823,20240423,2,Pedágio,632.71
2824,20240423,2,Motorista (Salário/Diária),1337.66
2825,20240423,2,Seguro,322.54
2826,20240423,2,Outros,196.03
2827,20240423,3,Combustível,1172.42
2828,20240423,3,Manutenção,474.18
2829,20240423,3,Pedágio,224.41
2830,20240423,3,Motorista (Salário/Diária),429.94
2831,20240423,3,Seguro,112.35
2832,20240423,3,Outros,71.33
2833,20240423,4,Combustível,930.06
2834,20240423,4,Manutenção,495.58
2835,20240423,4,Pedágio,243.04
2836,20240423,4,Motorista (Salário/Diária),389.8
2837,20240423,4,Seguro,109.78
2838,20240423,4,Outros,68.41
2839,20240423,5,Combustível,8153.96
2840,20240423,5,Manutenção,3593.94
2841,20240423,5,Pedágio,2273.47
2842,20240423,5,Motorista (Salário/Diária),3006.67
2843,20240423,5,Seguro,928.09
2844,20240423,5,Outros,618.2
2845,20240424,1,Combustível,2471.95
2846,20240424,1,Manutenção,1298.72
2847,20240424,1,Pedágio,622.92
2848,20240424,1,Motorista (Salário/Diária),1127.4
2849,20240424,1,Seguro,291.92
2850,20240424,1,Outros,156.39
2851,20240424,2,Combustível,2541.19
2852,20240424,2,Manutenção,1219.11
2853,20240424,2,Pedágio,504.28
2854,20240424,2,Motorista (Salário/Diária),1087.89
2855,20240424,2,Seguro,254.82
2856,20240424,2,Outros,187.95
2857,20240424,3,Combustível,4901.79
2858,20240424,3,Manutenção,2405.4
2859,20240424,3,Pedágio,1340.94
2860,20240424,3,Motorista (Salário/Diária),1870.16
2861,20240424,3,Seguro,608.87
2862,20240424,3,Outros,341.44
2863,20240424,4,Combustível,5794.53
2864,20240424,4,Manutenção,2228.26
2865,20240424,4,Pedágio,1113.89
2866,20240424,4,Motorista (Salário/Diária),1799.54
2867,20240424,4,Seguro,540.79
2868,20240424,4,Outros,317.38
2869,20240424,5,Combustível,6021.84
2870,20240424,5,Manutenção,2906.71
2871,20240424,5,Pedágio,1598.82
2872,20240424,5,Motorista (Salário/Diária),2322.79
2873,20240424,5,Seguro,788.64
2874,20240424,5,Outros,449.47
2875,20240425,1,Combustível,4022.53
2876,20240425,1,Manutenção,1955.14
2877,20240425,1,Pedágio,1176.5
2878,20240425,1,Motorista (Salário/Diária),1925.05
2879,20240425,1,Seguro,506.79
2880,20240425,1,Outros,296.06
2881,20240425,2,Combustível,1862.08
2882,20240425,2,Manutenção,699.5
2883,20240425,2,Pedágio,370.69
2884,20240425,2,Motorista (Salário/Diária),603.7
2885,20240425,2,Seguro,205.44
2886,20240425,2,Outros,124.46
2887,20240425,3,Combustível,2792.88
2888,20240425,3,Manutenção,1373.3
2889,20240425,3,Pedágio,573.09
2890,20240425,3,Motorista (Salário/Diária),1089.31
2891,20240425,3,Seguro,354.13
2892,20240425,3,Outros,189.2
2893,20240425,4,Combustível,7074.35
2894,20240425,4,Manutenção,2852.43
2895,20240425,4,Pedágio,1625.45
2896,20240425,4,Motorista (Salário/Diária),2458.69
2897,20240425,4,Seguro,638.66
2898,20240425,4,Outros,493.88
2899,20240425,5,Combustível,8685.15
2900,20240425,5,Manutenção,4902.2
2901,20240425,5,Pedágio,2352.66
2902,20240425,5,Motorista (Salário/Diária),3243.1
2903,20240425,5,Seguro,1223.77
2904,20240425,5,Outros,701.81
2905,20240426,1,Combustível,3953.97
2906,20240426,1,Manutenção,2099.25
2907,20240426,1,Pedágio,943.53
2908,20240426,1,Motorista (Salário/Diária),1671.02
2909,20240426,1,Seguro,437.49
2910,20240426,1,Outros,268.08
2911,20240426,2,Combustível,6778.26
2912,20240426,2,Manutenção,2379.31
2913,20240426,2,Pedágio,1418.24
2914,20240426,2,Motorista (Salário/Diária),2493.8
2915,20240426,2,Seguro,629.24
2916,20240426,2,Outros,346.18
2917,20240426,3,Combustível,2820.92
2918,20240426,3,Manutenção,1180.27
2919,20240426,3,Pedágio,641.27
2920,20240426,3,Motorista (Salário/Diária),852.29
2921,20240426,3,Seguro,307.87
2922,20240426,3,Outros,164.12
2923,20240426,4,Combustível,4943.09
2924,20240426,4,Manutenção,2254.39
2925,20240426,4,Pedágio,1092.31
2926,20240426,4,Motorista (Salário/Diária),1669.35
2927,20240426,4,Seguro,446.79
2928,20240426,4,Outros,314.23
2929,20240426,5,Combustível,8811.23
2930,20240426,5,Manutenção,3727.92
2931,20240426,5,Pedágio,1908.57
2932,20240426,5,Motorista (Salário/Diária),3292.27
2933,20240426,5,Seguro,894.12
2934,20240426,5,Outros,578.38
2935,20240427,3,Combustível,1207.85
2936,20240427,3,Manutenção,620.12
2937,20240427,3,Pedágio,304.9
2938,20240427,3,Motorista (Salário/Diária),592.5
2939,20240427,3,Seguro,159.95
2940,20240427,3,Outros,92.12
2941,20240427,4,Combustível,1557.61
2942,20240427,4,Manutenção,780.58
2943,20240427,4,Pedágio,368.07
2944,20240427,4,Motorista (Salário/Diária),691.17
2945,20240427,4,Seguro,209.03
2946,20240427,4,Outros,116.18
2947,20240427,5,Combustível,1649.08
2948,20240427,5,Manutenção,709.73
2949,20240427,5,Pedágio,371.92
2950,20240427,5,Motorista (Salário/Diária),671.17
2951,20240427,5,Seguro,188.99
2952,20240427,5,Outros,110.16
2953,20240428,1,Combustível,1070.76
2954,20240428,1,Manutenção,437.55
2955,20240428,1,Pedágio,191.71
2956,20240428,1,Motorista (Salário/Diária),359.82
2957,20240428,1,Seguro,97.79
2958,20240428,1,Outros,59.13
2959,20240428,3,Combustível,3400.84
2960,20240428,3,Manutenção,1285.17
2961,20240428,3,Pedágio,700.21
2962,20240428,3,Motorista (Salário/Diária),1091.79
2963,20240428,3,Seguro,345.81
2964,20240428,3,Outros,219.31
2965,20240429,1,Combustível,3054.57
2966,20240429,1,Manutenção,1389.41
2967,20240429,1,Pedágio,573.55
2968,20240429,1,Motorista (Salário/Diária),1103.43
2969,20240429,1,Seguro,321.5
2970,20240429,1,Outros,207.99
2971,20240429,2,Combustível,2610.08
2972,20240429,2,Manutenção,1087.08
2973,20240429,2,Pedágio,468.5
2974,20240429,2,Motorista (Salário/Diária),920.11
2975,20240429,2,Seguro,278.46
2976,20240429,2,Outros,140.12
2977,20240429,3,Combustível,3615.99
2978,20240429,3,Manutenção,1482.82
2979,20240429,3,Pedágio,820.35
2980,20240429,3,Motorista (Salário/Diária),1260.31
2981,20240429,3,Seguro,346.35
2982,20240429,3,Outros,255.76
2983,20240429,4,Combustível,4652.52
2984,20240429,4,Manutenção,2315.17
2985,20240429,4,Pedágio,1130.42
2986,20240429,4,Motorista (Salário/Diária),1804.09
2987,20240429,4,Seguro,531.85
2988,20240429,4,Outros,315.49
2989,20240429,5,Combustível,1435.9
2990,20240429,5,Manutenção,581.18
2991,20240429,5,Pedágio,284.79
2992,20240429,5,Motorista (Salário/Diária),439.23
2993,20240429,5,Seguro,136.77
2994,20240429,5,Outros,103.64
2995,20240430,1,Combustível,8468.88
2996,20240430,1,Manutenção,3268.04
2997,20240430,1,Pedágio,1580.15
2998,20240430,1,Motorista (Salário/Diária),2864.84
2999,20240430,1,Seguro,793.22
3000,20240430,1,Outros,547.83
3001,20240430,2,Combustível,2350.79
3002,20240430,2,Manutenção,970.36
3003,20240430,2,Pedágio,447.16
3004,20240430,2,Motorista (Salário/Diária),792.56
3005,20240430,2,Seguro,284.82
3006,20240430,2,Outros,158.85
3007,20240430,3,Combustível,6478.38
3008,20240430,3,Manutenção,2513.8
3009,20240430,3,Pedágio,1421.5
3010,20240430,3,Motorista (Salário/Diária),2829.6
3011,20240430,3,Seguro,694.42
3012,20240430,3,Outros,453.07
3013,20240430,4,Combustível,4673.02
3014,20240430,4,Manutenção,2317.24
3015,20240430,4,Pedágio,968.57
3016,20240430,4,Motorista (Salário/Diária),1737.08
3017,20240430,4,Seguro,601.07
3018,20240430,4,Outros,365.49
3019,20240430,5,Combustível,8064.02
3020,20240430,5,Manutenção,3085.96
3021,20240430,5,Pedágio,1550.08
3022,20240430,5,Motorista (Salário/Diária),2559.01
3023,20240430,5,Seguro,798.65
3024,20240430,5,Outros,505.21
3025,20240501,1,Combustível,3496.71
3026,20240501,1,Manutenção,1527.85
3027,20240501,1,Pedágio,869.92
3028,20240501,1,Motorista (Salário/Diária),1617.62
3029,20240501,1,Seguro,406.39
3030,20240501,1,Outros,302.79
3031,20240501,2,Combustível,2465.99
3032,20240501,2,Manutenção,966.03
3033,20240501,2,Pedágio,513.52
3034,20240501,2,Motorista (Salário/Diária),1037.46
3035,20240501,2,Seguro,291.8
3036,20240501,2,Outros,171.55
3037,20240501,3,Combustível,163.03
3038,20240501,3,Manutenção,65.63
3039,20240501,3,Pedágio,31.56
3040,20240501,3,Motorista (Salário/Diária),64.23
3041,20240501,3,Seguro,20.51
3042,20240501,3,Outros,10.11
3043,20240501,4,Combustível,6200.18
3044,20240501,4,Manutenção,3381.14
3045,20240501,4,Pedágio,1688.43
3046,20240501,4,Motorista (Salário/Diária),2271.74
3047,20240501,4,Seguro,751.11
3048,20240501,4,Outros,446.72
3049,20240501,5,Combustível,7746.23
3050,20240501,5,Manutenção,2871.18
3051,20240501,5,Pedágio,1900.91
3052,20240501,5,Motorista (Salário/Diária),2854.25
3053,20240501,5,Seguro,956.79
3054,20240501,5,Outros,464.79
3055,20240502,1,Combustível,15848.18
3056,20240502,1,Manutenção,8265.72
3057,20240502,1,Pedágio,3673.84
3058,20240502,1,Motorista (Salário/Diária),7051.35
3059,20240502,1,Seguro,2017.02
3060,20240502,1,Outros,994.36
3061,20240502,2,Combustível,3013.22
3062,20240502,2,Manutenção,1150.05
3063,20240502,2,Pedágio,672.4
3064,20240502,2,Motorista (Salário/Diária),1092.44
3065,20240502,2,Seguro,281.36
3066,20240502,2,Outros,175.72
3067,20240502,3,Combustível,1409.84
3068,20240502,3,Manutenção,711.68
3069,20240502,3,Pedágio,297.62
3070,20240502,3,Motorista (Salário/Diária),554.85
3071,20240502,3,Seguro,155.58
3072,20240502,3,Outros,85.58
3073,20240502,4,Combustível,2822.14
3074,20240502,4,Manutenção,1320.9
3075,20240502,4,Pedágio,557.98
3076,20240502,4,Motorista (Salário/Diária),1111.13
3077,20240502,4,Seguro,277.65
3078,20240502,4,Outros,214.63
3079,20240502,5,Combustível,2889.63
3080,20240502,5,Manutenção,1487.35
3081,20240502,5,Pedágio,707.67
3082,20240502,5,Motorista (Salário/Diária),1352.27
3083,20240502,5,Seguro,302.46
3084,20240502,5,Outros,226.98
3085,20240503,1,Combustível,3147.77
3086,20240503,1,Manutenção,1740.15
3087,20240503,1,Pedágio,830.06
3088,20240503,1,Motorista (Salário/Diária),1414.04
3089,20240503,1,Seguro,437.21
3090,20240503,1,Outros,282.95
3091,20240503,2,Combustível,1599.34
3092,20240503,2,Manutenção,774.16
3093,20240503,2,Pedágio,347.63
3094,20240503,2,Motorista (Salário/Diária),640.59
3095,20240503,2,Seguro,197.53
3096,20240503,2,Outros,102.79
3097,20240503,4,Combustível,2389.58
3098,20240503,4,Manutenção,1281.02
3099,20240503,4,Pedágio,681.83
3100,20240503,4,Motorista (Salário/Diária),974.6
3101,20240503,4,Seguro,275.0
3102,20240503,4,Outros,170.19
3103,20240503,5,Combustível,4304.66
3104,20240503,5,Manutenção,2518.54
3105,20240503,5,Pedágio,1148.13
3106,20240503,5,Motorista (Salário/Diária),1723.8
3107,20240503,5,Seguro,494.63
3108,20240503,5,Outros,284.7
3109,20240504,4,Combustível,3836.8
3110,20240504,4,Manutenção,1836.49
3111,20240504,4,Pedágio,815.76
3112,20240504,4,Motorista (Salário/Diária),1284.36
3113,20240504,4,Seguro,450.64
3114,20240504,4,Outros,302.8
3115,20240504,5,Combustível,3824.4
3116,20240504,5,Manutenção,1679.8
3117,20240504,5,Pedágio,701.78
3118,20240504,5,Motorista (Salário/Diária),1143.77
3119,20240504,5,Seguro,402.96
3120,20240504,5,Outros,215.35
3121,20240505,1,Combustível,468.39
3122,20240505,1,Manutenção,183.79
3123,20240505,1,Pedágio,105.05
3124,20240505,1,Motorista (Salário/Diária),162.31
3125,20240505,1,Seguro,48.38
3126,20240505,1,Outros,26.7
3127,20240505,2,Combustível,3413.01
3128,20240505,2,Manutenção,1632.75
3129,20240505,2,Pedágio,818.67
3130,20240505,2,Motorista (Salário/Diária),1254.59
3131,20240505,2,Seguro,347.79
3132,20240505,2,Outros,229.62
3133,20240505,5,Combustível,2219.58
3134,20240505,5,Manutenção,1124.45
3135,20240505,5,Pedágio,562.35
3136,20240505,5,Motorista (Salário/Diária),782.25
3137,20240505,5,Seguro,258.17
3138,20240505,5,Outros,148.57
3139,20240506,1,Combustível,6857.67
3140,20240506,1,Manutenção,3196.91
3141,20240506,1,Pedágio,1512.12
3142,20240506,1,Motorista (Salário/Diária),2939.36
3143,20240506,1,Seguro,660.95
3144,20240506,1,Outros,513.39
3145,20240506,2,Combustível,2631.76
3146,20240506,2,Manutenção,1221.35
3147,20240506,2,Pedágio,541.16
3148,20240506,2,Motorista (Salário/Diária),1024.72
3149,20240506,2,Seguro,267.08
3150,20240506,2,Outros,192.47
3151,20240506,3,Combustível,1217.58
3152,20240506,3,Manutenção,607.12
3153,20240506,3,Pedágio,342.58
3154,20240506,3,Motorista (Salário/Diária),472.68
3155,20240506,3,Seguro,164.36
3156,20240506,3,Outros,76.78
3157,20240506,4,Combustível,11556.75
3158,20240506,4,Manutenção,3963.37
3159,20240506,4,Pedágio,2389.92
3160,20240506,4,Motorista (Salário/Diária),4231.82
3161,20240506,4,Seguro,1196.26
3162,20240506,4,Outros,674.09
3163,20240506,5,Combustível,3013.69
3164,20240506,5,Manutenção,1530.74
3165,20240506,5,Pedágio,708.07
3166,20240506,5,Motorista (Salário/Diária),1295.02
3167,20240506,5,Seguro,392.78
3168,20240506,5,Outros,239.01
3169,20240507,2,Combustível,3019.14
3170,20240507,2,Manutenção,1385.74
3171,20240507,2,Pedágio,574.04
3172,20240507,2,Motorista (Salário/Diária),899.01
3173,20240507,2,Seguro,268.55
3174,20240507,2,Outros,194.33
3175,20240507,3,Combustível,6395.19
3176,20240507,3,Manutenção,3298.4
3177,20240507,3,Pedágio,1681.06
3178,20240507,3,Motorista (Salário/Diária),3090.13
3179,20240507,3,Seguro,871.43
3180,20240507,3,Outros,418.95
3181,20240507,4,Combustível,1395.42
3182,20240507,4,Manutenção,694.2
3183,20240507,4,Pedágio,383.95
3184,20240507,4,Motorista (Salário/Diária),521.72
3185,20240507,4,Seguro,202.59
3186,20240507,4,Outros,104.21
3187,20240507,5,Combustível,3315.62
3188,20240507,5,Manutenção,1344.37
3189,20240507,5,Pedágio,625.0
3190,20240507,5,Motorista (Salário/Diária),1131.41
3191,20240507,5,Seguro,321.84
3192,20240507,5,Outros,187.47
3193,20240508,1,Combustível,842.81
3194,20240508,1,Manutenção,393.8
3195,20240508,1,Pedágio,235.18
3196,20240508,1,Motorista (Salário/Diária),320.67
3197,20240508,1,Seguro,93.24
3198,20240508,1,Outros,66.81
3199,20240508,2,Combustível,706.33
3200,20240508,2,Manutenção,352.11
3201,20240508,2,Pedágio,184.4
3202,20240508,2,Motorista (Salário/Diária),335.03
3203,20240508,2,Seguro,73.07
3204,20240508,2,Outros,49.09
3205,20240508,3,Combustível,1191.12
3206,20240508,3,Manutenção,507.27
3207,20240508,3,Pedágio,234.56
3208,20240508,3,Motorista (Salário/Diária),455.61
3209,20240508,3,Seguro,126.95
3210,20240508,3,Outros,69.79
3211,20240508,4,Combustível,4071.83
3212,20240508,4,Manutenção,1872.42
3213,20240508,4,Pedágio,1153.55
3214,20240508,4,Motorista (Salário/Diária),1684.11
3215,20240508,4,Seguro,544.0
3216,20240508,4,Outros,328.42
3217,20240508,5,Combustível,10565.82
3218,20240508,5,Manutenção,5979.56
3219,20240508,5,Pedágio,2753.46
3220,20240508,5,Motorista (Salário/Diária),3948.6
3221,20240508,5,Seguro,1516.33
3222,20240508,5,Outros,762.75
3223,20240509,1,Combustível,11275.45
3224,20240509,1,Manutenção,5759.46
3225,20240509,1,Pedágio,3308.83
3226,20240509,1,Motorista (Salário/Diária),5326.75
3227,20240509,1,Seguro,1454.2
3228,20240509,1,Outros,899.21
3229,20240509,2,Combustível,5334.75
3230,20240509,2,Manutenção,2400.4
3231,20240509,2,Pedágio,1129.39
3232,20240509,2,Motorista (Salário/Diária),1837.73
3233,20240509,2,Seguro,627.31
3234,20240509,2,Outros,335.84
3235,20240509,4,Combustível,1559.11
3236,20240509,4,Manutenção,675.33
3237,20240509,4,Pedágio,412.26
3238,20240509,4,Motorista (Salário/Diária),724.39
3239,20240509,4,Seguro,218.38
3240,20240509,4,Outros,134.65
3241,20240509,5,Combustível,8824.31
3242,20240509,5,Manutenção,3681.75
3243,20240509,5,Pedágio,1963.4
3244,20240509,5,Motorista (Salário/Diária),2593.56
3245,20240509,5,Seguro,775.51
3246,20240509,5,Outros,539.4
3247,20240510,1,Combustível,5141.58
3248,20240510,1,Manutenção,2022.28
3249,20240510,1,Pedágio,991.49
3250,20240510,1,Motorista (Salário/Diária),2047.0
3251,20240510,1,Seguro,598.78
3252,20240510,1,Outros,300.32
3253,20240510,3,Combustível,4045.81
3254,20240510,3,Manutenção,2065.75
3255,20240510,3,Pedágio,968.07
3256,20240510,3,Motorista (Salário/Diária),1600.29
3257,20240510,3,Seguro,409.71
3258,20240510,3,Outros,245.79
3259,20240510,4,Combustível,4342.4
3260,20240510,4,Manutenção,1909.43
3261,20240510,4,Pedágio,864.75
3262,20240510,4,Motorista (Salário/Diária),1678.95
3263,20240510,4,Seguro,383.01
3264,20240510,4,Outros,228.11
3265,20240510,5,Combustível,5411.17
3266,20240510,5,Manutenção,2276.41
3267,20240510,5,Pedágio,1027.0
3268,20240510,5,Motorista (Salário/Diária),1638.19
3269,20240510,5,Seguro,474.45
3270,20240510,5,Outros,294.79
3271,20240511,1,Combustível,3153.24
3272,20240511,1,Manutenção,1352.03
3273,20240511,1,Pedágio,674.18
3274,20240511,1,Motorista (Salário/Diária),1060.1
3275,20240511,1,Seguro,309.82
3276,20240511,1,Outros,185.11
3277,20240511,3,Combustível,1137.38
3278,20240511,3,Manutenção,578.58
3279,20240511,3,Pedágio,318.8
3280,20240511,3,Motorista (Salário/Diária),438.52
3281,20240511,3,Seguro,162.86
3282,20240511,3,Outros,83.79
3283,20240511,5,Combustível,672.42
3284,20240511,5,Manutenção,263.95
3285,20240511,5,Pedágio,137.63
3286,20240511,5,Motorista (Salário/Diária),232.34
3287,20240511,5,Seguro,65.65
3288,20240511,5,Outros,36.96
3289,20240512,1,Combustível,2514.37
3290,20240512,1,Manutenção,987.38
3291,20240512,1,Pedágio,487.4
3292,20240512,1,Motorista (Salário/Diária),818.41
3293,20240512,1,Seguro,243.96
3294,20240512,1,Outros,144.36
3295,20240512,5,Combustível,3503.99
3296,20240512,5,Manutenção,1625.74
3297,20240512,5,Pedágio,759.4
3298,20240512,5,Motorista (Salário/Diária),1110.98
3299,20240512,5,Seguro,378.44
3300,20240512,5,Outros,188.57
3301,20240513,1,Combustível,5253.29
3302,20240513,1,Manutenção,2347.88
3303,20240513,1,Pedágio,1229.31
3304,20240513,1,Motorista (Salário/Diária),2064.63
3305,20240513,1,Seguro,494.16
3306,20240513,1,Outros,305.18
3307,20240513,2,Combustível,1853.76
3308,20240513,2,Manutenção,1071.04
3309,20240513,2,Pedágio,432.27
3310,20240513,2,Motorista (Salário/Diária),758.01
3311,20240513,2,Seguro,247.33
3312,20240513,2,Outros,155.56
3313,20240513,3,Combustível,6502.89
3314,20240513,3,Manutenção,2658.73
3315,20240513,3,Pedágio,1118.91
3316,20240513,3,Motorista (Salário/Diária),2013.05
3317,20240513,3,Seguro,552.27
3318,20240513,3,Outros,322.45
3319,20240513,4,Combustível,6364.57
3320,20240513,4,Manutenção,3532.55
3321,20240513,4,Pedágio,1344.8
3322,20240513,4,Motorista (Salário/Diária),2294.01
3323,20240513,4,Seguro,859.4
3324,20240513,4,Outros,411.48
3325,20240513,5,Combustível,8094.16
3326,20240513,5,Manutenção,3451.04
3327,20240513,5,Pedágio,1541.66
3328,20240513,5,Motorista (Salário/Diária),2816.58
3329,20240513,5,Seguro,904.84
3330,20240513,5,Outros,501.79
3331,20240514,1,Combustível,5109.76
3332,20240514,1,Manutenção,2062.09
3333,20240514,1,Pedágio,1093.66
3334,20240514,1,Motorista (Salário/Diária),1739.95
3335,20240514,1,Seguro,554.33
3336,20240514,1,Outros,362.36
3337,20240514,2,Combustível,1286.2
3338,20240514,2,Manutenção,585.55
3339,20240514,2,Pedágio,312.46
3340,20240514,2,Motorista (Salário/Diária),431.65
3341,20240514,2,Seguro,146.56
3342,20240514,2,Outros,86.77
3343,20240514,3,Combustível,7119.35
3344,20240514,3,Manutenção,2681.39
3345,20240514,3,Pedágio,1478.77
3346,20240514,3,Motorista (Salário/Diária),2729.95
3347,20240514,3,Seguro,811.62
3348,20240514,3,Outros,394.65
3349,20240514,4,Combustível,573.73
3350,20240514,4,Manutenção,324.12
3351,20240514,4,Pedágio,164.93
3352,20240514,4,Motorista (Salário/Diária),211.23
3353,20240514,4,Seguro,77.02
3354,20240514,4,Outros,44.68
3355,20240514,5,Combustível,9378.64
3356,20240514,5,Manutenção,3269.96
3357,20240514,5,Pedágio,2001.56
3358,20240514,5,Motorista (Salário/Diária),3260.32
3359,20240514,5,Seguro,930.32
3360,20240514,5,Outros,562.27
3361,20240515,1,Combustível,2213.78
3362,20240515,1,Manutenção,1179.05
3363,20240515,1,Pedágio,484.42
3364,20240515,1,Motorista (Salário/Diária),992.85
3365,20240515,1,Seguro,298.45
3366,20240515,1,Outros,155.82
3367,20240515,3,Combustível,1186.16
3368,20240515,3,Manutenção,569.72
3369,20240515,3,Pedágio,309.56
3370,20240515,3,Motorista (Salário/Diária),449.73
3371,20240515,3,Seguro,149.09
3372,20240515,3,Outros,92.87
3373,20240515,4,Combustível,1772.69
3374,20240515,4,Manutenção,657.6
3375,20240515,4,Pedágio,360.09
3376,20240515,4,Motorista (Salário/Diária),599.09
3377,20240515,4,Seguro,202.95
3378,20240515,4,Outros,107.61
3379,20240515,5,Combustível,4036.06
3380,20240515,5,Manutenção,1561.99
3381,20240515,5,Pedágio,876.87
3382,20240515,5,Motorista (Salário/Diária),1278.56
3383,20240515,5,Seguro,393.24
3384,20240515,5,Outros,229.13
3385,20240516,1,Combustível,735.43
3386,20240516,1,Manutenção,281.19
3387,20240516,1,Pedágio,140.53
3388,20240516,1,Motorista (Salário/Diária),228.75
3389,20240516,1,Seguro,72.29
3390,20240516,1,Outros,52.94
3391,20240516,2,Combustível,3433.4
3392,20240516,2,Manutenção,1458.58
3393,20240516,2,Pedágio,660.03
3394,20240516,2,Motorista (Salário/Diária),1089.97
3395,20240516,2,Seguro,358.98
3396,20240516,2,Outros,192.52
3397,20240516,3,Combustível,4123.5
3398,20240516,3,Manutenção,1417.03
3399,20240516,3,Pedágio,694.74
3400,20240516,3,Motorista (Salário/Diária),1507.73
3401,20240516,3,Seguro,442.87
3402,20240516,3,Outros,268.45
3403,20240516,4,Combustível,3354.39
3404,20240516,4,Manutenção,1347.25
3405,20240516,4,Pedágio,659.7
3406,20240516,4,Motorista (Salário/Diária),1265.3
3407,20240516,4,Seguro,370.42
3408,20240516,4,Outros,201.77
3409,20240516,5,Combustível,2631.75
3410,20240516,5,Manutenção,1245.47
3411,20240516,5,Pedágio,535.04
3412,20240516,5,Motorista (Salário/Diária),846.05
3413,20240516,5,Seguro,262.91
3414,20240516,5,Outros,164.06
3415,20240517,1,Combustível,6634.67
3416,20240517,1,Manutenção,3007.25
3417,20240517,1,Pedágio,1333.23
3418,20240517,1,Motorista (Salário/Diária),2713.52
3419,20240517,1,Seguro,681.18
3420,20240517,1,Outros,415.7
3421,20240517,3,Combustível,4167.34
3422,20240517,3,Manutenção,1950.52
3423,20240517,3,Pedágio,956.62
3424,20240517,3,Motorista (Salário/Diária),1315.51
3425,20240517,3,Seguro,388.61
3426,20240517,3,Outros,272.44
3427,20240517,4,Combustível,3027.08
3428,20240517,4,Manutenção,1128.54
3429,20240517,4,Pedágio,655.06
3430,20240517,4,Motorista (Salário/Diária),1228.71
3431,20240517,4,Seguro,357.77
3432,20240517,4,Outros,208.0
3433,20240517,5,Combustível,4522.29
3434,20240517,5,Manutenção,2112.57
3435,20240517,5,Pedágio,1073.2
3436,20240517,5,Motorista (Salário/Diária),2167.14
3437,20240517,5,Seguro,491.47
3438,20240517,5,Outros,333.15
3439,20240518,1,Combustível,1190.88
3440,20240518,1,Manutenção,455.36
3441,20240518,1,Pedágio,206.24
3442,20240518,1,Motorista (Salário/Diária),352.79
3443,20240518,1,Seguro,111.18
3444,20240518,1,Outros,80.2
3445,20240518,3,Combustível,158.46
3446,20240518,3,Manutenção,64.19
3447,20240518,3,Pedágio,34.11
3448,20240518,3,Motorista (Salário/Diária),53.89
3449,20240518,3,Seguro,15.75
3450,20240518,3,Outros,11.65
3451,20240518,4,Combustível,3589.51
3452,20240518,4,Manutenção,1499.91
3453,20240518,4,Pedágio,773.67
3454,20240518,4,Motorista (Salário/Diária),1524.6
3455,20240518,4,Seguro,408.17
3456,20240518,4,Outros,232.79
3457,20240518,5,Combustível,3725.59
3458,20240518,5,Manutenção,1636.72
3459,20240518,5,Pedágio,679.88
3460,20240518,5,Motorista (Salário/Diária),1377.28
3461,20240518,5,Seguro,348.12
3462,20240518,5,Outros,218.8
3463,20240519,1,Combustível,1436.39
3464,20240519,1,Manutenção,619.23
3465,20240519,1,Pedágio,311.33
3466,20240519,1,Motorista (Salário/Diária),491.97
3467,20240519,1,Seguro,184.41
3468,20240519,1,Outros,90.29
3469,20240519,2,Combustível,1184.19
3470,20240519,2,Manutenção,534.55
3471,20240519,2,Pedágio,299.74
3472,20240519,2,Motorista (Salário/Diária),501.11
3473,20240519,2,Seguro,143.51
3474,20240519,2,Outros,69.06
3475,20240519,3,Combustível,1889.7
3476,20240519,3,Manutenção,695.62
3477,20240519,3,Pedágio,367.63
3478,20240519,3,Motorista (Salário/Diária),641.47
3479,20240519,3,Seguro,205.8
3480,20240519,3,Outros,93.3
3481,20240519,5,Combustível,4339.06
3482,20240519,5,Manutenção,2395.11
3483,20240519,5,Pedágio,970.92
3484,20240519,5,Motorista (Salário/Diária),2108.86
3485,20240519,5,Seguro,569.93
3486,20240519,5,Outros,381.21
3487,20240520,1,Combustível,554.56
3488,20240520,1,Manutenção,298.51
3489,20240520,1,Pedágio,120.67
3490,20240520,1,Motorista (Salário/Diária),216.98
3491,20240520,1,Seguro,64.13
3492,20240520,1,Outros,34.43
3493,20240520,2,Combustível,2031.82
3494,20240520,2,Manutenção,899.01
3495,20240520,2,Pedágio,450.54
3496,20240520,2,Motorista (Salário/Diária),753.35
3497,20240520,2,Seguro,203.13
3498,20240520,2,Outros,114.62
3499,20240520,3,Combustível,2924.86
3500,20240520,3,Manutenção,1363.7
3501,20240520,3,Pedágio,605.63
3502,20240520,3,Motorista (Salário/Diária),1016.14
3503,20240520,3,Seguro,299.28
3504,20240520,3,Outros,186.55
3505,20240520,4,Combustível,3414.5
3506,20240520,4,Manutenção,1601.64
3507,20240520,4,Pedágio,666.81
3508,20240520,4,Motorista (Salário/Diária),1293.71
3509,20240520,4,Seguro,375.21
3510,20240520,4,Outros,198.08
3511,20240520,5,Combustível,6445.99
3512,20240520,5,Manutenção,3491.04
3513,20240520,5,Pedágio,1719.57
3514,20240520,5,Motorista (Salário/Diária),3035.63
3515,20240520,5,Seguro,802.64
3516,20240520,5,Outros,478.53
3517,20240521,1,Combustível,9177.17
3518,20240521,1,Manutenção,3512.23
3519,20240521,1,Pedágio,1897.08
3520,20240521,1,Motorista (Salário/Diária),3395.65
3521,20240521,1,Seguro,780.9
3522,20240521,1,Outros,475.13
3523,20240521,2,Combustível,3423.49
3524,20240521,2,Manutenção,1447.91
3525,20240521,2,Pedágio,760.81
3526,20240521,2,Motorista (Salário/Diária),1118.41
3527,20240521,2,Seguro,359.16
3528,20240521,2,Outros,201.52
3529,20240521,3,Combustível,1489.45
3530,20240521,3,Manutenção,756.53
3531,20240521,3,Pedágio,297.11
3532,20240521,3,Motorista (Salário/Diária),621.28
3533,20240521,3,Seguro,180.11
3534,20240521,3,Outros,92.4
3535,20240521,4,Combustível,6509.36
3536,20240521,4,Manutenção,2356.52
3537,20240521,4,Pedágio,1214.14
3538,20240521,4,Motorista (Salário/Diária),1880.6
3539,20240521,4,Seguro,649.58
3540,20240521,4,Outros,362.76
3541,20240521,5,Combustível,8348.3
3542,20240521,5,Manutenção,4374.66
3543,20240521,5,Pedágio,2107.24
3544,20240521,5,Motorista (Salário/Diária),3735.81
3545,20240521,5,Seguro,1093.11
3546,20240521,5,Outros,582.13
3547,20240522,1,Combustível,6856.89
3548,20240522,1,Manutenção,3331.26
3549,20240522,1,Pedágio,1727.29
3550,20240522,1,Motorista (Salário/Diária),2592.68
3551,20240522,1,Seguro,883.44
3552,20240522,1,Outros,526.9
3553,20240522,4,Combustível,4251.74
3554,20240522,4,Manutenção,2020.11
3555,20240522,4,Pedágio,953.99
3556,20240522,4,Motorista (Salário/Diária),1697.12
3557,20240522,4,Seguro,445.01
3558,20240522,4,Outros,310.91
3559,20240522,5,Combustível,5516.92
3560,20240522,5,Manutenção,2648.13
3561,20240522,5,Pedágio,1371.47
3562,20240522,5,Motorista (Salário/Diária),2366.28
3563,20240522,5,Seguro,659.0
3564,20240522,5,Outros,393.73
3565,20240523,1,Combustível,8704.72
3566,20240523,1,Manutenção,3825.1
3567,20240523,1,Pedágio,2096.53
3568,20240523,1,Motorista (Salário/Diária),3111.26
3569,20240523,1,Seguro,864.19
3570,20240523,1,Outros,589.76
3571,20240523,2,Combustível,3954.39
3572,20240523,2,Manutenção,1872.48
3573,20240523,2,Pedágio,1021.07
3574,20240523,2,Motorista (Salário/Diária),1430.21
3575,20240523,2,Seguro,485.52
3576,20240523,2,Outros,262.31
3577,20240523,3,Combustível,1082.81
3578,20240523,3,Manutenção,566.08
3579,20240523,3,Pedágio,287.58
3580,20240523,3,Motorista (Salário/Diária),432.15
3581,20240523,3,Seguro,114.15
3582,20240523,3,Outros,82.57
3583,20240523,4,Combustível,8249.69
3584,20240523,4,Manutenção,4362.84
3585,20240523,4,Pedágio,2174.92
3586,20240523,4,Motorista (Salário/Diária),3658.47
3587,20240523,4,Seguro,926.07
3588,20240523,4,Outros,671.32
3589,20240523,5,Combustível,2746.62
3590,20240523,5,Manutenção,1273.22
3591,20240523,5,Pedágio,581.35
3592,20240523,5,Motorista (Salário/Diária),967.06
3593,20240523,5,Seguro,327.72
3594,20240523,5,Outros,223.14
3595,20240524,1,Combustível,3508.29
3596,20240524,1,Manutenção,1954.94
3597,20240524,1,Pedágio,983.96
3598,20240524,1,Motorista (Salário/Diária),1511.4
3599,20240524,1,Seguro,478.37
3600,20240524,1,Outros,275.61
3601,20240524,2,Combustível,376.64
3602,20240524,2,Manutenção,196.25
3603,20240524,2,Pedágio,91.98
3604,20240524,2,Motorista (Salário/Diária),160.98
3605,20240524,2,Seguro,42.64
3606,20240524,2,Outros,28.75
3607,20240524,3,Combustível,328.29
3608,20240524,3,Manutenção,139.0
3609,20240524,3,Pedágio,73.06
3610,20240524,3,Motorista (Salário/Diária),132.22
3611,20240524,3,Seguro,31.16
3612,20240524,3,Outros,20.39
3613,20240524,4,Combustível,408.04
3614,20240524,4,Manutenção,183.32
3615,20240524,4,Pedágio,77.17
3616,20240524,4,Motorista (Salário/Diária),133.79
3617,20240524,4,Seguro,46.94
3618,20240524,4,Outros,28.47
3619,20240524,5,Combustível,5980.45
3620,20240524,5,Manutenção,2471.8
3621,20240524,5,Pedágio,1151.4
3622,20240524,5,Motorista (Salário/Diária),1828.31
3623,20240524,5,Seguro,623.0
3624,20240524,5,Outros,377.93
3625,20240525,1,Combustível,157.14
3626,20240525,1,Manutenção,83.35
3627,20240525,1,Pedágio,41.66
3628,20240525,1,Motorista (Salário/Diária),68.91
3629,20240525,1,Seguro,20.93
3630,20240525,1,Outros,12.65
3631,20240525,2,Combustível,2127.89
3632,20240525,2,Manutenção,852.63
3633,20240525,2,Pedágio,390.96
3634,20240525,2,Motorista (Salário/Diária),749.94
3635,20240525,2,Seguro,239.07
3636,20240525,2,Outros,130.98
3637,20240525,5,Combustível,972.25
3638,20240525,5,Manutenção,450.41
3639,20240525,5,Pedágio,277.75
3640,20240525,5,Motorista (Salário/Diária),459.44
3641,20240525,5,Seguro,131.08
3642,20240525,5,Outros,67.54
3643,20240526,5,Combustível,4835.02
3644,20240526,5,Manutenção,1792.13
3645,20240526,5,Pedágio,1058.6
3646,20240526,5,Motorista (Salário/Diária),1499.14
3647,20240526,5,Seguro,558.25
3648,20240526,5,Outros,271.83
3649,20240527,1,Combustível,4781.04
3650,20240527,1,Manutenção,1960.1
3651,20240527,1,Pedágio,1020.01
3652,20240527,1,Motorista (Salário/Diária),2033.2
3653,20240527,1,Seguro,572.54
3654,20240527,1,Outros,347.64
3655,20240527,2,Combustível,702.49
3656,20240527,2,Manutenção,286.16
3657,20240527,2,Pedágio,156.26
3658,20240527,2,Motorista (Salário/Diária),283.7
3659,20240527,2,Seguro,84.41
3660,20240527,2,Outros,51.44
3661,20240527,3,Combustível,4515.05
3662,20240527,3,Manutenção,1820.62
3663,20240527,3,Pedágio,879.18
3664,20240527,3,Motorista (Salário/Diária),1543.52
3665,20240527,3,Seguro,473.9
3666,20240527,3,Outros,280.89
3667,20240527,4,Combustível,5848.14
3668,20240527,4,Manutenção,2476.36
3669,20240527,4,Pedágio,1308.51
3670,20240527,4,Motorista (Salário/Diária),2088.3
3671,20240527,4,Seguro,631.96
3672,20240527,4,Outros,362.51
3673,20240527,5,Combustível,6485.73
3674,20240527,5,Manutenção,3447.15
3675,20240527,5,Pedágio,1369.02
3676,20240527,5,Motorista (Salário/Diária),2337.4
3677,20240527,5,Seguro,684.35
3678,20240527,5,Outros,449.49
3679,20240528,1,Combustível,2876.43
3680,20240528,1,Manutenção,1468.63
3681,20240528,1,Pedágio,768.77
3682,20240528,1,Motorista (Salário/Diária),1123.2
3683,20240528,1,Seguro,359.7
3684,20240528,1,Outros,200.51
3685,20240528,2,Combustível,3857.73
3686,20240528,2,Manutenção,1644.64
3687,20240528,2,Pedágio,789.41
3688,20240528,2,Motorista (Salário/Diária),1461.82
3689,20240528,2,Seguro,523.81
3690,20240528,2,Outros,293.49
3691,20240528,3,Combustível,1659.28
3692,20240528,3,Manutenção,886.06
3693,20240528,3,Pedágio,444.5
3694,20240528,3,Motorista (Salário/Diária),612.86
3695,20240528,3,Seguro,210.24
3696,20240528,3,Outros,128.22
3697,20240528,5,Combustível,10320.33
3698,20240528,5,Manutenção,4431.11
3699,20240528,5,Pedágio,2080.88
3700,20240528,5,Motorista (Salário/Diária),3672.47
3701,20240528,5,Seguro,1248.65
3702,20240528,5,Outros,621.68
3703,20240529,1,Combustível,5162.41
3704,20240529,1,Manutenção,2370.21
3705,20240529,1,Pedágio,986.39
3706,20240529,1,Motorista (Salário/Diária),1623.41
3707,20240529,1,Seguro,572.7
3708,20240529,1,Outros,325.15
3709,20240529,2,Combustível,691.23
3710,20240529,2,Manutenção,265.15
3711,20240529,2,Pedágio,159.08
3712,20240529,2,Motorista (Salário/Diária),262.25
3713,20240529,2,Seguro,68.85
3714,20240529,2,Outros,40.72
3715,20240529,4,Combustível,6781.51
3716,20240529,4,Manutenção,2823.66
3717,20240529,4,Pedágio,1197.07
3718,20240529,4,Motorista (Salário/Diária),2541.08
3719,20240529,4,Seguro,599.93
3720,20240529,4,Outros,451.09
3721,20240529,5,Combustível,4525.52
3722,20240529,5,Manutenção,2128.76
3723,20240529,5,Pedágio,899.74
3724,20240529,5,Motorista (Salário/Diária),1671.29
3725,20240529,5,Seguro,465.31
3726,20240529,5,Outros,289.66
3727,20240530,1,Combustível,7132.94
3728,20240530,1,Manutenção,3820.94
3729,20240530,1,Pedágio,1673.96
3730,20240530,1,Motorista (Salário/Diária),3014.44
3731,20240530,1,Seguro,1041.2
3732,20240530,1,Outros,552.3
3733,20240530,2,Combustível,3327.53
3734,20240530,2,Manutenção,1649.0
3735,20240530,2,Pedágio,856.61
3736,20240530,2,Motorista (Salário/Diária),1594.02
3737,20240530,2,Seguro,450.01
3738,20240530,2,Outros,243.32
3739,20240530,4,Combustível,6245.22
3740,20240530,4,Manutenção,2116.83
3741,20240530,4,Pedágio,1135.02
3742,20240530,4,Motorista (Salário/Diária),2269.16
3743,20240530,4,Seguro,624.09
3744,20240530,4,Outros,376.71
3745,20240530,5,Combustível,3919.27
3746,20240530,5,Manutenção,1665.05
3747,20240530,5,Pedágio,922.91
3748,20240530,5,Motorista (Salário/Diária),1547.78
3749,20240530,5,Seguro,491.72
3750,20240530,5,Outros,271.24
3751,20240531,1,Combustível,7747.82
3752,20240531,1,Manutenção,2676.39
3753,20240531,1,Pedágio,1425.19
3754,20240531,1,Motorista (Salário/Diária),2460.75
3755,20240531,1,Seguro,655.7
3756,20240531,1,Outros,445.3
3757,20240531,3,Combustível,4230.78
3758,20240531,3,Manutenção,1557.36
3759,20240531,3,Pedágio,870.79
3760,20240531,3,Motorista (Salário/Diária),1260.11
3761,20240531,3,Seguro,397.5
3762,20240531,3,Outros,227.09
3763,20240531,4,Combustível,4545.6
3764,20240531,4,Manutenção,2069.43
3765,20240531,4,Pedágio,1040.92
3766,20240531,4,Motorista (Salário/Diária),1645.28
3767,20240531,4,Seguro,468.23
3768,20240531,4,Outros,325.78
3769,20240531,5,Combustível,1041.47
3770,20240531,5,Manutenção,388.26
3771,20240531,5,Pedágio,208.78
3772,20240531,5,Motorista (Salário/Diária),399.99
3773,20240531,5,Seguro,104.07
3774,20240531,5,Outros,73.43
3775,20240601,1,Combustível,6101.49
3776,20240601,1,Manutenção,2255.16
3777,20240601,1,Pedágio,1167.11
3778,20240601,1,Motorista (Salário/Diária),2080.89
3779,20240601,1,Seguro,705.07
3780,20240601,1,Outros,442.65
3781,20240601,4,Combustível,5297.69
3782,20240601,4,Manutenção,2743.35
3783,20240601,4,Pedágio,1289.5
3784,20240601,4,Motorista (Salário/Diária),1911.06
3785,20240601,4,Seguro,692.07
3786,20240601,4,Outros,387.24
3787,20240601,5,Combustível,2000.5
3788,20240601,5,Manutenção,797.99
3789,20240601,5,Pedágio,413.04
3790,20240601,5,Motorista (Salário/Diária),603.21
3791,20240601,5,Seguro,173.24
3792,20240601,5,Outros,119.43
3793,20240602,1,Combustível,7962.31
3794,20240602,1,Manutenção,3509.78
3795,20240602,1,Pedágio,1792.83
3796,20240602,1,Motorista (Salário/Diária),2983.73
3797,20240602,1,Seguro,806.99
3798,20240602,1,Outros,427.14
3799,20240602,3,Combustível,1749.68
3800,20240602,3,Manutenção,822.12
3801,20240602,3,Pedágio,412.85
3802,20240602,3,Motorista (Salário/Diária),743.03
3803,20240602,3,Seguro,175.95
3804,20240602,3,Outros,129.86
3805,20240602,4,Combustível,1047.78
3806,20240602,4,Manutenção,480.09
3807,20240602,4,Pedágio,200.87
3808,20240602,4,Motorista (Salário/Diária),399.86
3809,20240602,4,Seguro,93.69
3810,20240602,4,Outros,71.0
3811,20240602,5,Combustível,1938.36
3812,20240602,5,Manutenção,1092.77
3813,20240602,5,Pedágio,498.63
3814,20240602,5,Motorista (Salário/Diária),743.99
3815,20240602,5,Seguro,268.99
3816,20240602,5,Outros,137.7
3817,20240603,1,Combustível,9519.28
3818,20240603,1,Manutenção,3779.42
3819,20240603,1,Pedágio,1939.29
3820,20240603,1,Motorista (Salário/Diária),3486.31
3821,20240603,1,Seguro,997.01
3822,20240603,1,Outros,510.23
3823,20240603,3,Combustível,441.94
3824,20240603,3,Manutenção,226.63
3825,20240603,3,Pedágio,106.91
3826,20240603,3,Motorista (Salário/Diária),148.11
3827,20240603,3,Seguro,48.98
3828,20240603,3,Outros,25.85
3829,20240603,4,Combustível,4637.69
3830,20240603,4,Manutenção,1839.79
3831,20240603,4,Pedágio,1088.53
3832,20240603,4,Motorista (Salário/Diária),1482.81
3833,20240603,4,Seguro,539.33
3834,20240603,4,Outros,268.57
3835,20240603,5,Combustível,12955.41
3836,20240603,5,Manutenção,6079.51
3837,20240603,5,Pedágio,2638.43
3838,20240603,5,Motorista (Salário/Diária),4771.18
3839,20240603,5,Seguro,1548.46
3840,20240603,5,Outros,942.66
3841,20240604,1,Combustível,4606.25
3842,20240604,1,Manutenção,2069.74
3843,20240604,1,Pedágio,1112.49
3844,20240604,1,Motorista (Salário/Diária),2054.69
3845,20240604,1,Seguro,625.56
3846,20240604,1,Outros,331.59
3847,20240604,2,Combustível,4333.81
3848,20240604,2,Manutenção,1643.92
3849,20240604,2,Pedágio,858.8
3850,20240604,2,Motorista (Salário/Diária),1655.83
3851,20240604,2,Seguro,398.67
3852,20240604,2,Outros,310.53
3853,20240604,3,Combustível,1208.0
3854,20240604,3,Manutenção,528.96
3855,20240604,3,Pedágio,212.43
3856,20240604,3,Motorista (Salário/Diária),399.35
3857,20240604,3,Seguro,122.31
3858,20240604,3,Outros,64.36
3859,20240604,4,Combustível,4512.45
3860,20240604,4,Manutenção,2209.46
3861,20240604,4,Pedágio,989.63
3862,20240604,4,Motorista (Salário/Diária),1846.33
3863,20240604,4,Seguro,517.32
3864,20240604,4,Outros,316.5
3865,20240604,5,Combustível,3062.82
3866,20240604,5,Manutenção,1447.05
3867,20240604,5,Pedágio,620.18
3868,20240604,5,Motorista (Salário/Diária),1083.76
3869,20240604,5,Seguro,301.85
3870,20240604,5,Outros,164.08
3871,20240605,1,Combustível,10369.6
3872,20240605,1,Manutenção,4637.75
3873,20240605,1,Pedágio,1879.62
3874,20240605,1,Motorista (Salário/Diária),3697.08
3875,20240605,1,Seguro,1013.24
3876,20240605,1,Outros,669.24
3877,20240605,3,Combustível,7307.83
3878,20240605,3,Manutenção,3154.83
3879,20240605,3,Pedágio,1588.58
3880,20240605,3,Motorista (Salário/Diária),2512.39
3881,20240605,3,Seguro,711.57
3882,20240605,3,Outros,449.32
3883,20240605,4,Combustível,7335.44
3884,20240605,4,Manutenção,2891.09
3885,20240605,4,Pedágio,1662.21
3886,20240605,4,Motorista (Salário/Diária),2794.96
3887,20240605,4,Seguro,740.15
3888,20240605,4,Outros,444.65
3889,20240605,5,Combustível,14162.68
3890,20240605,5,Manutenção,6887.77
3891,20240605,5,Pedágio,2791.76
3892,20240605,5,Motorista (Salário/Diária),4688.62
3893,20240605,5,Seguro,1489.85
3894,20240605,5,Outros,956.81
3895,20240606,1,Combustível,2460.38
3896,20240606,1,Manutenção,1218.63
3897,20240606,1,Pedágio,514.77
3898,20240606,1,Motorista (Salário/Diária),969.48
3899,20240606,1,Seguro,295.4
3900,20240606,1,Outros,178.02
3901,20240606,2,Combustível,5940.5
3902,20240606,2,Manutenção,2130.42
3903,20240606,2,Pedágio,1344.51
3904,20240606,2,Motorista (Salário/Diária),2071.33
3905,20240606,2,Seguro,683.66
3906,20240606,2,Outros,399.79
3907,20240606,3,Combustível,6692.62
3908,20240606,3,Manutenção,3052.96
3909,20240606,3,Pedágio,1164.97
3910,20240606,3,Motorista (Salário/Diária),2649.08
3911,20240606,3,Seguro,765.24
3912,20240606,3,Outros,413.48
3913,20240606,4,Combustível,1784.8
3914,20240606,4,Manutenção,793.57
3915,20240606,4,Pedágio,420.47
3916,20240606,4,Motorista (Salário/Diária),751.58
3917,20240606,4,Seguro,235.2
3918,20240606,4,Outros,118.67
3919,20240606,5,Combustível,14372.25
3920,20240606,5,Manutenção,6582.02
3921,20240606,5,Pedágio,3129.18
3922,20240606,5,Motorista (Salário/Diária),5061.27
3923,20240606,5,Seguro,1557.19
3924,20240606,5,Outros,950.37
3925,20240607,1,Combustível,9525.83
3926,20240607,1,Manutenção,4315.48
3927,20240607,1,Pedágio,2285.32
3928,20240607,1,Motorista (Salário/Diária),3534.16
3929,20240607,1,Seguro,1278.15
3930,20240607,1,Outros,681.81
3931,20240607,2,Combustível,5630.27
3932,20240607,2,Manutenção,2553.35
3933,20240607,2,Pedágio,1504.17
3934,20240607,2,Motorista (Salário/Diária),2486.5
3935,20240607,2,Seguro,745.18
3936,20240607,2,Outros,360.89
3937,20240607,3,Combustível,3248.39
3938,20240607,3,Manutenção,1852.13
3939,20240607,3,Pedágio,910.77
3940,20240607,3,Motorista (Salário/Diária),1198.4
3941,20240607,3,Seguro,427.4
3942,20240607,3,Outros,231.01
3943,20240607,5,Combustível,2084.86
3944,20240607,5,Manutenção,1079.49
3945,20240607,5,Pedágio,507.06
3946,20240607,5,Motorista (Salário/Diária),949.4
3947,20240607,5,Seguro,287.16
3948,20240607,5,Outros,154.01
3949,20240608,1,Combustível,4630.52
3950,20240608,1,Manutenção,2309.55
3951,20240608,1,Pedágio,889.76
3952,20240608,1,Motorista (Salário/Diária),1653.52
3953,20240608,1,Seguro,447.59
3954,20240608,1,Outros,334.45
3955,20240608,2,Combustível,1442.58
3956,20240608,2,Manutenção,491.37
3957,20240608,2,Pedágio,244.75
3958,20240608,2,Motorista (Salário/Diária),494.34
3959,20240608,2,Seguro,144.5
3960,20240608,2,Outros,92.82
3961,20240608,4,Combustível,5492.3
3962,20240608,4,Manutenção,2261.06
3963,20240608,4,Pedágio,1018.7
3964,20240608,4,Motorista (Salário/Diária),2002.12
3965,20240608,4,Seguro,510.97
3966,20240608,4,Outros,321.17
3967,20240608,5,Combustível,1807.5
3968,20240608,5,Manutenção,896.45
3969,20240608,5,Pedágio,423.92
3970,20240608,5,Motorista (Salário/Diária),863.34
3971,20240608,5,Seguro,243.03
3972,20240608,5,Outros,152.89
3973,20240609,3,Combustível,1011.32
3974,20240609,3,Manutenção,554.02
3975,20240609,3,Pedágio,262.21
3976,20240609,3,Motorista (Salário/Diária),418.38
3977,20240609,3,Seguro,130.05
3978,20240609,3,Outros,67.27
3979,20240609,5,Combustível,363.67
3980,20240609,5,Manutenção,130.27
3981,20240609,5,Pedágio,70.77
3982,20240609,5,Motorista (Salário/Diária),134.84
3983,20240609,5,Seguro,40.52
3984,20240609,5,Outros,23.73
3985,20240610,1,Combustível,6114.5
3986,20240610,1,Manutenção,2533.27
3987,20240610,1,Pedágio,1093.71
3988,20240610,1,Motorista (Salário/Diária),2295.7
3989,20240610,1,Seguro,585.06
3990,20240610,1,Outros,312.25
3991,20240610,2,Combustível,848.63
3992,20240610,2,Manutenção,460.47
3993,20240610,2,Pedágio,221.26
3994,20240610,2,Motorista (Salário/Diária),323.07
3995,20240610,2,Seguro,103.23
3996,20240610,2,Outros,65.79
3997,20240610,3,Combustível,374.19
3998,20240610,3,Manutenção,148.18
3999,20240610,3,Pedágio,91.89
4000,20240610,3,Motorista (Salário/Diária),130.31
4001,20240610,3,Seguro,42.97
4002,20240610,3,Outros,23.24
4003,20240610,4,Combustível,1303.56
4004,20240610,4,Manutenção,575.37
4005,20240610,4,Pedágio,323.81
4006,20240610,4,Motorista (Salário/Diária),523.81
4007,20240610,4,Seguro,173.87
4008,20240610,4,Outros,90.68
4009,20240610,5,Combustível,8774.81
4010,20240610,5,Manutenção,4495.6
4011,20240610,5,Pedágio,2369.32
4012,20240610,5,Motorista (Salário/Diária),4072.46
4013,20240610,5,Seguro,1238.44
4014,20240610,5,Outros,661.35
4015,20240611,1,Combustível,5213.83
4016,20240611,1,Manutenção,2999.08
4017,20240611,1,Pedágio,1174.55
4018,20240611,1,Motorista (Salário/Diária),2407.17
4019,20240611,1,Seguro,706.39
4020,20240611,1,Outros,340.83
4021,20240611,2,Combustível,4110.91
4022,20240611,2,Manutenção,1781.01
4023,20240611,2,Pedágio,799.93
4024,20240611,2,Motorista (Salário/Diária),1642.14
4025,20240611,2,Seguro,432.11
4026,20240611,2,Outros,242.97
4027,20240611,3,Combustível,5704.08
4028,20240611,3,Manutenção,2555.92
4029,20240611,3,Pedágio,1196.74
4030,20240611,3,Motorista (Salário/Diária),2224.02
4031,20240611,3,Seguro,559.99
4032,20240611,3,Outros,348.72
4033,20240611,4,Combustível,1195.61
4034,20240611,4,Manutenção,460.01
4035,20240611,4,Pedágio,252.0
4036,20240611,4,Motorista (Salário/Diária),391.03
4037,20240611,4,Seguro,125.97
4038,20240611,4,Outros,63.14
4039,20240611,5,Combustível,4607.38
4040,20240611,5,Manutenção,2127.61
4041,20240611,5,Pedágio,944.34
4042,20240611,5,Motorista (Salário/Diária),2047.51
4043,20240611,5,Seguro,547.32
4044,20240611,5,Outros,281.07
4045,20240612,1,Combustível,11471.5
4046,20240612,1,Manutenção,5844.5
4047,20240612,1,Pedágio,2800.91
4048,20240612,1,Motorista (Salário/Diária),4818.61
4049,20240612,1,Seguro,1174.18
4050,20240612,1,Outros,662.63
4051,20240612,2,Combustível,898.88
4052,20240612,2,Manutenção,309.31
4053,20240612,2,Pedágio,193.28
4054,20240612,2,Motorista (Salário/Diária),318.56
4055,20240612,2,Seguro,95.69
4056,20240612,2,Outros,57.41
4057,20240612,3,Combustível,1390.37
4058,20240612,3,Manutenção,716.36
4059,20240612,3,Pedágio,322.22
4060,20240612,3,Motorista (Salário/Diária),587.91
4061,20240612,3,Seguro,144.73
4062,20240612,3,Outros,88.21
4063,20240612,4,Combustível,2534.69
4064,20240612,4,Manutenção,959.05
4065,20240612,4,Pedágio,603.76
4066,20240612,4,Motorista (Salário/Diária),846.59
4067,20240612,4,Seguro,279.84
4068,20240612,4,Outros,177.66
4069,20240612,5,Combustível,11998.11
4070,20240612,5,Manutenção,4686.24
4071,20240612,5,Pedágio,2881.21
4072,20240612,5,Motorista (Salário/Diária),4984.24
4073,20240612,5,Seguro,1443.3
4074,20240612,5,Outros,949.38
4075,20240613,1,Combustível,4686.69
4076,20240613,1,Manutenção,2197.85
4077,20240613,1,Pedágio,1131.5
4078,20240613,1,Motorista (Salário/Diária),2023.11
4079,20240613,1,Seguro,505.51
4080,20240613,1,Outros,294.06
4081,20240613,2,Combustível,2838.22
4082,20240613,2,Manutenção,1312.35
4083,20240613,2,Pedágio,551.21
4084,20240613,2,Motorista (Salário/Diária),1091.34
4085,20240613,2,Seguro,337.85
4086,20240613,2,Outros,169.03
4087,20240613,3,Combustível,1721.61
4088,20240613,3,Manutenção,852.09
4089,20240613,3,Pedágio,348.61
4090,20240613,3,Motorista (Salário/Diária),666.68
4091,20240613,3,Seguro,200.97
4092,20240613,3,Outros,108.48
4093,20240613,4,Combustível,5628.59
4094,20240613,4,Manutenção,2176.89
4095,20240613,4,Pedágio,1134.37
4096,20240613,4,Motorista (Salário/Diária),1835.51
4097,20240613,4,Seguro,644.33
4098,20240613,4,Outros,329.26
4099,20240613,5,Combustível,7572.14
4100,20240613,5,Manutenção,2784.1
4101,20240613,5,Pedágio,1662.72
4102,20240613,5,Motorista (Salário/Diária),2452.47
4103,20240613,5,Seguro,679.21
4104,20240613,5,Outros,435.47
4105,20240614,1,Combustível,6272.34
4106,20240614,1,Manutenção,2526.0
4107,20240614,1,Pedágio,1407.04
4108,20240614,1,Motorista (Salário/Diária),2451.66
4109,20240614,1,Seguro,651.18
4110,20240614,1,Outros,339.66
4111,20240614,2,Combustível,6440.05
4112,20240614,2,Manutenção,2490.9
4113,20240614,2,Pedágio,1665.34
4114,20240614,2,Motorista (Salário/Diária),2761.41
4115,20240614,2,Seguro,677.34
4116,20240614,2,Outros,387.95
4117,20240614,3,Combustível,1054.18
4118,20240614,3,Manutenção,407.94
4119,20240614,3,Pedágio,232.0
4120,20240614,3,Motorista (Salário/Diária),343.44
4121,20240614,3,Seguro,100.39
4122,20240614,3,Outros,65.86
4123,20240614,4,Combustível,434.3
4124,20240614,4,Manutenção,184.36
4125,20240614,4,Pedágio,86.45
4126,20240614,4,Motorista (Salário/Diária),159.41
4127,20240614,4,Seguro,38.85
4128,20240614,4,Outros,24.34
4129,20240614,5,Combustível,11228.01
4130,20240614,5,Manutenção,5057.19
4131,20240614,5,Pedágio,2108.32
4132,20240614,5,Motorista (Salário/Diária),4612.75
4133,20240614,5,Seguro,1218.54
4134,20240614,5,Outros,717.28
4135,20240615,1,Combustível,579.67
4136,20240615,1,Manutenção,250.01
4137,20240615,1,Pedágio,136.55
4138,20240615,1,Motorista (Salário/Diária),209.26
4139,20240615,1,Seguro,77.46
4140,20240615,1,Outros,48.88
4141,20240615,5,Combustível,372.58
4142,20240615,5,Manutenção,149.99
4143,20240615,5,Pedágio,92.16
4144,20240615,5,Motorista (Salário/Diária),139.12
4145,20240615,5,Seguro,48.07
4146,20240615,5,Outros,24.31
4147,20240616,1,Combustível,2994.96
4148,20240616,1,Manutenção,1346.59
4149,20240616,1,Pedágio,789.99
4150,20240616,1,Motorista (Salário/Diária),1283.22
4151,20240616,1,Seguro,387.07
4152,20240616,1,Outros,244.25
4153,20240616,4,Combustível,1463.61
4154,20240616,4,Manutenção,590.98
4155,20240616,4,Pedágio,346.3
4156,20240616,4,Motorista (Salário/Diária),634.14
4157,20240616,4,Seguro,162.51
4158,20240616,4,Outros,95.91
4159,20240616,5,Combustível,782.64
4160,20240616,5,Manutenção,358.71
4161,20240616,5,Pedágio,161.47
4162,20240616,5,Motorista (Salário/Diária),352.94
4163,20240616,5,Seguro,100.78
4164,20240616,5,Outros,57.07
4165,20240617,1,Combustível,11143.87
4166,20240617,1,Manutenção,4823.33
4167,20240617,1,Pedágio,2859.02
4168,20240617,1,Motorista (Salário/Diária),5213.33
4169,20240617,1,Seguro,1237.7
4170,20240617,1,Outros,730.38
4171,20240617,2,Combustível,3489.18
4172,20240617,2,Manutenção,1379.65
4173,20240617,2,Pedágio,814.97
4174,20240617,2,Motorista (Salário/Diária),1353.07
4175,20240617,2,Seguro,440.03
4176,20240617,2,Outros,253.67
4177,20240617,3,Combustível,477.4
4178,20240617,3,Manutenção,204.1
4179,20240617,3,Pedágio,103.5
4180,20240617,3,Motorista (Salário/Diária),198.35
4181,20240617,3,Seguro,60.2
4182,20240617,3,Outros,39.71
4183,20240617,4,Combustível,5247.44
4184,20240617,4,Manutenção,2179.24
4185,20240617,4,Pedágio,1049.86
4186,20240617,4,Motorista (Salário/Diária),1900.29
4187,20240617,4,Seguro,517.42
4188,20240617,4,Outros,362.82
4189,20240617,5,Combustível,6432.49
4190,20240617,5,Manutenção,3440.18
4191,20240617,5,Pedágio,1417.62
4192,20240617,5,Motorista (Salário/Diária),2894.06
4193,20240617,5,Seguro,726.31
4194,20240617,5,Outros,528.11
4195,20240618,1,Combustível,7550.54
4196,20240618,1,Manutenção,3105.13
4197,20240618,1,Pedágio,1671.67
4198,20240618,1,Motorista (Salário/Diária),3327.81
4199,20240618,1,Seguro,886.72
4200,20240618,1,Outros,547.85
4201,20240618,2,Combustível,3068.82
4202,20240618,2,Manutenção,1356.31
4203,20240618,2,Pedágio,704.01
4204,20240618,2,Motorista (Salário/Diária),994.89
4205,20240618,2,Seguro,302.52
4206,20240618,2,Outros,206.91
4207,20240618,3,Combustível,743.02
4208,20240618,3,Manutenção,345.3
4209,20240618,3,Pedágio,146.82
4210,20240618,3,Motorista (Salário/Diária),259.31
4211,20240618,3,Seguro,76.24
4212,20240618,3,Outros,47.91
4213,20240618,4,Combustível,4599.16
4214,20240618,4,Manutenção,1596.37
4215,20240618,4,Pedágio,1058.09
4216,20240618,4,Motorista (Salário/Diária),1771.55
4217,20240618,4,Seguro,492.05
4218,20240618,4,Outros,284.35
4219,20240618,5,Combustível,12140.46
4220,20240618,5,Manutenção,5301.96
4221,20240618,5,Pedágio,2138.23
4222,20240618,5,Motorista (Salário/Diária),4282.23
4223,20240618,5,Seguro,1297.23
4224,20240618,5,Outros,747.26
4225,20240619,1,Combustível,2790.55
4226,20240619,1,Manutenção,1504.68
4227,20240619,1,Pedágio,751.05
4228,20240619,1,Motorista (Salário/Diária),1204.23
4229,20240619,1,Seguro,307.58
4230,20240619,1,Outros,167.95
4231,20240619,2,Combustível,320.44
4232,20240619,2,Manutenção,162.41
4233,20240619,2,Pedágio,78.35
4234,20240619,2,Motorista (Salário/Diária),120.44
4235,20240619,2,Seguro,37.51
4236,20240619,2,Outros,24.25
4237,20240619,3,Combustível,5309.78
4238,20240619,3,Manutenção,2704.51
4239,20240619,3,Pedágio,1169.85
4240,20240619,3,Motorista (Salário/Diária),1915.27
4241,20240619,3,Seguro,582.84
4242,20240619,3,Outros,407.36
4243,20240619,4,Combustível,666.87
4244,20240619,4,Manutenção,269.73
4245,20240619,4,Pedágio,173.77
4246,20240619,4,Motorista (Salário/Diária),262.75
4247,20240619,4,Seguro,79.06
4248,20240619,4,Outros,40.21
4249,20240619,5,Combustível,5936.0
4250,20240619,5,Manutenção,2960.45
4251,20240619,5,Pedágio,1210.16
4252,20240619,5,Motorista (Salário/Diária),2067.17
4253,20240619,5,Seguro,727.28
4254,20240619,5,Outros,432.94
4255,20240620,2,Combustível,8455.58
4256,20240620,2,Manutenção,3490.88
4257,20240620,2,Pedágio,1570.1
4258,20240620,2,Motorista (Salário/Diária),2527.2
4259,20240620,2,Seguro,831.4
4260,20240620,2,Outros,562.39
4261,20240620,3,Combustível,5456.55
4262,20240620,3,Manutenção,2413.46
4263,20240620,3,Pedágio,1137.03
4264,20240620,3,Motorista (Salário/Diária),1940.12
4265,20240620,3,Seguro,630.79
4266,20240620,3,Outros,318.12
4267,20240620,4,Combustível,719.05
4268,20240620,4,Manutenção,368.1
4269,20240620,4,Pedágio,154.92
4270,20240620,4,Motorista (Salário/Diária),311.3
4271,20240620,4,Seguro,86.57
4272,20240620,4,Outros,54.67
4273,20240620,5,Combustível,10360.99
4274,20240620,5,Manutenção,3781.32
4275,20240620,5,Pedágio,2267.25
4276,20240620,5,Motorista (Salário/Diária),3536.53
4277,20240620,5,Seguro,983.83
4278,20240620,5,Outros,658.01
4279,20240621,1,Combustível,18899.96
4280,20240621,1,Manutenção,10129.68
4281,20240621,1,Pedágio,4738.77
4282,20240621,1,Motorista (Salário/Diária),6814.68
4283,20240621,1,Seguro,2131.62
4284,20240621,1,Outros,1358.11
4285,20240621,2,Combustível,3662.44
4286,20240621,2,Manutenção,1651.04
4287,20240621,2,Pedágio,768.16
4288,20240621,2,Motorista (Salário/Diária),1566.39
4289,20240621,2,Seguro,497.18
4290,20240621,2,Outros,307.21
4291,20240621,3,Combustível,2690.59
4292,20240621,3,Manutenção,1327.99
4293,20240621,3,Pedágio,555.63
4294,20240621,3,Motorista (Salário/Diária),1020.73
4295,20240621,3,Seguro,292.34
4296,20240621,3,Outros,207.73
4297,20240621,4,Combustível,6575.94
4298,20240621,4,Manutenção,2409.0
4299,20240621,4,Pedágio,1273.52
4300,20240621,4,Motorista (Salário/Diária),2523.44
4301,20240621,4,Seguro,582.6
4302,20240621,4,Outros,351.97
4303,20240621,5,Combustível,3653.66
4304,20240621,5,Manutenção,1528.5
4305,20240621,5,Pedágio,801.63
4306,20240621,5,Motorista (Salário/Diária),1347.43
4307,20240621,5,Seguro,454.06
4308,20240621,5,Outros,278.67
4309,20240622,1,Combustível,6358.68
4310,20240622,1,Manutenção,2979.12
4311,20240622,1,Pedágio,1206.71
4312,20240622,1,Motorista (Salário/Diária),2141.79
4313,20240622,1,Seguro,580.78
4314,20240622,1,Outros,443.1
4315,20240622,2,Combustível,1793.37
4316,20240622,2,Manutenção,801.38
4317,20240622,2,Pedágio,472.83
4318,20240622,2,Motorista (Salário/Diária),708.88
4319,20240622,2,Seguro,201.42
4320,20240622,2,Outros,123.57
4321,20240622,3,Combustível,1036.3
4322,20240622,3,Manutenção,415.14
4323,20240622,3,Pedágio,221.32
4324,20240622,3,Motorista (Salário/Diária),308.5
4325,20240622,3,Seguro,94.7
4326,20240622,3,Outros,71.36
4327,20240622,4,Combustível,3970.93
4328,20240622,4,Manutenção,1581.76
4329,20240622,4,Pedágio,855.47
4330,20240622,4,Motorista (Salário/Diária),1499.61
4331,20240622,4,Seguro,368.46
4332,20240622,4,Outros,270.09
4333,20240622,5,Combustível,449.15
4334,20240622,5,Manutenção,170.63
4335,20240622,5,Pedágio,101.48
4336,20240622,5,Motorista (Salário/Diária),154.46
4337,20240622,5,Seguro,53.1
4338,20240622,5,Outros,29.86
4339,20240623,3,Combustível,1960.36
4340,20240623,3,Manutenção,872.9
4341,20240623,3,Pedágio,411.82
4342,20240623,3,Motorista (Salário/Diária),847.37
4343,20240623,3,Seguro,207.09
4344,20240623,3,Outros,143.69
4345,20240623,4,Combustível,2108.86
4346,20240623,4,Manutenção,1118.05
4347,20240623,4,Pedágio,545.75
4348,20240623,4,Motorista (Salário/Diária),1045.21
4349,20240623,4,Seguro,261.67
4350,20240623,4,Outros,181.39
4351,20240623,5,Combustível,3727.26
4352,20240623,5,Manutenção,1640.54
4353,20240623,5,Pedágio,750.14
4354,20240623,5,Motorista (Salário/Diária),1294.98
4355,20240623,5,Seguro,363.5
4356,20240623,5,Outros,252.62
4357,20240624,1,Combustível,6886.1
4358,20240624,1,Manutenção,2980.88
4359,20240624,1,Pedágio,1367.1
4360,20240624,1,Motorista (Salário/Diária),2277.54
4361,20240624,1,Seguro,694.98
4362,20240624,1,Outros,506.86
4363,20240624,2,Combustível,462.73
4364,20240624,2,Manutenção,178.99
4365,20240624,2,Pedágio,104.96
4366,20240624,2,Motorista (Salário/Diária),144.03
4367,20240624,2,Seguro,51.91
4368,20240624,2,Outros,27.54
4369,20240624,3,Combustível,5460.54
4370,20240624,3,Manutenção,2563.91
4371,20240624,3,Pedágio,1452.17
4372,20240624,3,Motorista (Salário/Diária),2120.69
4373,20240624,3,Seguro,663.05
4374,20240624,3,Outros,416.19
4375,20240624,4,Combustível,5155.08
4376,20240624,4,Manutenção,2587.89
4377,20240624,4,Pedágio,1328.71
4378,20240624,4,Motorista (Salário/Diária),1957.84
4379,20240624,4,Seguro,621.35
4380,20240624,4,Outros,389.49
4381,20240624,5,Combustível,4829.61
4382,20240624,5,Manutenção,1991.28
4383,20240624,5,Pedágio,1075.23
4384,20240624,5,Motorista (Salário/Diária),1631.26
4385,20240624,5,Seguro,544.75
4386,20240624,5,Outros,304.3
4387,20240625,1,Combustível,13856.15
4388,20240625,1,Manutenção,6985.33
4389,20240625,1,Pedágio,3746.39
4390,20240625,1,Motorista (Salário/Diária),5757.59
4391,20240625,1,Seguro,1744.27
4392,20240625,1,Outros,982.75
4393,20240625,2,Combustível,918.02
4394,20240625,2,Manutenção,435.61
4395,20240625,2,Pedágio,223.77
4396,20240625,2,Motorista (Salário/Diária),314.15
4397,20240625,2,Seguro,89.08
4398,20240625,2,Outros,65.72
4399,20240625,3,Combustível,2905.08
4400,20240625,3,Manutenção,1072.03
4401,20240625,3,Pedágio,591.27
4402,20240625,3,Motorista (Salário/Diária),844.54
4403,20240625,3,Seguro,271.26
4404,20240625,3,Outros,167.2
4405,20240625,4,Combustível,7924.57
4406,20240625,4,Manutenção,3560.51
4407,20240625,4,Pedágio,1785.11
4408,20240625,4,Motorista (Salário/Diária),2508.23
4409,20240625,4,Seguro,855.54
4410,20240625,4,Outros,525.22
4411,20240625,5,Combustível,9092.44
4412,20240625,5,Manutenção,3730.36
4413,20240625,5,Pedágio,1954.29
4414,20240625,5,Motorista (Salário/Diária),3229.94
4415,20240625,5,Seguro,981.62
4416,20240625,5,Outros,663.09
4417,20240626,1,Combustível,7142.09
4418,20240626,1,Manutenção,3222.29
4419,20240626,1,Pedágio,1481.08
4420,20240626,1,Motorista (Salário/Diária),2303.82
4421,20240626,1,Seguro,696.97
4422,20240626,1,Outros,409.86
4423,20240626,2,Combustível,192.21
4424,20240626,2,Manutenção,94.84
4425,20240626,2,Pedágio,47.75
4426,20240626,2,Motorista (Salário/Diária),76.97
4427,20240626,2,Seguro,19.52
4428,20240626,2,Outros,12.67
4429,20240626,3,Combustível,4900.87
4430,20240626,3,Manutenção,2246.95
4431,20240626,3,Pedágio,1144.67
4432,20240626,3,Motorista (Salário/Diária),1691.68
4433,20240626,3,Seguro,643.39
4434,20240626,3,Outros,328.24
4435,20240626,4,Combustível,3821.25
4436,20240626,4,Manutenção,1606.56
4437,20240626,4,Pedágio,723.7
4438,20240626,4,Motorista (Salário/Diária),1490.18
4439,20240626,4,Seguro,388.99
4440,20240626,4,Outros,242.17
4441,20240626,5,Combustível,1325.52
4442,20240626,5,Manutenção,634.04
4443,20240626,5,Pedágio,243.34
4444,20240626,5,Motorista (Salário/Diária),504.5
4445,20240626,5,Seguro,152.89
4446,20240626,5,Outros,89.5
4447,20240627,1,Combustível,2576.41
4448,20240627,1,Manutenção,1142.73
4449,20240627,1,Pedágio,585.89
4450,20240627,1,Motorista (Salário/Diária),1043.44
4451,20240627,1,Seguro,282.8
4452,20240627,1,Outros,179.31
4453,20240627,2,Combustível,3129.01
4454,20240627,2,Manutenção,1205.66
4455,20240627,2,Pedágio,697.73
4456,20240627,2,Motorista (Salário/Diária),1105.53
4457,20240627,2,Seguro,270.26
4458,20240627,2,Outros,214.04
4459,20240627,3,Combustível,3062.74
4460,20240627,3,Manutenção,1110.04
4461,20240627,3,Pedágio,686.93
4462,20240627,3,Motorista (Salário/Diária),1073.33
4463,20240627,3,Seguro,335.56
4464,20240627,3,Outros,176.95
4465,20240627,4,Combustível,4082.62
4466,20240627,4,Manutenção,1764.47
4467,20240627,4,Pedágio,825.53
4468,20240627,4,Motorista (Salário/Diária),1755.93
4469,20240627,4,Seguro,487.37
4470,20240627,4,Outros,316.54
4471,20240627,5,Combustível,4541.59
4472,20240627,5,Manutenção,2050.52
4473,20240627,5,Pedágio,933.25
4474,20240627,5,Motorista (Salário/Diária),1767.13
4475,20240627,5,Seguro,486.61
4476,20240627,5,Outros,288.72
4477,20240628,1,Combustível,3247.03
4478,20240628,1,Manutenção,1319.5
4479,20240628,1,Pedágio,676.29
4480,20240628,1,Motorista (Salário/Diária),1014.98
4481,20240628,1,Seguro,351.05
4482,20240628,1,Outros,219.37
4483,20240628,2,Combustível,2316.52
4484,20240628,2,Manutenção,1016.69
4485,20240628,2,Pedágio,548.79
4486,20240628,2,Motorista (Salário/Diária),850.64
4487,20240628,2,Seguro,242.53
4488,20240628,2,Outros,165.94
4489,20240628,4,Combustível,2036.33
4490,20240628,4,Manutenção,763.62
4491,20240628,4,Pedágio,398.61
4492,20240628,4,Motorista (Salário/Diária),733.04
4493,20240628,4,Seguro,230.9
4494,20240628,4,Outros,107.58
4495,20240628,5,Combustível,8636.17
4496,20240628,5,Manutenção,4292.86
4497,20240628,5,Pedágio,1817.22
4498,20240628,5,Motorista (Salário/Diária),3033.57
4499,20240628,5,Seguro,1109.62
4500,20240628,5,Outros,601.0
4501,20240629,1,Combustível,4567.17
4502,20240629,1,Manutenção,2229.73
4503,20240629,1,Pedágio,1273.58
4504,20240629,1,Motorista (Salário/Diária),1759.15
4505,20240629,1,Seguro,669.33
4506,20240629,1,Outros,385.48
4507,20240629,2,Combustível,2463.59
4508,20240629,2,Manutenção,1133.61
4509,20240629,2,Pedágio,468.77
4510,20240629,2,Motorista (Salário/Diária),949.17
4511,20240629,2,Seguro,229.61
4512,20240629,2,Outros,131.55
4513,20240629,3,Combustível,378.62
4514,20240629,3,Manutenção,180.1
4515,20240629,3,Pedágio,78.5
4516,20240629,3,Motorista (Salário/Diária),125.49
4517,20240629,3,Seguro,44.63
4518,20240629,3,Outros,25.03
4519,20240629,4,Combustível,1657.73
4520,20240629,4,Manutenção,616.32
4521,20240629,4,Pedágio,345.73
4522,20240629,4,Motorista (Salário/Diária),468.7
4523,20240629,4,Seguro,143.89
4524,20240629,4,Outros,108.05
4525,20240629,5,Combustível,1556.67
4526,20240629,5,Manutenção,759.82
4527,20240629,5,Pedágio,402.6
4528,20240629,5,Motorista (Salário/Diária),643.43
4529,20240629,5,Seguro,222.27
4530,20240629,5,Outros,115.75
4531,20240630,1,Combustível,4079.84
4532,20240630,1,Manutenção,1739.16
4533,20240630,1,Pedágio,977.25
4534,20240630,1,Motorista (Salário/Diária),1920.74
4535,20240630,1,Seguro,499.84
4536,20240630,1,Outros,316.55
4537,20240630,2,Combustível,1846.46
4538,20240630,2,Manutenção,831.75
4539,20240630,2,Pedágio,420.06
4540,20240630,2,Motorista (Salário/Diária),686.81
4541,20240630,2,Seguro,236.01
4542,20240630,2,Outros,119.45
4543,20240630,4,Combustível,324.46
4544,20240630,4,Manutenção,178.51
4545,20240630,4,Pedágio,73.92
4546,20240630,4,Motorista (Salário/Diária),139.81
4547,20240630,4,Seguro,46.88
4548,20240630,4,Outros,22.8
4549,20240630,5,Combustível,2484.98
4550,20240630,5,Manutenção,1132.07
4551,20240630,5,Pedágio,525.64
4552,20240630,5,Motorista (Salário/Diária),1025.43
4553,20240630,5,Seguro,263.93
4554,20240630,5,Outros,183.98
4555,20240701,1,Combustível,3669.59
4556,20240701,1,Manutenção,1539.4
4557,20240701,1,Pedágio,842.84
4558,20240701,1,Motorista (Salário/Diária),1231.6
4559,20240701,1,Seguro,415.61
4560,20240701,1,Outros,276.51
4561,20240701,2,Combustível,688.65
4562,20240701,2,Manutenção,333.13
4563,20240701,2,Pedágio,159.39
4564,20240701,2,Motorista (Salário/Diária),277.94
4565,20240701,2,Seguro,79.33
4566,20240701,2,Outros,47.27
4567,20240701,3,Combustível,2190.65
4568,20240701,3,Manutenção,1035.76
4569,20240701,3,Pedágio,491.83
4570,20240701,3,Motorista (Salário/Diária),732.6
4571,20240701,3,Seguro,235.38
4572,20240701,3,Outros,132.7
4573,20240701,4,Combustível,3225.63
4574,20240701,4,Manutenção,1365.05
4575,20240701,4,Pedágio,669.77
4576,20240701,4,Motorista (Salário/Diária),1267.46
4577,20240701,4,Seguro,351.7
4578,20240701,4,Outros,221.08
4579,20240701,5,Combustível,11591.5
4580,20240701,5,Manutenção,5333.28
4581,20240701,5,Pedágio,2338.76
4582,20240701,5,Motorista (Salário/Diária),3928.87
4583,20240701,5,Seguro,1409.84
4584,20240701,5,Outros,817.53
4585,20240702,1,Combustível,14575.45
4586,20240702,1,Manutenção,6183.75
4587,20240702,1,Pedágio,3466.62
4588,20240702,1,Motorista (Salário/Diária),6060.19
4589,20240702,1,Seguro,1483.91
4590,20240702,1,Outros,913.67
4591,20240702,2,Combustível,1348.09
4592,20240702,2,Manutenção,684.43
4593,20240702,2,Pedágio,269.39
4594,20240702,2,Motorista (Salário/Diária),545.32
4595,20240702,2,Seguro,166.35
4596,20240702,2,Outros,92.19
4597,20240702,3,Combustível,2709.37
4598,20240702,3,Manutenção,1229.42
4599,20240702,3,Pedágio,666.16
4600,20240702,3,Motorista (Salário/Diária),1014.93
4601,20240702,3,Seguro,302.77
4602,20240702,3,Outros,179.37
4603,20240702,4,Combustível,1166.59
4604,20240702,4,Manutenção,494.55
4605,20240702,4,Pedágio,251.92
4606,20240702,4,Motorista (Salário/Diária),382.48
4607,20240702,4,Seguro,117.66
4608,20240702,4,Outros,70.64
4609,20240702,5,Combustível,6154.03
4610,20240702,5,Manutenção,2208.04
4611,20240702,5,Pedágio,1358.5
4612,20240702,5,Motorista (Salário/Diária),2028.26
4613,20240702,5,Seguro,683.65
4614,20240702,5,Outros,435.32
4615,20240703,1,Combustível,7687.62
4616,20240703,1,Manutenção,2667.18
4617,20240703,1,Pedágio,1475.77
4618,20240703,1,Motorista (Salário/Diária),2353.26
4619,20240703,1,Seguro,703.31
4620,20240703,1,Outros,465.86
4621,20240703,2,Combustível,5456.77
4622,20240703,2,Manutenção,2061.68
4623,20240703,2,Pedágio,944.44
4624,20240703,2,Motorista (Salário/Diária),1810.59
4625,20240703,2,Seguro,523.92
4626,20240703,2,Outros,343.61
4627,20240703,3,Combustível,5996.82
4628,20240703,3,Manutenção,2501.21
4629,20240703,3,Pedágio,1076.75
4630,20240703,3,Motorista (Salário/Diária),1816.51
4631,20240703,3,Seguro,559.47
4632,20240703,3,Outros,409.43
4633,20240703,4,Combustível,8652.59
4634,20240703,4,Manutenção,3648.03
4635,20240703,4,Pedágio,1765.19
4636,20240703,4,Motorista (Salário/Diária),3190.45
4637,20240703,4,Seguro,891.04
4638,20240703,4,Outros,525.22
4639,20240703,5,Combustível,11213.62
4640,20240703,5,Manutenção,5846.25
4641,20240703,5,Pedágio,3047.79
4642,20240703,5,Motorista (Salário/Diária),5469.23
4643,20240703,5,Seguro,1633.5
4644,20240703,5,Outros,906.77
4645,20240704,1,Combustível,8614.91
4646,20240704,1,Manutenção,3560.27
4647,20240704,1,Pedágio,1581.72
4648,20240704,1,Motorista (Salário/Diária),3344.32
4649,20240704,1,Seguro,918.07
4650,20240704,1,Outros,475.68
4651,20240704,2,Combustível,1060.51
4652,20240704,2,Manutenção,594.06
4653,20240704,2,Pedágio,303.1
4654,20240704,2,Motorista (Salário/Diária),465.21
4655,20240704,2,Seguro,137.86
4656,20240704,2,Outros,70.93
4657,20240704,3,Combustível,6597.64
4658,20240704,3,Manutenção,3102.89
4659,20240704,3,Pedágio,1486.74
4660,20240704,3,Motorista (Salário/Diária),2576.75
4661,20240704,3,Seguro,665.96
4662,20240704,3,Outros,377.51
4663,20240704,4,Combustível,5635.84
4664,20240704,4,Manutenção,2351.97
4665,20240704,4,Pedágio,1078.59
4666,20240704,4,Motorista (Salário/Diária),2276.44
4667,20240704,4,Seguro,540.84
4668,20240704,4,Outros,306.26
4669,20240704,5,Combustível,6991.43
4670,20240704,5,Manutenção,2512.27
4671,20240704,5,Pedágio,1542.92
4672,20240704,5,Motorista (Salário/Diária),2199.89
4673,20240704,5,Seguro,694.12
4674,20240704,5,Outros,377.05
4675,20240705,1,Combustível,8114.15
4676,20240705,1,Manutenção,2969.0
4677,20240705,1,Pedágio,1891.03
4678,20240705,1,Motorista (Salário/Diária),2717.03
4679,20240705,1,Seguro,897.87
4680,20240705,1,Outros,494.9
4681,20240705,2,Combustível,454.41
4682,20240705,2,Manutenção,174.29
4683,20240705,2,Pedágio,99.88
4684,20240705,2,Motorista (Salário/Diária),162.59
4685,20240705,2,Seguro,49.33
4686,20240705,2,Outros,24.0
4687,20240705,3,Combustível,4709.33
4688,20240705,3,Manutenção,1675.06
4689,20240705,3,Pedágio,920.43
4690,20240705,3,Motorista (Salário/Diária),1603.03
4691,20240705,3,Seguro,523.48
4692,20240705,3,Outros,325.34
4693,20240705,5,Combustível,4960.88
4694,20240705,5,Manutenção,2617.89
4695,20240705,5,Pedágio,1298.27
4696,20240705,5,Motorista (Salário/Diária),2196.26
4697,20240705,5,Seguro,633.16
4698,20240705,5,Outros,395.0
4699,20240706,1,Combustível,3090.49
4700,20240706,1,Manutenção,1384.54
4701,20240706,1,Pedágio,630.27
4702,20240706,1,Motorista (Salário/Diária),1116.8
4703,20240706,1,Seguro,424.66
4704,20240706,1,Outros,237.55
4705,20240706,3,Combustível,1341.05
4706,20240706,3,Manutenção,501.3
4707,20240706,3,Pedágio,269.68
4708,20240706,3,Motorista (Salário/Diária),531.34
4709,20240706,3,Seguro,156.01
4710,20240706,3,Outros,91.04
4711,20240706,4,Combustível,823.67
4712,20240706,4,Manutenção,412.09
4713,20240706,4,Pedágio,205.06
4714,20240706,4,Motorista (Salário/Diária),288.79
4715,20240706,4,Seguro,86.78
4716,20240706,4,Outros,65.94
4717,20240706,5,Combustível,3617.22
4718,20240706,5,Manutenção,1496.75
4719,20240706,5,Pedágio,737.13
4720,20240706,5,Motorista (Salário/Diária),1226.87
4721,20240706,5,Seguro,396.31
4722,20240706,5,Outros,235.24
4723,20240707,1,Combustível,726.03
4724,20240707,1,Manutenção,287.9
4725,20240707,1,Pedágio,160.27
4726,20240707,1,Motorista (Salário/Diária),238.17
4727,20240707,1,Seguro,67.97
4728,20240707,1,Outros,46.97
4729,20240707,2,Combustível,1226.61
4730,20240707,2,Manutenção,495.93
4731,20240707,2,Pedágio,297.18
4732,20240707,2,Motorista (Salário/Diária),402.92
4733,20240707,2,Seguro,117.53
4734,20240707,2,Outros,78.41
4735,20240707,3,Combustível,1609.63
4736,20240707,3,Manutenção,704.07
4737,20240707,3,Pedágio,340.67
4738,20240707,3,Motorista (Salário/Diária),571.53
4739,20240707,3,Seguro,139.7
4740,20240707,3,Outros,93.61
4741,20240707,5,Combustível,2680.61
4742,20240707,5,Manutenção,1225.02
4743,20240707,5,Pedágio,688.1
4744,20240707,5,Motorista (Salário/Diária),1028.46
4745,20240707,5,Seguro,342.96
4746,20240707,5,Outros,226.86
4747,20240708,1,Combustível,6657.45
4748,20240708,1,Manutenção,2915.78
4749,20240708,1,Pedágio,1237.58
4750,20240708,1,Motorista (Salário/Diária),2343.03
4751,20240708,1,Seguro,761.45
4752,20240708,1,Outros,355.17
4753,20240708,2,Combustível,1439.89
4754,20240708,2,Manutenção,792.34
4755,20240708,2,Pedágio,350.07
4756,20240708,2,Motorista (Salário/Diária),733.04
4757,20240708,2,Seguro,191.61
4758,20240708,2,Outros,103.44
4759,20240708,3,Combustível,840.22
4760,20240708,3,Manutenção,373.92
4761,20240708,3,Pedágio,191.2
4762,20240708,3,Motorista (Salário/Diária),339.74
4763,20240708,3,Seguro,87.9
4764,20240708,3,Outros,67.17
4765,20240708,4,Combustível,9100.39
4766,20240708,4,Manutenção,4987.93
4767,20240708,4,Pedágio,2369.05
4768,20240708,4,Motorista (Salário/Diária),4180.45
4769,20240708,4,Seguro,1279.97
4770,20240708,4,Outros,662.02
4771,20240708,5,Combustível,16163.46
4772,20240708,5,Manutenção,5975.56
4773,20240708,5,Pedágio,2905.22
4774,20240708,5,Motorista (Salário/Diária),5530.23
4775,20240708,5,Seguro,1483.71
4776,20240708,5,Outros,1014.84
4777,20240709,1,Combustível,3849.68
4778,20240709,1,Manutenção,1356.53
4779,20240709,1,Pedágio,693.87
4780,20240709,1,Motorista (Salário/Diária),1206.41
4781,20240709,1,Seguro,362.61
4782,20240709,1,Outros,256.68
4783,20240709,2,Combustível,2782.27
4784,20240709,2,Manutenção,1166.71
4785,20240709,2,Pedágio,730.88
4786,20240709,2,Motorista (Salário/Diária),1285.89
4787,20240709,2,Seguro,294.19
4788,20240709,2,Outros,177.27
4789,20240709,3,Combustível,816.65
4790,20240709,3,Manutenção,431.7
4791,20240709,3,Pedágio,228.06
4792,20240709,3,Motorista (Salário/Diária),374.72
4793,20240709,3,Seguro,105.04
4794,20240709,3,Outros,53.5
4795,20240709,4,Combustível,809.78
4796,20240709,4,Manutenção,354.05
4797,20240709,4,Pedágio,208.88
4798,20240709,4,Motorista (Salário/Diária),353.28
4799,20240709,4,Seguro,104.85
4800,20240709,4,Outros,51.82
4801,20240709,5,Combustível,5350.06
4802,20240709,5,Manutenção,2034.03
4803,20240709,5,Pedágio,1216.03
4804,20240709,5,Motorista (Salário/Diária),1833.13
4805,20240709,5,Seguro,637.2
4806,20240709,5,Outros,343.28
4807,20240710,1,Combustível,3703.83
4808,20240710,1,Manutenção,1436.35
4809,20240710,1,Pedágio,679.77
4810,20240710,1,Motorista (Salário/Diária),1102.47
4811,20240710,1,Seguro,316.47
4812,20240710,1,Outros,200.81
4813,20240710,2,Combustível,1412.4
4814,20240710,2,Manutenção,586.8
4815,20240710,2,Pedágio,266.16
4816,20240710,2,Motorista (Salário/Diária),544.83
4817,20240710,2,Seguro,132.69
4818,20240710,2,Outros,99.76
4819,20240710,3,Combustível,2266.12
4820,20240710,3,Manutenção,980.24
4821,20240710,3,Pedágio,481.86
4822,20240710,3,Motorista (Salário/Diária),885.48
4823,20240710,3,Seguro,272.86
4824,20240710,3,Outros,171.73
4825,20240710,4,Combustível,4332.4
4826,20240710,4,Manutenção,1937.53
4827,20240710,4,Pedágio,980.17
4828,20240710,4,Motorista (Salário/Diária),1578.68
4829,20240710,4,Seguro,388.17
4830,20240710,4,Outros,249.2
4831,20240710,5,Combustível,5698.14
4832,20240710,5,Manutenção,2595.7
4833,20240710,5,Pedágio,1214.37
4834,20240710,5,Motorista (Salário/Diária),2436.21
4835,20240710,5,Seguro,715.52
4836,20240710,5,Outros,434.25
4837,20240711,1,Combustível,6940.43
4838,20240711,1,Manutenção,2758.8
4839,20240711,1,Pedágio,1437.08
4840,20240711,1,Motorista (Salário/Diária),2393.99
4841,20240711,1,Seguro,609.98
4842,20240711,1,Outros,406.08
4843,20240711,2,Combustível,1851.79
4844,20240711,2,Manutenção,1021.51
4845,20240711,2,Pedágio,501.27
4846,20240711,2,Motorista (Salário/Diária),873.84
4847,20240711,2,Seguro,205.5
4848,20240711,2,Outros,133.6
4849,20240711,3,Combustível,3234.19
4850,20240711,3,Manutenção,1392.52
4851,20240711,3,Pedágio,772.1
4852,20240711,3,Motorista (Salário/Diária),1316.93
4853,20240711,3,Seguro,340.79
4854,20240711,3,Outros,248.12
4855,20240711,4,Combustível,2810.65
4856,20240711,4,Manutenção,1254.07
4857,20240711,4,Pedágio,630.86
4858,20240711,4,Motorista (Salário/Diária),991.14
4859,20240711,4,Seguro,310.44
4860,20240711,4,Outros,169.2
4861,20240711,5,Combustível,11689.38
4862,20240711,5,Manutenção,5622.04
4863,20240711,5,Pedágio,2888.72
4864,20240711,5,Motorista (Salário/Diária),5843.78
4865,20240711,5,Seguro,1580.44
4866,20240711,5,Outros,779.92
4867,20240712,1,Combustível,8558.02
4868,20240712,1,Manutenção,3898.98
4869,20240712,1,Pedágio,1990.93
4870,20240712,1,Motorista (Salário/Diária),2891.96
4871,20240712,1,Seguro,1012.67
4872,20240712,1,Outros,502.69
4873,20240712,2,Combustível,957.09
4874,20240712,2,Manutenção,380.47
4875,20240712,2,Pedágio,205.95
4876,20240712,2,Motorista (Salário/Diária),341.35
4877,20240712,2,Seguro,108.69
4878,20240712,2,Outros,66.43
4879,20240712,3,Combustível,8328.01
4880,20240712,3,Manutenção,3041.31
4881,20240712,3,Pedágio,1537.74
4882,20240712,3,Motorista (Salário/Diária),2890.74
4883,20240712,3,Seguro,796.29
4884,20240712,3,Outros,514.35
4885,20240712,4,Combustível,2885.44
4886,20240712,4,Manutenção,1487.23
4887,20240712,4,Pedágio,571.58
4888,20240712,4,Motorista (Salário/Diária),1275.62
4889,20240712,4,Seguro,324.37
4890,20240712,4,Outros,214.91
4891,20240712,5,Combustível,11458.81
4892,20240712,5,Manutenção,5028.57
4893,20240712,5,Pedágio,2310.09
4894,20240712,5,Motorista (Salário/Diária),4215.39
4895,20240712,5,Seguro,1288.36
4896,20240712,5,Outros,828.51
4897,20240713,2,Combustível,1230.18
4898,20240713,2,Manutenção,463.97
4899,20240713,2,Pedágio,269.56
4900,20240713,2,Motorista (Salário/Diária),402.24
4901,20240713,2,Seguro,130.37
4902,20240713,2,Outros,74.26
4903,20240713,3,Combustível,520.81
4904,20240713,3,Manutenção,188.41
4905,20240713,3,Pedágio,112.05
4906,20240713,3,Motorista (Salário/Diária),207.93
4907,20240713,3,Seguro,55.25
4908,20240713,3,Outros,37.66
4909,20240713,4,Combustível,2955.49
4910,20240713,4,Manutenção,1222.74
4911,20240713,4,Pedágio,677.31
4912,20240713,4,Motorista (Salário/Diária),1115.89
4913,20240713,4,Seguro,318.0
4914,20240713,4,Outros,203.8
4915,20240713,5,Combustível,1774.2
4916,20240713,5,Manutenção,754.67
4917,20240713,5,Pedágio,355.15
4918,20240713,5,Motorista (Salário/Diária),546.86
4919,20240713,5,Seguro,159.1
4920,20240713,5,Outros,108.52
4921,20240714,1,Combustível,931.28
4922,20240714,1,Manutenção,405.13
4923,20240714,1,Pedágio,187.69
4924,20240714,1,Motorista (Salário/Diária),293.93
4925,20240714,1,Seguro,98.49
4926,20240714,1,Outros,49.26
4927,20240714,2,Combustível,3443.04
4928,20240714,2,Manutenção,1266.01
4929,20240714,2,Pedágio,678.39
4930,20240714,2,Motorista (Salário/Diária),1225.25
4931,20240714,2,Seguro,357.98
4932,20240714,2,Outros,221.49
4933,20240714,3,Combustível,2646.11
4934,20240714,3,Manutenção,1307.92
4935,20240714,3,Pedágio,718.53
4936,20240714,3,Motorista (Salário/Diária),1209.19
4937,20240714,3,Seguro,311.85
4938,20240714,3,Outros,202.79
4939,20240714,4,Combustível,2528.92
4940,20240714,4,Manutenção,1146.74
4941,20240714,4,Pedágio,477.87
4942,20240714,4,Motorista (Salário/Diária),914.95
4943,20240714,4,Seguro,235.9
4944,20240714,4,Outros,162.97
4945,20240714,5,Combustível,739.75
4946,20240714,5,Manutenção,266.38
4947,20240714,5,Pedágio,132.22
4948,20240714,5,Motorista (Salário/Diária),245.77
4949,20240714,5,Seguro,74.81
4950,20240714,5,Outros,42.21
4951,20240715,1,Combustível,2035.19
4952,20240715,1,Manutenção,1116.6
4953,20240715,1,Pedágio,445.66
4954,20240715,1,Motorista (Salário/Diária),836.67
4955,20240715,1,Seguro,266.02
4956,20240715,1,Outros,124.76
4957,20240715,2,Combustível,2982.13
4958,20240715,2,Manutenção,1340.16
4959,20240715,2,Pedágio,681.53
4960,20240715,2,Motorista (Salário/Diária),1050.25
4961,20240715,2,Seguro,300.81
4962,20240715,2,Outros,233.29
4963,20240715,3,Combustível,9599.2
4964,20240715,3,Manutenção,3414.96
4965,20240715,3,Pedágio,1879.75
4966,20240715,3,Motorista (Salário/Diária),3006.21
4967,20240715,3,Seguro,1029.24
4968,20240715,3,Outros,574.45
4969,20240715,4,Combustível,4648.09
4970,20240715,4,Manutenção,2348.02
4971,20240715,4,Pedágio,951.25
4972,20240715,4,Motorista (Salário/Diária),1509.16
4973,20240715,4,Seguro,518.53
4974,20240715,4,Outros,294.6
4975,20240715,5,Combustível,5914.6
4976,20240715,5,Manutenção,2437.04
4977,20240715,5,Pedágio,1302.09
4978,20240715,5,Motorista (Salário/Diária),2140.29
4979,20240715,5,Seguro,588.77
4980,20240715,5,Outros,351.74
4981,20240716,1,Combustível,2395.48
4982,20240716,1,Manutenção,960.52
4983,20240716,1,Pedágio,639.96
4984,20240716,1,Motorista (Salário/Diária),891.01
4985,20240716,1,Seguro,296.48
4986,20240716,1,Outros,175.91
4987,20240716,2,Combustível,5364.48
4988,20240716,2,Manutenção,2279.65
4989,20240716,2,Pedágio,1138.27
4990,20240716,2,Motorista (Salário/Diária),1952.72
4991,20240716,2,Seguro,584.4
4992,20240716,2,Outros,346.81
4993,20240716,3,Combustível,4405.43
4994,20240716,3,Manutenção,1926.29
4995,20240716,3,Pedágio,947.94
4996,20240716,3,Motorista (Salário/Diária),1783.98
4997,20240716,3,Seguro,460.56
4998,20240716,3,Outros,307.83
4999,20240716,4,Combustível,2441.99
5000,20240716,4,Manutenção,1216.71
5001,20240716,4,Pedágio,653.55
5002,20240716,4,Motorista (Salário/Diária),1160.31
5003,20240716,4,Seguro,348.27
5004,20240716,4,Outros,189.78
5005,20240716,5,Combustível,5098.66
5006,20240716,5,Manutenção,1826.78
5007,20240716,5,Pedágio,1013.27
5008,20240716,5,Motorista (Salário/Diária),1530.58
5009,20240716,5,Seguro,525.1
5010,20240716,5,Outros,287.76
5011,20240717,1,Combustível,7995.28
5012,20240717,1,Manutenção,4000.44
5013,20240717,1,Pedágio,1612.8
5014,20240717,1,Motorista (Salário/Diária),3471.13
5015,20240717,1,Seguro,1009.24
5016,20240717,1,Outros,602.81
5017,20240717,2,Combustível,2243.1
5018,20240717,2,Manutenção,938.3
5019,20240717,2,Pedágio,566.36
5020,20240717,2,Motorista (Salário/Diária),900.89
5021,20240717,2,Seguro,242.35
5022,20240717,2,Outros,160.44
5023,20240717,3,Combustível,3638.92
5024,20240717,3,Manutenção,1576.66
5025,20240717,3,Pedágio,810.09
5026,20240717,3,Motorista (Salário/Diária),1217.58
5027,20240717,3,Seguro,373.28
5028,20240717,3,Outros,226.28
5029,20240717,4,Combustível,2849.19
5030,20240717,4,Manutenção,1309.74
5031,20240717,4,Pedágio,710.2
5032,20240717,4,Motorista (Salário/Diária),1100.07
5033,20240717,4,Seguro,363.45
5034,20240717,4,Outros,165.48
5035,20240717,5,Combustível,3974.27
5036,20240717,5,Manutenção,2045.04
5037,20240717,5,Pedágio,1000.91
5038,20240717,5,Motorista (Salário/Diária),1506.75
5039,20240717,5,Seguro,417.59
5040,20240717,5,Outros,246.88
5041,20240718,1,Combustível,1537.15
5042,20240718,1,Manutenção,739.92
5043,20240718,1,Pedágio,320.65
5044,20240718,1,Motorista (Salário/Diária),521.95
5045,20240718,1,Seguro,146.57
5046,20240718,1,Outros,87.29
5047,20240718,2,Combustível,672.9
5048,20240718,2,Manutenção,341.26
5049,20240718,2,Pedágio,171.07
5050,20240718,2,Motorista (Salário/Diária),255.33
5051,20240718,2,Seguro,86.76
5052,20240718,2,Outros,45.56
5053,20240718,3,Combustível,3897.84
5054,20240718,3,Manutenção,2112.07
5055,20240718,3,Pedágio,1098.27
5056,20240718,3,Motorista (Salário/Diária),1863.0
5057,20240718,3,Seguro,456.26
5058,20240718,3,Outros,307.88
5059,20240718,4,Combustível,2009.53
5060,20240718,4,Manutenção,990.53
5061,20240718,4,Pedágio,479.76
5062,20240718,4,Motorista (Salário/Diária),858.11
5063,20240718,4,Seguro,285.9
5064,20240718,4,Outros,147.14
5065,20240718,5,Combustível,11515.86
5066,20240718,5,Manutenção,5237.6
5067,20240718,5,Pedágio,2523.64
5068,20240718,5,Motorista (Salário/Diária),4023.41
5069,20240718,5,Seguro,1523.16
5070,20240718,5,Outros,924.58
5071,20240719,1,Combustível,884.73
5072,20240719,1,Manutenção,325.74
5073,20240719,1,Pedágio,194.42
5074,20240719,1,Motorista (Salário/Diária),259.9
5075,20240719,1,Seguro,85.65
5076,20240719,1,Outros,54.74
5077,20240719,2,Combustível,1158.06
5078,20240719,2,Manutenção,477.18
5079,20240719,2,Pedágio,287.07
5080,20240719,2,Motorista (Salário/Diária),503.73
5081,20240719,2,Seguro,123.83
5082,20240719,2,Outros,70.44
5083,20240719,3,Combustível,1821.67
5084,20240719,3,Manutenção,827.36
5085,20240719,3,Pedágio,417.38
5086,20240719,3,Motorista (Salário/Diária),604.37
5087,20240719,3,Seguro,195.74
5088,20240719,3,Outros,119.57
5089,20240719,4,Combustível,2557.9
5090,20240719,4,Manutenção,1000.38
5091,20240719,4,Pedágio,535.15
5092,20240719,4,Motorista (Salário/Diária),960.6
5093,20240719,4,Seguro,278.79
5094,20240719,4,Outros,170.0
5095,20240719,5,Combustível,8810.59
5096,20240719,5,Manutenção,4369.73
5097,20240719,5,Pedágio,2454.08
5098,20240719,5,Motorista (Salário/Diária),3756.65
5099,20240719,5,Seguro,1081.6
5100,20240719,5,Outros,615.81
5101,20240720,1,Combustível,2972.0
5102,20240720,1,Manutenção,1630.8
5103,20240720,1,Pedágio,760.9
5104,20240720,1,Motorista (Salário/Diária),1400.19
5105,20240720,1,Seguro,334.92
5106,20240720,1,Outros,204.68
5107,20240720,3,Combustível,1572.65
5108,20240720,3,Manutenção,621.77
5109,20240720,3,Pedágio,293.4
5110,20240720,3,Motorista (Salário/Diária),503.38
5111,20240720,3,Seguro,140.65
5112,20240720,3,Outros,93.92
5113,20240720,4,Combustível,3100.59
5114,20240720,4,Manutenção,1251.93
5115,20240720,4,Pedágio,658.67
5116,20240720,4,Motorista (Salário/Diária),1065.94
5117,20240720,4,Seguro,334.6
5118,20240720,4,Outros,183.66
5119,20240721,1,Combustível,4047.68
5120,20240721,1,Manutenção,2090.31
5121,20240721,1,Pedágio,816.7
5122,20240721,1,Motorista (Salário/Diária),1783.75
5123,20240721,1,Seguro,523.68
5124,20240721,1,Outros,313.74
5125,20240721,2,Combustível,3870.9
5126,20240721,2,Manutenção,1373.35
5127,20240721,2,Pedágio,727.14
5128,20240721,2,Motorista (Salário/Diária),1451.8
5129,20240721,2,Seguro,377.89
5130,20240721,2,Outros,217.44
5131,20240721,3,Combustível,1788.57
5132,20240721,3,Manutenção,782.0
5133,20240721,3,Pedágio,317.41
5134,20240721,3,Motorista (Salário/Diária),644.94
5135,20240721,3,Seguro,196.98
5136,20240721,3,Outros,113.52
5137,20240721,4,Combustível,427.28
5138,20240721,4,Manutenção,205.1
5139,20240721,4,Pedágio,95.41
5140,20240721,4,Motorista (Salário/Diária),162.66
5141,20240721,4,Seguro,47.71
5142,20240721,4,Outros,26.68
5143,20240721,5,Combustível,5716.23
5144,20240721,5,Manutenção,2532.29
5145,20240721,5,Pedágio,1462.8
5146,20240721,5,Motorista (Salário/Diária),2284.61
5147,20240721,5,Seguro,573.44
5148,20240721,5,Outros,406.68
5149,20240722,1,Combustível,8000.15
5150,20240722,1,Manutenção,3599.86
5151,20240722,1,Pedágio,1512.81
5152,20240722,1,Motorista (Salário/Diária),2975.88
5153,20240722,1,Seguro,688.88
5154,20240722,1,Outros,532.79
5155,20240722,2,Combustível,2914.23
5156,20240722,2,Manutenção,1280.81
5157,20240722,2,Pedágio,664.76
5158,20240722,2,Motorista (Salário/Diária),1222.28
5159,20240722,2,Seguro,348.16
5160,20240722,2,Outros,192.74
5161,20240722,3,Combustível,6246.5
5162,20240722,3,Manutenção,2814.96
5163,20240722,3,Pedágio,1101.56
5164,20240722,3,Motorista (Salário/Diária),2070.96
5165,20240722,3,Seguro,600.46
5166,20240722,3,Outros,397.79
5167,20240722,4,Combustível,4980.76
5168,20240722,4,Manutenção,2228.43
5169,20240722,4,Pedágio,1298.08
5170,20240722,4,Motorista (Salário/Diária),1663.23
5171,20240722,4,Seguro,634.3
5172,20240722,4,Outros,366.67
5173,20240722,5,Combustível,3230.86
5174,20240722,5,Manutenção,1293.37
5175,20240722,5,Pedágio,759.47
5176,20240722,5,Motorista (Salário/Diária),1319.45
5177,20240722,5,Seguro,406.37
5178,20240722,5,Outros,226.91
5179,20240723,1,Combustível,2012.58
5180,20240723,1,Manutenção,818.71
5181,20240723,1,Pedágio,476.26
5182,20240723,1,Motorista (Salário/Diária),706.07
5183,20240723,1,Seguro,205.96
5184,20240723,1,Outros,120.56
5185,20240723,2,Combustível,690.33
5186,20240723,2,Manutenção,265.06
5187,20240723,2,Pedágio,118.43
5188,20240723,2,Motorista (Salário/Diária),210.68
5189,20240723,2,Seguro,74.86
5190,20240723,2,Outros,36.01
5191,20240723,3,Combustível,10742.78
5192,20240723,3,Manutenção,4811.79
5193,20240723,3,Pedágio,1992.72
5194,20240723,3,Motorista (Salário/Diária),3466.11
5195,20240723,3,Seguro,1243.34
5196,20240723,3,Outros,689.68
5197,20240723,4,Combustível,8113.19
5198,20240723,4,Manutenção,3413.74
5199,20240723,4,Pedágio,1441.9
5200,20240723,4,Motorista (Salário/Diária),2870.81
5201,20240723,4,Seguro,821.71
5202,20240723,4,Outros,420.06
5203,20240723,5,Combustível,2772.94
5204,20240723,5,Manutenção,1367.81
5205,20240723,5,Pedágio,595.13
5206,20240723,5,Motorista (Salário/Diária),973.99
5207,20240723,5,Seguro,306.94
5208,20240723,5,Outros,159.37
5209,20240724,1,Combustível,5256.97
5210,20240724,1,Manutenção,1983.52
5211,20240724,1,Pedágio,1087.11
5212,20240724,1,Motorista (Salário/Diária),1777.71
5213,20240724,1,Seguro,453.82
5214,20240724,1,Outros,318.32
5215,20240724,3,Combustível,2569.5
5216,20240724,3,Manutenção,937.73
5217,20240724,3,Pedágio,629.74
5218,20240724,3,Motorista (Salário/Diária),854.17
5219,20240724,3,Seguro,252.7
5220,20240724,3,Outros,145.54
5221,20240724,4,Combustível,4218.75
5222,20240724,4,Manutenção,1912.82
5223,20240724,4,Pedágio,915.14
5224,20240724,4,Motorista (Salário/Diária),1793.27
5225,20240724,4,Seguro,501.86
5226,20240724,4,Outros,317.34
5227,20240724,5,Combustível,6900.47
5228,20240724,5,Manutenção,2477.65
5229,20240724,5,Pedágio,1429.28
5230,20240724,5,Motorista (Salário/Diária),2435.2
5231,20240724,5,Seguro,682.8
5232,20240724,5,Outros,411.19
5233,20240725,1,Combustível,8463.26
5234,20240725,1,Manutenção,4773.59
5235,20240725,1,Pedágio,2108.18
5236,20240725,1,Motorista (Salário/Diária),3644.7
5237,20240725,1,Seguro,1013.3
5238,20240725,1,Outros,637.03
5239,20240725,2,Combustível,3780.57
5240,20240725,2,Manutenção,1301.31
5241,20240725,2,Pedágio,771.58
5242,20240725,2,Motorista (Salário/Diária),1454.55
5243,20240725,2,Seguro,374.17
5244,20240725,2,Outros,218.85
5245,20240725,3,Combustível,629.68
5246,20240725,3,Manutenção,288.17
5247,20240725,3,Pedágio,118.16
5248,20240725,3,Motorista (Salário/Diária),217.05
5249,20240725,3,Seguro,75.16
5250,20240725,3,Outros,44.64
5251,20240725,4,Combustível,2727.55
5252,20240725,4,Manutenção,1215.01
5253,20240725,4,Pedágio,652.64
5254,20240725,4,Motorista (Salário/Diária),1221.48
5255,20240725,4,Seguro,275.69
5256,20240725,4,Outros,205.03
5257,20240725,5,Combustível,8950.38
5258,20240725,5,Manutenção,4227.47
5259,20240725,5,Pedágio,1904.63
5260,20240725,5,Motorista (Salário/Diária),4031.3
5261,20240725,5,Seguro,919.07
5262,20240725,5,Outros,687.5
5263,20240726,1,Combustível,1867.85
5264,20240726,1,Manutenção,688.52
5265,20240726,1,Pedágio,368.97
5266,20240726,1,Motorista (Salário/Diária),534.5
5267,20240726,1,Seguro,187.07
5268,20240726,1,Outros,93.87
5269,20240726,2,Combustível,1014.46
5270,20240726,2,Manutenção,421.41
5271,20240726,2,Pedágio,252.04
5272,20240726,2,Motorista (Salário/Diária),395.3
5273,20240726,2,Seguro,120.57
5274,20240726,2,Outros,67.76
5275,20240726,3,Combustível,2870.92
5276,20240726,3,Manutenção,1205.11
5277,20240726,3,Pedágio,613.82
5278,20240726,3,Motorista (Salário/Diária),850.73
5279,20240726,3,Seguro,299.71
5280,20240726,3,Outros,153.86
5281,20240726,4,Combustível,2777.04
5282,20240726,4,Manutenção,1137.0
5283,20240726,4,Pedágio,578.6
5284,20240726,4,Motorista (Salário/Diária),852.9
5285,20240726,4,Seguro,286.75
5286,20240726,4,Outros,154.94
5287,20240726,5,Combustível,11530.87
5288,20240726,5,Manutenção,5228.11
5289,20240726,5,Pedágio,2512.4
5290,20240726,5,Motorista (Salário/Diária),3846.81
5291,20240726,5,Seguro,1338.44
5292,20240726,5,Outros,800.66
5293,20240727,1,Combustível,1207.2
5294,20240727,1,Manutenção,493.67
5295,20240727,1,Pedágio,277.36
5296,20240727,1,Motorista (Salário/Diária),494.27
5297,20240727,1,Seguro,117.99
5298,20240727,1,Outros,67.53
5299,20240727,3,Combustível,2913.33
5300,20240727,3,Manutenção,1141.38
5301,20240727,3,Pedágio,583.97
5302,20240727,3,Motorista (Salário/Diária),1106.67
5303,20240727,3,Seguro,319.5
5304,20240727,3,Outros,196.75
5305,20240727,4,Combustível,1182.18
5306,20240727,4,Manutenção,574.4
5307,20240727,4,Pedágio,250.96
5308,20240727,4,Motorista (Salário/Diária),462.93
5309,20240727,4,Seguro,127.71
5310,20240727,4,Outros,76.86
5311,20240727,5,Combustível,1941.13
5312,20240727,5,Manutenção,981.81
5313,20240727,5,Pedágio,427.45
5314,20240727,5,Motorista (Salário/Diária),754.46
5315,20240727,5,Seguro,239.67
5316,20240727,5,Outros,150.28
5317,20240728,1,Combustível,1998.42
5318,20240728,1,Manutenção,1001.05
5319,20240728,1,Pedágio,460.43
5320,20240728,1,Motorista (Salário/Diária),971.1
5321,20240728,1,Seguro,290.77
5322,20240728,1,Outros,154.68
5323,20240728,3,Combustível,2437.09
5324,20240728,3,Manutenção,986.81
5325,20240728,3,Pedágio,544.81
5326,20240728,3,Motorista (Salário/Diária),943.38
5327,20240728,3,Seguro,262.51
5328,20240728,3,Outros,171.15
5329,20240728,4,Combustível,797.98
5330,20240728,4,Manutenção,361.34
5331,20240728,4,Pedágio,215.13
5332,20240728,4,Motorista (Salário/Diária),382.89
5333,20240728,4,Seguro,94.26
5334,20240728,4,Outros,55.85
5335,20240728,5,Combustível,1271.25
5336,20240728,5,Manutenção,596.35
5337,20240728,5,Pedágio,262.82
5338,20240728,5,Motorista (Salário/Diária),464.54
5339,20240728,5,Seguro,130.67
5340,20240728,5,Outros,95.78
5341,20240729,1,Combustível,14388.83
5342,20240729,1,Manutenção,6765.27
5343,20240729,1,Pedágio,3464.16
5344,20240729,1,Motorista (Salário/Diária),6477.19
5345,20240729,1,Seguro,1587.5
5346,20240729,1,Outros,1179.51
5347,20240729,2,Combustível,2577.27
5348,20240729,2,Manutenção,1079.38
5349,20240729,2,Pedágio,528.77
5350,20240729,2,Motorista (Salário/Diária),1075.8
5351,20240729,2,Seguro,296.81
5352,20240729,2,Outros,175.63
5353,20240729,3,Combustível,5393.53
5354,20240729,3,Manutenção,2505.11
5355,20240729,3,Pedágio,1260.03
5356,20240729,3,Motorista (Salário/Diária),2068.53
5357,20240729,3,Seguro,571.05
5358,20240729,3,Outros,310.58
5359,20240729,4,Combustível,414.35
5360,20240729,4,Manutenção,206.76
5361,20240729,4,Pedágio,89.97
5362,20240729,4,Motorista (Salário/Diária),174.05
5363,20240729,4,Seguro,53.0
5364,20240729,4,Outros,29.97
5365,20240729,5,Combustível,6976.51
5366,20240729,5,Manutenção,3279.37
5367,20240729,5,Pedágio,1385.95
5368,20240729,5,Motorista (Salário/Diária),2334.96
5369,20240729,5,Seguro,863.29
5370,20240729,5,Outros,504.71
5371,20240730,1,Combustível,2754.06
5372,20240730,1,Manutenção,1183.14
5373,20240730,1,Pedágio,568.02
5374,20240730,1,Motorista (Salário/Diária),941.59
5375,20240730,1,Seguro,338.67
5376,20240730,1,Outros,207.2
5377,20240730,2,Combustível,2669.59
5378,20240730,2,Manutenção,1240.04
5379,20240730,2,Pedágio,676.5
5380,20240730,2,Motorista (Salário/Diária),1096.51
5381,20240730,2,Seguro,281.61
5382,20240730,2,Outros,205.61
5383,20240730,3,Combustível,2039.48
5384,20240730,3,Manutenção,910.86
5385,20240730,3,Pedágio,426.53
5386,20240730,3,Motorista (Salário/Diária),679.75
5387,20240730,3,Seguro,188.89
5388,20240730,3,Outros,104.98
5389,20240730,4,Combustível,5598.34
5390,20240730,4,Manutenção,3059.51
5391,20240730,4,Pedágio,1496.57
5392,20240730,4,Motorista (Salário/Diária),2668.55
5393,20240730,4,Seguro,750.97
5394,20240730,4,Outros,390.12
5395,20240730,5,Combustível,8959.08
5396,20240730,5,Manutenção,5193.73
5397,20240730,5,Pedágio,2322.49
5398,20240730,5,Motorista (Salário/Diária),3865.56
5399,20240730,5,Seguro,1086.67
5400,20240730,5,Outros,640.63
5401,20240731,1,Combustível,6768.83
5402,20240731,1,Manutenção,2891.26
5403,20240731,1,Pedágio,1698.51
5404,20240731,1,Motorista (Salário/Diária),2295.96
5405,20240731,1,Seguro,637.61
5406,20240731,1,Outros,475.59
5407,20240731,2,Combustível,1667.35
5408,20240731,2,Manutenção,809.21
5409,20240731,2,Pedágio,418.03
5410,20240731,2,Motorista (Salário/Diária),732.47
5411,20240731,2,Seguro,222.95
5412,20240731,2,Outros,134.35
5413,20240731,3,Combustível,914.43
5414,20240731,3,Manutenção,491.24
5415,20240731,3,Pedágio,205.69
5416,20240731,3,Motorista (Salário/Diária),420.71
5417,20240731,3,Seguro,95.36
5418,20240731,3,Outros,56.77
5419,20240731,4,Combustível,3422.5
5420,20240731,4,Manutenção,1527.56
5421,20240731,4,Pedágio,731.69
5422,20240731,4,Motorista (Salário/Diária),1057.64
5423,20240731,4,Seguro,310.24
5424,20240731,4,Outros,202.02
5425,20240731,5,Combustível,6626.45
5426,20240731,5,Manutenção,3103.72
5427,20240731,5,Pedágio,1541.63
5428,20240731,5,Motorista (Salário/Diária),2391.24
5429,20240731,5,Seguro,872.78
5430,20240731,5,Outros,492.1
5431,20240801,1,Combustível,5074.55
5432,20240801,1,Manutenção,2640.53
5433,20240801,1,Pedágio,1332.38
5434,20240801,1,Motorista (Salário/Diária),1941.92
5435,20240801,1,Seguro,624.93
5436,20240801,1,Outros,353.46
5437,20240801,2,Combustível,130.94
5438,20240801,2,Manutenção,57.63
5439,20240801,2,Pedágio,33.47
5440,20240801,2,Motorista (Salário/Diária),56.62
5441,20240801,2,Seguro,15.48
5442,20240801,2,Outros,10.09
5443,20240801,3,Combustível,6086.71
5444,20240801,3,Manutenção,2992.26
5445,20240801,3,Pedágio,1496.86
5446,20240801,3,Motorista (Salário/Diária),2143.69
5447,20240801,3,Seguro,679.04
5448,20240801,3,Outros,387.19
5449,20240801,4,Combustível,2189.19
5450,20240801,4,Manutenção,846.17
5451,20240801,4,Pedágio,433.51
5452,20240801,4,Motorista (Salário/Diária),699.15
5453,20240801,4,Seguro,246.37
5454,20240801,4,Outros,142.15
5455,20240801,5,Combustível,3530.37
5456,20240801,5,Manutenção,1723.71
5457,20240801,5,Pedágio,813.37
5458,20240801,5,Motorista (Salário/Diária),1445.23
5459,20240801,5,Seguro,480.77
5460,20240801,5,Outros,263.95
5461,20240802,1,Combustível,6711.14
5462,20240802,1,Manutenção,3210.04
5463,20240802,1,Pedágio,1910.97
5464,20240802,1,Motorista (Salário/Diária),2533.39
5465,20240802,1,Seguro,934.45
5466,20240802,1,Outros,546.67
5467,20240802,2,Combustível,3388.75
5468,20240802,2,Manutenção,1442.93
5469,20240802,2,Pedágio,641.77
5470,20240802,2,Motorista (Salário/Diária),1177.97
5471,20240802,2,Seguro,346.48
5472,20240802,2,Outros,176.53
5473,20240802,3,Combustível,5239.67
5474,20240802,3,Manutenção,2111.6
5475,20240802,3,Pedágio,933.97
5476,20240802,3,Motorista (Salário/Diária),1855.51
5477,20240802,3,Seguro,583.94
5478,20240802,3,Outros,320.93
5479,20240802,4,Combustível,9021.61
5480,20240802,4,Manutenção,4073.51
5481,20240802,4,Pedágio,1627.39
5482,20240802,4,Motorista (Salário/Diária),3194.56
5483,20240802,4,Seguro,909.5
5484,20240802,4,Outros,590.46
5485,20240802,5,Combustível,6178.08
5486,20240802,5,Manutenção,3005.97
5487,20240802,5,Pedágio,1361.3
5488,20240802,5,Motorista (Salário/Diária),2019.53
5489,20240802,5,Seguro,598.14
5490,20240802,5,Outros,450.22
5491,20240803,3,Combustível,2545.45
5492,20240803,3,Manutenção,1169.19
5493,20240803,3,Pedágio,524.77
5494,20240803,3,Motorista (Salário/Diária),1107.13
5495,20240803,3,Seguro,305.98
5496,20240803,3,Outros,162.34
5497,20240803,4,Combustível,915.15
5498,20240803,4,Manutenção,409.16
5499,20240803,4,Pedágio,188.44
5500,20240803,4,Motorista (Salário/Diária),352.33
5501,20240803,4,Seguro,95.52
5502,20240803,4,Outros,58.14
5503,20240803,5,Combustível,6841.04
5504,20240803,5,Manutenção,2940.26
5505,20240803,5,Pedágio,1200.9
5506,20240803,5,Motorista (Salário/Diária),2560.88
5507,20240803,5,Seguro,644.57
5508,20240803,5,Outros,473.06
5509,20240804,1,Combustível,394.07
5510,20240804,1,Manutenção,200.33
5511,20240804,1,Pedágio,77.84
5512,20240804,1,Motorista (Salário/Diária),174.06
5513,20240804,1,Seguro,43.03
5514,20240804,1,Outros,26.74
5515,20240804,3,Combustível,1495.75
5516,20240804,3,Manutenção,686.44
5517,20240804,3,Pedágio,298.62
5518,20240804,3,Motorista (Salário/Diária),541.91
5519,20240804,3,Seguro,173.86
5520,20240804,3,Outros,79.14
5521,20240804,4,Combustível,789.76
5522,20240804,4,Manutenção,303.45
5523,20240804,4,Pedágio,153.56
5524,20240804,4,Motorista (Salário/Diária),243.26
5525,20240804,4,Seguro,72.52
5526,20240804,4,Outros,48.48
5527,20240805,1,Combustível,7843.27
5528,20240805,1,Manutenção,3186.36
5529,20240805,1,Pedágio,1450.04
5530,20240805,1,Motorista (Salário/Diária),2848.26
5531,20240805,1,Seguro,806.63
5532,20240805,1,Outros,460.48
5533,20240805,2,Combustível,448.3
5534,20240805,2,Manutenção,171.44
5535,20240805,2,Pedágio,103.69
5536,20240805,2,Motorista (Salário/Diária),158.09
5537,20240805,2,Seguro,54.43
5538,20240805,2,Outros,28.27
5539,20240805,3,Combustível,4022.93
5540,20240805,3,Manutenção,1749.58
5541,20240805,3,Pedágio,892.83
5542,20240805,3,Motorista (Salário/Diária),1210.03
5543,20240805,3,Seguro,462.44
5544,20240805,3,Outros,271.0
5545,20240805,4,Combustível,4253.29
5546,20240805,4,Manutenção,1534.88
5547,20240805,4,Pedágio,778.35
5548,20240805,4,Motorista (Salário/Diária),1501.27
5549,20240805,4,Seguro,448.53
5550,20240805,4,Outros,261.24
5551,20240805,5,Combustível,14614.58
5552,20240805,5,Manutenção,6030.71
5553,20240805,5,Pedágio,2540.07
5554,20240805,5,Motorista (Salário/Diária),4623.18
5555,20240805,5,Seguro,1396.11
5556,20240805,5,Outros,958.57
5557,20240806,1,Combustível,1528.18
5558,20240806,1,Manutenção,701.37
5559,20240806,1,Pedágio,344.09
5560,20240806,1,Motorista (Salário/Diária),720.25
5561,20240806,1,Seguro,169.91
5562,20240806,1,Outros,121.82
5563,20240806,2,Combustível,4478.59
5564,20240806,2,Manutenção,1936.74
5565,20240806,2,Pedágio,927.87
5566,20240806,2,Motorista (Salário/Diária),1692.98
5567,20240806,2,Seguro,442.19
5568,20240806,2,Outros,256.58
5569,20240806,3,Combustível,4980.3
5570,20240806,3,Manutenção,2218.66
5571,20240806,3,Pedágio,1284.94
5572,20240806,3,Motorista (Salário/Diária),1906.58
5573,20240806,3,Seguro,621.38
5574,20240806,3,Outros,315.03
5575,20240806,4,Combustível,1147.72
5576,20240806,4,Manutenção,604.45
5577,20240806,4,Pedágio,309.06
5578,20240806,4,Motorista (Salário/Diária),460.34
5579,20240806,4,Seguro,147.78
5580,20240806,4,Outros,76.14
5581,20240806,5,Combustível,7005.29
5582,20240806,5,Manutenção,3203.12
5583,20240806,5,Pedágio,1568.32
5584,20240806,5,Motorista (Salário/Diária),2969.41
5585,20240806,5,Seguro,876.13
5586,20240806,5,Outros,496.15
5587,20240807,1,Combustível,4122.27
5588,20240807,1,Manutenção,1512.8
5589,20240807,1,Pedágio,894.14
5590,20240807,1,Motorista (Salário/Diária),1483.83
5591,20240807,1,Seguro,459.61
5592,20240807,1,Outros,259.36
5593,20240807,2,Combustível,3259.41
5594,20240807,2,Manutenção,1783.67
5595,20240807,2,Pedágio,902.49
5596,20240807,2,Motorista (Salário/Diária),1393.63
5597,20240807,2,Seguro,421.84
5598,20240807,2,Outros,244.32
5599,20240807,3,Combustível,1831.33
5600,20240807,3,Manutenção,701.75
5601,20240807,3,Pedágio,420.11
5602,20240807,3,Motorista (Salário/Diária),593.07
5603,20240807,3,Seguro,183.82
5604,20240807,3,Outros,112.56
5605,20240807,4,Combustível,1512.3
5606,20240807,4,Manutenção,772.32
5607,20240807,4,Pedágio,450.66
5608,20240807,4,Motorista (Salário/Diária),597.74
5609,20240807,4,Seguro,195.73
5610,20240807,4,Outros,134.03
5611,20240807,5,Combustível,11999.69
5612,20240807,5,Manutenção,6602.69
5613,20240807,5,Pedágio,2930.59
5614,20240807,5,Motorista (Salário/Diária),4721.41
5615,20240807,5,Seguro,1487.75
5616,20240807,5,Outros,938.4
5617,20240808,1,Combustível,7549.52
5618,20240808,1,Manutenção,3270.85
5619,20240808,1,Pedágio,1659.42
5620,20240808,1,Motorista (Salário/Diária),3130.75
5621,20240808,1,Seguro,945.24
5622,20240808,1,Outros,568.21
5623,20240808,2,Combustível,3115.62
5624,20240808,2,Manutenção,1529.82
5625,20240808,2,Pedágio,705.35
5626,20240808,2,Motorista (Salário/Diária),1422.79
5627,20240808,2,Seguro,456.95
5628,20240808,2,Outros,234.72
5629,20240808,3,Combustível,1899.0
5630,20240808,3,Manutenção,773.81
5631,20240808,3,Pedágio,413.09
5632,20240808,3,Motorista (Salário/Diária),848.38
5633,20240808,3,Seguro,220.17
5634,20240808,3,Outros,134.87
5635,20240808,4,Combustível,1440.48
5636,20240808,4,Manutenção,686.51
5637,20240808,4,Pedágio,307.31
5638,20240808,4,Motorista (Salário/Diária),504.16
5639,20240808,4,Seguro,166.03
5640,20240808,4,Outros,80.67
5641,20240808,5,Combustível,5777.22
5642,20240808,5,Manutenção,2655.56
5643,20240808,5,Pedágio,1356.91
5644,20240808,5,Motorista (Salário/Diária),2671.46
5645,20240808,5,Seguro,798.55
5646,20240808,5,Outros,501.44
5647,20240809,1,Combustível,4947.35
5648,20240809,1,Manutenção,2270.79
5649,20240809,1,Pedágio,1330.96
5650,20240809,1,Motorista (Salário/Diária),2379.81
5651,20240809,1,Seguro,670.66
5652,20240809,1,Outros,427.53
5653,20240809,2,Combustível,3192.16
5654,20240809,2,Manutenção,1514.49
5655,20240809,2,Pedágio,685.11
5656,20240809,2,Motorista (Salário/Diária),1173.11
5657,20240809,2,Seguro,316.16
5658,20240809,2,Outros,211.49
5659,20240809,3,Combustível,2115.65
5660,20240809,3,Manutenção,1103.82
5661,20240809,3,Pedágio,563.6
5662,20240809,3,Motorista (Salário/Diária),851.11
5663,20240809,3,Seguro,235.8
5664,20240809,3,Outros,169.2
5665,20240809,4,Combustível,6126.06
5666,20240809,4,Manutenção,2317.55
5667,20240809,4,Pedágio,1329.58
5668,20240809,4,Motorista (Salário/Diária),2176.78
5669,20240809,4,Seguro,694.8
5670,20240809,4,Outros,334.28
5671,20240809,5,Combustível,10089.01
5672,20240809,5,Manutenção,4178.27
5673,20240809,5,Pedágio,1948.24
5674,20240809,5,Motorista (Salário/Diária),3192.74
5675,20240809,5,Seguro,1068.52
5676,20240809,5,Outros,580.15
5677,20240810,5,Combustível,3391.94
5678,20240810,5,Manutenção,1970.35
5679,20240810,5,Pedágio,992.89
5680,20240810,5,Motorista (Salário/Diária),1341.45
5681,20240810,5,Seguro,443.66
5682,20240810,5,Outros,230.32
5683,20240811,1,Combustível,4019.93
5684,20240811,1,Manutenção,2260.53
5685,20240811,1,Pedágio,1110.1
5686,20240811,1,Motorista (Salário/Diária),1859.61
5687,20240811,1,Seguro,464.35
5688,20240811,1,Outros,278.69
5689,20240811,2,Combustível,1888.8
5690,20240811,2,Manutenção,772.06
5691,20240811,2,Pedágio,406.0
5692,20240811,2,Motorista (Salário/Diária),630.25
5693,20240811,2,Seguro,189.8
5694,20240811,2,Outros,103.88
5695,20240811,3,Combustível,3324.37
5696,20240811,3,Manutenção,1255.94
5697,20240811,3,Pedágio,824.36
5698,20240811,3,Motorista (Salário/Diária),1054.18
5699,20240811,3,Seguro,339.65
5700,20240811,3,Outros,236.32
5701,20240811,5,Combustível,512.25
5702,20240811,5,Manutenção,194.54
5703,20240811,5,Pedágio,125.22
5704,20240811,5,Motorista (Salário/Diária),164.46
5705,20240811,5,Seguro,54.71
5706,20240811,5,Outros,34.72
5707,20240812,1,Combustível,5847.66
5708,20240812,1,Manutenção,2446.07
5709,20240812,1,Pedágio,1225.38
5710,20240812,1,Motorista (Salário/Diária),2151.0
5711,20240812,1,Seguro,517.91
5712,20240812,1,Outros,391.84
5713,20240812,2,Combustível,2869.73
5714,20240812,2,Manutenção,1539.75
5715,20240812,2,Pedágio,668.61
5716,20240812,2,Motorista (Salário/Diária),1267.36
5717,20240812,2,Seguro,355.28
5718,20240812,2,Outros,182.37
5719,20240812,3,Combustível,2457.83
5720,20240812,3,Manutenção,1134.14
5721,20240812,3,Pedágio,591.36
5722,20240812,3,Motorista (Salário/Diária),1234.7
5723,20240812,3,Seguro,303.9
5724,20240812,3,Outros,212.58
5725,20240812,5,Combustível,5241.6
5726,20240812,5,Manutenção,1971.15
5727,20240812,5,Pedágio,994.01
5728,20240812,5,Motorista (Salário/Diária),1833.68
5729,20240812,5,Seguro,513.83
5730,20240812,5,Outros,304.95
5731,20240813,1,Combustível,4989.45
5732,20240813,1,Manutenção,2556.3
5733,20240813,1,Pedágio,1109.86
5734,20240813,1,Motorista (Salário/Diária),2413.73
5735,20240813,1,Seguro,532.99
5736,20240813,1,Outros,362.18
5737,20240813,2,Combustível,4336.2
5738,20240813,2,Manutenção,1955.79
5739,20240813,2,Pedágio,1046.6
5740,20240813,2,Motorista (Salário/Diária),1776.46
5741,20240813,2,Seguro,544.35
5742,20240813,2,Outros,260.79
5743,20240813,3,Combustível,5287.89
5744,20240813,3,Manutenção,2021.92
5745,20240813,3,Pedágio,895.84
5746,20240813,3,Motorista (Salário/Diária),1514.5
5747,20240813,3,Seguro,577.45
5748,20240813,3,Outros,352.9
5749,20240813,4,Combustível,6099.23
5750,20240813,4,Manutenção,2644.98
5751,20240813,4,Pedágio,1181.53
5752,20240813,4,Motorista (Salário/Diária),2303.85
5753,20240813,4,Seguro,546.25
5754,20240813,4,Outros,357.03
5755,20240813,5,Combustível,7824.21
5756,20240813,5,Manutenção,3728.37
5757,20240813,5,Pedágio,1762.54
5758,20240813,5,Motorista (Salário/Diária),2728.85
5759,20240813,5,Seguro,754.2
5760,20240813,5,Outros,445.33
5761,20240814,1,Combustível,5505.42
5762,20240814,1,Manutenção,2900.37
5763,20240814,1,Pedágio,1210.48
5764,20240814,1,Motorista (Salário/Diária),2486.03
5765,20240814,1,Seguro,772.69
5766,20240814,1,Outros,423.72
5767,20240814,2,Combustível,5158.29
5768,20240814,2,Manutenção,2102.23
5769,20240814,2,Pedágio,954.81
5770,20240814,2,Motorista (Salário/Diária),1598.71
5771,20240814,2,Seguro,576.86
5772,20240814,2,Outros,358.05
5773,20240814,3,Combustível,7082.0
5774,20240814,3,Manutenção,3134.78
5775,20240814,3,Pedágio,1492.5
5776,20240814,3,Motorista (Salário/Diária),2912.58
5777,20240814,3,Seguro,848.26
5778,20240814,3,Outros,452.05
5779,20240814,4,Combustível,5271.32
5780,20240814,4,Manutenção,2748.23
5781,20240814,4,Pedágio,1294.29
5782,20240814,4,Motorista (Salário/Diária),2069.8
5783,20240814,4,Seguro,602.72
5784,20240814,4,Outros,398.88
5785,20240814,5,Combustível,9020.12
5786,20240814,5,Manutenção,3340.78
5787,20240814,5,Pedágio,1841.05
5788,20240814,5,Motorista (Salário/Diária),2850.79
5789,20240814,5,Seguro,1062.74
5790,20240814,5,Outros,659.88
5791,20240815,1,Combustível,5853.11
5792,20240815,1,Manutenção,2057.21
5793,20240815,1,Pedágio,1042.82
5794,20240815,1,Motorista (Salário/Diária),1754.19
5795,20240815,1,Seguro,676.07
5796,20240815,1,Outros,384.27
5797,20240815,2,Combustível,4434.03
5798,20240815,2,Manutenção,1808.68
5799,20240815,2,Pedágio,945.67
5800,20240815,2,Motorista (Salário/Diária),1555.64
5801,20240815,2,Seguro,472.71
5802,20240815,2,Outros,275.45
5803,20240815,3,Combustível,4322.92
5804,20240815,3,Manutenção,1596.3
5805,20240815,3,Pedágio,864.2
5806,20240815,3,Motorista (Salário/Diária),1271.89
5807,20240815,3,Seguro,444.99
5808,20240815,3,Outros,257.11
5809,20240815,4,Combustível,6713.94
5810,20240815,4,Manutenção,3931.6
5811,20240815,4,Pedágio,1677.3
5812,20240815,4,Motorista (Salário/Diária),2660.72
5813,20240815,4,Seguro,750.9
5814,20240815,4,Outros,459.72
5815,20240815,5,Combustível,5513.17
5816,20240815,5,Manutenção,2125.13
5817,20240815,5,Pedágio,1167.71
5818,20240815,5,Motorista (Salário/Diária),2281.87
5819,20240815,5,Seguro,534.95
5820,20240815,5,Outros,404.87
5821,20240816,1,Combustível,5740.49
5822,20240816,1,Manutenção,2011.18
5823,20240816,1,Pedágio,1264.12
5824,20240816,1,Motorista (Salário/Diária),1804.96
5825,20240816,1,Seguro,484.6
5826,20240816,1,Outros,299.85
5827,20240816,2,Combustível,1667.91
5828,20240816,2,Manutenção,754.39
5829,20240816,2,Pedágio,391.48
5830,20240816,2,Motorista (Salário/Diária),669.23
5831,20240816,2,Seguro,186.18
5832,20240816,2,Outros,120.56
5833,20240816,4,Combustível,2492.72
5834,20240816,4,Manutenção,1204.7
5835,20240816,4,Pedágio,560.21
5836,20240816,4,Motorista (Salário/Diária),975.08
5837,20240816,4,Seguro,277.46
5838,20240816,4,Outros,214.24
5839,20240816,5,Combustível,4766.27
5840,20240816,5,Manutenção,2055.71
5841,20240816,5,Pedágio,1014.12
5842,20240816,5,Motorista (Salário/Diária),2084.44
5843,20240816,5,Seguro,631.01
5844,20240816,5,Outros,339.0
5845,20240817,1,Combustível,2485.83
5846,20240817,1,Manutenção,1041.01
5847,20240817,1,Pedágio,598.43
5848,20240817,1,Motorista (Salário/Diária),1016.0
5849,20240817,1,Seguro,229.73
5850,20240817,1,Outros,158.51
5851,20240817,3,Combustível,3301.98
5852,20240817,3,Manutenção,1510.23
5853,20240817,3,Pedágio,724.16
5854,20240817,3,Motorista (Salário/Diária),1103.04
5855,20240817,3,Seguro,367.08
5856,20240817,3,Outros,194.64
5857,20240817,5,Combustível,1554.36
5858,20240817,5,Manutenção,725.81
5859,20240817,5,Pedágio,319.03
5860,20240817,5,Motorista (Salário/Diária),658.26
5861,20240817,5,Seguro,184.56
5862,20240817,5,Outros,101.83
5863,20240818,1,Combustível,3854.14
5864,20240818,1,Manutenção,1558.95
5865,20240818,1,Pedágio,689.55
5866,20240818,1,Motorista (Salário/Diária),1247.01
5867,20240818,1,Seguro,400.19
5868,20240818,1,Outros,205.69
5869,20240818,2,Combustível,1638.13
5870,20240818,2,Manutenção,769.14
5871,20240818,2,Pedágio,329.39
5872,20240818,2,Motorista (Salário/Diária),542.88
5873,20240818,2,Seguro,179.73
5874,20240818,2,Outros,98.31
5875,20240818,3,Combustível,385.89
5876,20240818,3,Manutenção,177.86
5877,20240818,3,Pedágio,78.24
5878,20240818,3,Motorista (Salário/Diária),131.18
5879,20240818,3,Seguro,45.19
5880,20240818,3,Outros,25.25
5881,20240818,4,Combustível,186.96
5882,20240818,4,Manutenção,85.51
5883,20240818,4,Pedágio,38.04
5884,20240818,4,Motorista (Salário/Diária),62.72
5885,20240818,4,Seguro,18.14
5886,20240818,4,Outros,12.56
5887,20240818,5,Combustível,2780.1
5888,20240818,5,Manutenção,1157.63
5889,20240818,5,Pedágio,545.48
5890,20240818,5,Motorista (Salário/Diária),889.76
5891,20240818,5,Seguro,247.81
5892,20240818,5,Outros,187.99
5893,20240819,1,Combustível,1699.16
5894,20240819,1,Manutenção,851.03
5895,20240819,1,Pedágio,333.45
5896,20240819,1,Motorista (Salário/Diária),652.91
5897,20240819,1,Seguro,210.58
5898,20240819,1,Outros,104.13
5899,20240819,2,Combustível,7810.45
5900,20240819,2,Manutenção,3842.31
5901,20240819,2,Pedágio,1580.0
5902,20240819,2,Motorista (Salário/Diária),2537.26
5903,20240819,2,Seguro,894.8
5904,20240819,2,Outros,563.53
5905,20240819,3,Combustível,1165.71
5906,20240819,3,Manutenção,512.46
5907,20240819,3,Pedágio,249.07
5908,20240819,3,Motorista (Salário/Diária),466.39
5909,20240819,3,Seguro,136.74
5910,20240819,3,Outros,80.87
5911,20240819,4,Combustível,5007.82
5912,20240819,4,Manutenção,2879.95
5913,20240819,4,Pedágio,1486.41
5914,20240819,4,Motorista (Salário/Diária),2392.74
5915,20240819,4,Seguro,615.97
5916,20240819,4,Outros,392.47
5917,20240819,5,Combustível,10389.52
5918,20240819,5,Manutenção,4442.13
5919,20240819,5,Pedágio,2287.84
5920,20240819,5,Motorista (Salário/Diária),3876.02
5921,20240819,5,Seguro,1039.96
5922,20240819,5,Outros,671.89
5923,20240820,1,Combustível,6045.32
5924,20240820,1,Manutenção,2505.36
5925,20240820,1,Pedágio,1294.35
5926,20240820,1,Motorista (Salário/Diária),2069.54
5927,20240820,1,Seguro,612.29
5928,20240820,1,Outros,447.22
5929,20240820,2,Combustível,2265.89
5930,20240820,2,Manutenção,1278.8
5931,20240820,2,Pedágio,547.39
5932,20240820,2,Motorista (Salário/Diária),992.55
5933,20240820,2,Seguro,321.26
5934,20240820,2,Outros,159.74
5935,20240820,4,Combustível,627.36
5936,20240820,4,Manutenção,242.92
5937,20240820,4,Pedágio,111.96
5938,20240820,4,Motorista (Salário/Diária),235.64
5939,20240820,4,Seguro,54.07
5940,20240820,4,Outros,32.85
5941,20240820,5,Combustível,8553.57
5942,20240820,5,Manutenção,4352.41
5943,20240820,5,Pedágio,1917.43
5944,20240820,5,Motorista (Salário/Diária),3757.54
5945,20240820,5,Seguro,1069.54
5946,20240820,5,Outros,517.36
5947,20240821,1,Combustível,3490.91
5948,20240821,1,Manutenção,1384.45
5949,20240821,1,Pedágio,706.28
5950,20240821,1,Motorista (Salário/Diária),1081.02
5951,20240821,1,Seguro,396.6
5952,20240821,1,Outros,219.99
5953,20240821,2,Combustível,6316.13
5954,20240821,2,Manutenção,2602.19
5955,20240821,2,Pedágio,1067.29
5956,20240821,2,Motorista (Salário/Diária),1922.05
5957,20240821,2,Seguro,687.44
5958,20240821,2,Outros,346.35
5959,20240821,3,Combustível,12220.73
5960,20240821,3,Manutenção,5021.74
5961,20240821,3,Pedágio,2195.0
5962,20240821,3,Motorista (Salário/Diária),4620.9
5963,20240821,3,Seguro,1384.46
5964,20240821,3,Outros,714.05
5965,20240821,4,Combustível,4260.42
5966,20240821,4,Manutenção,1664.14
5967,20240821,4,Pedágio,1041.25
5968,20240821,4,Motorista (Salário/Diária),1696.05
5969,20240821,4,Seguro,502.98
5970,20240821,4,Outros,270.49
5971,20240821,5,Combustível,4233.43
5972,20240821,5,Manutenção,2305.88
5973,20240821,5,Pedágio,1189.03
5974,20240821,5,Motorista (Salário/Diária),1927.47
5975,20240821,5,Seguro,629.06
5976,20240821,5,Outros,312.32
5977,20240822,1,Combustível,6359.6
5978,20240822,1,Manutenção,2338.0
5979,20240822,1,Pedágio,1085.91
5980,20240822,1,Motorista (Salário/Diária),2149.05
5981,20240822,1,Seguro,635.71
5982,20240822,1,Outros,359.69
5983,20240822,2,Combustível,952.23
5984,20240822,2,Manutenção,365.43
5985,20240822,2,Pedágio,203.15
5986,20240822,2,Motorista (Salário/Diária),285.92
5987,20240822,2,Seguro,107.03
5988,20240822,2,Outros,62.75
5989,20240822,3,Combustível,5315.47
5990,20240822,3,Manutenção,1944.65
5991,20240822,3,Pedágio,1293.52
5992,20240822,3,Motorista (Salário/Diária),1974.94
5993,20240822,3,Seguro,561.61
5994,20240822,3,Outros,298.33
5995,20240822,4,Combustível,5152.78
5996,20240822,4,Manutenção,2036.05
5997,20240822,4,Pedágio,986.49
5998,20240822,4,Motorista (Salário/Diária),2091.48
5999,20240822,4,Seguro,544.83
6000,20240822,4,Outros,379.92
6001,20240822,5,Combustível,11436.12
6002,20240822,5,Manutenção,5082.39
6003,20240822,5,Pedágio,2356.62
6004,20240822,5,Motorista (Salário/Diária),4345.09
6005,20240822,5,Seguro,1197.81
6006,20240822,5,Outros,684.67
6007,20240823,1,Combustível,7095.81
6008,20240823,1,Manutenção,2837.0
6009,20240823,1,Pedágio,1638.64
6010,20240823,1,Motorista (Salário/Diária),2381.14
6011,20240823,1,Seguro,847.84
6012,20240823,1,Outros,385.81
6013,20240823,2,Combustível,2953.21
6014,20240823,2,Manutenção,1292.08
6015,20240823,2,Pedágio,627.65
6016,20240823,2,Motorista (Salário/Diária),923.92
6017,20240823,2,Seguro,308.8
6018,20240823,2,Outros,177.09
6019,20240823,3,Combustível,1618.72
6020,20240823,3,Manutenção,618.94
6021,20240823,3,Pedágio,374.04
6022,20240823,3,Motorista (Salário/Diária),572.6
6023,20240823,3,Seguro,160.38
6024,20240823,3,Outros,119.52
6025,20240823,4,Combustível,5294.53
6026,20240823,4,Manutenção,2065.21
6027,20240823,4,Pedágio,1176.83
6028,20240823,4,Motorista (Salário/Diária),2198.91
6029,20240823,4,Seguro,664.78
6030,20240823,4,Outros,346.69
6031,20240823,5,Combustível,9667.25
6032,20240823,5,Manutenção,3908.03
6033,20240823,5,Pedágio,2188.82
6034,20240823,5,Motorista (Salário/Diária),3282.24
6035,20240823,5,Seguro,1044.23
6036,20240823,5,Outros,594.14
6037,20240824,1,Combustível,939.7
6038,20240824,1,Manutenção,473.69
6039,20240824,1,Pedágio,255.26
6040,20240824,1,Motorista (Salário/Diária),391.3
6041,20240824,1,Seguro,119.66
6042,20240824,1,Outros,73.44
6043,20240824,4,Combustível,189.82
6044,20240824,4,Manutenção,90.78
6045,20240824,4,Pedágio,48.81
6046,20240824,4,Motorista (Salário/Diária),71.86
6047,20240824,4,Seguro,26.18
6048,20240824,4,Outros,15.86
6049,20240824,5,Combustível,1604.37
6050,20240824,5,Manutenção,588.55
6051,20240824,5,Pedágio,290.07
6052,20240824,5,Motorista (Salário/Diária),470.19
6053,20240824,5,Seguro,151.4
6054,20240824,5,Outros,87.51
6055,20240825,1,Combustível,447.86
6056,20240825,1,Manutenção,183.41
6057,20240825,1,Pedágio,116.14
6058,20240825,1,Motorista (Salário/Diária),159.45
6059,20240825,1,Seguro,55.13
6060,20240825,1,Outros,31.36
6061,20240825,2,Combustível,1430.74
6062,20240825,2,Manutenção,805.57
6063,20240825,2,Pedágio,328.76
6064,20240825,2,Motorista (Salário/Diária),618.5
6065,20240825,2,Seguro,190.85
6066,20240825,2,Outros,122.91
6067,20240825,5,Combustível,3859.26
6068,20240825,5,Manutenção,2025.93
6069,20240825,5,Pedágio,994.94
6070,20240825,5,Motorista (Salário/Diária),1446.12
6071,20240825,5,Seguro,444.46
6072,20240825,5,Outros,290.78
6073,20240826,1,Combustível,3596.64
6074,20240826,1,Manutenção,1986.18
6075,20240826,1,Pedágio,907.76
6076,20240826,1,Motorista (Salário/Diária),1393.86
6077,20240826,1,Seguro,425.42
6078,20240826,1,Outros,277.87
6079,20240826,2,Combustível,3168.92
6080,20240826,2,Manutenção,1239.88
6081,20240826,2,Pedágio,712.03
6082,20240826,2,Motorista (Salário/Diária),976.83
6083,20240826,2,Seguro,356.07
6084,20240826,2,Outros,194.68
6085,20240826,3,Combustível,3784.81
6086,20240826,3,Manutenção,1459.31
6087,20240826,3,Pedágio,798.25
6088,20240826,3,Motorista (Salário/Diária),1245.62
6089,20240826,3,Seguro,370.82
6090,20240826,3,Outros,235.64
6091,20240826,4,Combustível,2048.37
6092,20240826,4,Manutenção,941.03
6093,20240826,4,Pedágio,454.84
6094,20240826,4,Motorista (Salário/Diária),930.68
6095,20240826,4,Seguro,221.33
6096,20240826,4,Outros,128.79
6097,20240826,5,Combustível,3079.33
6098,20240826,5,Manutenção,1626.21
6099,20240826,5,Pedágio,871.62
6100,20240826,5,Motorista (Salário/Diária),1493.41
6101,20240826,5,Seguro,360.39
6102,20240826,5,Outros,200.22
6103,20240827,1,Combustível,17661.37
6104,20240827,1,Manutenção,8546.96
6105,20240827,1,Pedágio,3965.85
6106,20240827,1,Motorista (Salário/Diária),5748.41
6107,20240827,1,Seguro,2136.71
6108,20240827,1,Outros,1213.65
6109,20240827,2,Combustível,2374.75
6110,20240827,2,Manutenção,1229.37
6111,20240827,2,Pedágio,636.16
6112,20240827,2,Motorista (Salário/Diária),1084.92
6113,20240827,2,Seguro,322.1
6114,20240827,2,Outros,173.2
6115,20240827,3,Combustível,3989.39
6116,20240827,3,Manutenção,1372.52
6117,20240827,3,Pedágio,682.11
6118,20240827,3,Motorista (Salário/Diária),1305.2
6119,20240827,3,Seguro,406.82
6120,20240827,3,Outros,222.57
6121,20240827,4,Combustível,2557.23
6122,20240827,4,Manutenção,1255.28
6123,20240827,4,Pedágio,569.09
6124,20240827,4,Motorista (Salário/Diária),1147.84
6125,20240827,4,Seguro,336.37
6126,20240827,4,Outros,171.65
6127,20240827,5,Combustível,4854.79
6128,20240827,5,Manutenção,2066.04
6129,20240827,5,Pedágio,936.94
6130,20240827,5,Motorista (Salário/Diária),2024.4
6131,20240827,5,Seguro,566.64
6132,20240827,5,Outros,286.5
6133,20240828,1,Combustível,4506.81
6134,20240828,1,Manutenção,2011.28
6135,20240828,1,Pedágio,1012.58
6136,20240828,1,Motorista (Salário/Diária),1325.06
6137,20240828,1,Seguro,482.07
6138,20240828,1,Outros,240.71
6139,20240828,2,Combustível,769.28
6140,20240828,2,Manutenção,305.22
6141,20240828,2,Pedágio,176.42
6142,20240828,2,Motorista (Salário/Diária),240.65
6143,20240828,2,Seguro,72.05
6144,20240828,2,Outros,48.09
6145,20240828,3,Combustível,3141.51
6146,20240828,3,Manutenção,1072.63
6147,20240828,3,Pedágio,621.83
6148,20240828,3,Motorista (Salário/Diária),1017.39
6149,20240828,3,Seguro,336.94
6150,20240828,3,Outros,168.41
6151,20240828,4,Combustível,4814.21
6152,20240828,4,Manutenção,2186.53
6153,20240828,4,Pedágio,1054.93
6154,20240828,4,Motorista (Salário/Diária),1875.91
6155,20240828,4,Seguro,502.55
6156,20240828,4,Outros,366.35
6157,20240828,5,Combustível,3036.09
6158,20240828,5,Manutenção,1064.77
6159,20240828,5,Pedágio,529.81
6160,20240828,5,Motorista (Salário/Diária),956.88
6161,20240828,5,Seguro,266.5
6162,20240828,5,Outros,160.52
6163,20240829,1,Combustível,3520.29
6164,20240829,1,Manutenção,1683.09
6165,20240829,1,Pedágio,685.48
6166,20240829,1,Motorista (Salário/Diária),1312.82
6167,20240829,1,Seguro,415.95
6168,20240829,1,Outros,201.7
6169,20240829,2,Combustível,2495.89
6170,20240829,2,Manutenção,1187.27
6171,20240829,2,Pedágio,512.14
6172,20240829,2,Motorista (Salário/Diária),989.43
6173,20240829,2,Seguro,259.63
6174,20240829,2,Outros,168.39
6175,20240829,3,Combustível,711.88
6176,20240829,3,Manutenção,355.53
6177,20240829,3,Pedágio,181.82
6178,20240829,3,Motorista (Salário/Diária),291.54
6179,20240829,3,Seguro,75.11
6180,20240829,3,Outros,53.21
6181,20240829,4,Combustível,10134.51
6182,20240829,4,Manutenção,3771.09
6183,20240829,4,Pedágio,1968.58
6184,20240829,4,Motorista (Salário/Diária),3398.01
6185,20240829,4,Seguro,987.46
6186,20240829,4,Outros,698.02
6187,20240829,5,Combustível,4057.06
6188,20240829,5,Manutenção,1550.92
6189,20240829,5,Pedágio,982.49
6190,20240829,5,Motorista (Salário/Diária),1688.85
6191,20240829,5,Seguro,501.74
6192,20240829,5,Outros,304.57
6193,20240830,1,Combustível,6037.28
6194,20240830,1,Manutenção,2738.48
6195,20240830,1,Pedágio,1578.31
6196,20240830,1,Motorista (Salário/Diária),2295.83
6197,20240830,1,Seguro,772.85
6198,20240830,1,Outros,464.01
6199,20240830,2,Combustível,3009.33
6200,20240830,2,Manutenção,1243.04
6201,20240830,2,Pedágio,596.32
6202,20240830,2,Motorista (Salário/Diária),954.36
6203,20240830,2,Seguro,300.39
6204,20240830,2,Outros,156.16
6205,20240830,3,Combustível,153.45
6206,20240830,3,Manutenção,60.61
6207,20240830,3,Pedágio,39.62
6208,20240830,3,Motorista (Salário/Diária),57.83
6209,20240830,3,Seguro,17.06
6210,20240830,3,Outros,10.3
6211,20240830,4,Combustível,420.47
6212,20240830,4,Manutenção,169.62
6213,20240830,4,Pedágio,107.09
6214,20240830,4,Motorista (Salário/Diária),141.24
6215,20240830,4,Seguro,52.69
6216,20240830,4,Outros,30.4
6217,20240830,5,Combustível,3008.55
6218,20240830,5,Manutenção,1401.87
6219,20240830,5,Pedágio,838.23
6220,20240830,5,Motorista (Salário/Diária),1222.25
6221,20240830,5,Seguro,385.47
6222,20240830,5,Outros,262.64
6223,20240831,1,Combustível,3393.65
6224,20240831,1,Manutenção,1585.24
6225,20240831,1,Pedágio,732.0
6226,20240831,1,Motorista (Salário/Diária),1393.47
6227,20240831,1,Seguro,387.87
6228,20240831,1,Outros,270.17
6229,20240831,2,Combustível,1553.65
6230,20240831,2,Manutenção,859.84
6231,20240831,2,Pedágio,455.31
6232,20240831,2,Motorista (Salário/Diária),716.61
6233,20240831,2,Seguro,205.29
6234,20240831,2,Outros,135.1
6235,20240831,5,Combustível,1210.92
6236,20240831,5,Manutenção,467.54
6237,20240831,5,Pedágio,301.48
6238,20240831,5,Motorista (Salário/Diária),441.86
6239,20240831,5,Seguro,127.61
6240,20240831,5,Outros,81.66
6241,20240901,1,Combustível,753.62
6242,20240901,1,Manutenção,292.94
6243,20240901,1,Pedágio,157.1
6244,20240901,1,Motorista (Salário/Diária),245.89
6245,20240901,1,Seguro,87.95
6246,20240901,1,Outros,43.09
6247,20240901,2,Combustível,853.45
6248,20240901,2,Manutenção,435.9
6249,20240901,2,Pedágio,182.8
6250,20240901,2,Motorista (Salário/Diária),334.65
6251,20240901,2,Seguro,98.89
6252,20240901,2,Outros,55.73
6253,20240901,3,Combustível,450.79
6254,20240901,3,Manutenção,259.77
6255,20240901,3,Pedágio,114.76
6256,20240901,3,Motorista (Salário/Diária),206.27
6257,20240901,3,Seguro,52.35
6258,20240901,3,Outros,38.1
6259,20240901,5,Combustível,573.9
6260,20240901,5,Manutenção,289.59
6261,20240901,5,Pedágio,141.32
6262,20240901,5,Motorista (Salário/Diária),218.54
6263,20240901,5,Seguro,59.67
6264,20240901,5,Outros,46.09
6265,20240902,1,Combustível,3347.7
6266,20240902,1,Manutenção,1605.97
6267,20240902,1,Pedágio,753.4
6268,20240902,1,Motorista (Salário/Diária),1223.23
6269,20240902,1,Seguro,360.74
6270,20240902,1,Outros,230.0
6271,20240902,2,Combustível,1580.23
6272,20240902,2,Manutenção,756.69
6273,20240902,2,Pedágio,416.33
6274,20240902,2,Motorista (Salário/Diária),648.72
6275,20240902,2,Seguro,161.76
6276,20240902,2,Outros,119.82
6277,20240902,3,Combustível,7460.69
6278,20240902,3,Manutenção,3342.62
6279,20240902,3,Pedágio,1749.87
6280,20240902,3,Motorista (Salário/Diária),3676.55
6281,20240902,3,Seguro,1065.28
6282,20240902,3,Outros,598.47
6283,20240902,4,Combustível,1584.54
6284,20240902,4,Manutenção,780.71
6285,20240902,4,Pedágio,362.44
6286,20240902,4,Motorista (Salário/Diária),637.6
6287,20240902,4,Seguro,194.35
6288,20240902,4,Outros,112.76
6289,20240902,5,Combustível,6072.52
6290,20240902,5,Manutenção,2199.06
6291,20240902,5,Pedágio,1351.85
6292,20240902,5,Motorista (Salário/Diária),1802.37
6293,20240902,5,Seguro,529.94
6294,20240902,5,Outros,397.33
6295,20240903,1,Combustível,12824.62
6296,20240903,1,Manutenção,6042.45
6297,20240903,1,Pedágio,3001.34
6298,20240903,1,Motorista (Salário/Diária),5944.25
6299,20240903,1,Seguro,1382.33
6300,20240903,1,Outros,998.84
6301,20240903,2,Combustível,2913.97
6302,20240903,2,Manutenção,1188.54
6303,20240903,2,Pedágio,490.14
6304,20240903,2,Motorista (Salário/Diária),1116.25
6305,20240903,2,Seguro,266.15
6306,20240903,2,Outros,181.95
6307,20240903,3,Combustível,4777.39
6308,20240903,3,Manutenção,2781.85
6309,20240903,3,Pedágio,1384.1
6310,20240903,3,Motorista (Salário/Diária),2067.22
6311,20240903,3,Seguro,636.22
6312,20240903,3,Outros,423.17
6313,20240903,4,Combustível,5302.18
6314,20240903,4,Manutenção,2309.03
6315,20240903,4,Pedágio,1152.31
6316,20240903,4,Motorista (Salário/Diária),2028.95
6317,20240903,4,Seguro,541.71
6318,20240903,4,Outros,347.28
6319,20240903,5,Combustível,5060.7
6320,20240903,5,Manutenção,2316.56
6321,20240903,5,Pedágio,976.23
6322,20240903,5,Motorista (Salário/Diária),2027.27
6323,20240903,5,Seguro,528.67
6324,20240903,5,Outros,302.04
6325,20240904,1,Combustível,5628.36
6326,20240904,1,Manutenção,2385.57
6327,20240904,1,Pedágio,1058.41
6328,20240904,1,Motorista (Salário/Diária),1948.41
6329,20240904,1,Seguro,616.92
6330,20240904,1,Outros,325.89
6331,20240904,2,Combustível,671.68
6332,20240904,2,Manutenção,328.88
6333,20240904,2,Pedágio,171.09
6334,20240904,2,Motorista (Salário/Diária),301.6
6335,20240904,2,Seguro,70.72
6336,20240904,2,Outros,54.48
6337,20240904,3,Combustível,6891.8
6338,20240904,3,Manutenção,3680.33
6339,20240904,3,Pedágio,1799.88
6340,20240904,3,Motorista (Salário/Diária),2511.23
6341,20240904,3,Seguro,857.56
6342,20240904,3,Outros,475.29
6343,20240904,4,Combustível,2365.68
6344,20240904,4,Manutenção,1020.33
6345,20240904,4,Pedágio,513.39
6346,20240904,4,Motorista (Salário/Diária),822.29
6347,20240904,4,Seguro,250.8
6348,20240904,4,Outros,169.43
6349,20240904,5,Combustível,4881.48
6350,20240904,5,Manutenção,2201.18
6351,20240904,5,Pedágio,1172.5
6352,20240904,5,Motorista (Salário/Diária),2275.63
6353,20240904,5,Seguro,643.73
6354,20240904,5,Outros,335.03
6355,20240905,1,Combustível,10155.66
6356,20240905,1,Manutenção,5011.7
6357,20240905,1,Pedágio,2545.16
6358,20240905,1,Motorista (Salário/Diária),3686.05
6359,20240905,1,Seguro,1036.6
6360,20240905,1,Outros,673.97
6361,20240905,2,Combustível,4282.38
6362,20240905,2,Manutenção,1994.36
6363,20240905,2,Pedágio,758.1
6364,20240905,2,Motorista (Salário/Diária),1400.24
6365,20240905,2,Seguro,446.26
6366,20240905,2,Outros,297.84
6367,20240905,3,Combustível,3799.25
6368,20240905,3,Manutenção,1833.11
6369,20240905,3,Pedágio,730.07
6370,20240905,3,Motorista (Salário/Diária),1220.92
6371,20240905,3,Seguro,444.62
6372,20240905,3,Outros,272.13
6373,20240905,4,Combustível,4587.62
6374,20240905,4,Manutenção,1925.46
6375,20240905,4,Pedágio,1219.27
6376,20240905,4,Motorista (Salário/Diária),1653.28
6377,20240905,4,Seguro,536.43
6378,20240905,4,Outros,364.44
6379,20240905,5,Combustível,12312.65
6380,20240905,5,Manutenção,5297.04
6381,20240905,5,Pedágio,2757.14
6382,20240905,5,Motorista (Salário/Diária),4396.49
6383,20240905,5,Seguro,1365.76
6384,20240905,5,Outros,685.24
6385,20240906,1,Combustível,2386.64
6386,20240906,1,Manutenção,1114.79
6387,20240906,1,Pedágio,620.55
6388,20240906,1,Motorista (Salário/Diária),820.86
6389,20240906,1,Seguro,231.29
6390,20240906,1,Outros,139.33
6391,20240906,2,Combustível,2271.92
6392,20240906,2,Manutenção,996.76
6393,20240906,2,Pedágio,577.08
6394,20240906,2,Motorista (Salário/Diária),870.89
6395,20240906,2,Seguro,278.18
6396,20240906,2,Outros,159.59
6397,20240906,3,Combustível,2935.34
6398,20240906,3,Manutenção,1136.34
6399,20240906,3,Pedágio,709.35
6400,20240906,3,Motorista (Salário/Diária),986.15
6401,20240906,3,Seguro,330.26
6402,20240906,3,Outros,168.19
6403,20240906,4,Combustível,5140.25
6404,20240906,4,Manutenção,2107.41
6405,20240906,4,Pedágio,885.17
6406,20240906,4,Motorista (Salário/Diária),1719.29
6407,20240906,4,Seguro,460.75
6408,20240906,4,Outros,349.23
6409,20240906,5,Combustível,7653.77
6410,20240906,5,Manutenção,3864.47
6411,20240906,5,Pedágio,1494.29
6412,20240906,5,Motorista (Salário/Diária),3093.58
6413,20240906,5,Seguro,910.84
6414,20240906,5,Outros,502.7
6415,20240907,1,Combustível,695.6
6416,20240907,1,Manutenção,302.22
6417,20240907,1,Pedágio,155.66
6418,20240907,1,Motorista (Salário/Diária),264.63
6419,20240907,1,Seguro,78.26
6420,20240907,1,Outros,46.74
6421,20240907,4,Combustível,604.59
6422,20240907,4,Manutenção,288.41
6423,20240907,4,Pedágio,140.37
6424,20240907,4,Motorista (Salário/Diária),212.16
6425,20240907,4,Seguro,63.41
6426,20240907,4,Outros,46.37
6427,20240907,5,Combustível,1360.12
6428,20240907,5,Manutenção,506.96
6429,20240907,5,Pedágio,230.65
6430,20240907,5,Motorista (Salário/Diária),445.77
6431,20240907,5,Seguro,134.71
6432,20240907,5,Outros,81.61
6433,20240908,1,Combustível,6336.24
6434,20240908,1,Manutenção,2565.08
6435,20240908,1,Pedágio,1304.59
6436,20240908,1,Motorista (Salário/Diária),2415.55
6437,20240908,1,Seguro,721.35
6438,20240908,1,Outros,360.06
6439,20240908,2,Combustível,462.88
6440,20240908,2,Manutenção,184.44
6441,20240908,2,Pedágio,114.55
6442,20240908,2,Motorista (Salário/Diária),160.71
6443,20240908,2,Seguro,46.26
6444,20240908,2,Outros,26.43
6445,20240908,3,Combustível,1968.78
6446,20240908,3,Manutenção,918.27
6447,20240908,3,Pedágio,480.39
6448,20240908,3,Motorista (Salário/Diária),759.64
6449,20240908,3,Seguro,247.32
6450,20240908,3,Outros,113.04
6451,20240908,4,Combustível,1003.43
6452,20240908,4,Manutenção,477.13
6453,20240908,4,Pedágio,247.88
6454,20240908,4,Motorista (Salário/Diária),458.91
6455,20240908,4,Seguro,116.75
6456,20240908,4,Outros,75.57
6457,20240908,5,Combustível,813.62
6458,20240908,5,Manutenção,426.8
6459,20240908,5,Pedágio,173.27
6460,20240908,5,Motorista (Salário/Diária),330.66
6461,20240908,5,Seguro,100.11
6462,20240908,5,Outros,53.65
6463,20240909,1,Combustível,10623.6
6464,20240909,1,Manutenção,3778.8
6465,20240909,1,Pedágio,2219.18
6466,20240909,1,Motorista (Salário/Diária),3411.8
6467,20240909,1,Seguro,1157.49
6468,20240909,1,Outros,572.32
6469,20240909,2,Combustível,1704.58
6470,20240909,2,Manutenção,973.32
6471,20240909,2,Pedágio,467.21
6472,20240909,2,Motorista (Salário/Diária),744.73
6473,20240909,2,Seguro,215.19
6474,20240909,2,Outros,126.58
6475,20240909,4,Combustível,4822.59
6476,20240909,4,Manutenção,2599.01
6477,20240909,4,Pedágio,1121.99
6478,20240909,4,Motorista (Salário/Diária),2228.56
6479,20240909,4,Seguro,625.39
6480,20240909,4,Outros,317.03
6481,20240909,5,Combustível,6989.43
6482,20240909,5,Manutenção,3245.66
6483,20240909,5,Pedágio,1500.53
6484,20240909,5,Motorista (Salário/Diária),2324.83
6485,20240909,5,Seguro,684.99
6486,20240909,5,Outros,496.66
6487,20240910,1,Combustível,10253.67
6488,20240910,1,Manutenção,4324.28
6489,20240910,1,Pedágio,2117.59
6490,20240910,1,Motorista (Salário/Diária),4456.17
6491,20240910,1,Seguro,1309.17
6492,20240910,1,Outros,752.06
6493,20240910,2,Combustível,4483.49
6494,20240910,2,Manutenção,1901.6
6495,20240910,2,Pedágio,835.7
6496,20240910,2,Motorista (Salário/Diária),1351.09
6497,20240910,2,Seguro,433.72
6498,20240910,2,Outros,278.89
6499,20240910,3,Combustível,2259.09
6500,20240910,3,Manutenção,1057.04
6501,20240910,3,Pedágio,600.41
6502,20240910,3,Motorista (Salário/Diária),902.1
6503,20240910,3,Seguro,299.62
6504,20240910,3,Outros,155.78
6505,20240910,4,Combustível,2996.68
6506,20240910,4,Manutenção,1482.65
6507,20240910,4,Pedágio,782.94
6508,20240910,4,Motorista (Salário/Diária),1239.53
6509,20240910,4,Seguro,371.54
6510,20240910,4,Outros,195.39
6511,20240910,5,Combustível,6514.84
6512,20240910,5,Manutenção,2783.73
6513,20240910,5,Pedágio,1380.45
6514,20240910,5,Motorista (Salário/Diária),2302.69
6515,20240910,5,Seguro,705.36
6516,20240910,5,Outros,369.56
6517,20240911,1,Combustível,4160.81
6518,20240911,1,Manutenção,1638.3
6519,20240911,1,Pedágio,885.27
6520,20240911,1,Motorista (Salário/Diária),1637.54
6521,20240911,1,Seguro,426.99
6522,20240911,1,Outros,292.21
6523,20240911,2,Combustível,188.89
6524,20240911,2,Manutenção,96.53
6525,20240911,2,Pedágio,49.07
6526,20240911,2,Motorista (Salário/Diária),81.82
6527,20240911,2,Seguro,19.57
6528,20240911,2,Outros,13.88
6529,20240911,3,Combustível,225.02
6530,20240911,3,Manutenção,92.64
6531,20240911,3,Pedágio,45.34
6532,20240911,3,Motorista (Salário/Diária),68.75
6533,20240911,3,Seguro,25.04
6534,20240911,3,Outros,13.23
6535,20240911,4,Combustível,5834.3
6536,20240911,4,Manutenção,2676.61
6537,20240911,4,Pedágio,1090.9
6538,20240911,4,Motorista (Salário/Diária),2330.62
6539,20240911,4,Seguro,631.37
6540,20240911,4,Outros,387.35
6541,20240911,5,Combustível,1104.96
6542,20240911,5,Manutenção,415.71
6543,20240911,5,Pedágio,196.65
6544,20240911,5,Motorista (Salário/Diária),427.4
6545,20240911,5,Seguro,100.67
6546,20240911,5,Outros,77.73
6547,20240912,1,Combustível,8345.33
6548,20240912,1,Manutenção,2807.3
6549,20240912,1,Pedágio,1704.91
6550,20240912,1,Motorista (Salário/Diária),2552.84
6551,20240912,1,Seguro,794.82
6552,20240912,1,Outros,493.46
6553,20240912,2,Combustível,5506.3
6554,20240912,2,Manutenção,2698.93
6555,20240912,2,Pedágio,1348.07
6556,20240912,2,Motorista (Salário/Diária),2218.27
6557,20240912,2,Seguro,595.77
6558,20240912,2,Outros,389.23
6559,20240912,3,Combustível,999.65
6560,20240912,3,Manutenção,401.36
6561,20240912,3,Pedágio,208.75
6562,20240912,3,Motorista (Salário/Diária),373.24
6563,20240912,3,Seguro,126.46
6564,20240912,3,Outros,68.29
6565,20240912,4,Combustível,5045.15
6566,20240912,4,Manutenção,1885.35
6567,20240912,4,Pedágio,1091.15
6568,20240912,4,Motorista (Salário/Diária),1687.14
6569,20240912,4,Seguro,468.57
6570,20240912,4,Outros,272.42
6571,20240912,5,Combustível,10901.36
6572,20240912,5,Manutenção,4633.4
6573,20240912,5,Pedágio,2810.32
6574,20240912,5,Motorista (Salário/Diária),3828.29
6575,20240912,5,Seguro,1264.27
6576,20240912,5,Outros,743.89
6577,20240913,1,Combustível,3087.39
6578,20240913,1,Manutenção,1790.68
6579,20240913,1,Pedágio,803.39
6580,20240913,1,Motorista (Salário/Diária),1466.39
6581,20240913,1,Seguro,366.1
6582,20240913,1,Outros,221.3
6583,20240913,2,Combustível,3475.41
6584,20240913,2,Manutenção,1554.44
6585,20240913,2,Pedágio,693.18
6586,20240913,2,Motorista (Salário/Diária),1417.52
6587,20240913,2,Seguro,353.29
6588,20240913,2,Outros,196.14
6589,20240913,3,Combustível,3859.83
6590,20240913,3,Manutenção,2009.37
6591,20240913,3,Pedágio,1081.87
6592,20240913,3,Motorista (Salário/Diária),1847.42
6593,20240913,3,Seguro,539.21
6594,20240913,3,Outros,304.99
6595,20240913,4,Combustível,531.24
6596,20240913,4,Manutenção,234.39
6597,20240913,4,Pedágio,92.89
6598,20240913,4,Motorista (Salário/Diária),151.13
6599,20240913,4,Seguro,47.48
6600,20240913,4,Outros,35.27
6601,20240913,5,Combustível,6984.69
6602,20240913,5,Manutenção,3105.49
6603,20240913,5,Pedágio,1956.52
6604,20240913,5,Motorista (Salário/Diária),2765.88
6605,20240913,5,Seguro,802.63
6606,20240913,5,Outros,558.92
6607,20240914,1,Combustível,172.22
6608,20240914,1,Manutenção,71.1
6609,20240914,1,Pedágio,36.54
6610,20240914,1,Motorista (Salário/Diária),59.09
6611,20240914,1,Seguro,16.32
6612,20240914,1,Outros,11.43
6613,20240914,3,Combustível,1294.83
6614,20240914,3,Manutenção,552.71
6615,20240914,3,Pedágio,312.08
6616,20240914,3,Motorista (Salário/Diária),610.51
6617,20240914,3,Seguro,162.01
6618,20240914,3,Outros,81.5
6619,20240914,4,Combustível,1284.66
6620,20240914,4,Manutenção,537.53
6621,20240914,4,Pedágio,327.47
6622,20240914,4,Motorista (Salário/Diária),556.06
6623,20240914,4,Seguro,143.16
6624,20240914,4,Outros,82.44
6625,20240914,5,Combustível,3868.27
6626,20240914,5,Manutenção,2059.39
6627,20240914,5,Pedágio,990.14
6628,20240914,5,Motorista (Salário/Diária),1354.48
6629,20240914,5,Seguro,461.88
6630,20240914,5,Outros,233.86
6631,20240915,5,Combustível,3946.23
6632,20240915,5,Manutenção,1856.88
6633,20240915,5,Pedágio,999.19
6634,20240915,5,Motorista (Salário/Diária),1564.33
6635,20240915,5,Seguro,506.51
6636,20240915,5,Outros,291.26
6637,20240916,1,Combustível,3571.28
6638,20240916,1,Manutenção,1573.53
6639,20240916,1,Pedágio,744.35
6640,20240916,1,Motorista (Salário/Diária),1564.8
6641,20240916,1,Seguro,413.59
6642,20240916,1,Outros,255.99
6643,20240916,2,Combustível,8568.94
6644,20240916,2,Manutenção,3249.12
6645,20240916,2,Pedágio,1837.82
6646,20240916,2,Motorista (Salário/Diária),2640.8
6647,20240916,2,Seguro,801.36
6648,20240916,2,Outros,523.94
6649,20240916,3,Combustível,8099.95
6650,20240916,3,Manutenção,3642.35
6651,20240916,3,Pedágio,1847.58
6652,20240916,3,Motorista (Salário/Diária),3357.18
6653,20240916,3,Seguro,1091.01
6654,20240916,3,Outros,657.53
6655,20240916,4,Combustível,4029.72
6656,20240916,4,Manutenção,1651.61
6657,20240916,4,Pedágio,950.13
6658,20240916,4,Motorista (Salário/Diária),1550.01
6659,20240916,4,Seguro,361.15
6660,20240916,4,Outros,285.74
6661,20240916,5,Combustível,4042.35
6662,20240916,5,Manutenção,1604.82
6663,20240916,5,Pedágio,961.74
6664,20240916,5,Motorista (Salário/Diária),1466.04
6665,20240916,5,Seguro,460.91
6666,20240916,5,Outros,248.35
6667,20240917,1,Combustível,14252.89
6668,20240917,1,Manutenção,6309.49
6669,20240917,1,Pedágio,2387.56
6670,20240917,1,Motorista (Salário/Diária),5217.24
6671,20240917,1,Seguro,1489.81
6672,20240917,1,Outros,770.37
6673,20240917,2,Combustível,4361.76
6674,20240917,2,Manutenção,1982.84
6675,20240917,2,Pedágio,857.82
6676,20240917,2,Motorista (Salário/Diária),1656.6
6677,20240917,2,Seguro,530.86
6678,20240917,2,Outros,260.23
6679,20240917,3,Combustível,4035.51
6680,20240917,3,Manutenção,1845.62
6681,20240917,3,Pedágio,1052.28
6682,20240917,3,Motorista (Salário/Diária),1820.34
6683,20240917,3,Seguro,437.32
6684,20240917,3,Outros,304.99
6685,20240917,4,Combustível,6176.76
6686,20240917,4,Manutenção,2675.07
6687,20240917,4,Pedágio,1064.66
6688,20240917,4,Motorista (Salário/Diária),2085.86
6689,20240917,4,Seguro,563.31
6690,20240917,4,Outros,329.13
6691,20240917,5,Combustível,9764.62
6692,20240917,5,Manutenção,4023.97
6693,20240917,5,Pedágio,1769.03
6694,20240917,5,Motorista (Salário/Diária),3745.19
6695,20240917,5,Seguro,1014.79
6696,20240917,5,Outros,560.77
6697,20240918,1,Combustível,8719.2
6698,20240918,1,Manutenção,3407.34
6699,20240918,1,Pedágio,1795.43
6700,20240918,1,Motorista (Salário/Diária),3612.35
6701,20240918,1,Seguro,958.06
6702,20240918,1,Outros,521.25
6703,20240918,2,Combustível,1475.03
6704,20240918,2,Manutenção,539.48
6705,20240918,2,Pedágio,266.71
6706,20240918,2,Motorista (Salário/Diária),570.03
6707,20240918,2,Seguro,140.0
6708,20240918,2,Outros,89.18
6709,20240918,4,Combustível,4174.05
6710,20240918,4,Manutenção,1853.65
6711,20240918,4,Pedágio,944.81
6712,20240918,4,Motorista (Salário/Diária),1571.04
6713,20240918,4,Seguro,521.79
6714,20240918,4,Outros,259.89
6715,20240918,5,Combustível,12437.12
6716,20240918,5,Manutenção,4790.29
6717,20240918,5,Pedágio,2331.77
6718,20240918,5,Motorista (Salário/Diária),4661.34
6719,20240918,5,Seguro,1242.12
6720,20240918,5,Outros,691.09
6721,20240919,1,Combustível,3586.24
6722,20240919,1,Manutenção,1597.59
6723,20240919,1,Pedágio,712.86
6724,20240919,1,Motorista (Salário/Diária),1131.65
6725,20240919,1,Seguro,329.33
6726,20240919,1,Outros,238.0
6727,20240919,2,Combustível,2200.41
6728,20240919,2,Manutenção,1107.47
6729,20240919,2,Pedágio,582.88
6730,20240919,2,Motorista (Salário/Diária),989.99
6731,20240919,2,Seguro,282.65
6732,20240919,2,Outros,171.29
6733,20240919,3,Combustível,2065.9
6734,20240919,3,Manutenção,1126.06
6735,20240919,3,Pedágio,557.66
6736,20240919,3,Motorista (Salário/Diária),1008.92
6737,20240919,3,Seguro,245.72
6738,20240919,3,Outros,176.76
6739,20240919,4,Combustível,2297.96
6740,20240919,4,Manutenção,1196.01
6741,20240919,4,Pedágio,492.71
6742,20240919,4,Motorista (Salário/Diária),911.99
6743,20240919,4,Seguro,250.94
6744,20240919,4,Outros,179.31
6745,20240919,5,Combustível,13971.8
6746,20240919,5,Manutenção,6939.28
6747,20240919,5,Pedágio,3465.0
6748,20240919,5,Motorista (Salário/Diária),5257.1
6749,20240919,5,Seguro,1863.42
6750,20240919,5,Outros,949.94
6751,20240920,1,Combustível,5175.75
6752,20240920,1,Manutenção,2512.51
6753,20240920,1,Pedágio,1356.75
6754,20240920,1,Motorista (Salário/Diária),2308.79
6755,20240920,1,Seguro,639.08
6756,20240920,1,Outros,383.99
6757,20240920,2,Combustível,2082.44
6758,20240920,2,Manutenção,905.42
6759,20240920,2,Pedágio,412.44
6760,20240920,2,Motorista (Salário/Diária),907.05
6761,20240920,2,Seguro,224.65
6762,20240920,2,Outros,152.88
6763,20240920,3,Combustível,3435.34
6764,20240920,3,Manutenção,1746.75
6765,20240920,3,Pedágio,728.34
6766,20240920,3,Motorista (Salário/Diária),1594.07
6767,20240920,3,Seguro,457.58
6768,20240920,3,Outros,242.18
6769,20240920,4,Combustível,4980.02
6770,20240920,4,Manutenção,2521.8
6771,20240920,4,Pedágio,1112.89
6772,20240920,4,Motorista (Salário/Diária),1934.56
6773,20240920,4,Seguro,707.08
6774,20240920,4,Outros,343.91
6775,20240920,5,Combustível,1723.74
6776,20240920,5,Manutenção,735.59
6777,20240920,5,Pedágio,441.21
6778,20240920,5,Motorista (Salário/Diária),643.78
6779,20240920,5,Seguro,200.04
6780,20240920,5,Outros,126.57
6781,20240921,1,Combustível,744.36
6782,20240921,1,Manutenção,286.81
6783,20240921,1,Pedágio,186.38
6784,20240921,1,Motorista (Salário/Diária),252.41
6785,20240921,1,Seguro,91.52
6786,20240921,1,Outros,43.24
6787,20240921,2,Combustível,4199.35
6788,20240921,2,Manutenção,1765.72
6789,20240921,2,Pedágio,862.45
6790,20240921,2,Motorista (Salário/Diária),1846.35
6791,20240921,2,Seguro,446.74
6792,20240921,2,Outros,327.62
6793,20240921,5,Combustível,3056.87
6794,20240921,5,Manutenção,1291.41
6795,20240921,5,Pedágio,627.42
6796,20240921,5,Motorista (Salário/Diária),1097.16
6797,20240921,5,Seguro,313.94
6798,20240921,5,Outros,173.75
6799,20240922,1,Combustível,1506.85
6800,20240922,1,Manutenção,790.63
6801,20240922,1,Pedágio,334.08
6802,20240922,1,Motorista (Salário/Diária),656.05
6803,20240922,1,Seguro,214.03
6804,20240922,1,Outros,124.33
6805,20240922,3,Combustível,621.79
6806,20240922,3,Manutenção,259.15
6807,20240922,3,Pedágio,149.67
6808,20240922,3,Motorista (Salário/Diária),266.53
6809,20240922,3,Seguro,68.46
6810,20240922,3,Outros,38.3
6811,20240922,5,Combustível,3134.33
6812,20240922,5,Manutenção,1212.83
6813,20240922,5,Pedágio,742.55
6814,20240922,5,Motorista (Salário/Diária),1238.64
6815,20240922,5,Seguro,316.54
6816,20240922,5,Outros,191.01
6817,20240923,1,Combustível,14453.1
6818,20240923,1,Manutenção,6338.86
6819,20240923,1,Pedágio,3661.01
6820,20240923,1,Motorista (Salário/Diária),5087.22
6821,20240923,1,Seguro,1830.49
6822,20240923,1,Outros,1096.17
6823,20240923,2,Combustível,3244.02
6824,20240923,2,Manutenção,1866.77
6825,20240923,2,Pedágio,756.86
6826,20240923,2,Motorista (Salário/Diária),1534.81
6827,20240923,2,Seguro,473.58
6828,20240923,2,Outros,273.15
6829,20240923,3,Combustível,2638.4
6830,20240923,3,Manutenção,933.63
6831,20240923,3,Pedágio,590.31
6832,20240923,3,Motorista (Salário/Diária),931.61
6833,20240923,3,Seguro,281.36
6834,20240923,3,Outros,180.6
6835,20240923,4,Combustível,7431.9
6836,20240923,4,Manutenção,2996.9
6837,20240923,4,Pedágio,1413.78
6838,20240923,4,Motorista (Salário/Diária),2811.12
6839,20240923,4,Seguro,657.54
6840,20240923,4,Outros,478.42
6841,20240923,5,Combustível,13830.7
6842,20240923,5,Manutenção,7483.72
6843,20240923,5,Pedágio,3195.48
6844,20240923,5,Motorista (Salário/Diária),5131.95
6845,20240923,5,Seguro,1690.13
6846,20240923,5,Outros,1018.7
6847,20240924,1,Combustível,11959.24
6848,20240924,1,Manutenção,5511.97
6849,20240924,1,Pedágio,3193.23
6850,20240924,1,Motorista (Salário/Diária),4896.22
6851,20240924,1,Seguro,1460.69
6852,20240924,1,Outros,910.94
6853,20240924,2,Combustível,961.65
6854,20240924,2,Manutenção,328.83
6855,20240924,2,Pedágio,160.57
6856,20240924,2,Motorista (Salário/Diária),330.43
6857,20240924,2,Seguro,94.57
6858,20240924,2,Outros,57.69
6859,20240924,3,Combustível,6616.62
6860,20240924,3,Manutenção,2510.38
6861,20240924,3,Pedágio,1452.51
6862,20240924,3,Motorista (Salário/Diária),2083.06
6863,20240924,3,Seguro,749.77
6864,20240924,3,Outros,382.44
6865,20240924,4,Combustível,10050.61
6866,20240924,4,Manutenção,4325.6
6867,20240924,4,Pedágio,2314.67
6868,20240924,4,Motorista (Salário/Diária),3823.95
6869,20240924,4,Seguro,950.79
6870,20240924,4,Outros,664.05
6871,20240924,5,Combustível,8390.02
6872,20240924,5,Manutenção,3079.21
6873,20240924,5,Pedágio,1624.51
6874,20240924,5,Motorista (Salário/Diária),3386.41
6875,20240924,5,Seguro,751.67
6876,20240924,5,Outros,511.72
6877,20240925,1,Combustível,3140.25
6878,20240925,1,Manutenção,1383.92
6879,20240925,1,Pedágio,790.71
6880,20240925,1,Motorista (Salário/Diária),1481.43
6881,20240925,1,Seguro,431.39
6882,20240925,1,Outros,262.48
6883,20240925,2,Combustível,554.45
6884,20240925,2,Manutenção,285.12
6885,20240925,2,Pedágio,135.08
6886,20240925,2,Motorista (Salário/Diária),265.65
6887,20240925,2,Seguro,75.62
6888,20240925,2,Outros,48.1
6889,20240925,3,Combustível,1155.65
6890,20240925,3,Manutenção,431.87
6891,20240925,3,Pedágio,245.69
6892,20240925,3,Motorista (Salário/Diária),411.55
6893,20240925,3,Seguro,122.62
6894,20240925,3,Outros,75.63
6895,20240925,4,Combustível,3321.44
6896,20240925,4,Manutenção,1279.64
6897,20240925,4,Pedágio,741.7
6898,20240925,4,Motorista (Salário/Diária),1317.5
6899,20240925,4,Seguro,403.61
6900,20240925,4,Outros,220.78
6901,20240925,5,Combustível,7834.86
6902,20240925,5,Manutenção,3041.02
6903,20240925,5,Pedágio,1791.47
6904,20240925,5,Motorista (Salário/Diária),2571.06
6905,20240925,5,Seguro,876.62
6906,20240925,5,Outros,484.99
6907,20240926,1,Combustível,5037.95
6908,20240926,1,Manutenção,2217.86
6909,20240926,1,Pedágio,1309.75
6910,20240926,1,Motorista (Salário/Diária),2388.19
6911,20240926,1,Seguro,655.48
6912,20240926,1,Outros,431.57
6913,20240926,2,Combustível,4067.71
6914,20240926,2,Manutenção,1406.43
6915,20240926,2,Pedágio,851.21
6916,20240926,2,Motorista (Salário/Diária),1271.98
6917,20240926,2,Seguro,397.29
6918,20240926,2,Outros,213.63
6919,20240926,3,Combustível,1618.49
6920,20240926,3,Manutenção,805.92
6921,20240926,3,Pedágio,427.79
6922,20240926,3,Motorista (Salário/Diária),720.12
6923,20240926,3,Seguro,220.04
6924,20240926,3,Outros,115.47
6925,20240926,4,Combustível,7292.25
6926,20240926,4,Manutenção,2664.34
6927,20240926,4,Pedágio,1737.81
6928,20240926,4,Motorista (Salário/Diária),2844.71
6929,20240926,4,Seguro,701.98
6930,20240926,4,Outros,521.88
6931,20240926,5,Combustível,2482.24
6932,20240926,5,Manutenção,1168.85
6933,20240926,5,Pedágio,586.3
6934,20240926,5,Motorista (Salário/Diária),1098.29
6935,20240926,5,Seguro,256.29
6936,20240926,5,Outros,204.88
6937,20240927,1,Combustível,2250.51
6938,20240927,1,Manutenção,1281.98
6939,20240927,1,Pedágio,568.95
6940,20240927,1,Motorista (Salário/Diária),987.88
6941,20240927,1,Seguro,254.97
6942,20240927,1,Outros,169.32
6943,20240927,2,Combustível,1431.11
6944,20240927,2,Manutenção,631.1
6945,20240927,2,Pedágio,253.06
6946,20240927,2,Motorista (Salário/Diária),430.61
6947,20240927,2,Seguro,138.08
6948,20240927,2,Outros,76.05
6949,20240927,3,Combustível,2122.42
6950,20240927,3,Manutenção,913.25
6951,20240927,3,Pedágio,425.41
6952,20240927,3,Motorista (Salário/Diária),767.09
6953,20240927,3,Seguro,194.3
6954,20240927,3,Outros,123.26
6955,20240927,4,Combustível,2181.81
6956,20240927,4,Manutenção,893.04
6957,20240927,4,Pedágio,454.17
6958,20240927,4,Motorista (Salário/Diária),746.3
6959,20240927,4,Seguro,225.39
6960,20240927,4,Outros,145.96
6961,20240927,5,Combustível,3676.44
6962,20240927,5,Manutenção,1887.93
6963,20240927,5,Pedágio,883.92
6964,20240927,5,Motorista (Salário/Diária),1318.42
6965,20240927,5,Seguro,479.92
6966,20240927,5,Outros,218.24
6967,20240928,1,Combustível,2886.25
6968,20240928,1,Manutenção,1178.55
6969,20240928,1,Pedágio,721.01
6970,20240928,1,Motorista (Salário/Diária),1247.3
6971,20240928,1,Seguro,358.64
6972,20240928,1,Outros,189.04
6973,20240928,2,Combustível,859.43
6974,20240928,2,Manutenção,396.04
6975,20240928,2,Pedágio,228.18
6976,20240928,2,Motorista (Salário/Diária),319.32
6977,20240928,2,Seguro,91.26
6978,20240928,2,Outros,69.96
6979,20240928,3,Combustível,5963.31
6980,20240928,3,Manutenção,2612.42
6981,20240928,3,Pedágio,1194.41
6982,20240928,3,Motorista (Salário/Diária),2117.21
6983,20240928,3,Seguro,603.21
6984,20240928,3,Outros,336.5
6985,20240928,4,Combustível,1394.3
6986,20240928,4,Manutenção,755.73
6987,20240928,4,Pedágio,391.76
6988,20240928,4,Motorista (Salário/Diária),570.33
6989,20240928,4,Seguro,178.69
6990,20240928,4,Outros,97.53
6991,20240928,5,Combustível,2827.81
6992,20240928,5,Manutenção,1046.05
6993,20240928,5,Pedágio,516.71
6994,20240928,5,Motorista (Salário/Diária),957.01
6995,20240928,5,Seguro,317.58
6996,20240928,5,Outros,184.0
6997,20240929,1,Combustível,597.39
6998,20240929,1,Manutenção,290.58
6999,20240929,1,Pedágio,156.77
7000,20240929,1,Motorista (Salário/Diária),276.75
7001,20240929,1,Seguro,60.47
7002,20240929,1,Outros,48.8
7003,20240929,4,Combustível,1425.78
7004,20240929,4,Manutenção,648.45
7005,20240929,4,Pedágio,366.25
7006,20240929,4,Motorista (Salário/Diária),595.82
7007,20240929,4,Seguro,171.75
7008,20240929,4,Outros,88.87
7009,20240929,5,Combustível,1583.08
7010,20240929,5,Manutenção,699.4
7011,20240929,5,Pedágio,316.5
7012,20240929,5,Motorista (Salário/Diária),670.5
7013,20240929,5,Seguro,166.95
7014,20240929,5,Outros,101.95
7015,20240930,1,Combustível,7926.17
7016,20240930,1,Manutenção,3485.56
7017,20240930,1,Pedágio,1691.45
7018,20240930,1,Motorista (Salário/Diária),3562.48
7019,20240930,1,Seguro,840.94
7020,20240930,1,Outros,523.38
7021,20240930,2,Combustível,3560.91
7022,20240930,2,Manutenção,1370.03
7023,20240930,2,Pedágio,694.75
7024,20240930,2,Motorista (Salário/Diária),1251.58
7025,20240930,2,Seguro,382.15
7026,20240930,2,Outros,234.75
7027,20240930,3,Combustível,2576.98
7028,20240930,3,Manutenção,1230.23
7029,20240930,3,Pedágio,500.73
7030,20240930,3,Motorista (Salário/Diária),1060.61
7031,20240930,3,Seguro,302.49
7032,20240930,3,Outros,183.94
7033,20240930,4,Combustível,9261.79
7034,20240930,4,Manutenção,3845.05
7035,20240930,4,Pedágio,2406.55
7036,20240930,4,Motorista (Salário/Diária),3190.31
7037,20240930,4,Seguro,935.06
7038,20240930,4,Outros,692.19
7039,20240930,5,Combustível,14565.96
7040,20240930,5,Manutenção,7099.77
7041,20240930,5,Pedágio,3176.84
7042,20240930,5,Motorista (Salário/Diária),5485.03
7043,20240930,5,Seguro,1894.02
7044,20240930,5,Outros,1240.29
7045,20241001,1,Combustível,6927.59
7046,20241001,1,Manutenção,2640.49
7047,20241001,1,Pedágio,1509.9
7048,20241001,1,Motorista (Salário/Diária),2539.88
7049,20241001,1,Seguro,741.0
7050,20241001,1,Outros,407.07
7051,20241001,2,Combustível,317.86
7052,20241001,2,Manutenção,115.48
7053,20241001,2,Pedágio,68.14
7054,20241001,2,Motorista (Salário/Diária),106.47
7055,20241001,2,Seguro,29.03
7056,20241001,2,Outros,18.21
7057,20241001,3,Combustível,1511.51
7058,20241001,3,Manutenção,766.42
7059,20241001,3,Pedágio,348.36
7060,20241001,3,Motorista (Salário/Diária),666.08
7061,20241001,3,Seguro,208.14
7062,20241001,3,Outros,128.27
7063,20241001,5,Combustível,7100.04
7064,20241001,5,Manutenção,3038.54
7065,20241001,5,Pedágio,1377.11
7066,20241001,5,Motorista (Salário/Diária),2228.18
7067,20241001,5,Seguro,768.03
7068,20241001,5,Outros,414.79
7069,20241002,1,Combustível,8486.72
7070,20241002,1,Manutenção,4051.7
7071,20241002,1,Pedágio,1679.31
7072,20241002,1,Motorista (Salário/Diária),3506.02
7073,20241002,1,Seguro,984.57
7074,20241002,1,Outros,601.95
7075,20241002,2,Combustível,1578.48
7076,20241002,2,Manutenção,623.6
7077,20241002,2,Pedágio,339.68
7078,20241002,2,Motorista (Salário/Diária),489.57
7079,20241002,2,Seguro,179.51
7080,20241002,2,Outros,95.85
7081,20241002,3,Combustível,2564.96
7082,20241002,3,Manutenção,1047.92
7083,20241002,3,Pedágio,479.02
7084,20241002,3,Motorista (Salário/Diária),908.38
7085,20241002,3,Seguro,292.07
7086,20241002,3,Outros,169.58
7087,20241002,4,Combustível,3533.51
7088,20241002,4,Manutenção,1299.41
7089,20241002,4,Pedágio,724.72
7090,20241002,4,Motorista (Salário/Diária),1150.0
7091,20241002,4,Seguro,335.11
7092,20241002,4,Outros,223.22
7093,20241002,5,Combustível,4045.46
7094,20241002,5,Manutenção,1533.53
7095,20241002,5,Pedágio,841.01
7096,20241002,5,Motorista (Salário/Diária),1413.87
7097,20241002,5,Seguro,344.16
7098,20241002,5,Outros,243.15
7099,20241003,1,Combustível,12938.71
7100,20241003,1,Manutenção,5145.39
7101,20241003,1,Pedágio,2449.45
7102,20241003,1,Motorista (Salário/Diária),4585.82
7103,20241003,1,Seguro,1402.76
7104,20241003,1,Outros,898.2
7105,20241003,2,Combustível,3869.08
7106,20241003,2,Manutenção,1697.26
7107,20241003,2,Pedágio,854.74
7108,20241003,2,Motorista (Salário/Diária),1483.35
7109,20241003,2,Seguro,424.79
7110,20241003,2,Outros,297.0
7111,20241003,3,Combustível,5995.23
7112,20241003,3,Manutenção,1999.21
7113,20241003,3,Pedágio,1023.34
7114,20241003,3,Motorista (Salário/Diária),1965.11
7115,20241003,3,Seguro,559.89
7116,20241003,3,Outros,321.41
7117,20241003,4,Combustível,7065.58
7118,20241003,4,Manutenção,3231.32
7119,20241003,4,Pedágio,1518.19
7120,20241003,4,Motorista (Salário/Diária),2422.87
7121,20241003,4,Seguro,651.51
7122,20241003,4,Outros,377.47
7123,20241003,5,Combustível,10220.73
7124,20241003,5,Manutenção,3525.26
7125,20241003,5,Pedágio,1910.46
7126,20241003,5,Motorista (Salário/Diária),3726.48
7127,20241003,5,Seguro,936.73
7128,20241003,5,Outros,681.1
7129,20241004,1,Combustível,14914.76
7130,20241004,1,Manutenção,6592.41
7131,20241004,1,Pedágio,3623.3
7132,20241004,1,Motorista (Salário/Diária),5883.88
7133,20241004,1,Seguro,1738.01
7134,20241004,1,Outros,845.86
7135,20241004,2,Combustível,3018.17
7136,20241004,2,Manutenção,1380.6
7137,20241004,2,Pedágio,758.99
7138,20241004,2,Motorista (Salário/Diária),1262.45
7139,20241004,2,Seguro,293.83
7140,20241004,2,Outros,217.55
7141,20241004,3,Combustível,3690.2
7142,20241004,3,Manutenção,1727.1
7143,20241004,3,Pedágio,822.97
7144,20241004,3,Motorista (Salário/Diária),1759.28
7145,20241004,3,Seguro,470.72
7146,20241004,3,Outros,314.67
7147,20241004,4,Combustível,8403.29
7148,20241004,4,Manutenção,3189.58
7149,20241004,4,Pedágio,1572.61
7150,20241004,4,Motorista (Salário/Diária),2921.75
7151,20241004,4,Seguro,814.86
7152,20241004,4,Outros,497.16
7153,20241004,5,Combustível,4023.62
7154,20241004,5,Manutenção,2101.81
7155,20241004,5,Pedágio,979.52
7156,20241004,5,Motorista (Salário/Diária),1665.02
7157,20241004,5,Seguro,580.85
7158,20241004,5,Outros,302.23
7159,20241005,1,Combustível,2446.98
7160,20241005,1,Manutenção,1087.8
7161,20241005,1,Pedágio,591.87
7162,20241005,1,Motorista (Salário/Diária),908.18
7163,20241005,1,Seguro,309.76
7164,20241005,1,Outros,172.08
7165,20241005,3,Combustível,3254.22
7166,20241005,3,Manutenção,1614.21
7167,20241005,3,Pedágio,933.21
7168,20241005,3,Motorista (Salário/Diária),1368.84
7169,20241005,3,Seguro,443.26
7170,20241005,3,Outros,245.43
7171,20241005,4,Combustível,214.13
7172,20241005,4,Manutenção,99.57
7173,20241005,4,Pedágio,45.88
7174,20241005,4,Motorista (Salário/Diária),84.92
7175,20241005,4,Seguro,23.25
7176,20241005,4,Outros,12.41
7177,20241005,5,Combustível,4196.09
7178,20241005,5,Manutenção,2446.58
7179,20241005,5,Pedágio,1007.17
7180,20241005,5,Motorista (Salário/Diária),2010.41
7181,20241005,5,Seguro,598.61
7182,20241005,5,Outros,352.18
7183,20241006,1,Combustível,1518.04
7184,20241006,1,Manutenção,785.96
7185,20241006,1,Pedágio,314.76
7186,20241006,1,Motorista (Salário/Diária),579.17
7187,20241006,1,Seguro,173.6
7188,20241006,1,Outros,100.0
7189,20241006,3,Combustível,3188.89
7190,20241006,3,Manutenção,1345.44
7191,20241006,3,Pedágio,624.27
7192,20241006,3,Motorista (Salário/Diária),923.0
7193,20241006,3,Seguro,268.41
7194,20241006,3,Outros,191.49
7195,20241006,5,Combustível,6754.56
7196,20241006,5,Manutenção,2315.75
7197,20241006,5,Pedágio,1390.74
7198,20241006,5,Motorista (Salário/Diária),2069.99
7199,20241006,5,Seguro,635.94
7200,20241006,5,Outros,397.71
7201,20241007,1,Combustível,9935.86
7202,20241007,1,Manutenção,5367.97
7203,20241007,1,Pedágio,2142.75
7204,20241007,1,Motorista (Salário/Diária),3737.75
7205,20241007,1,Seguro,1146.47
7206,20241007,1,Outros,682.03
7207,20241007,2,Combustível,2815.6
7208,20241007,2,Manutenção,1560.46
7209,20241007,2,Pedágio,629.94
7210,20241007,2,Motorista (Salário/Diária),1012.05
7211,20241007,2,Seguro,333.43
7212,20241007,2,Outros,176.06
7213,20241007,3,Combustível,5791.44
7214,20241007,3,Manutenção,2349.23
7215,20241007,3,Pedágio,1441.64
7216,20241007,3,Motorista (Salário/Diária),2334.18
7217,20241007,3,Seguro,568.0
7218,20241007,3,Outros,366.31
7219,20241007,4,Combustível,790.12
7220,20241007,4,Manutenção,398.11
7221,20241007,4,Pedágio,156.43
7222,20241007,4,Motorista (Salário/Diária),270.29
7223,20241007,4,Seguro,99.72
7224,20241007,4,Outros,56.71
7225,20241007,5,Combustível,6767.39
7226,20241007,5,Manutenção,3151.97
7227,20241007,5,Pedágio,1421.26
7228,20241007,5,Motorista (Salário/Diária),2506.44
7229,20241007,5,Seguro,747.97
7230,20241007,5,Outros,395.56
7231,20241008,1,Combustível,7610.87
7232,20241008,1,Manutenção,3364.68
7233,20241008,1,Pedágio,1609.11
7234,20241008,1,Motorista (Salário/Diária),2491.05
7235,20241008,1,Seguro,897.91
7236,20241008,1,Outros,538.56
7237,20241008,2,Combustível,1519.45
7238,20241008,2,Manutenção,552.92
7239,20241008,2,Pedágio,332.06
7240,20241008,2,Motorista (Salário/Diária),472.88
7241,20241008,2,Seguro,164.44
7242,20241008,2,Outros,86.35
7243,20241008,3,Combustível,2081.51
7244,20241008,3,Manutenção,912.18
7245,20241008,3,Pedágio,401.11
7246,20241008,3,Motorista (Salário/Diária),796.96
7247,20241008,3,Seguro,199.7
7248,20241008,3,Outros,127.28
7249,20241008,4,Combustível,7895.06
7250,20241008,4,Manutenção,3358.22
7251,20241008,4,Pedágio,1932.62
7252,20241008,4,Motorista (Salário/Diária),3141.32
7253,20241008,4,Seguro,827.84
7254,20241008,4,Outros,510.18
7255,20241008,5,Combustível,4152.67
7256,20241008,5,Manutenção,1681.71
7257,20241008,5,Pedágio,948.98
7258,20241008,5,Motorista (Salário/Diária),1223.58
7259,20241008,5,Seguro,403.19
7260,20241008,5,Outros,230.51
7261,20241009,1,Combustível,5088.82
7262,20241009,1,Manutenção,2763.82
7263,20241009,1,Pedágio,1407.48
7264,20241009,1,Motorista (Salário/Diária),2170.63
7265,20241009,1,Seguro,756.73
7266,20241009,1,Outros,446.23
7267,20241009,2,Combustível,4172.87
7268,20241009,2,Manutenção,2359.94
7269,20241009,2,Pedágio,1160.21
7270,20241009,2,Motorista (Salário/Diária),1643.11
7271,20241009,2,Seguro,475.79
7272,20241009,2,Outros,296.96
7273,20241009,3,Combustível,3126.95
7274,20241009,3,Manutenção,1280.26
7275,20241009,3,Pedágio,629.98
7276,20241009,3,Motorista (Salário/Diária),1056.35
7277,20241009,3,Seguro,370.72
7278,20241009,3,Outros,191.36
7279,20241009,4,Combustível,350.99
7280,20241009,4,Manutenção,162.62
7281,20241009,4,Pedágio,78.75
7282,20241009,4,Motorista (Salário/Diária),141.3
7283,20241009,4,Seguro,37.77
7284,20241009,4,Outros,27.31
7285,20241009,5,Combustível,13822.25
7286,20241009,5,Manutenção,5745.42
7287,20241009,5,Pedágio,2686.04
7288,20241009,5,Motorista (Salário/Diária),4148.55
7289,20241009,5,Seguro,1577.49
7290,20241009,5,Outros,856.02
7291,20241010,1,Combustível,3879.8
7292,20241010,1,Manutenção,1821.16
7293,20241010,1,Pedágio,745.09
7294,20241010,1,Motorista (Salário/Diária),1474.76
7295,20241010,1,Seguro,478.22
7296,20241010,1,Outros,241.88
7297,20241010,2,Combustível,1086.81
7298,20241010,2,Manutenção,515.07
7299,20241010,2,Pedágio,263.97
7300,20241010,2,Motorista (Salário/Diária),337.03
7301,20241010,2,Seguro,98.68
7302,20241010,2,Outros,74.11
7303,20241010,3,Combustível,5768.82
7304,20241010,3,Manutenção,1998.45
7305,20241010,3,Pedágio,1100.23
7306,20241010,3,Motorista (Salário/Diária),1654.62
7307,20241010,3,Seguro,481.37
7308,20241010,3,Outros,355.93
7309,20241010,4,Combustível,5587.0
7310,20241010,4,Manutenção,2468.38
7311,20241010,4,Pedágio,1550.91
7312,20241010,4,Motorista (Salário/Diária),2405.4
7313,20241010,4,Seguro,731.4
7314,20241010,4,Outros,360.2
7315,20241010,5,Combustível,17331.71
7316,20241010,5,Manutenção,6689.6
7317,20241010,5,Pedágio,3466.16
7318,20241010,5,Motorista (Salário/Diária),6247.05
7319,20241010,5,Seguro,1443.17
7320,20241010,5,Outros,1092.32
7321,20241011,1,Combustível,5588.96
7322,20241011,1,Manutenção,2020.01
7323,20241011,1,Pedágio,1301.47
7324,20241011,1,Motorista (Salário/Diária),2114.65
7325,20241011,1,Seguro,633.55
7326,20241011,1,Outros,366.92
7327,20241011,2,Combustível,2810.04
7328,20241011,2,Manutenção,1132.9
7329,20241011,2,Pedágio,631.69
7330,20241011,2,Motorista (Salário/Diária),969.91
7331,20241011,2,Seguro,303.24
7332,20241011,2,Outros,183.94
7333,20241011,3,Combustível,5945.36
7334,20241011,3,Manutenção,2988.41
7335,20241011,3,Pedágio,1491.83
7336,20241011,3,Motorista (Salário/Diária),2334.7
7337,20241011,3,Seguro,754.7
7338,20241011,3,Outros,411.01
7339,20241011,4,Combustível,10086.91
7340,20241011,4,Manutenção,3803.44
7341,20241011,4,Pedágio,2414.78
7342,20241011,4,Motorista (Salário/Diária),3235.39
7343,20241011,4,Seguro,1189.69
7344,20241011,4,Outros,728.11
7345,20241011,5,Combustível,10424.48
7346,20241011,5,Manutenção,4024.84
7347,20241011,5,Pedágio,2502.16
7348,20241011,5,Motorista (Salário/Diária),4116.76
7349,20241011,5,Seguro,1220.39
7350,20241011,5,Outros,623.75
7351,20241012,1,Combustível,3757.33
7352,20241012,1,Manutenção,1719.47
7353,20241012,1,Pedágio,800.58
7354,20241012,1,Motorista (Salário/Diária),1297.25
7355,20241012,1,Seguro,368.42
7356,20241012,1,Outros,228.07
7357,20241012,3,Combustível,3981.1
7358,20241012,3,Manutenção,1948.92
7359,20241012,3,Pedágio,1005.98
7360,20241012,3,Motorista (Salário/Diária),1750.6
7361,20241012,3,Seguro,558.66
7362,20241012,3,Outros,302.88
7363,20241012,5,Combustível,3201.99
7364,20241012,5,Manutenção,1473.42
7365,20241012,5,Pedágio,858.83
7366,20241012,5,Motorista (Salário/Diária),1373.21
7367,20241012,5,Seguro,435.49
7368,20241012,5,Outros,251.48
7369,20241013,3,Combustível,1889.53
7370,20241013,3,Manutenção,908.15
7371,20241013,3,Pedágio,395.92
7372,20241013,3,Motorista (Salário/Diária),747.42
7373,20241013,3,Seguro,207.62
7374,20241013,3,Outros,118.65
7375,20241013,4,Combustível,552.19
7376,20241013,4,Manutenção,245.72
7377,20241013,4,Pedágio,125.84
7378,20241013,4,Motorista (Salário/Diária),203.99
7379,20241013,4,Seguro,79.52
7380,20241013,4,Outros,42.03
7381,20241013,5,Combustível,4735.68
7382,20241013,5,Manutenção,1829.81
7383,20241013,5,Pedágio,1208.43
7384,20241013,5,Motorista (Salário/Diária),2031.97
7385,20241013,5,Seguro,546.67
7386,20241013,5,Outros,336.34
7387,20241014,1,Combustível,9447.66
7388,20241014,1,Manutenção,4365.77
7389,20241014,1,Pedágio,1845.03
7390,20241014,1,Motorista (Salário/Diária),3717.21
7391,20241014,1,Seguro,1159.01
7392,20241014,1,Outros,570.06
7393,20241014,2,Combustível,818.93
7394,20241014,2,Manutenção,425.63
7395,20241014,2,Pedágio,226.01
7396,20241014,2,Motorista (Salário/Diária),323.72
7397,20241014,2,Seguro,100.86
7398,20241014,2,Outros,71.14
7399,20241014,4,Combustível,9054.53
7400,20241014,4,Manutenção,3710.75
7401,20241014,4,Pedágio,1792.7
7402,20241014,4,Motorista (Salário/Diária),2865.72
7403,20241014,4,Seguro,787.49
7404,20241014,4,Outros,598.33
7405,20241014,5,Combustível,5762.09
7406,20241014,5,Manutenção,2127.56
7407,20241014,5,Pedágio,1021.19
7408,20241014,5,Motorista (Salário/Diária),1758.78
7409,20241014,5,Seguro,492.68
7410,20241014,5,Outros,376.11
7411,20241015,1,Combustível,9160.5
7412,20241015,1,Manutenção,3808.52
7413,20241015,1,Pedágio,1831.83
7414,20241015,1,Motorista (Salário/Diária),3376.61
7415,20241015,1,Seguro,1019.75
7416,20241015,1,Outros,517.01
7417,20241015,2,Combustível,508.01
7418,20241015,2,Manutenção,222.22
7419,20241015,2,Pedágio,109.87
7420,20241015,2,Motorista (Salário/Diária),185.48
7421,20241015,2,Seguro,56.95
7422,20241015,2,Outros,29.97
7423,20241015,3,Combustível,2127.3
7424,20241015,3,Manutenção,802.22
7425,20241015,3,Pedágio,428.43
7426,20241015,3,Motorista (Salário/Diária),650.53
7427,20241015,3,Seguro,244.02
7428,20241015,3,Outros,136.68
7429,20241015,4,Combustível,12767.21
7430,20241015,4,Manutenção,6482.08
7431,20241015,4,Pedágio,2708.05
7432,20241015,4,Motorista (Salário/Diária),5136.82
7433,20241015,4,Seguro,1435.23
7434,20241015,4,Outros,941.7
7435,20241015,5,Combustível,5561.51
7436,20241015,5,Manutenção,2357.64
7437,20241015,5,Pedágio,1144.82
7438,20241015,5,Motorista (Salário/Diária),1930.19
7439,20241015,5,Seguro,594.75
7440,20241015,5,Outros,379.55
7441,20241016,1,Combustível,13448.76
7442,20241016,1,Manutenção,6719.77
7443,20241016,1,Pedágio,3497.2
7444,20241016,1,Motorista (Salário/Diária),5086.72
7445,20241016,1,Seguro,1949.39
7446,20241016,1,Outros,1035.48
7447,20241016,2,Combustível,1601.8
7448,20241016,2,Manutenção,748.65
7449,20241016,2,Pedágio,324.34
7450,20241016,2,Motorista (Salário/Diária),551.69
7451,20241016,2,Seguro,171.45
7452,20241016,2,Outros,125.71
7453,20241016,3,Combustível,5034.51
7454,20241016,3,Manutenção,2187.84
7455,20241016,3,Pedágio,1224.47
7456,20241016,3,Motorista (Salário/Diária),1821.69
7457,20241016,3,Seguro,604.53
7458,20241016,3,Outros,353.85
7459,20241016,4,Combustível,2390.69
7460,20241016,4,Manutenção,1213.29
7461,20241016,4,Pedágio,649.95
7462,20241016,4,Motorista (Salário/Diária),875.32
7463,20241016,4,Seguro,262.72
7464,20241016,4,Outros,160.72
7465,20241016,5,Combustível,3239.9
7466,20241016,5,Manutenção,1821.33
7467,20241016,5,Pedágio,851.24
7468,20241016,5,Motorista (Salário/Diária),1229.99
7469,20241016,5,Seguro,468.61
7470,20241016,5,Outros,232.76
7471,20241017,1,Combustível,10691.44
7472,20241017,1,Manutenção,5172.17
7473,20241017,1,Pedágio,2337.02
7474,20241017,1,Motorista (Salário/Diária),3856.11
7475,20241017,1,Seguro,1232.98
7476,20241017,1,Outros,755.78
7477,20241017,2,Combustível,1859.91
7478,20241017,2,Manutenção,924.5
7479,20241017,2,Pedágio,507.52
7480,20241017,2,Motorista (Salário/Diária),813.46
7481,20241017,2,Seguro,197.53
7482,20241017,2,Outros,135.17
7483,20241017,3,Combustível,5932.37
7484,20241017,3,Manutenção,2652.46
7485,20241017,3,Pedágio,1235.89
7486,20241017,3,Motorista (Salário/Diária),2396.5
7487,20241017,3,Seguro,581.47
7488,20241017,3,Outros,433.3
7489,20241017,4,Combustível,2131.19
7490,20241017,4,Manutenção,980.0
7491,20241017,4,Pedágio,577.49
7492,20241017,4,Motorista (Salário/Diária),928.79
7493,20241017,4,Seguro,266.52
7494,20241017,4,Outros,162.01
7495,20241017,5,Combustível,15194.72
7496,20241017,5,Manutenção,6318.65
7497,20241017,5,Pedágio,3547.26
7498,20241017,5,Motorista (Salário/Diária),5952.57
7499,20241017,5,Seguro,1629.63
7500,20241017,5,Outros,1146.66
7501,20241018,1,Combustível,5890.03
7502,20241018,1,Manutenção,2566.8
7503,20241018,1,Pedágio,1208.52
7504,20241018,1,Motorista (Salário/Diária),2311.85
7505,20241018,1,Seguro,625.04
7506,20241018,1,Outros,380.65
7507,20241018,2,Combustível,1542.41
7508,20241018,2,Manutenção,781.44
7509,20241018,2,Pedágio,330.99
7510,20241018,2,Motorista (Salário/Diária),693.13
7511,20241018,2,Seguro,183.94
7512,20241018,2,Outros,112.66
7513,20241018,3,Combustível,2091.82
7514,20241018,3,Manutenção,1139.35
7515,20241018,3,Pedágio,561.22
7516,20241018,3,Motorista (Salário/Diária),901.93
7517,20241018,3,Seguro,234.92
7518,20241018,3,Outros,135.07
7519,20241018,4,Combustível,537.43
7520,20241018,4,Manutenção,279.76
7521,20241018,4,Pedágio,130.41
7522,20241018,4,Motorista (Salário/Diária),216.24
7523,20241018,4,Seguro,66.7
7524,20241018,4,Outros,37.46
7525,20241018,5,Combustível,5744.91
7526,20241018,5,Manutenção,2907.91
7527,20241018,5,Pedágio,1422.83
7528,20241018,5,Motorista (Salário/Diária),2626.24
7529,20241018,5,Seguro,631.61
7530,20241018,5,Outros,369.49
7531,20241019,1,Combustível,8035.89
7532,20241019,1,Manutenção,4538.63
7533,20241019,1,Pedágio,2042.1
7534,20241019,1,Motorista (Salário/Diária),3437.9
7535,20241019,1,Seguro,1156.52
7536,20241019,1,Outros,605.5
7537,20241019,5,Combustível,966.39
7538,20241019,5,Manutenção,445.95
7539,20241019,5,Pedágio,228.42
7540,20241019,5,Motorista (Salário/Diária),358.82
7541,20241019,5,Seguro,117.09
7542,20241019,5,Outros,58.22
7543,20241020,1,Combustível,716.18
7544,20241020,1,Manutenção,342.93
7545,20241020,1,Pedágio,192.92
7546,20241020,1,Motorista (Salário/Diária),317.93
7547,20241020,1,Seguro,100.86
7548,20241020,1,Outros,48.23
7549,20241020,4,Combustível,181.95
7550,20241020,4,Manutenção,85.28
7551,20241020,4,Pedágio,44.88
7552,20241020,4,Motorista (Salário/Diária),78.02
7553,20241020,4,Seguro,22.89
7554,20241020,4,Outros,12.7
7555,20241020,5,Combustível,4511.39
7556,20241020,5,Manutenção,2198.56
7557,20241020,5,Pedágio,909.52
7558,20241020,5,Motorista (Salário/Diária),1889.22
7559,20241020,5,Seguro,549.87
7560,20241020,5,Outros,259.97
7561,20241021,1,Combustível,6163.15
7562,20241021,1,Manutenção,3040.69
7563,20241021,1,Pedágio,1273.34
7564,20241021,1,Motorista (Salário/Diária),2641.57
7565,20241021,1,Seguro,760.99
7566,20241021,1,Outros,375.97
7567,20241021,3,Combustível,2703.17
7568,20241021,3,Manutenção,1439.77
7569,20241021,3,Pedágio,720.98
7570,20241021,3,Motorista (Salário/Diária),1072.67
7571,20241021,3,Seguro,387.53
7572,20241021,3,Outros,211.47
7573,20241021,4,Combustível,14014.95
7574,20241021,4,Manutenção,5730.5
7575,20241021,4,Pedágio,3233.35
7576,20241021,4,Motorista (Salário/Diária),4248.56
7577,20241021,4,Seguro,1501.48
7578,20241021,4,Outros,750.51
7579,20241021,5,Combustível,16022.89
7580,20241021,5,Manutenção,7557.51
7581,20241021,5,Pedágio,3705.2
7582,20241021,5,Motorista (Salário/Diária),7090.4
7583,20241021,5,Seguro,1644.64
7584,20241021,5,Outros,1260.02
7585,20241022,1,Combustível,8317.64
7586,20241022,1,Manutenção,4499.29
7587,20241022,1,Pedágio,2270.36
7588,20241022,1,Motorista (Salário/Diária),3993.76
7589,20241022,1,Seguro,1091.2
7590,20241022,1,Outros,641.49
7591,20241022,2,Combustível,3942.71
7592,20241022,2,Manutenção,1909.87
7593,20241022,2,Pedágio,778.54
7594,20241022,2,Motorista (Salário/Diária),1510.26
7595,20241022,2,Seguro,401.54
7596,20241022,2,Outros,241.19
7597,20241022,3,Combustível,9301.93
7598,20241022,3,Manutenção,4823.39
7599,20241022,3,Pedágio,2213.86
7600,20241022,3,Motorista (Salário/Diária),3506.77
7601,20241022,3,Seguro,1173.37
7602,20241022,3,Outros,716.41
7603,20241022,4,Combustível,3878.36
7604,20241022,4,Manutenção,1809.41
7605,20241022,4,Pedágio,980.47
7606,20241022,4,Motorista (Salário/Diária),1639.97
7607,20241022,4,Seguro,493.5
7608,20241022,4,Outros,332.41
7609,20241022,5,Combustível,9913.33
7610,20241022,5,Manutenção,5221.53
7611,20241022,5,Pedágio,2528.59
7612,20241022,5,Motorista (Salário/Diária),3950.2
7613,20241022,5,Seguro,1097.03
7614,20241022,5,Outros,733.85
7615,20241023,1,Combustível,4097.78
7616,20241023,1,Manutenção,1939.8
7617,20241023,1,Pedágio,930.91
7618,20241023,1,Motorista (Salário/Diária),1454.19
7619,20241023,1,Seguro,476.64
7620,20241023,1,Outros,235.91
7621,20241023,2,Combustível,5362.39
7622,20241023,2,Manutenção,2301.03
7623,20241023,2,Pedágio,1108.02
7624,20241023,2,Motorista (Salário/Diária),2213.54
7625,20241023,2,Seguro,556.17
7626,20241023,2,Outros,329.6
7627,20241023,3,Combustível,7012.05
7628,20241023,3,Manutenção,3125.29
7629,20241023,3,Pedágio,1555.87
7630,20241023,3,Motorista (Salário/Diária),2538.33
7631,20241023,3,Seguro,707.34
7632,20241023,3,Outros,421.81
7633,20241023,4,Combustível,4367.76
7634,20241023,4,Manutenção,1951.82
7635,20241023,4,Pedágio,1015.05
7636,20241023,4,Motorista (Salário/Diária),1799.91
7637,20241023,4,Seguro,470.29
7638,20241023,4,Outros,338.54
7639,20241023,5,Combustível,13369.97
7640,20241023,5,Manutenção,5264.79
7641,20241023,5,Pedágio,3042.63
7642,20241023,5,Motorista (Salário/Diária),5849.18
7643,20241023,5,Seguro,1363.84
7644,20241023,5,Outros,871.87
7645,20241024,1,Combustível,10978.04
7646,20241024,1,Manutenção,5391.41
7647,20241024,1,Pedágio,2526.99
7648,20241024,1,Motorista (Salário/Diária),4870.68
7649,20241024,1,Seguro,1385.36
7650,20241024,1,Outros,769.93
7651,20241024,2,Combustível,1054.4
7652,20241024,2,Manutenção,576.95
7653,20241024,2,Pedágio,292.9
7654,20241024,2,Motorista (Salário/Diária),443.73
7655,20241024,2,Seguro,143.4
7656,20241024,2,Outros,90.3
7657,20241024,3,Combustível,3066.88
7658,20241024,3,Manutenção,1149.36
7659,20241024,3,Pedágio,629.1
7660,20241024,3,Motorista (Salário/Diária),942.21
7661,20241024,3,Seguro,335.26
7662,20241024,3,Outros,176.73
7663,20241024,5,Combustível,2685.76
7664,20241024,5,Manutenção,1225.13
7665,20241024,5,Pedágio,499.7
7666,20241024,5,Motorista (Salário/Diária),1024.61
7667,20241024,5,Seguro,305.54
7668,20241024,5,Outros,147.91
7669,20241025,1,Combustível,9758.71
7670,20241025,1,Manutenção,3554.46
7671,20241025,1,Pedágio,2240.58
7672,20241025,1,Motorista (Salário/Diária),3567.52
7673,20241025,1,Seguro,1099.18
7674,20241025,1,Outros,627.16
7675,20241025,2,Combustível,2385.79
7676,20241025,2,Manutenção,1021.66
7677,20241025,2,Pedágio,444.66
7678,20241025,2,Motorista (Salário/Diária),836.77
7679,20241025,2,Seguro,209.7
7680,20241025,2,Outros,153.31
7681,20241025,3,Combustível,1690.28
7682,20241025,3,Manutenção,754.24
7683,20241025,3,Pedágio,480.62
7684,20241025,3,Motorista (Salário/Diária),779.98
7685,20241025,3,Seguro,222.85
7686,20241025,3,Outros,115.82
7687,20241025,4,Combustível,4930.12
7688,20241025,4,Manutenção,2139.04
7689,20241025,4,Pedágio,904.64
7690,20241025,4,Motorista (Salário/Diária),1807.08
7691,20241025,4,Seguro,449.0
7692,20241025,4,Outros,307.03
7693,20241025,5,Combustível,2607.8
7694,20241025,5,Manutenção,1125.42
7695,20241025,5,Pedágio,608.85
7696,20241025,5,Motorista (Salário/Diária),940.95
7697,20241025,5,Seguro,306.01
7698,20241025,5,Outros,148.24
7699,20241026,1,Combustível,3735.69
7700,20241026,1,Manutenção,1518.7
7701,20241026,1,Pedágio,735.82
7702,20241026,1,Motorista (Salário/Diária),1563.53
7703,20241026,1,Seguro,481.99
7704,20241026,1,Outros,285.41
7705,20241026,3,Combustível,1297.99
7706,20241026,3,Manutenção,493.89
7707,20241026,3,Pedágio,256.71
7708,20241026,3,Motorista (Salário/Diária),404.02
7709,20241026,3,Seguro,147.08
7710,20241026,3,Outros,83.94
7711,20241026,4,Combustível,871.29
7712,20241026,4,Manutenção,379.43
7713,20241026,4,Pedágio,185.56
7714,20241026,4,Motorista (Salário/Diária),326.68
7715,20241026,4,Seguro,87.97
7716,20241026,4,Outros,47.65
7717,20241026,5,Combustível,3107.92
7718,20241026,5,Manutenção,1666.82
7719,20241026,5,Pedágio,728.0
7720,20241026,5,Motorista (Salário/Diária),1149.92
7721,20241026,5,Seguro,315.2
7722,20241026,5,Outros,248.41
7723,20241027,1,Combustível,1705.29
7724,20241027,1,Manutenção,717.7
7725,20241027,1,Pedágio,333.78
7726,20241027,1,Motorista (Salário/Diária),579.21
7727,20241027,1,Seguro,146.16
7728,20241027,1,Outros,103.16
7729,20241027,2,Combustível,708.09
7730,20241027,2,Manutenção,364.24
7731,20241027,2,Pedágio,151.61
7732,20241027,2,Motorista (Salário/Diária),327.62
7733,20241027,2,Seguro,85.78
7734,20241027,2,Outros,53.19
7735,20241027,3,Combustível,1588.34
7736,20241027,3,Manutenção,599.02
7737,20241027,3,Pedágio,322.75
7738,20241027,3,Motorista (Salário/Diária),616.57
7739,20241027,3,Seguro,150.26
7740,20241027,3,Outros,100.52
7741,20241027,4,Combustível,2217.89
7742,20241027,4,Manutenção,1243.15
7743,20241027,4,Pedágio,545.37
7744,20241027,4,Motorista (Salário/Diária),987.08
7745,20241027,4,Seguro,246.6
7746,20241027,4,Outros,142.8
7747,20241027,5,Combustível,3107.15
7748,20241027,5,Manutenção,1537.45
7749,20241027,5,Pedágio,650.45
7750,20241027,5,Motorista (Salário/Diária),1245.67
7751,20241027,5,Seguro,356.46
7752,20241027,5,Outros,204.16
7753,20241028,1,Combustível,5852.13
7754,20241028,1,Manutenção,2181.65
7755,20241028,1,Pedágio,1060.34
7756,20241028,1,Motorista (Salário/Diária),1791.45
7757,20241028,1,Seguro,648.87
7758,20241028,1,Outros,306.25
7759,20241028,2,Combustível,3591.32
7760,20241028,2,Manutenção,1233.97
7761,20241028,2,Pedágio,689.51
7762,20241028,2,Motorista (Salário/Diária),1087.74
7763,20241028,2,Seguro,393.34
7764,20241028,2,Outros,242.34
7765,20241028,3,Combustível,6268.78
7766,20241028,3,Manutenção,2311.75
7767,20241028,3,Pedágio,1259.68
7768,20241028,3,Motorista (Salário/Diária),2236.55
7769,20241028,3,Seguro,743.32
7770,20241028,3,Outros,460.03
7771,20241028,4,Combustível,4789.57
7772,20241028,4,Manutenção,1856.03
7773,20241028,4,Pedágio,887.03
7774,20241028,4,Motorista (Salário/Diária),1591.18
7775,20241028,4,Seguro,442.15
7776,20241028,4,Outros,306.86
7777,20241028,5,Combustível,16602.42
7778,20241028,5,Manutenção,7249.06
7779,20241028,5,Pedágio,2969.22
7780,20241028,5,Motorista (Salário/Diária),5680.76
7781,20241028,5,Seguro,1743.31
7782,20241028,5,Outros,1004.16
7783,20241029,1,Combustível,4381.92
7784,20241029,1,Manutenção,2016.01
7785,20241029,1,Pedágio,837.15
7786,20241029,1,Motorista (Salário/Diária),1810.15
7787,20241029,1,Seguro,496.97
7788,20241029,1,Outros,277.22
7789,20241029,2,Combustível,1410.19
7790,20241029,2,Manutenção,687.88
7791,20241029,2,Pedágio,307.75
7792,20241029,2,Motorista (Salário/Diária),568.2
7793,20241029,2,Seguro,195.85
7794,20241029,2,Outros,104.49
7795,20241029,3,Combustível,4409.53
7796,20241029,3,Manutenção,2118.46
7797,20241029,3,Pedágio,902.28
7798,20241029,3,Motorista (Salário/Diária),1813.2
7799,20241029,3,Seguro,433.07
7800,20241029,3,Outros,341.53
7801,20241029,4,Combustível,5739.05
7802,20241029,4,Manutenção,2569.5
7803,20241029,4,Pedágio,1646.55
7804,20241029,4,Motorista (Salário/Diária),2441.84
7805,20241029,4,Seguro,685.33
7806,20241029,4,Outros,399.58
7807,20241029,5,Combustível,8021.31
7808,20241029,5,Manutenção,3847.76
7809,20241029,5,Pedágio,2111.37
7810,20241029,5,Motorista (Salário/Diária),3270.12
7811,20241029,5,Seguro,981.0
7812,20241029,5,Outros,626.27
7813,20241030,1,Combustível,17830.68
7814,20241030,1,Manutenção,8326.04
7815,20241030,1,Pedágio,4456.98
7816,20241030,1,Motorista (Salário/Diária),7438.85
7817,20241030,1,Seguro,2181.67
7818,20241030,1,Outros,1100.44
7819,20241030,2,Combustível,5034.92
7820,20241030,2,Manutenção,1884.78
7821,20241030,2,Pedágio,1062.51
7822,20241030,2,Motorista (Salário/Diária),1794.56
7823,20241030,2,Seguro,517.51
7824,20241030,2,Outros,288.86
7825,20241030,3,Combustível,2891.9
7826,20241030,3,Manutenção,1488.08
7827,20241030,3,Pedágio,641.07
7828,20241030,3,Motorista (Salário/Diária),1270.03
7829,20241030,3,Seguro,321.19
7830,20241030,3,Outros,170.86
7831,20241030,4,Combustível,2484.29
7832,20241030,4,Manutenção,1006.16
7833,20241030,4,Pedágio,533.37
7834,20241030,4,Motorista (Salário/Diária),954.25
7835,20241030,4,Seguro,290.29
7836,20241030,4,Outros,167.03
7837,20241030,5,Combustível,11076.44
7838,20241030,5,Manutenção,4144.85
7839,20241030,5,Pedágio,2363.81
7840,20241030,5,Motorista (Salário/Diária),4615.02
7841,20241030,5,Seguro,1378.14
7842,20241030,5,Outros,809.85
7843,20241031,1,Combustível,1249.11
7844,20241031,1,Manutenção,543.04
7845,20241031,1,Pedágio,332.55
7846,20241031,1,Motorista (Salário/Diária),472.29
7847,20241031,1,Seguro,170.25
7848,20241031,1,Outros,82.86
7849,20241031,2,Combustível,1579.6
7850,20241031,2,Manutenção,746.31
7851,20241031,2,Pedágio,305.49
7852,20241031,2,Motorista (Salário/Diária),669.49
7853,20241031,2,Seguro,192.13
7854,20241031,2,Outros,105.77
7855,20241031,3,Combustível,3199.36
7856,20241031,3,Manutenção,1323.66
7857,20241031,3,Pedágio,672.59
7858,20241031,3,Motorista (Salário/Diária),1260.02
7859,20241031,3,Seguro,325.08
7860,20241031,3,Outros,240.1
7861,20241031,4,Combustível,3869.22
7862,20241031,4,Manutenção,1681.31
7863,20241031,4,Pedágio,757.33
7864,20241031,4,Motorista (Salário/Diária),1443.79
7865,20241031,4,Seguro,475.98
7866,20241031,4,Outros,220.76
7867,20241031,5,Combustível,5460.8
7868,20241031,5,Manutenção,2909.12
7869,20241031,5,Pedágio,1123.64
7870,20241031,5,Motorista (Salário/Diária),1848.17
7871,20241031,5,Seguro,560.47
7872,20241031,5,Outros,408.42
7873,20241101,1,Combustível,5566.26
7874,20241101,1,Manutenção,2304.02
7875,20241101,1,Pedágio,1063.69
7876,20241101,1,Motorista (Salário/Diária),1972.11
7877,20241101,1,Seguro,645.09
7878,20241101,1,Outros,413.17
7879,20241101,2,Combustível,3143.7
7880,20241101,2,Manutenção,1246.42
7881,20241101,2,Pedágio,750.61
7882,20241101,2,Motorista (Salário/Diária),1155.41
7883,20241101,2,Seguro,369.67
7884,20241101,2,Outros,241.69
7885,20241101,3,Combustível,1512.7
7886,20241101,3,Manutenção,858.73
7887,20241101,3,Pedágio,432.08
7888,20241101,3,Motorista (Salário/Diária),642.37
7889,20241101,3,Seguro,206.28
7890,20241101,3,Outros,129.72
7891,20241101,4,Combustível,5598.69
7892,20241101,4,Manutenção,2604.15
7893,20241101,4,Pedágio,1188.57
7894,20241101,4,Motorista (Salário/Diária),2530.28
7895,20241101,4,Seguro,685.9
7896,20241101,4,Outros,340.4
7897,20241101,5,Combustível,16417.49
7898,20241101,5,Manutenção,6997.23
7899,20241101,5,Pedágio,3336.18
7900,20241101,5,Motorista (Salário/Diária),5672.93
7901,20241101,5,Seguro,1872.96
7902,20241101,5,Outros,920.56
7903,20241102,1,Combustível,5506.5
7904,20241102,1,Manutenção,2991.44
7905,20241102,1,Pedágio,1486.7
7906,20241102,1,Motorista (Salário/Diária),2301.64
7907,20241102,1,Seguro,803.71
7908,20241102,1,Outros,430.97
7909,20241102,3,Combustível,2166.16
7910,20241102,3,Manutenção,1149.8
7911,20241102,3,Pedágio,537.18
7912,20241102,3,Motorista (Salário/Diária),868.01
7913,20241102,3,Seguro,283.12
7914,20241102,3,Outros,154.94
7915,20241102,4,Combustível,1216.73
7916,20241102,4,Manutenção,526.72
7917,20241102,4,Pedágio,283.75
7918,20241102,4,Motorista (Salário/Diária),412.9
7919,20241102,4,Seguro,128.84
7920,20241102,4,Outros,73.74
7921,20241102,5,Combustível,1606.06
7922,20241102,5,Manutenção,856.45
7923,20241102,5,Pedágio,435.43
7924,20241102,5,Motorista (Salário/Diária),776.89
7925,20241102,5,Seguro,178.76
7926,20241102,5,Outros,125.11
7927,20241103,1,Combustível,3960.23
7928,20241103,1,Manutenção,1537.18
7929,20241103,1,Pedágio,831.56
7930,20241103,1,Motorista (Salário/Diária),1354.67
7931,20241103,1,Seguro,407.72
7932,20241103,1,Outros,281.42
7933,20241103,3,Combustível,2672.49
7934,20241103,3,Manutenção,1068.63
7935,20241103,3,Pedágio,536.89
7936,20241103,3,Motorista (Salário/Diária),1122.19
7937,20241103,3,Seguro,283.53
7938,20241103,3,Outros,182.64
7939,20241103,4,Combustível,980.71
7940,20241103,4,Manutenção,484.48
7941,20241103,4,Pedágio,223.26
7942,20241103,4,Motorista (Salário/Diária),373.91
7943,20241103,4,Seguro,111.48
7944,20241103,4,Outros,71.59
7945,20241103,5,Combustível,876.91
7946,20241103,5,Manutenção,332.4
7947,20241103,5,Pedágio,182.88
7948,20241103,5,Motorista (Salário/Diária),304.54
7949,20241103,5,Seguro,110.46
7950,20241103,5,Outros,53.37
7951,20241104,1,Combustível,2617.26
7952,20241104,1,Manutenção,1160.54
7953,20241104,1,Pedágio,649.53
7954,20241104,1,Motorista (Salário/Diária),1087.6
7955,20241104,1,Seguro,309.88
7956,20241104,1,Outros,199.3
7957,20241104,3,Combustível,4948.18
7958,20241104,3,Manutenção,2068.78
7959,20241104,3,Pedágio,1337.23
7960,20241104,3,Motorista (Salário/Diária),1899.72
7961,20241104,3,Seguro,568.54
7962,20241104,3,Outros,361.14
7963,20241104,4,Combustível,1542.02
7964,20241104,4,Manutenção,712.55
7965,20241104,4,Pedágio,279.54
7966,20241104,4,Motorista (Salário/Diária),565.4
7967,20241104,4,Seguro,141.95
7968,20241104,4,Outros,96.08
7969,20241104,5,Combustível,14055.3
7970,20241104,5,Manutenção,6522.75
7971,20241104,5,Pedágio,3208.13
7972,20241104,5,Motorista (Salário/Diária),5879.22
7973,20241104,5,Seguro,1583.55
7974,20241104,5,Outros,1003.78
7975,20241105,1,Combustível,7939.27
7976,20241105,1,Manutenção,3557.55
7977,20241105,1,Pedágio,1811.4
7978,20241105,1,Motorista (Salário/Diária),3175.61
7979,20241105,1,Seguro,937.84
7980,20241105,1,Outros,634.25
7981,20241105,2,Combustível,592.33
7982,20241105,2,Manutenção,327.73
7983,20241105,2,Pedágio,153.71
7984,20241105,2,Motorista (Salário/Diária),209.1
7985,20241105,2,Seguro,64.71
7986,20241105,2,Outros,44.04
7987,20241105,3,Combustível,1938.68
7988,20241105,3,Manutenção,856.54
7989,20241105,3,Pedágio,355.44
7990,20241105,3,Motorista (Salário/Diária),560.12
7991,20241105,3,Seguro,212.95
7992,20241105,3,Outros,114.62
7993,20241105,4,Combustível,3988.97
7994,20241105,4,Manutenção,1666.44
7995,20241105,4,Pedágio,927.85
7996,20241105,4,Motorista (Salário/Diária),1466.8
7997,20241105,4,Seguro,408.14
7998,20241105,4,Outros,268.39
7999,20241105,5,Combustível,3678.41
8000,20241105,5,Manutenção,1968.48
8001,20241105,5,Pedágio,907.15
8002,20241105,5,Motorista (Salário/Diária),1692.12
8003,20241105,5,Seguro,394.83
8004,20241105,5,Outros,260.39
8005,20241106,1,Combustível,11346.12
8006,20241106,1,Manutenção,4579.42
8007,20241106,1,Pedágio,2662.99
8008,20241106,1,Motorista (Salário/Diária),3524.79
8009,20241106,1,Seguro,1184.41
8010,20241106,1,Outros,704.38
8011,20241106,3,Combustível,4158.59
8012,20241106,3,Manutenção,2218.82
8013,20241106,3,Pedágio,1080.62
8014,20241106,3,Motorista (Salário/Diária),1764.1
8015,20241106,3,Seguro,484.22
8016,20241106,3,Outros,274.29
8017,20241106,4,Combustível,11523.5
8018,20241106,4,Manutenção,5386.17
8019,20241106,4,Pedágio,2350.69
8020,20241106,4,Motorista (Salário/Diária),4651.94
8021,20241106,4,Seguro,1206.18
8022,20241106,4,Outros,732.09
8023,20241106,5,Combustível,8386.04
8024,20241106,5,Manutenção,3810.28
8025,20241106,5,Pedágio,1828.81
8026,20241106,5,Motorista (Salário/Diária),3642.13
8027,20241106,5,Seguro,895.13
8028,20241106,5,Outros,558.71
8029,20241107,1,Combustível,2533.16
8030,20241107,1,Manutenção,1040.0
8031,20241107,1,Pedágio,608.9
8032,20241107,1,Motorista (Salário/Diária),997.95
8033,20241107,1,Seguro,239.42
8034,20241107,1,Outros,154.62
8035,20241107,2,Combustível,3642.37
8036,20241107,2,Manutenção,1810.39
8037,20241107,2,Pedágio,736.9
8038,20241107,2,Motorista (Salário/Diária),1648.38
8039,20241107,2,Seguro,448.54
8040,20241107,2,Outros,279.13
8041,20241107,3,Combustível,4962.59
8042,20241107,3,Manutenção,2248.68
8043,20241107,3,Pedágio,947.63
8044,20241107,3,Motorista (Salário/Diária),1896.72
8045,20241107,3,Seguro,604.12
8046,20241107,3,Outros,356.4
8047,20241107,4,Combustível,4605.91
8048,20241107,4,Manutenção,1904.82
8049,20241107,4,Pedágio,897.58
8050,20241107,4,Motorista (Salário/Diária),1391.97
8051,20241107,4,Seguro,422.5
8052,20241107,4,Outros,257.53
8053,20241107,5,Combustível,8369.02
8054,20241107,5,Manutenção,3868.9
8055,20241107,5,Pedágio,1881.3
8056,20241107,5,Motorista (Salário/Diária),3377.18
8057,20241107,5,Seguro,752.92
8058,20241107,5,Outros,488.69
8059,20241108,1,Combustível,2598.09
8060,20241108,1,Manutenção,1382.72
8061,20241108,1,Pedágio,758.88
8062,20241108,1,Motorista (Salário/Diária),1090.07
8063,20241108,1,Seguro,357.56
8064,20241108,1,Outros,226.48
8065,20241108,2,Combustível,1445.53
8066,20241108,2,Manutenção,706.9
8067,20241108,2,Pedágio,357.96
8068,20241108,2,Motorista (Salário/Diária),662.59
8069,20241108,2,Seguro,192.25
8070,20241108,2,Outros,108.47
8071,20241108,3,Combustível,769.18
8072,20241108,3,Manutenção,393.06
8073,20241108,3,Pedágio,188.6
8074,20241108,3,Motorista (Salário/Diária),340.81
8075,20241108,3,Seguro,92.64
8076,20241108,3,Outros,64.1
8077,20241108,4,Combustível,3480.38
8078,20241108,4,Manutenção,1718.96
8079,20241108,4,Pedágio,839.0
8080,20241108,4,Motorista (Salário/Diária),1244.04
8081,20241108,4,Seguro,396.61
8082,20241108,4,Outros,242.41
8083,20241108,5,Combustível,900.09
8084,20241108,5,Manutenção,443.57
8085,20241108,5,Pedágio,215.55
8086,20241108,5,Motorista (Salário/Diária),339.16
8087,20241108,5,Seguro,128.39
8088,20241108,5,Outros,59.61
8089,20241109,2,Combustível,1261.68
8090,20241109,2,Manutenção,728.58
8091,20241109,2,Pedágio,288.95
8092,20241109,2,Motorista (Salário/Diária),588.94
8093,20241109,2,Seguro,174.56
8094,20241109,2,Outros,103.41
8095,20241109,3,Combustível,1125.53
8096,20241109,3,Manutenção,490.87
8097,20241109,3,Pedágio,207.68
8098,20241109,3,Motorista (Salário/Diária),363.06
8099,20241109,3,Seguro,101.39
8100,20241109,3,Outros,64.79
8101,20241109,4,Combustível,713.66
8102,20241109,4,Manutenção,328.0
8103,20241109,4,Pedágio,192.4
8104,20241109,4,Motorista (Salário/Diária),275.83
8105,20241109,4,Seguro,98.4
8106,20241109,4,Outros,55.73
8107,20241109,5,Combustível,5698.46
8108,20241109,5,Manutenção,2040.42
8109,20241109,5,Pedágio,993.53
8110,20241109,5,Motorista (Salário/Diária),2171.1
8111,20241109,5,Seguro,494.18
8112,20241109,5,Outros,371.21
8113,20241110,1,Combustível,341.27
8114,20241110,1,Manutenção,162.81
8115,20241110,1,Pedágio,61.84
8116,20241110,1,Motorista (Salário/Diária),123.99
8117,20241110,1,Seguro,33.94
8118,20241110,1,Outros,20.92
8119,20241110,5,Combustível,5005.06
8120,20241110,5,Manutenção,2275.12
8121,20241110,5,Pedágio,1109.66
8122,20241110,5,Motorista (Salário/Diária),1492.43
8123,20241110,5,Seguro,461.96
8124,20241110,5,Outros,313.92
8125,20241111,1,Combustível,4079.18
8126,20241111,1,Manutenção,2291.08
8127,20241111,1,Pedágio,1108.43
8128,20241111,1,Motorista (Salário/Diária),1842.5
8129,20241111,1,Seguro,447.02
8130,20241111,1,Outros,299.13
8131,20241111,2,Combustível,2554.09
8132,20241111,2,Manutenção,1034.03
8133,20241111,2,Pedágio,652.01
8134,20241111,2,Motorista (Salário/Diária),962.96
8135,20241111,2,Seguro,320.77
8136,20241111,2,Outros,188.56
8137,20241111,3,Combustível,1688.34
8138,20241111,3,Manutenção,654.38
8139,20241111,3,Pedágio,371.26
8140,20241111,3,Motorista (Salário/Diária),590.07
8141,20241111,3,Seguro,144.57
8142,20241111,3,Outros,86.36
8143,20241111,4,Combustível,12088.87
8144,20241111,4,Manutenção,6069.46
8145,20241111,4,Pedágio,2989.75
8146,20241111,4,Motorista (Salário/Diária),4803.48
8147,20241111,4,Seguro,1476.81
8148,20241111,4,Outros,1024.34
8149,20241111,5,Combustível,7078.48
8150,20241111,5,Manutenção,2871.12
8151,20241111,5,Pedágio,1472.8
8152,20241111,5,Motorista (Salário/Diária),2181.63
8153,20241111,5,Seguro,718.97
8154,20241111,5,Outros,393.49
8155,20241112,1,Combustível,2345.28
8156,20241112,1,Manutenção,1220.44
8157,20241112,1,Pedágio,625.48
8158,20241112,1,Motorista (Salário/Diária),999.45
8159,20241112,1,Seguro,311.84
8160,20241112,1,Outros,180.82
8161,20241112,2,Combustível,849.28
8162,20241112,2,Manutenção,448.85
8163,20241112,2,Pedágio,217.01
8164,20241112,2,Motorista (Salário/Diária),330.99
8165,20241112,2,Seguro,106.99
8166,20241112,2,Outros,59.69
8167,20241112,4,Combustível,1312.7
8168,20241112,4,Manutenção,565.96
8169,20241112,4,Pedágio,300.91
8170,20241112,4,Motorista (Salário/Diária),556.35
8171,20241112,4,Seguro,183.68
8172,20241112,4,Outros,94.74
8173,20241112,5,Combustível,9288.43
8174,20241112,5,Manutenção,4323.59
8175,20241112,5,Pedágio,2127.7
8176,20241112,5,Motorista (Salário/Diária),3939.81
8177,20241112,5,Seguro,1231.06
8178,20241112,5,Outros,781.27
8179,20241113,1,Combustível,8494.56
8180,20241113,1,Manutenção,3802.76
8181,20241113,1,Pedágio,1983.09
8182,20241113,1,Motorista (Salário/Diária),2943.41
8183,20241113,1,Seguro,964.54
8184,20241113,1,Outros,596.6
8185,20241113,2,Combustível,1420.07
8186,20241113,2,Manutenção,722.26
8187,20241113,2,Pedágio,329.7
8188,20241113,2,Motorista (Salário/Diária),616.87
8189,20241113,2,Seguro,157.77
8190,20241113,2,Outros,88.5
8191,20241113,3,Combustível,1731.54
8192,20241113,3,Manutenção,936.13
8193,20241113,3,Pedágio,458.31
8194,20241113,3,Motorista (Salário/Diária),762.37
8195,20241113,3,Seguro,213.25
8196,20241113,3,Outros,106.13
8197,20241113,4,Combustível,12197.74
8198,20241113,4,Manutenção,5686.28
8199,20241113,4,Pedágio,2618.15
8200,20241113,4,Motorista (Salário/Diária),4842.73
8201,20241113,4,Seguro,1377.07
8202,20241113,4,Outros,781.81
8203,20241113,5,Combustível,10383.56
8204,20241113,5,Manutenção,5331.0
8205,20241113,5,Pedágio,2668.51
8206,20241113,5,Motorista (Salário/Diária),4735.56
8207,20241113,5,Seguro,1300.33
8208,20241113,5,Outros,657.46
8209,20241114,1,Combustível,6536.5
8210,20241114,1,Manutenção,2700.88
8211,20241114,1,Pedágio,1718.65
8212,20241114,1,Motorista (Salário/Diária),2221.41
8213,20241114,1,Seguro,765.71
8214,20241114,1,Outros,477.63
8215,20241114,2,Combustível,1331.87
8216,20241114,2,Manutenção,497.43
8217,20241114,2,Pedágio,250.91
8218,20241114,2,Motorista (Salário/Diária),406.36
8219,20241114,2,Seguro,136.78
8220,20241114,2,Outros,87.0
8221,20241114,3,Combustível,1865.82
8222,20241114,3,Manutenção,742.42
8223,20241114,3,Pedágio,457.13
8224,20241114,3,Motorista (Salário/Diária),722.48
8225,20241114,3,Seguro,226.5
8226,20241114,3,Outros,126.74
8227,20241114,4,Combustível,4529.81
8228,20241114,4,Manutenção,2347.52
8229,20241114,4,Pedágio,1014.07
8230,20241114,4,Motorista (Salário/Diária),2050.01
8231,20241114,4,Seguro,475.95
8232,20241114,4,Outros,332.39
8233,20241114,5,Combustível,10057.21
8234,20241114,5,Manutenção,4611.93
8235,20241114,5,Pedágio,2726.12
8236,20241114,5,Motorista (Salário/Diária),4171.82
8237,20241114,5,Seguro,1269.69
8238,20241114,5,Outros,782.74
8239,20241115,1,Combustível,8846.97
8240,20241115,1,Manutenção,3741.38
8241,20241115,1,Pedágio,1913.93
8242,20241115,1,Motorista (Salário/Diária),3525.39
8243,20241115,1,Seguro,965.73
8244,20241115,1,Outros,554.73
8245,20241115,3,Combustível,3618.63
8246,20241115,3,Manutenção,1697.28
8247,20241115,3,Pedágio,646.58
8248,20241115,3,Motorista (Salário/Diária),1208.22
8249,20241115,3,Seguro,389.94
8250,20241115,3,Outros,259.05
8251,20241115,4,Combustível,3614.02
8252,20241115,4,Manutenção,1717.51
8253,20241115,4,Pedágio,834.23
8254,20241115,4,Motorista (Salário/Diária),1758.99
8255,20241115,4,Seguro,517.29
8256,20241115,4,Outros,304.02
8257,20241115,5,Combustível,5457.99
8258,20241115,5,Manutenção,2452.45
8259,20241115,5,Pedágio,992.96
8260,20241115,5,Motorista (Salário/Diária),1712.74
8261,20241115,5,Seguro,633.66
8262,20241115,5,Outros,294.84
8263,20241116,1,Combustível,4488.18
8264,20241116,1,Manutenção,2129.34
8265,20241116,1,Pedágio,1280.84
8266,20241116,1,Motorista (Salário/Diária),1771.68
8267,20241116,1,Seguro,564.23
8268,20241116,1,Outros,392.24
8269,20241116,2,Combustível,1222.39
8270,20241116,2,Manutenção,511.18
8271,20241116,2,Pedágio,273.86
8272,20241116,2,Motorista (Salário/Diária),501.42
8273,20241116,2,Seguro,128.81
8274,20241116,2,Outros,66.9
8275,20241116,3,Combustível,1012.51
8276,20241116,3,Manutenção,514.38
8277,20241116,3,Pedágio,293.8
8278,20241116,3,Motorista (Salário/Diária),452.25
8279,20241116,3,Seguro,145.52
8280,20241116,3,Outros,65.6
8281,20241116,4,Combustível,4668.59
8282,20241116,4,Manutenção,1917.61
8283,20241116,4,Pedágio,908.69
8284,20241116,4,Motorista (Salário/Diária),1420.53
8285,20241116,4,Seguro,433.47
8286,20241116,4,Outros,318.96
8287,20241116,5,Combustível,4392.26
8288,20241116,5,Manutenção,2434.55
8289,20241116,5,Pedágio,1086.14
8290,20241116,5,Motorista (Salário/Diária),2122.52
8291,20241116,5,Seguro,511.66
8292,20241116,5,Outros,379.49
8293,20241117,2,Combustível,1056.11
8294,20241117,2,Manutenção,583.96
8295,20241117,2,Pedágio,233.4
8296,20241117,2,Motorista (Salário/Diária),393.15
8297,20241117,2,Seguro,122.98
8298,20241117,2,Outros,83.25
8299,20241117,3,Combustível,801.02
8300,20241117,3,Manutenção,370.31
8301,20241117,3,Pedágio,169.56
8302,20241117,3,Motorista (Salário/Diária),306.39
8303,20241117,3,Seguro,93.29
8304,20241117,3,Outros,60.97
8305,20241117,4,Combustível,3794.96
8306,20241117,4,Manutenção,1839.42
8307,20241117,4,Pedágio,836.02
8308,20241117,4,Motorista (Salário/Diária),1578.67
8309,20241117,4,Seguro,418.48
8310,20241117,4,Outros,258.38
8311,20241117,5,Combustível,2308.21
8312,20241117,5,Manutenção,1075.42
8313,20241117,5,Pedágio,502.62
8314,20241117,5,Motorista (Salário/Diária),915.55
8315,20241117,5,Seguro,292.7
8316,20241117,5,Outros,167.51
8317,20241118,1,Combustível,6648.87
8318,20241118,1,Manutenção,2777.72
8319,20241118,1,Pedágio,1722.5
8320,20241118,1,Motorista (Salário/Diária),2708.61
8321,20241118,1,Seguro,856.85
8322,20241118,1,Outros,420.42
8323,20241118,2,Combustível,1469.96
8324,20241118,2,Manutenção,649.69
8325,20241118,2,Pedágio,358.49
8326,20241118,2,Motorista (Salário/Diária),607.94
8327,20241118,2,Seguro,173.93
8328,20241118,2,Outros,98.72
8329,20241118,3,Combustível,5069.17
8330,20241118,3,Manutenção,1950.3
8331,20241118,3,Pedágio,1097.77
8332,20241118,3,Motorista (Salário/Diária),1546.05
8333,20241118,3,Seguro,457.1
8334,20241118,3,Outros,339.93
8335,20241118,4,Combustível,2460.62
8336,20241118,4,Manutenção,1344.23
8337,20241118,4,Pedágio,642.96
8338,20241118,4,Motorista (Salário/Diária),1028.74
8339,20241118,4,Seguro,293.71
8340,20241118,4,Outros,168.57
8341,20241118,5,Combustível,5436.12
8342,20241118,5,Manutenção,2343.44
8343,20241118,5,Pedágio,1130.02
8344,20241118,5,Motorista (Salário/Diária),2177.46
8345,20241118,5,Seguro,680.38
8346,20241118,5,Outros,329.11
8347,20241119,1,Combustível,2079.92
8348,20241119,1,Manutenção,1099.73
8349,20241119,1,Pedágio,558.37
8350,20241119,1,Motorista (Salário/Diária),1019.72
8351,20241119,1,Seguro,240.62
8352,20241119,1,Outros,178.49
8353,20241119,2,Combustível,2469.15
8354,20241119,2,Manutenção,979.31
8355,20241119,2,Pedágio,528.43
8356,20241119,2,Motorista (Salário/Diária),853.22
8357,20241119,2,Seguro,312.94
8358,20241119,2,Outros,153.06
8359,20241119,3,Combustível,1849.08
8360,20241119,3,Manutenção,856.32
8361,20241119,3,Pedágio,410.0
8362,20241119,3,Motorista (Salário/Diária),565.77
8363,20241119,3,Seguro,167.99
8364,20241119,3,Outros,122.34
8365,20241119,4,Combustível,3014.29
8366,20241119,4,Manutenção,1357.68
8367,20241119,4,Pedágio,716.75
8368,20241119,4,Motorista (Salário/Diária),1193.94
8369,20241119,4,Seguro,364.86
8370,20241119,4,Outros,191.51
8371,20241119,5,Combustível,12829.22
8372,20241119,5,Manutenção,5658.67
8373,20241119,5,Pedágio,3167.94
8374,20241119,5,Motorista (Salário/Diária),5028.3
8375,20241119,5,Seguro,1369.23
8376,20241119,5,Outros,787.79
8377,20241120,1,Combustível,5325.6
8378,20241120,1,Manutenção,2835.7
8379,20241120,1,Pedágio,1298.19
8380,20241120,1,Motorista (Salário/Diária),2358.33
8381,20241120,1,Seguro,645.6
8382,20241120,1,Outros,416.15
8383,20241120,3,Combustível,3720.52
8384,20241120,3,Manutenção,1414.98
8385,20241120,3,Pedágio,737.59
8386,20241120,3,Motorista (Salário/Diária),1436.84
8387,20241120,3,Seguro,398.59
8388,20241120,3,Outros,230.72
8389,20241120,4,Combustível,2610.96
8390,20241120,4,Manutenção,1141.0
8391,20241120,4,Pedágio,699.9
8392,20241120,4,Motorista (Salário/Diária),1045.43
8393,20241120,4,Seguro,318.4
8394,20241120,4,Outros,171.39
8395,20241120,5,Combustível,6441.43
8396,20241120,5,Manutenção,2720.85
8397,20241120,5,Pedágio,1614.13
8398,20241120,5,Motorista (Salário/Diária),2205.92
8399,20241120,5,Seguro,639.99
8400,20241120,5,Outros,406.78
8401,20241121,1,Combustível,3659.63
8402,20241121,1,Manutenção,1726.91
8403,20241121,1,Pedágio,706.0
8404,20241121,1,Motorista (Salário/Diária),1136.02
8405,20241121,1,Seguro,340.83
8406,20241121,1,Outros,253.94
8407,20241121,2,Combustível,1390.79
8408,20241121,2,Manutenção,486.19
8409,20241121,2,Pedágio,249.94
8410,20241121,2,Motorista (Salário/Diária),507.33
8411,20241121,2,Seguro,123.48
8412,20241121,2,Outros,77.93
8413,20241121,3,Combustível,1729.68
8414,20241121,3,Manutenção,823.94
8415,20241121,3,Pedágio,382.32
8416,20241121,3,Motorista (Salário/Diária),649.32
8417,20241121,3,Seguro,186.96
8418,20241121,3,Outros,133.39
8419,20241121,4,Combustível,1779.76
8420,20241121,4,Manutenção,872.59
8421,20241121,4,Pedágio,405.07
8422,20241121,4,Motorista (Salário/Diária),695.08
8423,20241121,4,Seguro,243.99
8424,20241121,4,Outros,134.32
8425,20241121,5,Combustível,12033.98
8426,20241121,5,Manutenção,5069.46
8427,20241121,5,Pedágio,2801.65
8428,20241121,5,Motorista (Salário/Diária),4953.78
8429,20241121,5,Seguro,1324.89
8430,20241121,5,Outros,851.98
8431,20241122,1,Combustível,7760.95
8432,20241122,1,Manutenção,3692.97
8433,20241122,1,Pedágio,1849.73
8434,20241122,1,Motorista (Salário/Diária),3123.02
8435,20241122,1,Seguro,961.35
8436,20241122,1,Outros,504.02
8437,20241122,2,Combustível,2517.87
8438,20241122,2,Manutenção,1070.06
8439,20241122,2,Pedágio,565.47
8440,20241122,2,Motorista (Salário/Diária),953.81
8441,20241122,2,Seguro,275.78
8442,20241122,2,Outros,130.08
8443,20241122,3,Combustível,2309.75
8444,20241122,3,Manutenção,918.64
8445,20241122,3,Pedágio,489.03
8446,20241122,3,Motorista (Salário/Diária),910.8
8447,20241122,3,Seguro,215.9
8448,20241122,3,Outros,148.83
8449,20241122,4,Combustível,1114.3
8450,20241122,4,Manutenção,451.8
8451,20241122,4,Pedágio,285.83
8452,20241122,4,Motorista (Salário/Diária),457.61
8453,20241122,4,Seguro,143.89
8454,20241122,4,Outros,88.88
8455,20241122,5,Combustível,3886.05
8456,20241122,5,Manutenção,2011.12
8457,20241122,5,Pedágio,802.34
8458,20241122,5,Motorista (Salário/Diária),1484.42
8459,20241122,5,Seguro,487.78
8460,20241122,5,Outros,256.31
8461,20241123,1,Combustível,6034.01
8462,20241123,1,Manutenção,2119.9
8463,20241123,1,Pedágio,1060.51
8464,20241123,1,Motorista (Salário/Diária),2201.61
8465,20241123,1,Seguro,554.28
8466,20241123,1,Outros,403.62
8467,20241123,3,Combustível,469.93
8468,20241123,3,Manutenção,199.6
8469,20241123,3,Pedágio,100.15
8470,20241123,3,Motorista (Salário/Diária),190.74
8471,20241123,3,Seguro,55.87
8472,20241123,3,Outros,35.45
8473,20241123,5,Combustível,2194.89
8474,20241123,5,Manutenção,1089.26
8475,20241123,5,Pedágio,485.69
8476,20241123,5,Motorista (Salário/Diária),899.63
8477,20241123,5,Seguro,278.36
8478,20241123,5,Outros,181.6
8479,20241124,1,Combustível,590.78
8480,20241124,1,Manutenção,324.84
8481,20241124,1,Pedágio,129.89
8482,20241124,1,Motorista (Salário/Diária),233.24
8483,20241124,1,Seguro,77.5
8484,20241124,1,Outros,43.2
8485,20241124,3,Combustível,2743.62
8486,20241124,3,Manutenção,1405.45
8487,20241124,3,Pedágio,726.64
8488,20241124,3,Motorista (Salário/Diária),996.07
8489,20241124,3,Seguro,315.69
8490,20241124,3,Outros,187.45
8491,20241124,4,Combustível,3339.36
8492,20241124,4,Manutenção,1603.46
8493,20241124,4,Pedágio,783.44
8494,20241124,4,Motorista (Salário/Diária),1496.83
8495,20241124,4,Seguro,372.61
8496,20241124,4,Outros,216.46
8497,20241124,5,Combustível,3729.03
8498,20241124,5,Manutenção,1587.82
8499,20241124,5,Pedágio,791.86
8500,20241124,5,Motorista (Salário/Diária),1424.88
8501,20241124,5,Seguro,393.84
8502,20241124,5,Outros,253.69
8503,20241125,1,Combustível,10613.11
8504,20241125,1,Manutenção,4381.41
8505,20241125,1,Pedágio,2146.58
8506,20241125,1,Motorista (Salário/Diária),4021.87
8507,20241125,1,Seguro,963.91
8508,20241125,1,Outros,587.45
8509,20241125,2,Combustível,5593.08
8510,20241125,2,Manutenção,2050.58
8511,20241125,2,Pedágio,1138.58
8512,20241125,2,Motorista (Salário/Diária),1785.58
8513,20241125,2,Seguro,610.39
8514,20241125,2,Outros,335.44
8515,20241125,3,Combustível,1745.31
8516,20241125,3,Manutenção,812.98
8517,20241125,3,Pedágio,331.18
8518,20241125,3,Motorista (Salário/Diária),687.27
8519,20241125,3,Seguro,204.58
8520,20241125,3,Outros,98.18
8521,20241125,4,Combustível,10470.41
8522,20241125,4,Manutenção,4672.99
8523,20241125,4,Pedágio,1904.59
8524,20241125,4,Motorista (Salário/Diária),3989.25
8525,20241125,4,Seguro,932.18
8526,20241125,4,Outros,579.33
8527,20241125,5,Combustível,7304.95
8528,20241125,5,Manutenção,2644.36
8529,20241125,5,Pedágio,1690.37
8530,20241125,5,Motorista (Salário/Diária),2753.15
8531,20241125,5,Seguro,854.73
8532,20241125,5,Outros,503.5
8533,20241126,1,Combustível,11349.22
8534,20241126,1,Manutenção,4625.08
8535,20241126,1,Pedágio,2865.35
8536,20241126,1,Motorista (Salário/Diária),4420.72
8537,20241126,1,Seguro,1452.15
8538,20241126,1,Outros,695.76
8539,20241126,2,Combustível,3251.8
8540,20241126,2,Manutenção,1392.94
8541,20241126,2,Pedágio,667.59
8542,20241126,2,Motorista (Salário/Diária),1235.76
8543,20241126,2,Seguro,304.03
8544,20241126,2,Outros,174.99
8545,20241126,3,Combustível,4091.61
8546,20241126,3,Manutenção,1436.61
8547,20241126,3,Pedágio,805.07
8548,20241126,3,Motorista (Salário/Diária),1163.82
8549,20241126,3,Seguro,348.76
8550,20241126,3,Outros,237.46
8551,20241126,4,Combustível,4613.39
8552,20241126,4,Manutenção,1966.1
8553,20241126,4,Pedágio,965.32
8554,20241126,4,Motorista (Salário/Diária),1691.93
8555,20241126,4,Seguro,472.75
8556,20241126,4,Outros,319.66
8557,20241126,5,Combustível,7316.86
8558,20241126,5,Manutenção,2781.25
8559,20241126,5,Pedágio,1752.13
8560,20241126,5,Motorista (Salário/Diária),3052.06
8561,20241126,5,Seguro,882.23
8562,20241126,5,Outros,539.57
8563,20241127,1,Combustível,12786.69
8564,20241127,1,Manutenção,4893.23
8565,20241127,1,Pedágio,2387.5
8566,20241127,1,Motorista (Salário/Diária),4859.28
8567,20241127,1,Seguro,1098.11
8568,20241127,1,Outros,833.41
8569,20241127,3,Combustível,9742.15
8570,20241127,3,Manutenção,3673.65
8571,20241127,3,Pedágio,1704.11
8572,20241127,3,Motorista (Salário/Diária),3606.71
8573,20241127,3,Seguro,1030.68
8574,20241127,3,Outros,646.7
8575,20241127,5,Combustível,13948.64
8576,20241127,5,Manutenção,6948.26
8577,20241127,5,Pedágio,3280.8
8578,20241127,5,Motorista (Salário/Diária),5077.15
8579,20241127,5,Seguro,1691.88
8580,20241127,5,Outros,943.19
8581,20241128,1,Combustível,7411.1
8582,20241128,1,Manutenção,2971.18
8583,20241128,1,Pedágio,1614.45
8584,20241128,1,Motorista (Salário/Diária),2118.04
8585,20241128,1,Seguro,685.39
8586,20241128,1,Outros,444.95
8587,20241128,2,Combustível,138.86
8588,20241128,2,Manutenção,56.94
8589,20241128,2,Pedágio,29.93
8590,20241128,2,Motorista (Salário/Diária),54.58
8591,20241128,2,Seguro,15.15
8592,20241128,2,Outros,9.8
8593,20241128,3,Combustível,2232.0
8594,20241128,3,Manutenção,1137.51
8595,20241128,3,Pedágio,568.02
8596,20241128,3,Motorista (Salário/Diária),947.74
8597,20241128,3,Seguro,254.15
8598,20241128,3,Outros,155.47
8599,20241128,4,Combustível,4628.97
8600,20241128,4,Manutenção,2467.81
8601,20241128,4,Pedágio,1159.34
8602,20241128,4,Motorista (Salário/Diária),1813.58
8603,20241128,4,Seguro,683.4
8604,20241128,4,Outros,399.57
8605,20241128,5,Combustível,4568.07
8606,20241128,5,Manutenção,2014.5
8607,20241128,5,Pedágio,1051.16
8608,20241128,5,Motorista (Salário/Diária),1727.96
8609,20241128,5,Seguro,652.7
8610,20241128,5,Outros,331.17
8611,20241129,1,Combustível,1302.6
8612,20241129,1,Manutenção,514.76
8613,20241129,1,Pedágio,229.89
8614,20241129,1,Motorista (Salário/Diária),388.84
8615,20241129,1,Seguro,113.65
8616,20241129,1,Outros,72.46
8617,20241129,2,Combustível,4848.06
8618,20241129,2,Manutenção,2320.27
8619,20241129,2,Pedágio,1039.24
8620,20241129,2,Motorista (Salário/Diária),1969.87
8621,20241129,2,Seguro,521.2
8622,20241129,2,Outros,312.72
8623,20241129,3,Combustível,1547.46
8624,20241129,3,Manutenção,644.14
8625,20241129,3,Pedágio,397.26
8626,20241129,3,Motorista (Salário/Diária),540.43
8627,20241129,3,Seguro,167.4
8628,20241129,3,Outros,103.04
8629,20241129,4,Combustível,2673.16
8630,20241129,4,Manutenção,1358.38
8631,20241129,4,Pedágio,636.98
8632,20241129,4,Motorista (Salário/Diária),1144.33
8633,20241129,4,Seguro,337.87
8634,20241129,4,Outros,198.84
8635,20241129,5,Combustível,2592.95
8636,20241129,5,Manutenção,1190.37
8637,20241129,5,Pedágio,577.06
8638,20241129,5,Motorista (Salário/Diária),909.39
8639,20241129,5,Seguro,226.72
8640,20241129,5,Outros,153.53
8641,20241130,2,Combustível,1616.54
8642,20241130,2,Manutenção,691.25
8643,20241130,2,Pedágio,345.79
8644,20241130,2,Motorista (Salário/Diária),531.67
8645,20241130,2,Seguro,164.15
8646,20241130,2,Outros,97.42
8647,20241130,3,Combustível,474.98
8648,20241130,3,Manutenção,267.39
8649,20241130,3,Pedágio,115.93
8650,20241130,3,Motorista (Salário/Diária),177.02
8651,20241130,3,Seguro,52.57
8652,20241130,3,Outros,36.42
8653,20241130,4,Combustível,2396.39
8654,20241130,4,Manutenção,1020.28
8655,20241130,4,Pedágio,538.08
8656,20241130,4,Motorista (Salário/Diária),912.18
8657,20241130,4,Seguro,217.99
8658,20241130,4,Outros,123.45
8659,20241130,5,Combustível,5153.0
8660,20241130,5,Manutenção,2465.65
8661,20241130,5,Pedágio,1180.07
8662,20241130,5,Motorista (Salário/Diária),2059.05
8663,20241130,5,Seguro,559.55
8664,20241130,5,Outros,389.51
8665,20241201,1,Combustível,166.59
8666,20241201,1,Manutenção,83.89
8667,20241201,1,Pedágio,34.83
8668,20241201,1,Motorista (Salário/Diária),64.45
8669,20241201,1,Seguro,18.93
8670,20241201,1,Outros,9.87
8671,20241201,3,Combustível,1048.86
8672,20241201,3,Manutenção,521.07
8673,20241201,3,Pedágio,205.96
8674,20241201,3,Motorista (Salário/Diária),421.03
8675,20241201,3,Seguro,121.86
8676,20241201,3,Outros,82.98
8677,20241201,5,Combustível,612.87
8678,20241201,5,Manutenção,260.05
8679,20241201,5,Pedágio,115.08
8680,20241201,5,Motorista (Salário/Diária),184.43
8681,20241201,5,Seguro,65.25
8682,20241201,5,Outros,35.57
8683,20241202,1,Combustível,1867.2
8684,20241202,1,Manutenção,668.34
8685,20241202,1,Pedágio,422.53
8686,20241202,1,Motorista (Salário/Diária),741.72
8687,20241202,1,Seguro,183.8
8688,20241202,1,Outros,102.48
8689,20241202,2,Combustível,2321.91
8690,20241202,2,Manutenção,1000.26
8691,20241202,2,Pedágio,422.3
8692,20241202,2,Motorista (Salário/Diária),746.67
8693,20241202,2,Seguro,276.54
8694,20241202,2,Outros,139.14
8695,20241202,4,Combustível,3299.34
8696,20241202,4,Manutenção,1736.06
8697,20241202,4,Pedágio,835.04
8698,20241202,4,Motorista (Salário/Diária),1195.64
8699,20241202,4,Seguro,392.53
8700,20241202,4,Outros,245.62
8701,20241202,5,Combustível,3848.97
8702,20241202,5,Manutenção,2011.18
8703,20241202,5,Pedágio,1043.86
8704,20241202,5,Motorista (Salário/Diária),1382.31
8705,20241202,5,Seguro,424.01
8706,20241202,5,Outros,321.11
8707,20241203,1,Combustível,5248.75
8708,20241203,1,Manutenção,2337.46
8709,20241203,1,Pedágio,949.6
8710,20241203,1,Motorista (Salário/Diária),1945.99
8711,20241203,1,Seguro,453.82
8712,20241203,1,Outros,321.3
8713,20241203,2,Combustível,3066.08
8714,20241203,2,Manutenção,1243.56
8715,20241203,2,Pedágio,661.58
8716,20241203,2,Motorista (Salário/Diária),998.08
8717,20241203,2,Seguro,361.68
8718,20241203,2,Outros,211.95
8719,20241203,3,Combustível,920.94
8720,20241203,3,Manutenção,459.5
8721,20241203,3,Pedágio,210.08
8722,20241203,3,Motorista (Salário/Diária),417.2
8723,20241203,3,Seguro,98.43
8724,20241203,3,Outros,66.89
8725,20241203,4,Combustível,4461.68
8726,20241203,4,Manutenção,2051.6
8727,20241203,4,Pedágio,996.47
8728,20241203,4,Motorista (Salário/Diária),1552.92
8729,20241203,4,Seguro,441.31
8730,20241203,4,Outros,301.43
8731,20241203,5,Combustível,4956.71
8732,20241203,5,Manutenção,1914.15
8733,20241203,5,Pedágio,1095.31
8734,20241203,5,Motorista (Salário/Diária),1412.04
8735,20241203,5,Seguro,551.34
8736,20241203,5,Outros,252.11
8737,20241204,1,Combustível,4534.48
8738,20241204,1,Manutenção,1873.57
8739,20241204,1,Pedágio,1074.85
8740,20241204,1,Motorista (Salário/Diária),1626.17
8741,20241204,1,Seguro,474.97
8742,20241204,1,Outros,242.52
8743,20241204,2,Combustível,695.77
8744,20241204,2,Manutenção,306.42
8745,20241204,2,Pedágio,140.15
8746,20241204,2,Motorista (Salário/Diária),275.79
8747,20241204,2,Seguro,67.58
8748,20241204,2,Outros,45.22
8749,20241204,3,Combustível,3615.52
8750,20241204,3,Manutenção,1756.5
8751,20241204,3,Pedágio,848.04
8752,20241204,3,Motorista (Salário/Diária),1332.89
8753,20241204,3,Seguro,368.14
8754,20241204,3,Outros,239.28
8755,20241204,4,Combustível,1627.26
8756,20241204,4,Manutenção,689.17
8757,20241204,4,Pedágio,324.83
8758,20241204,4,Motorista (Salário/Diária),692.26
8759,20241204,4,Seguro,167.34
8760,20241204,4,Outros,117.77
8761,20241204,5,Combustível,2690.89
8762,20241204,5,Manutenção,1034.19
8763,20241204,5,Pedágio,553.93
8764,20241204,5,Motorista (Salário/Diária),783.69
8765,20241204,5,Seguro,258.21
8766,20241204,5,Outros,173.71
8767,20241205,1,Combustível,2607.87
8768,20241205,1,Manutenção,1277.54
8769,20241205,1,Pedágio,722.47
8770,20241205,1,Motorista (Salário/Diária),1051.03
8771,20241205,1,Seguro,327.99
8772,20241205,1,Outros,202.57
8773,20241205,2,Combustível,1730.94
8774,20241205,2,Manutenção,864.86
8775,20241205,2,Pedágio,408.47
8776,20241205,2,Motorista (Salário/Diária),637.8
8777,20241205,2,Seguro,180.62
8778,20241205,2,Outros,130.69
8779,20241205,3,Combustível,1365.71
8780,20241205,3,Manutenção,586.16
8781,20241205,3,Pedágio,314.01
8782,20241205,3,Motorista (Salário/Diária),474.68
8783,20241205,3,Seguro,160.74
8784,20241205,3,Outros,80.48
8785,20241205,5,Combustível,5105.2
8786,20241205,5,Manutenção,2516.6
8787,20241205,5,Pedágio,1034.96
8788,20241205,5,Motorista (Salário/Diária),1853.84
8789,20241205,5,Seguro,507.87
8790,20241205,5,Outros,291.3
8791,20241206,1,Combustível,4331.75
8792,20241206,1,Manutenção,2365.17
8793,20241206,1,Pedágio,1016.43
8794,20241206,1,Motorista (Salário/Diária),1829.48
8795,20241206,1,Seguro,468.12
8796,20241206,1,Outros,339.42
8797,20241206,2,Combustível,4087.95
8798,20241206,2,Manutenção,2119.84
8799,20241206,2,Pedágio,981.87
8800,20241206,2,Motorista (Salário/Diária),1527.19
8801,20241206,2,Seguro,443.96
8802,20241206,2,Outros,289.0
8803,20241206,3,Combustível,379.53
8804,20241206,3,Manutenção,128.27
8805,20241206,3,Pedágio,63.54
8806,20241206,3,Motorista (Salário/Diária),121.05
8807,20241206,3,Seguro,41.39
8808,20241206,3,Outros,23.3
8809,20241206,4,Combustível,11906.72
8810,20241206,4,Manutenção,4921.24
8811,20241206,4,Pedágio,2620.54
8812,20241206,4,Motorista (Salário/Diária),4431.77
8813,20241206,4,Seguro,1071.15
8814,20241206,4,Outros,745.7
8815,20241206,5,Combustível,4866.14
8816,20241206,5,Manutenção,2225.59
8817,20241206,5,Pedágio,1287.95
8818,20241206,5,Motorista (Salário/Diária),2321.06
8819,20241206,5,Seguro,549.82
8820,20241206,5,Outros,361.47
8821,20241207,1,Combustível,3317.77
8822,20241207,1,Manutenção,1600.95
8823,20241207,1,Pedágio,883.06
8824,20241207,1,Motorista (Salário/Diária),1325.04
8825,20241207,1,Seguro,371.77
8826,20241207,1,Outros,256.76
8827,20241207,3,Combustível,684.37
8828,20241207,3,Manutenção,250.45
8829,20241207,3,Pedágio,147.83
8830,20241207,3,Motorista (Salário/Diária),231.16
8831,20241207,3,Seguro,77.65
8832,20241207,3,Outros,44.08
8833,20241207,4,Combustível,3701.76
8834,20241207,4,Manutenção,1731.93
8835,20241207,4,Pedágio,706.18
8836,20241207,4,Motorista (Salário/Diária),1210.09
8837,20241207,4,Seguro,430.82
8838,20241207,4,Outros,248.5
8839,20241207,5,Combustível,1746.23
8840,20241207,5,Manutenção,611.84
8841,20241207,5,Pedágio,376.07
8842,20241207,5,Motorista (Salário/Diária),619.06
8843,20241207,5,Seguro,186.23
8844,20241207,5,Outros,111.58
8845,20241208,1,Combustível,3325.79
8846,20241208,1,Manutenção,1155.49
8847,20241208,1,Pedágio,579.24
8848,20241208,1,Motorista (Salário/Diária),1260.4
8849,20241208,1,Seguro,366.12
8850,20241208,1,Outros,211.82
8851,20241208,3,Combustível,1025.51
8852,20241208,3,Manutenção,455.79
8853,20241208,3,Pedágio,216.74
8854,20241208,3,Motorista (Salário/Diária),368.68
8855,20241208,3,Seguro,86.02
8856,20241208,3,Outros,58.82
8857,20241208,4,Combustível,805.98
8858,20241208,4,Manutenção,360.61
8859,20241208,4,Pedágio,204.94
8860,20241208,4,Motorista (Salário/Diária),276.98
8861,20241208,4,Seguro,95.64
8862,20241208,4,Outros,54.48
8863,20241208,5,Combustível,319.1
8864,20241208,5,Manutenção,148.69
8865,20241208,5,Pedágio,76.67
8866,20241208,5,Motorista (Salário/Diária),120.77
8867,20241208,5,Seguro,35.62
8868,20241208,5,Outros,25.59
8869,20241209,1,Combustível,2679.92
8870,20241209,1,Manutenção,1351.12
8871,20241209,1,Pedágio,680.03
8872,20241209,1,Motorista (Salário/Diária),1020.92
8873,20241209,1,Seguro,328.68
8874,20241209,1,Outros,222.38
8875,20241209,2,Combustível,2594.06
8876,20241209,2,Manutenção,1007.32
8877,20241209,2,Pedágio,486.6
8878,20241209,2,Motorista (Salário/Diária),845.01
8879,20241209,2,Seguro,249.0
8880,20241209,2,Outros,130.38
8881,20241209,3,Combustível,2351.58
8882,20241209,3,Manutenção,1112.49
8883,20241209,3,Pedágio,532.14
8884,20241209,3,Motorista (Salário/Diária),934.62
8885,20241209,3,Seguro,283.4
8886,20241209,3,Outros,189.78
8887,20241209,4,Combustível,294.2
8888,20241209,4,Manutenção,161.91
8889,20241209,4,Pedágio,69.49
8890,20241209,4,Motorista (Salário/Diária),108.68
8891,20241209,4,Seguro,39.89
8892,20241209,4,Outros,24.08
8893,20241209,5,Combustível,6187.68
8894,20241209,5,Manutenção,2475.24
8895,20241209,5,Pedágio,1196.68
8896,20241209,5,Motorista (Salário/Diária),2069.8
8897,20241209,5,Seguro,640.63
8898,20241209,5,Outros,327.14
8899,20241210,1,Combustível,5519.03
8900,20241210,1,Manutenção,2301.67
8901,20241210,1,Pedágio,1175.76
8902,20241210,1,Motorista (Salário/Diária),2095.58
8903,20241210,1,Seguro,634.0
8904,20241210,1,Outros,382.31
8905,20241210,2,Combustível,3800.45
8906,20241210,2,Manutenção,1743.03
8907,20241210,2,Pedágio,828.46
8908,20241210,2,Motorista (Salário/Diária),1507.71
8909,20241210,2,Seguro,464.94
8910,20241210,2,Outros,246.15
8911,20241210,5,Combustível,5140.3
8912,20241210,5,Manutenção,2518.93
8913,20241210,5,Pedágio,1263.65
8914,20241210,5,Motorista (Salário/Diária),2137.59
8915,20241210,5,Seguro,521.38
8916,20241210,5,Outros,316.97
8917,20241211,1,Combustível,7394.64
8918,20241211,1,Manutenção,3172.02
8919,20241211,1,Pedágio,1703.66
8920,20241211,1,Motorista (Salário/Diária),2489.09
8921,20241211,1,Seguro,639.27
8922,20241211,1,Outros,454.26
8923,20241211,2,Combustível,912.52
8924,20241211,2,Manutenção,418.18
8925,20241211,2,Pedágio,198.97
8926,20241211,2,Motorista (Salário/Diária),400.3
8927,20241211,2,Seguro,96.81
8928,20241211,2,Outros,57.96
8929,20241211,3,Combustível,3471.15
8930,20241211,3,Manutenção,1452.41
8931,20241211,3,Pedágio,803.15
8932,20241211,3,Motorista (Salário/Diária),1300.37
8933,20241211,3,Seguro,321.73
8934,20241211,3,Outros,209.6
8935,20241211,4,Combustível,904.31
8936,20241211,4,Manutenção,374.72
8937,20241211,4,Pedágio,214.16
8938,20241211,4,Motorista (Salário/Diária),370.47
8939,20241211,4,Seguro,116.6
8940,20241211,4,Outros,70.23
8941,20241211,5,Combustível,5772.21
8942,20241211,5,Manutenção,2469.91
8943,20241211,5,Pedágio,1273.56
8944,20241211,5,Motorista (Salário/Diária),2157.38
8945,20241211,5,Seguro,735.19
8946,20241211,5,Outros,493.38
8947,20241212,1,Combustível,4009.56
8948,20241212,1,Manutenção,1728.46
8949,20241212,1,Pedágio,692.97
8950,20241212,1,Motorista (Salário/Diária),1537.09
8951,20241212,1,Seguro,438.92
8952,20241212,1,Outros,205.19
8953,20241212,2,Combustível,955.92
8954,20241212,2,Manutenção,492.07
8955,20241212,2,Pedágio,253.81
8956,20241212,2,Motorista (Salário/Diária),346.7
8957,20241212,2,Seguro,126.59
8958,20241212,2,Outros,62.13
8959,20241212,3,Combustível,784.07
8960,20241212,3,Manutenção,353.57
8961,20241212,3,Pedágio,157.81
8962,20241212,3,Motorista (Salário/Diária),258.08
8963,20241212,3,Seguro,79.6
8964,20241212,3,Outros,51.96
8965,20241212,4,Combustível,1185.96
8966,20241212,4,Manutenção,477.06
8967,20241212,4,Pedágio,268.28
8968,20241212,4,Motorista (Salário/Diária),405.58
8969,20241212,4,Seguro,128.8
8970,20241212,4,Outros,72.48
8971,20241212,5,Combustível,1169.93
8972,20241212,5,Manutenção,626.4
8973,20241212,5,Pedágio,288.01
8974,20241212,5,Motorista (Salário/Diária),463.91
8975,20241212,5,Seguro,139.65
8976,20241212,5,Outros,87.23
8977,20241213,1,Combustível,4904.75
8978,20241213,1,Manutenção,2543.99
8979,20241213,1,Pedágio,1105.86
8980,20241213,1,Motorista (Salário/Diária),1881.89
8981,20241213,1,Seguro,489.59
8982,20241213,1,Outros,316.45
8983,20241213,5,Combustível,5713.73
8984,20241213,5,Manutenção,2391.22
8985,20241213,5,Pedágio,1143.23
8986,20241213,5,Motorista (Salário/Diária),1889.9
8987,20241213,5,Seguro,576.48
8988,20241213,5,Outros,360.45
8989,20241214,1,Combustível,1439.51
8990,20241214,1,Manutenção,732.77
8991,20241214,1,Pedágio,377.28
8992,20241214,1,Motorista (Salário/Diária),584.22
8993,20241214,1,Seguro,183.13
8994,20241214,1,Outros,112.49
8995,20241214,2,Combustível,1036.3
8996,20241214,2,Manutenção,472.16
8997,20241214,2,Pedágio,232.21
8998,20241214,2,Motorista (Salário/Diária),339.63
8999,20241214,2,Seguro,101.32
9000,20241214,2,Outros,60.67
9001,20241214,3,Combustível,453.45
9002,20241214,3,Manutenção,176.15
9003,20241214,3,Pedágio,96.2
9004,20241214,3,Motorista (Salário/Diária),155.79
9005,20241214,3,Seguro,44.04
9006,20241214,3,Outros,33.7
9007,20241215,3,Combustível,3525.83
9008,20241215,3,Manutenção,1943.12
9009,20241215,3,Pedágio,910.18
9010,20241215,3,Motorista (Salário/Diária),1323.01
9011,20241215,3,Seguro,471.15
9012,20241215,3,Outros,295.75
9013,20241215,5,Combustível,819.71
9014,20241215,5,Manutenção,360.43
9015,20241215,5,Pedágio,205.1
9016,20241215,5,Motorista (Salário/Diária),314.33
9017,20241215,5,Seguro,98.16
9018,20241215,5,Outros,56.49
9019,20241216,1,Combustível,2846.04
9020,20241216,1,Manutenção,1409.86
9021,20241216,1,Pedágio,690.02
9022,20241216,1,Motorista (Salário/Diária),1093.76
9023,20241216,1,Seguro,349.73
9024,20241216,1,Outros,197.76
9025,20241216,2,Combustível,773.77
9026,20241216,2,Manutenção,380.43
9027,20241216,2,Pedágio,179.17
9028,20241216,2,Motorista (Salário/Diária),267.08
9029,20241216,2,Seguro,93.24
9030,20241216,2,Outros,53.04
9031,20241216,3,Combustível,6016.87
9032,20241216,3,Manutenção,2137.7
9033,20241216,3,Pedágio,1228.05
9034,20241216,3,Motorista (Salário/Diária),2233.97
9035,20241216,3,Seguro,583.12
9036,20241216,3,Outros,403.98
9037,20241216,5,Combustível,5286.28
9038,20241216,5,Manutenção,2589.3
9039,20241216,5,Pedágio,1114.78
9040,20241216,5,Motorista (Salário/Diária),1769.98
9041,20241216,5,Seguro,509.42
9042,20241216,5,Outros,403.2
9043,20241217,1,Combustível,3512.05
9044,20241217,1,Manutenção,1606.63
9045,20241217,1,Pedágio,745.58
9046,20241217,1,Motorista (Salário/Diária),1343.36
9047,20241217,1,Seguro,465.41
9048,20241217,1,Outros,263.69
9049,20241217,3,Combustível,818.86
9050,20241217,3,Manutenção,320.46
9051,20241217,3,Pedágio,161.5
9052,20241217,3,Motorista (Salário/Diária),293.18
9053,20241217,3,Seguro,89.44
9054,20241217,3,Outros,48.63
9055,20241217,4,Combustível,5751.84
9056,20241217,4,Manutenção,2849.94
9057,20241217,4,Pedágio,1260.84
9058,20241217,4,Motorista (Salário/Diária),2050.74
9059,20241217,4,Seguro,706.95
9060,20241217,4,Outros,458.09
9061,20241217,5,Combustível,7606.97
9062,20241217,5,Manutenção,4464.22
9063,20241217,5,Pedágio,2092.15
9064,20241217,5,Motorista (Salário/Diária),3202.03
9065,20241217,5,Seguro,973.51
9066,20241217,5,Outros,655.01
9067,20241218,2,Combustível,2742.88
9068,20241218,2,Manutenção,1516.69
9069,20241218,2,Pedágio,756.99
9070,20241218,2,Motorista (Salário/Diária),1231.53
9071,20241218,2,Seguro,359.62
9072,20241218,2,Outros,198.66
9073,20241218,3,Combustível,3091.57
9074,20241218,3,Manutenção,1477.49
9075,20241218,3,Pedágio,590.33
9076,20241218,3,Motorista (Salário/Diária),1185.83
9077,20241218,3,Seguro,317.79
9078,20241218,3,Outros,193.14
9079,20241218,4,Combustível,3718.72
9080,20241218,4,Manutenção,1606.99
9081,20241218,4,Pedágio,657.97
9082,20241218,4,Motorista (Salário/Diária),1091.08
9083,20241218,4,Seguro,360.98
9084,20241218,4,Outros,212.92
9085,20241218,5,Combustível,4424.9
9086,20241218,5,Manutenção,2374.36
9087,20241218,5,Pedágio,1017.81
9088,20241218,5,Motorista (Salário/Diária),1944.0
9089,20241218,5,Seguro,506.19
9090,20241218,5,Outros,286.46
9091,20241219,1,Combustível,4498.99
9092,20241219,1,Manutenção,1856.41
9093,20241219,1,Pedágio,1129.06
9094,20241219,1,Motorista (Salário/Diária),1660.11
9095,20241219,1,Seguro,544.56
9096,20241219,1,Outros,283.79
9097,20241219,2,Combustível,1798.95
9098,20241219,2,Manutenção,693.36
9099,20241219,2,Pedágio,309.32
9100,20241219,2,Motorista (Salário/Diária),692.49
9101,20241219,2,Seguro,186.5
9102,20241219,2,Outros,115.84
9103,20241219,4,Combustível,876.61
9104,20241219,4,Manutenção,499.23
9105,20241219,4,Pedágio,204.91
9106,20241219,4,Motorista (Salário/Diária),421.41
9107,20241219,4,Seguro,120.46
9108,20241219,4,Outros,67.46
9109,20241219,5,Combustível,6480.46
9110,20241219,5,Manutenção,2731.04
9111,20241219,5,Pedágio,1256.72
9112,20241219,5,Motorista (Salário/Diária),2174.9
9113,20241219,5,Seguro,657.41
9114,20241219,5,Outros,453.47
9115,20241220,1,Combustível,1841.68
9116,20241220,1,Manutenção,838.64
9117,20241220,1,Pedágio,408.06
9118,20241220,1,Motorista (Salário/Diária),794.08
9119,20241220,1,Seguro,203.09
9120,20241220,1,Outros,133.39
9121,20241220,2,Combustível,2135.72
9122,20241220,2,Manutenção,816.97
9123,20241220,2,Pedágio,440.85
9124,20241220,2,Motorista (Salário/Diária),633.34
9125,20241220,2,Seguro,188.8
9126,20241220,2,Outros,139.37
9127,20241220,3,Combustível,168.63
9128,20241220,3,Manutenção,65.83
9129,20241220,3,Pedágio,31.91
9130,20241220,3,Motorista (Salário/Diária),54.18
9131,20241220,3,Seguro,19.07
9132,20241220,3,Outros,8.75
9133,20241220,4,Combustível,692.4
9134,20241220,4,Manutenção,391.61
9135,20241220,4,Pedágio,167.76
9136,20241220,4,Motorista (Salário/Diária),317.19
9137,20241220,4,Seguro,92.44
9138,20241220,4,Outros,54.42
9139,20241220,5,Combustível,452.44
9140,20241220,5,Manutenção,212.37
9141,20241220,5,Pedágio,95.18
9142,20241220,5,Motorista (Salário/Diária),182.77
9143,20241220,5,Seguro,49.47
9144,20241220,5,Outros,26.3
9145,20241221,1,Combustível,3064.83
9146,20241221,1,Manutenção,1175.67
9147,20241221,1,Pedágio,586.1
9148,20241221,1,Motorista (Salário/Diária),1126.32
9149,20241221,1,Seguro,301.2
9150,20241221,1,Outros,218.88
9151,20241221,2,Combustível,751.31
9152,20241221,2,Manutenção,320.31
9153,20241221,2,Pedágio,134.92
9154,20241221,2,Motorista (Salário/Diária),288.31
9155,20241221,2,Seguro,68.65
9156,20241221,2,Outros,45.94
9157,20241221,5,Combustível,4409.69
9158,20241221,5,Manutenção,1829.53
9159,20241221,5,Pedágio,983.34
9160,20241221,5,Motorista (Salário/Diária),1491.61
9161,20241221,5,Seguro,435.68
9162,20241221,5,Outros,266.53
9163,20241222,1,Combustível,2728.3
9164,20241222,1,Manutenção,1401.49
9165,20241222,1,Pedágio,732.24
9166,20241222,1,Motorista (Salário/Diária),1205.81
9167,20241222,1,Seguro,358.73
9168,20241222,1,Outros,180.69
9169,20241222,2,Combustível,634.14
9170,20241222,2,Manutenção,248.83
9171,20241222,2,Pedágio,131.54
9172,20241222,2,Motorista (Salário/Diária),188.3
9173,20241222,2,Seguro,63.32
9174,20241222,2,Outros,32.35
9175,20241222,5,Combustível,2281.37
9176,20241222,5,Manutenção,1088.89
9177,20241222,5,Pedágio,561.81
9178,20241222,5,Motorista (Salário/Diária),873.57
9179,20241222,5,Seguro,255.2
9180,20241222,5,Outros,164.65
9181,20241223,1,Combustível,4245.58
9182,20241223,1,Manutenção,2077.38
9183,20241223,1,Pedágio,800.93
9184,20241223,1,Motorista (Salário/Diária),1410.86
9185,20241223,1,Seguro,403.38
9186,20241223,1,Outros,286.2
9187,20241223,2,Combustível,1060.47
9188,20241223,2,Manutenção,465.01
9189,20241223,2,Pedágio,225.57
9190,20241223,2,Motorista (Salário/Diária),489.9
9191,20241223,2,Seguro,110.86
9192,20241223,2,Outros,74.87
9193,20241223,4,Combustível,2677.78
9194,20241223,4,Manutenção,1016.33
9195,20241223,4,Pedágio,463.01
9196,20241223,4,Motorista (Salário/Diária),880.17
9197,20241223,4,Seguro,298.97
9198,20241223,4,Outros,173.03
9199,20241223,5,Combustível,4035.43
9200,20241223,5,Manutenção,1752.96
9201,20241223,5,Pedágio,945.42
9202,20241223,5,Motorista (Salário/Diária),1440.9
9203,20241223,5,Seguro,431.62
9204,20241223,5,Outros,230.36
9205,20241224,1,Combustível,10187.53
9206,20241224,1,Manutenção,5226.27
9207,20241224,1,Pedágio,2469.66
9208,20241224,1,Motorista (Salário/Diária),4428.46
9209,20241224,1,Seguro,1139.28
9210,20241224,1,Outros,798.64
9211,20241224,2,Combustível,1430.93
9212,20241224,2,Manutenção,586.84
9213,20241224,2,Pedágio,298.89
9214,20241224,2,Motorista (Salário/Diária),540.37
9215,20241224,2,Seguro,148.29
9216,20241224,2,Outros,87.54
9217,20241224,3,Combustível,2174.18
9218,20241224,3,Manutenção,947.92
9219,20241224,3,Pedágio,442.62
9220,20241224,3,Motorista (Salário/Diária),809.04
9221,20241224,3,Seguro,202.06
9222,20241224,3,Outros,160.98
9223,20241224,4,Combustível,1048.79
9224,20241224,4,Manutenção,475.0
9225,20241224,4,Pedágio,227.51
9226,20241224,4,Motorista (Salário/Diária),390.11
9227,20241224,4,Seguro,134.68
9228,20241224,4,Outros,81.53
9229,20241224,5,Combustível,7216.43
9230,20241224,5,Manutenção,3610.5
9231,20241224,5,Pedágio,1792.14
9232,20241224,5,Motorista (Salário/Diária),3114.4
9233,20241224,5,Seguro,864.5
9234,20241224,5,Outros,559.73
9235,20241225,1,Combustível,1451.9
9236,20241225,1,Manutenção,591.76
9237,20241225,1,Pedágio,304.3
9238,20241225,1,Motorista (Salário/Diária),568.5
9239,20241225,1,Seguro,165.38
9240,20241225,1,Outros,89.04
9241,20241225,3,Combustível,794.25
9242,20241225,3,Manutenção,356.86
9243,20241225,3,Pedágio,187.46
9244,20241225,3,Motorista (Salário/Diária),353.15
9245,20241225,3,Seguro,98.27
9246,20241225,3,Outros,54.85
9247,20241225,4,Combustível,2364.9
9248,20241225,4,Manutenção,1152.31
9249,20241225,4,Pedágio,544.22
9250,20241225,4,Motorista (Salário/Diária),834.78
9251,20241225,4,Seguro,227.9
9252,20241225,4,Outros,148.02
9253,20241225,5,Combustível,11295.95
9254,20241225,5,Manutenção,5375.02
9255,20241225,5,Pedágio,2482.34
9256,20241225,5,Motorista (Salário/Diária),5676.99
9257,20241225,5,Seguro,1425.03
9258,20241225,5,Outros,745.25
9259,20241226,1,Combustível,2750.11
9260,20241226,1,Manutenção,1549.59
9261,20241226,1,Pedágio,741.78
9262,20241226,1,Motorista (Salário/Diária),1210.68
9263,20241226,1,Seguro,342.91
9264,20241226,1,Outros,225.56
9265,20241226,2,Combustível,584.38
9266,20241226,2,Manutenção,244.35
9267,20241226,2,Pedágio,106.23
9268,20241226,2,Motorista (Salário/Diária),168.98
9269,20241226,2,Seguro,50.25
9270,20241226,2,Outros,31.42
9271,20241226,3,Combustível,3488.4
9272,20241226,3,Manutenção,1539.53
9273,20241226,3,Pedágio,610.07
9274,20241226,3,Motorista (Salário/Diária),1278.9
9275,20241226,3,Seguro,380.33
9276,20241226,3,Outros,195.31
9277,20241226,4,Combustível,1791.52
9278,20241226,4,Manutenção,931.08
9279,20241226,4,Pedágio,422.42
9280,20241226,4,Motorista (Salário/Diária),689.97
9281,20241226,4,Seguro,199.21
9282,20241226,4,Outros,125.54
9283,20241226,5,Combustível,4870.62
9284,20241226,5,Manutenção,2234.74
9285,20241226,5,Pedágio,1212.96
9286,20241226,5,Motorista (Salário/Diária),1597.65
9287,20241226,5,Seguro,524.44
9288,20241226,5,Outros,359.4
9289,20241227,1,Combustível,7415.98
9290,20241227,1,Manutenção,4199.05
9291,20241227,1,Pedágio,1685.79
9292,20241227,1,Motorista (Salário/Diária),3528.71
9293,20241227,1,Seguro,912.92
9294,20241227,1,Outros,663.11
9295,20241227,2,Combustível,1037.31
9296,20241227,2,Manutenção,561.31
9297,20241227,2,Pedágio,253.27
9298,20241227,2,Motorista (Salário/Diária),454.0
9299,20241227,2,Seguro,141.51
9300,20241227,2,Outros,77.76
9301,20241227,3,Combustível,3834.04
9302,20241227,3,Manutenção,1671.47
9303,20241227,3,Pedágio,798.29
9304,20241227,3,Motorista (Salário/Diária),1333.95
9305,20241227,3,Seguro,410.24
9306,20241227,3,Outros,243.67
9307,20241227,5,Combustível,8065.25
9308,20241227,5,Manutenção,4013.1
9309,20241227,5,Pedágio,1769.66
9310,20241227,5,Motorista (Salário/Diária),3060.63
9311,20241227,5,Seguro,880.54
9312,20241227,5,Outros,620.87
9313,20241228,2,Combustível,2983.96
9314,20241228,2,Manutenção,1234.82
9315,20241228,2,Pedágio,647.16
9316,20241228,2,Motorista (Salário/Diária),920.23
9317,20241228,2,Seguro,312.87
9318,20241228,2,Outros,154.6
9319,20241228,4,Combustível,4120.38
9320,20241228,4,Manutenção,1758.16
9321,20241228,4,Pedágio,932.28
9322,20241228,4,Motorista (Salário/Diária),1341.01
9323,20241228,4,Seguro,410.08
9324,20241228,4,Outros,246.32
9325,20241229,1,Combustível,4380.4
9326,20241229,1,Manutenção,1626.43
9327,20241229,1,Pedágio,939.19
9328,20241229,1,Motorista (Salário/Diária),1692.37
9329,20241229,1,Seguro,458.05
9330,20241229,1,Outros,312.54
9331,20241229,3,Combustível,893.91
9332,20241229,3,Manutenção,398.0
9333,20241229,3,Pedágio,192.86
9334,20241229,3,Motorista (Salário/Diária),317.08
9335,20241229,3,Seguro,80.19
9336,20241229,3,Outros,57.78
9337,20241229,4,Combustível,749.16
9338,20241229,4,Manutenção,423.65
9339,20241229,4,Pedágio,210.18
9340,20241229,4,Motorista (Salário/Diária),338.92
9341,20241229,4,Seguro,106.77
9342,20241229,4,Outros,56.85
9343,20241230,1,Combustível,8641.35
9344,20241230,1,Manutenção,3405.65
9345,20241230,1,Pedágio,1717.95
9346,20241230,1,Motorista (Salário/Diária),3252.77
9347,20241230,1,Seguro,775.94
9348,20241230,1,Outros,462.16
9349,20241230,3,Combustível,1548.37
9350,20241230,3,Manutenção,695.76
9351,20241230,3,Pedágio,348.63
9352,20241230,3,Motorista (Salário/Diária),461.22
9353,20241230,3,Seguro,176.55
9354,20241230,3,Outros,81.35
9355,20241230,4,Combustível,1253.17
9356,20241230,4,Manutenção,702.6
9357,20241230,4,Pedágio,337.51
9358,20241230,4,Motorista (Salário/Diária),496.32
9359,20241230,4,Seguro,135.14
9360,20241230,4,Outros,91.81
9361,20241230,5,Combustível,5348.21
9362,20241230,5,Manutenção,1965.75
9363,20241230,5,Pedágio,1144.28
9364,20241230,5,Motorista (Salário/Diária),1764.48
9365,20241230,5,Seguro,497.13
9366,20241230,5,Outros,324.51
9367,20241231,1,Combustível,11029.88
9368,20241231,1,Manutenção,5061.65
9369,20241231,1,Pedágio,2338.28
9370,20241231,1,Motorista (Salário/Diária),4036.66
9371,20241231,1,Seguro,1423.94
9372,20241231,1,Outros,732.55
9373,20241231,3,Combustível,11104.2
9374,20241231,3,Manutenção,4332.46
9375,20241231,3,Pedágio,2357.61
9376,20241231,3,Motorista (Salário/Diária),3748.59
9377,20241231,3,Seguro,1073.5
9378,20241231,3,Outros,634.24
9379,20241231,4,Combustível,1543.64
9380,20241231,4,Manutenção,741.49
9381,20241231,4,Pedágio,360.26
9382,20241231,4,Motorista (Salário/Diária),623.68
9383,20241231,4,Seguro,165.64
9384,20241231,4,Outros,120.9
9385,20241231,5,Combustível,3998.16
9386,20241231,5,Manutenção,2030.09
9387,20241231,5,Pedágio,781.13
9388,20241231,5,Motorista (Salário/Diária),1295.46
9389,20241231,5,Seguro,441.7
9390,20241231,5,Outros,262.49
9391,20250101,1,Combustível,4627.52
9392,20250101,1,Manutenção,2292.18
9393,20250101,1,Pedágio,1309.98
9394,20250101,1,Motorista (Salário/Diária),1729.49
9395,20250101,1,Seguro,623.99
9396,20250101,1,Outros,397.17
9397,20250101,2,Combustível,783.76
9398,20250101,2,Manutenção,334.67
9399,20250101,2,Pedágio,164.33
9400,20250101,2,Motorista (Salário/Diária),263.18
9401,20250101,2,Seguro,77.24
9402,20250101,2,Outros,48.62
9403,20250101,3,Combustível,1861.72
9404,20250101,3,Manutenção,712.65
9405,20250101,3,Pedágio,442.75
9406,20250101,3,Motorista (Salário/Diária),667.52
9407,20250101,3,Seguro,217.76
9408,20250101,3,Outros,110.54
9409,20250101,4,Combustível,216.01
9410,20250101,4,Manutenção,78.76
9411,20250101,4,Pedágio,48.01
9412,20250101,4,Motorista (Salário/Diária),61.65
9413,20250101,4,Seguro,18.3
9414,20250101,4,Outros,12.22
9415,20250101,5,Combustível,7972.84
9416,20250101,5,Manutenção,3794.37
9417,20250101,5,Pedágio,1716.31
9418,20250101,5,Motorista (Salário/Diária),3378.77
9419,20250101,5,Seguro,1028.37
9420,20250101,5,Outros,563.67
9421,20250102,1,Combustível,2124.07
9422,20250102,1,Manutenção,941.46
9423,20250102,1,Pedágio,498.53
9424,20250102,1,Motorista (Salário/Diária),718.99
9425,20250102,1,Seguro,194.17
9426,20250102,1,Outros,136.79
9427,20250102,3,Combustível,1390.59
9428,20250102,3,Manutenção,558.88
9429,20250102,3,Pedágio,288.27
9430,20250102,3,Motorista (Salário/Diária),466.34
9431,20250102,3,Seguro,128.17
9432,20250102,3,Outros,92.24
9433,20250102,4,Combustível,3204.63
9434,20250102,4,Manutenção,1083.53
9435,20250102,4,Pedágio,629.35
9436,20250102,4,Motorista (Salário/Diária),1122.56
9437,20250102,4,Seguro,355.31
9438,20250102,4,Outros,173.16
9439,20250102,5,Combustível,11259.04
9440,20250102,5,Manutenção,6002.12
9441,20250102,5,Pedágio,3223.55
9442,20250102,5,Motorista (Salário/Diária),4767.33
9443,20250102,5,Seguro,1423.73
9444,20250102,5,Outros,829.38
9445,20250103,1,Combustível,2813.89
9446,20250103,1,Manutenção,1051.67
9447,20250103,1,Pedágio,597.02
9448,20250103,1,Motorista (Salário/Diária),989.95
9449,20250103,1,Seguro,264.66
9450,20250103,1,Outros,177.92
9451,20250103,2,Combustível,611.51
9452,20250103,2,Manutenção,251.02
9453,20250103,2,Pedágio,136.46
9454,20250103,2,Motorista (Salário/Diária),242.23
9455,20250103,2,Seguro,76.15
9456,20250103,2,Outros,39.01
9457,20250103,3,Combustível,2562.86
9458,20250103,3,Manutenção,1287.83
9459,20250103,3,Pedágio,605.0
9460,20250103,3,Motorista (Salário/Diária),1216.5
9461,20250103,3,Seguro,278.64
9462,20250103,3,Outros,202.9
9463,20250103,4,Combustível,1637.01
9464,20250103,4,Manutenção,712.0
9465,20250103,4,Pedágio,359.86
9466,20250103,4,Motorista (Salário/Diária),556.97
9467,20250103,4,Seguro,156.11
9468,20250103,4,Outros,88.78
9469,20250103,5,Combustível,11333.95
9470,20250103,5,Manutenção,4956.63
9471,20250103,5,Pedágio,2435.58
9472,20250103,5,Motorista (Salário/Diária),3909.86
9473,20250103,5,Seguro,1004.7
9474,20250103,5,Outros,638.67
9475,20250104,1,Combustível,774.18
9476,20250104,1,Manutenção,384.11
9477,20250104,1,Pedágio,170.21
9478,20250104,1,Motorista (Salário/Diária),324.45
9479,20250104,1,Seguro,89.46
9480,20250104,1,Outros,50.01
9481,20250104,3,Combustível,1367.68
9482,20250104,3,Manutenção,626.98
9483,20250104,3,Pedágio,367.29
9484,20250104,3,Motorista (Salário/Diária),520.81
9485,20250104,3,Seguro,179.4
9486,20250104,3,Outros,90.65
9487,20250104,5,Combustível,1737.73
9488,20250104,5,Manutenção,763.24
9489,20250104,5,Pedágio,425.47
9490,20250104,5,Motorista (Salário/Diária),589.7
9491,20250104,5,Seguro,190.23
9492,20250104,5,Outros,99.61
9493,20250105,1,Combustível,1323.09
9494,20250105,1,Manutenção,607.8
9495,20250105,1,Pedágio,283.08
9496,20250105,1,Motorista (Salário/Diária),595.75
9497,20250105,1,Seguro,162.25
9498,20250105,1,Outros,90.92
9499,20250105,2,Combustível,1901.11
9500,20250105,2,Manutenção,668.37
9501,20250105,2,Pedágio,415.58
9502,20250105,2,Motorista (Salário/Diária),648.39
9503,20250105,2,Seguro,169.36
9504,20250105,2,Outros,127.14
9505,20250105,3,Combustível,1118.23
9506,20250105,3,Manutenção,423.18
9507,20250105,3,Pedágio,200.4
9508,20250105,3,Motorista (Salário/Diária),336.19
9509,20250105,3,Seguro,121.29
9510,20250105,3,Outros,61.98
9511,20250105,4,Combustível,566.96
9512,20250105,4,Manutenção,257.97
9513,20250105,4,Pedágio,125.57
9514,20250105,4,Motorista (Salário/Diária),190.77
9515,20250105,4,Seguro,62.26
9516,20250105,4,Outros,30.18
9517,20250105,5,Combustível,1309.07
9518,20250105,5,Manutenção,531.58
9519,20250105,5,Pedágio,252.73
9520,20250105,5,Motorista (Salário/Diária),421.36
9521,20250105,5,Seguro,124.94
9522,20250105,5,Outros,72.64
9523,20250106,1,Combustível,4296.69
9524,20250106,1,Manutenção,1884.8
9525,20250106,1,Pedágio,1040.85
9526,20250106,1,Motorista (Salário/Diária),1699.24
9527,20250106,1,Seguro,437.49
9528,20250106,1,Outros,252.94
9529,20250106,2,Combustível,137.35
9530,20250106,2,Manutenção,57.1
9531,20250106,2,Pedágio,37.31
9532,20250106,2,Motorista (Salário/Diária),59.78
9533,20250106,2,Seguro,15.38
9534,20250106,2,Outros,9.04
9535,20250106,3,Combustível,1846.33
9536,20250106,3,Manutenção,1069.18
9537,20250106,3,Pedágio,497.67
9538,20250106,3,Motorista (Salário/Diária),756.92
9539,20250106,3,Seguro,220.99
9540,20250106,3,Outros,127.27
9541,20250106,4,Combustível,450.83
9542,20250106,4,Manutenção,243.6
9543,20250106,4,Pedágio,102.0
9544,20250106,4,Motorista (Salário/Diária),206.01
9545,20250106,4,Seguro,50.17
9546,20250106,4,Outros,30.6
9547,20250106,5,Combustível,7630.46
9548,20250106,5,Manutenção,3954.68
9549,20250106,5,Pedágio,2059.13
9550,20250106,5,Motorista (Salário/Diária),2669.64
9551,20250106,5,Seguro,846.39
9552,20250106,5,Outros,574.97
9553,20250107,1,Combustível,8620.77
9554,20250107,1,Manutenção,4300.22
9555,20250107,1,Pedágio,2170.86
9556,20250107,1,Motorista (Salário/Diária),3900.37
9557,20250107,1,Seguro,1169.79
9558,20250107,1,Outros,679.19
9559,20250107,2,Combustível,473.19
9560,20250107,2,Manutenção,168.67
9561,20250107,2,Pedágio,102.14
9562,20250107,2,Motorista (Salário/Diária),148.81
9563,20250107,2,Seguro,47.96
9564,20250107,2,Outros,31.75
9565,20250107,4,Combustível,1307.34
9566,20250107,4,Manutenção,494.05
9567,20250107,4,Pedágio,293.86
9568,20250107,4,Motorista (Salário/Diária),490.23
9569,20250107,4,Seguro,127.42
9570,20250107,4,Outros,81.14
9571,20250107,5,Combustível,11617.58
9572,20250107,5,Manutenção,5460.1
9573,20250107,5,Pedágio,2555.55
9574,20250107,5,Motorista (Salário/Diária),3983.4
9575,20250107,5,Seguro,1152.73
9576,20250107,5,Outros,786.99
9577,20250108,1,Combustível,4556.04
9578,20250108,1,Manutenção,1926.19
9579,20250108,1,Pedágio,1095.33
9580,20250108,1,Motorista (Salário/Diária),1766.43
9581,20250108,1,Seguro,434.16
9582,20250108,1,Outros,286.45
9583,20250108,4,Combustível,1988.38
9584,20250108,4,Manutenção,852.62
9585,20250108,4,Pedágio,382.0
9586,20250108,4,Motorista (Salário/Diária),725.47
9587,20250108,4,Seguro,193.52
9588,20250108,4,Outros,121.31
9589,20250108,5,Combustível,6419.43
9590,20250108,5,Manutenção,2837.83
9591,20250108,5,Pedágio,1226.09
9592,20250108,5,Motorista (Salário/Diária),2342.49
9593,20250108,5,Seguro,656.27
9594,20250108,5,Outros,430.15
9595,20250109,1,Combustível,6897.48
9596,20250109,1,Manutenção,3090.68
9597,20250109,1,Pedágio,1898.74
9598,20250109,1,Motorista (Salário/Diária),3098.47
9599,20250109,1,Seguro,883.57
9600,20250109,1,Outros,497.68
9601,20250109,2,Combustível,594.3
9602,20250109,2,Manutenção,225.56
9603,20250109,2,Pedágio,111.66
9604,20250109,2,Motorista (Salário/Diária),244.11
9605,20250109,2,Seguro,56.8
9606,20250109,2,Outros,38.38
9607,20250109,3,Combustível,4157.75
9608,20250109,3,Manutenção,1854.21
9609,20250109,3,Pedágio,942.32
9610,20250109,3,Motorista (Salário/Diária),1542.4
9611,20250109,3,Seguro,435.06
9612,20250109,3,Outros,222.92
9613,20250109,4,Combustível,1315.22
9614,20250109,4,Manutenção,582.6
9615,20250109,4,Pedágio,233.54
9616,20250109,4,Motorista (Salário/Diária),400.62
9617,20250109,4,Seguro,142.91
9618,20250109,4,Outros,84.04
9619,20250109,5,Combustível,6318.94
9620,20250109,5,Manutenção,2621.47
9621,20250109,5,Pedágio,1451.78
9622,20250109,5,Motorista (Salário/Diária),2630.12
9623,20250109,5,Seguro,748.09
9624,20250109,5,Outros,470.62
9625,20250110,1,Combustível,2999.26
9626,20250110,1,Manutenção,1207.41
9627,20250110,1,Pedágio,699.82
9628,20250110,1,Motorista (Salário/Diária),1172.67
9629,20250110,1,Seguro,372.56
9630,20250110,1,Outros,206.36
9631,20250110,2,Combustível,5315.21
9632,20250110,2,Manutenção,2312.24
9633,20250110,2,Pedágio,1231.74
9634,20250110,2,Motorista (Salário/Diária),1879.02
9635,20250110,2,Seguro,534.97
9636,20250110,2,Outros,295.39
9637,20250110,3,Combustível,2623.33
9638,20250110,3,Manutenção,1013.14
9639,20250110,3,Pedágio,592.02
9640,20250110,3,Motorista (Salário/Diária),839.32
9641,20250110,3,Seguro,243.29
9642,20250110,3,Outros,146.43
9643,20250110,4,Combustível,1921.39
9644,20250110,4,Manutenção,854.99
9645,20250110,4,Pedágio,381.7
9646,20250110,4,Motorista (Salário/Diária),819.16
9647,20250110,4,Seguro,240.66
9648,20250110,4,Outros,125.59
9649,20250110,5,Combustível,1750.48
9650,20250110,5,Manutenção,831.84
9651,20250110,5,Pedágio,461.51
9652,20250110,5,Motorista (Salário/Diária),816.98
9653,20250110,5,Seguro,226.79
9654,20250110,5,Outros,135.53
9655,20250111,3,Combustível,2242.42
9656,20250111,3,Manutenção,1185.41
9657,20250111,3,Pedágio,455.47
9658,20250111,3,Motorista (Salário/Diária),994.87
9659,20250111,3,Seguro,263.78
9660,20250111,3,Outros,144.31
9661,20250111,5,Combustível,660.39
9662,20250111,5,Manutenção,281.11
9663,20250111,5,Pedágio,151.95
9664,20250111,5,Motorista (Salário/Diária),251.55
9665,20250111,5,Seguro,69.45
9666,20250111,5,Outros,48.46
9667,20250112,3,Combustível,1384.82
9668,20250112,3,Manutenção,715.44
9669,20250112,3,Pedágio,345.43
9670,20250112,3,Motorista (Salário/Diária),466.37
9671,20250112,3,Seguro,175.04
9672,20250112,3,Outros,85.62
9673,20250112,5,Combustível,5767.87
9674,20250112,5,Manutenção,2412.56
9675,20250112,5,Pedágio,1037.38
9676,20250112,5,Motorista (Salário/Diária),2008.78
9677,20250112,5,Seguro,561.4
9678,20250112,5,Outros,351.08
9679,20250113,1,Combustível,8521.41
9680,20250113,1,Manutenção,3486.62
9681,20250113,1,Pedágio,1888.15
9682,20250113,1,Motorista (Salário/Diária),2780.47
9683,20250113,1,Seguro,801.29
9684,20250113,1,Outros,515.61
9685,20250113,3,Combustível,2827.18
9686,20250113,3,Manutenção,1277.2
9687,20250113,3,Pedágio,724.31
9688,20250113,3,Motorista (Salário/Diária),1165.59
9689,20250113,3,Seguro,311.26
9690,20250113,3,Outros,190.99
9691,20250113,4,Combustível,2947.08
9692,20250113,4,Manutenção,1311.56
9693,20250113,4,Pedágio,724.66
9694,20250113,4,Motorista (Salário/Diária),988.1
9695,20250113,4,Seguro,295.7
9696,20250113,4,Outros,185.02
9697,20250113,5,Combustível,9860.79
9698,20250113,5,Manutenção,3938.25
9699,20250113,5,Pedágio,2252.92
9700,20250113,5,Motorista (Salário/Diária),3242.05
9701,20250113,5,Seguro,951.24
9702,20250113,5,Outros,554.49
9703,20250114,1,Combustível,4001.84
9704,20250114,1,Manutenção,1750.04
9705,20250114,1,Pedágio,910.51
9706,20250114,1,Motorista (Salário/Diária),1281.53
9707,20250114,1,Seguro,439.76
9708,20250114,1,Outros,267.02
9709,20250114,3,Combustível,6138.45
9710,20250114,3,Manutenção,3289.07
9711,20250114,3,Pedágio,1664.35
9712,20250114,3,Motorista (Salário/Diária),2709.89
9713,20250114,3,Seguro,889.52
9714,20250114,3,Outros,486.98
9715,20250114,4,Combustível,215.13
9716,20250114,4,Manutenção,108.91
9717,20250114,4,Pedágio,49.13
9718,20250114,4,Motorista (Salário/Diária),86.96
9719,20250114,4,Seguro,21.68
9720,20250114,4,Outros,15.14
9721,20250114,5,Combustível,6700.83
9722,20250114,5,Manutenção,3018.86
9723,20250114,5,Pedágio,1388.91
9724,20250114,5,Motorista (Salário/Diária),2120.99
9725,20250114,5,Seguro,695.48
9726,20250114,5,Outros,416.51
9727,20250115,1,Combustível,10003.37
9728,20250115,1,Manutenção,3665.44
9729,20250115,1,Pedágio,1666.56
9730,20250115,1,Motorista (Salário/Diária),3217.96
9731,20250115,1,Seguro,960.66
9732,20250115,1,Outros,516.69
9733,20250115,2,Combustível,4155.76
9734,20250115,2,Manutenção,1745.0
9735,20250115,2,Pedágio,899.59
9736,20250115,2,Motorista (Salário/Diária),1215.34
9737,20250115,2,Seguro,353.3
9738,20250115,2,Outros,244.25
9739,20250115,4,Combustível,2795.61
9740,20250115,4,Manutenção,1221.24
9741,20250115,4,Pedágio,603.9
9742,20250115,4,Motorista (Salário/Diária),1045.86
9743,20250115,4,Seguro,313.88
9744,20250115,4,Outros,197.79
9745,20250115,5,Combustível,7402.84
9746,20250115,5,Manutenção,3223.62
9747,20250115,5,Pedágio,1506.86
9748,20250115,5,Motorista (Salário/Diária),2867.46
9749,20250115,5,Seguro,838.24
9750,20250115,5,Outros,440.62
9751,20250116,1,Combustível,3948.62
9752,20250116,1,Manutenção,1918.49
9753,20250116,1,Pedágio,874.23
9754,20250116,1,Motorista (Salário/Diária),1619.36
9755,20250116,1,Seguro,445.49
9756,20250116,1,Outros,304.37
9757,20250116,3,Combustível,463.07
9758,20250116,3,Manutenção,258.55
9759,20250116,3,Pedágio,125.35
9760,20250116,3,Motorista (Salário/Diária),220.02
9761,20250116,3,Seguro,65.16
9762,20250116,3,Outros,34.06
9763,20250116,4,Combustível,1200.51
9764,20250116,4,Manutenção,572.11
9765,20250116,4,Pedágio,306.02
9766,20250116,4,Motorista (Salário/Diária),422.15
9767,20250116,4,Seguro,124.16
9768,20250116,4,Outros,76.82
9769,20250116,5,Combustível,13168.66
9770,20250116,5,Manutenção,6844.97
9771,20250116,5,Pedágio,3149.94
9772,20250116,5,Motorista (Salário/Diária),4621.65
9773,20250116,5,Seguro,1659.82
9774,20250116,5,Outros,974.01
9775,20250117,1,Combustível,4784.18
9776,20250117,1,Manutenção,1797.06
9777,20250117,1,Pedágio,966.17
9778,20250117,1,Motorista (Salário/Diária),1656.0
9779,20250117,1,Seguro,482.54
9780,20250117,1,Outros,330.71
9781,20250117,2,Combustível,1311.65
9782,20250117,2,Manutenção,502.58
9783,20250117,2,Pedágio,295.88
9784,20250117,2,Motorista (Salário/Diária),424.85
9785,20250117,2,Seguro,127.71
9786,20250117,2,Outros,75.46
9787,20250117,3,Combustível,2030.54
9788,20250117,3,Manutenção,1123.43
9789,20250117,3,Pedágio,518.29
9790,20250117,3,Motorista (Salário/Diária),890.84
9791,20250117,3,Seguro,273.04
9792,20250117,3,Outros,177.75
9793,20250117,4,Combustível,1196.88
9794,20250117,4,Manutenção,563.79
9795,20250117,4,Pedágio,224.77
9796,20250117,4,Motorista (Salário/Diária),457.74
9797,20250117,4,Seguro,128.34
9798,20250117,4,Outros,75.2
9799,20250117,5,Combustível,1615.6
9800,20250117,5,Manutenção,897.95
9801,20250117,5,Pedágio,364.41
9802,20250117,5,Motorista (Salário/Diária),716.31
9803,20250117,5,Seguro,176.59
9804,20250117,5,Outros,134.97
9805,20250118,1,Combustível,2035.14
9806,20250118,1,Manutenção,725.12
9807,20250118,1,Pedágio,445.4
9808,20250118,1,Motorista (Salário/Diária),739.21
9809,20250118,1,Seguro,212.25
9810,20250118,1,Outros,139.59
9811,20250118,2,Combustível,865.14
9812,20250118,2,Manutenção,316.96
9813,20250118,2,Pedágio,193.54
9814,20250118,2,Motorista (Salário/Diária),259.59
9815,20250118,2,Seguro,94.75
9816,20250118,2,Outros,45.14
9817,20250118,5,Combustível,5501.85
9818,20250118,5,Manutenção,2731.45
9819,20250118,5,Pedágio,1244.02
9820,20250118,5,Motorista (Salário/Diária),1883.42
9821,20250118,5,Seguro,565.1
9822,20250118,5,Outros,416.02
9823,20250119,3,Combustível,2837.73
9824,20250119,3,Manutenção,1528.44
9825,20250119,3,Pedágio,651.79
9826,20250119,3,Motorista (Salário/Diária),1005.71
9827,20250119,3,Seguro,318.53
9828,20250119,3,Outros,214.71
9829,20250119,5,Combustível,834.39
9830,20250119,5,Manutenção,350.76
9831,20250119,5,Pedágio,160.19
9832,20250119,5,Motorista (Salário/Diária),333.82
9833,20250119,5,Seguro,75.3
9834,20250119,5,Outros,53.28
9835,20250120,1,Combustível,4528.15
9836,20250120,1,Manutenção,2558.53
9837,20250120,1,Pedágio,1016.31
9838,20250120,1,Motorista (Salário/Diária),1830.21
9839,20250120,1,Seguro,608.2
9840,20250120,1,Outros,345.29
9841,20250120,2,Combustível,741.8
9842,20250120,2,Manutenção,319.38
9843,20250120,2,Pedágio,180.06
9844,20250120,2,Motorista (Salário/Diária),291.4
9845,20250120,2,Seguro,80.11
9846,20250120,2,Outros,57.15
9847,20250120,3,Combustível,2974.32
9848,20250120,3,Manutenção,1459.24
9849,20250120,3,Pedágio,716.31
9850,20250120,3,Motorista (Salário/Diária),1124.53
9851,20250120,3,Seguro,313.5
9852,20250120,3,Outros,213.79
9853,20250120,4,Combustível,1720.61
9854,20250120,4,Manutenção,788.69
9855,20250120,4,Pedágio,465.77
9856,20250120,4,Motorista (Salário/Diária),605.35
9857,20250120,4,Seguro,201.43
9858,20250120,4,Outros,120.42
9859,20250120,5,Combustível,9046.16
9860,20250120,5,Manutenção,4453.11
9861,20250120,5,Pedágio,2021.5
9862,20250120,5,Motorista (Salário/Diária),3443.59
9863,20250120,5,Seguro,1025.45
9864,20250120,5,Outros,587.06
9865,20250121,1,Combustível,1254.55
9866,20250121,1,Manutenção,635.39
9867,20250121,1,Pedágio,296.15
9868,20250121,1,Motorista (Salário/Diária),501.0
9869,20250121,1,Seguro,130.95
9870,20250121,1,Outros,93.67
9871,20250121,2,Combustível,326.75
9872,20250121,2,Manutenção,148.39
9873,20250121,2,Pedágio,66.74
9874,20250121,2,Motorista (Salário/Diária),133.94
9875,20250121,2,Seguro,30.64
9876,20250121,2,Outros,17.93
9877,20250121,3,Combustível,497.08
9878,20250121,3,Manutenção,246.28
9879,20250121,3,Pedágio,106.66
9880,20250121,3,Motorista (Salário/Diária),215.18
9881,20250121,3,Seguro,54.33
9882,20250121,3,Outros,37.34
9883,20250121,4,Combustível,1362.66
9884,20250121,4,Manutenção,618.75
9885,20250121,4,Pedágio,328.19
9886,20250121,4,Motorista (Salário/Diária),474.7
9887,20250121,4,Seguro,184.52
9888,20250121,4,Outros,111.46
9889,20250121,5,Combustível,4560.67
9890,20250121,5,Manutenção,2308.42
9891,20250121,5,Pedágio,995.35
9892,20250121,5,Motorista (Salário/Diária),1554.75
9893,20250121,5,Seguro,443.39
9894,20250121,5,Outros,347.16
9895,20250122,1,Combustível,5064.48
9896,20250122,1,Manutenção,2416.32
9897,20250122,1,Pedágio,1065.64
9898,20250122,1,Motorista (Salário/Diária),1794.99
9899,20250122,1,Seguro,563.44
9900,20250122,1,Outros,327.29
9901,20250122,2,Combustível,921.34
9902,20250122,2,Manutenção,400.57
9903,20250122,2,Pedágio,169.66
9904,20250122,2,Motorista (Salário/Diária),351.4
9905,20250122,2,Seguro,108.72
9906,20250122,2,Outros,48.91
9907,20250122,3,Combustível,4792.61
9908,20250122,3,Manutenção,2511.73
9909,20250122,3,Pedágio,1126.35
9910,20250122,3,Motorista (Salário/Diária),1856.96
9911,20250122,3,Seguro,609.95
9912,20250122,3,Outros,382.77
9913,20250122,4,Combustível,2650.34
9914,20250122,4,Manutenção,1530.4
9915,20250122,4,Pedágio,600.01
9916,20250122,4,Motorista (Salário/Diária),1158.66
9917,20250122,4,Seguro,367.68
9918,20250122,4,Outros,220.54
9919,20250122,5,Combustível,1499.92
9920,20250122,5,Manutenção,656.55
9921,20250122,5,Pedágio,291.59
9922,20250122,5,Motorista (Salário/Diária),552.98
9923,20250122,5,Seguro,173.83
9924,20250122,5,Outros,94.19
9925,20250123,1,Combustível,3062.77
9926,20250123,1,Manutenção,1586.5
9927,20250123,1,Pedágio,800.05
9928,20250123,1,Motorista (Salário/Diária),1323.96
9929,20250123,1,Seguro,415.65
9930,20250123,1,Outros,262.36
9931,20250123,2,Combustível,2499.73
9932,20250123,2,Manutenção,1012.88
9933,20250123,2,Pedágio,522.18
9934,20250123,2,Motorista (Salário/Diária),831.2
9935,20250123,2,Seguro,256.14
9936,20250123,2,Outros,170.58
9937,20250123,3,Combustível,4894.84
9938,20250123,3,Manutenção,1972.48
9939,20250123,3,Pedágio,893.04
9940,20250123,3,Motorista (Salário/Diária),1671.14
9941,20250123,3,Seguro,497.12
9942,20250123,3,Outros,263.09
9943,20250123,4,Combustível,2445.05
9944,20250123,4,Manutenção,1067.98
9945,20250123,4,Pedágio,503.55
9946,20250123,4,Motorista (Salário/Diária),895.27
9947,20250123,4,Seguro,279.85
9948,20250123,4,Outros,160.65
9949,20250123,5,Combustível,6050.09
9950,20250123,5,Manutenção,2482.83
9951,20250123,5,Pedágio,1440.1
9952,20250123,5,Motorista (Salário/Diária),2476.13
9953,20250123,5,Seguro,704.68
9954,20250123,5,Outros,394.59
9955,20250124,1,Combustível,11839.91
9956,20250124,1,Manutenção,6933.54
9957,20250124,1,Pedágio,2897.12
9958,20250124,1,Motorista (Salário/Diária),5495.86
9959,20250124,1,Seguro,1602.94
9960,20250124,1,Outros,892.74
9961,20250124,3,Combustível,342.55
9962,20250124,3,Manutenção,165.78
9963,20250124,3,Pedágio,96.18
9964,20250124,3,Motorista (Salário/Diária),167.45
9965,20250124,3,Seguro,44.79
9966,20250124,3,Outros,24.27
9967,20250124,4,Combustível,2549.2
9968,20250124,4,Manutenção,951.67
9969,20250124,4,Pedágio,459.59
9970,20250124,4,Motorista (Salário/Diária),931.78
9971,20250124,4,Seguro,274.65
9972,20250124,4,Outros,126.98
9973,20250124,5,Combustível,6112.09
9974,20250124,5,Manutenção,2515.84
9975,20250124,5,Pedágio,1205.86
9976,20250124,5,Motorista (Salário/Diária),2230.72
9977,20250124,5,Seguro,536.67
9978,20250124,5,Outros,387.68
9979,20250125,1,Combustível,2898.57
9980,20250125,1,Manutenção,1467.48
9981,20250125,1,Pedágio,613.86
9982,20250125,1,Motorista (Salário/Diária),1271.86
9983,20250125,1,Seguro,296.0
9984,20250125,1,Outros,207.41
9985,20250125,3,Combustível,1205.5
9986,20250125,3,Manutenção,460.56
9987,20250125,3,Pedágio,241.47
9988,20250125,3,Motorista (Salário/Diária),419.97
9989,20250125,3,Seguro,104.14
9990,20250125,3,Outros,73.68
9991,20250125,4,Combustível,202.57
9992,20250125,4,Manutenção,84.33
9993,20250125,4,Pedágio,53.4
9994,20250125,4,Motorista (Salário/Diária),73.38
9995,20250125,4,Seguro,26.32
9996,20250125,4,Outros,15.77
9997,20250125,5,Combustível,1958.32
9998,20250125,5,Manutenção,986.27
9999,20250125,5,Pedágio,440.55
10000,20250125,5,Motorista (Salário/Diária),808.08
10001,20250125,5,Seguro,193.31
10002,20250125,5,Outros,120.4
10003,20250126,1,Combustível,3777.6
10004,20250126,1,Manutenção,1299.95
10005,20250126,1,Pedágio,781.5
10006,20250126,1,Motorista (Salário/Diária),1351.14
10007,20250126,1,Seguro,384.73
10008,20250126,1,Outros,247.93
10009,20250126,4,Combustível,1269.06
10010,20250126,4,Manutenção,729.36
10011,20250126,4,Pedágio,324.84
10012,20250126,4,Motorista (Salário/Diária),618.85
10013,20250126,4,Seguro,165.81
10014,20250126,4,Outros,91.3
10015,20250126,5,Combustível,3387.64
10016,20250126,5,Manutenção,1670.15
10017,20250126,5,Pedágio,886.26
10018,20250126,5,Motorista (Salário/Diária),1358.25
10019,20250126,5,Seguro,392.09
10020,20250126,5,Outros,231.96
10021,20250127,1,Combustível,3878.46
10022,20250127,1,Manutenção,1948.0
10023,20250127,1,Pedágio,838.42
10024,20250127,1,Motorista (Salário/Diária),1399.0
10025,20250127,1,Seguro,400.51
10026,20250127,1,Outros,294.49
10027,20250127,2,Combustível,439.11
10028,20250127,2,Manutenção,208.24
10029,20250127,2,Pedágio,90.11
10030,20250127,2,Motorista (Salário/Diária),136.64
10031,20250127,2,Seguro,39.79
10032,20250127,2,Outros,24.53
10033,20250127,3,Combustível,2307.76
10034,20250127,3,Manutenção,1136.84
10035,20250127,3,Pedágio,519.06
10036,20250127,3,Motorista (Salário/Diária),945.85
10037,20250127,3,Seguro,326.47
10038,20250127,3,Outros,171.78
10039,20250127,4,Combustível,2840.02
10040,20250127,4,Manutenção,1259.27
10041,20250127,4,Pedágio,672.15
10042,20250127,4,Motorista (Salário/Diária),1188.15
10043,20250127,4,Seguro,310.29
10044,20250127,4,Outros,191.18
10045,20250127,5,Combustível,2333.44
10046,20250127,5,Manutenção,1015.57
10047,20250127,5,Pedágio,386.77
10048,20250127,5,Motorista (Salário/Diária),818.17
10049,20250127,5,Seguro,228.91
10050,20250127,5,Outros,125.34
10051,20250128,1,Combustível,5856.25
10052,20250128,1,Manutenção,2347.09
10053,20250128,1,Pedágio,1131.58
10054,20250128,1,Motorista (Salário/Diária),2338.84
10055,20250128,1,Seguro,705.53
10056,20250128,1,Outros,339.44
10057,20250128,2,Combustível,1572.33
10058,20250128,2,Manutenção,750.41
10059,20250128,2,Pedágio,350.87
10060,20250128,2,Motorista (Salário/Diária),635.74
10061,20250128,2,Seguro,186.69
10062,20250128,2,Outros,107.53
10063,20250128,3,Combustível,2142.95
10064,20250128,3,Manutenção,844.35
10065,20250128,3,Pedágio,381.42
10066,20250128,3,Motorista (Salário/Diária),703.87
10067,20250128,3,Seguro,195.34
10068,20250128,3,Outros,128.71
10069,20250128,4,Combustível,4518.93
10070,20250128,4,Manutenção,2052.46
10071,20250128,4,Pedágio,1277.25
10072,20250128,4,Motorista (Salário/Diária),1673.73
10073,20250128,4,Seguro,519.5
10074,20250128,4,Outros,315.55
10075,20250128,5,Combustível,7217.37
10076,20250128,5,Manutenção,3388.25
10077,20250128,5,Pedágio,1625.3
10078,20250128,5,Motorista (Salário/Diária),2910.64
10079,20250128,5,Seguro,660.55
10080,20250128,5,Outros,505.16
10081,20250129,1,Combustível,5020.96
10082,20250129,1,Manutenção,1870.58
10083,20250129,1,Pedágio,963.19
10084,20250129,1,Motorista (Salário/Diária),1727.94
10085,20250129,1,Seguro,475.33
10086,20250129,1,Outros,342.49
10087,20250129,4,Combustível,4122.6
10088,20250129,4,Manutenção,2094.68
10089,20250129,4,Pedágio,928.93
10090,20250129,4,Motorista (Salário/Diária),1521.48
10091,20250129,4,Seguro,524.02
10092,20250129,4,Outros,291.67
10093,20250129,5,Combustível,18901.51
10094,20250129,5,Manutenção,8955.78
10095,20250129,5,Pedágio,4514.87
10096,20250129,5,Motorista (Salário/Diária),6495.15
10097,20250129,5,Seguro,1748.33
10098,20250129,5,Outros,1301.34
10099,20250130,1,Combustível,3001.56
10100,20250130,1,Manutenção,1608.36
10101,20250130,1,Pedágio,783.74
10102,20250130,1,Motorista (Salário/Diária),1286.72
10103,20250130,1,Seguro,364.91
10104,20250130,1,Outros,212.83
10105,20250130,3,Combustível,2956.98
10106,20250130,3,Manutenção,1171.87
10107,20250130,3,Pedágio,645.86
10108,20250130,3,Motorista (Salário/Diária),947.18
10109,20250130,3,Seguro,270.23
10110,20250130,3,Outros,192.14
10111,20250130,5,Combustível,7543.96
10112,20250130,5,Manutenção,3248.68
10113,20250130,5,Pedágio,1742.4
10114,20250130,5,Motorista (Salário/Diária),2664.04
10115,20250130,5,Seguro,853.47
10116,20250130,5,Outros,404.72
10117,20250131,1,Combustível,483.01
10118,20250131,1,Manutenção,208.02
10119,20250131,1,Pedágio,101.88
10120,20250131,1,Motorista (Salário/Diária),160.88
10121,20250131,1,Seguro,48.54
10122,20250131,1,Outros,35.04
10123,20250131,2,Combustível,639.81
10124,20250131,2,Manutenção,264.14
10125,20250131,2,Pedágio,127.44
10126,20250131,2,Motorista (Salário/Diária),269.69
10127,20250131,2,Seguro,62.98
10128,20250131,2,Outros,37.1
10129,20250131,3,Combustível,2341.49
10130,20250131,3,Manutenção,1191.44
10131,20250131,3,Pedágio,463.68
10132,20250131,3,Motorista (Salário/Diária),832.95
10133,20250131,3,Seguro,273.77
10134,20250131,3,Outros,163.16
10135,20250131,4,Combustível,397.94
10136,20250131,4,Manutenção,160.51
10137,20250131,4,Pedágio,84.6
10138,20250131,4,Motorista (Salário/Diária),141.41
10139,20250131,4,Seguro,48.62
10140,20250131,4,Outros,22.82
10141,20250131,5,Combustível,4881.92
10142,20250131,5,Manutenção,2224.96
10143,20250131,5,Pedágio,995.82
10144,20250131,5,Motorista (Salário/Diária),1977.48
10145,20250131,5,Seguro,583.38
10146,20250131,5,Outros,316.17
10147,20250201,1,Combustível,5928.37
10148,20250201,1,Manutenção,2156.14
10149,20250201,1,Pedágio,1151.01
10150,20250201,1,Motorista (Salário/Diária),2155.36
10151,20250201,1,Seguro,570.77
10152,20250201,1,Outros,386.94
10153,20250201,5,Combustível,5328.1
10154,20250201,5,Manutenção,2184.12
10155,20250201,5,Pedágio,1285.65
10156,20250201,5,Motorista (Salário/Diária),2073.58
10157,20250201,5,Seguro,576.53
10158,20250201,5,Outros,326.96
10159,20250202,1,Combustível,1640.68
10160,20250202,1,Manutenção,759.18
10161,20250202,1,Pedágio,347.51
10162,20250202,1,Motorista (Salário/Diária),672.11
10163,20250202,1,Seguro,204.48
10164,20250202,1,Outros,128.87
10165,20250202,5,Combustível,3174.23
10166,20250202,5,Manutenção,1578.83
10167,20250202,5,Pedágio,799.01
10168,20250202,5,Motorista (Salário/Diária),1256.69
10169,20250202,5,Seguro,359.78
10170,20250202,5,Outros,205.75
10171,20250203,1,Combustível,1291.78
10172,20250203,1,Manutenção,499.6
10173,20250203,1,Pedágio,283.47
10174,20250203,1,Motorista (Salário/Diária),537.84
10175,20250203,1,Seguro,135.46
10176,20250203,1,Outros,99.36
10177,20250203,3,Combustível,7667.45
10178,20250203,3,Manutenção,2599.43
10179,20250203,3,Pedágio,1637.64
10180,20250203,3,Motorista (Salário/Diária),2672.64
10181,20250203,3,Seguro,847.49
10182,20250203,3,Outros,402.56
10183,20250203,4,Combustível,8399.3
10184,20250203,4,Manutenção,3222.41
10185,20250203,4,Pedágio,2014.34
10186,20250203,4,Motorista (Salário/Diária),3336.83
10187,20250203,4,Seguro,964.61
10188,20250203,4,Outros,555.29
10189,20250203,5,Combustível,5726.46
10190,20250203,5,Manutenção,2190.43
10191,20250203,5,Pedágio,1262.58
10192,20250203,5,Motorista (Salário/Diária),1794.96
10193,20250203,5,Seguro,617.1
10194,20250203,5,Outros,305.59
10195,20250204,1,Combustível,589.5
10196,20250204,1,Manutenção,298.11
10197,20250204,1,Pedágio,120.07
10198,20250204,1,Motorista (Salário/Diária),213.08
10199,20250204,1,Seguro,71.87
10200,20250204,1,Outros,38.05
10201,20250204,3,Combustível,3183.37
10202,20250204,3,Manutenção,1631.18
10203,20250204,3,Pedágio,758.53
10204,20250204,3,Motorista (Salário/Diária),1408.99
10205,20250204,3,Seguro,394.15
10206,20250204,3,Outros,232.96
10207,20250204,4,Combustível,5620.01
10208,20250204,4,Manutenção,2712.57
10209,20250204,4,Pedágio,1464.64
10210,20250204,4,Motorista (Salário/Diária),2404.21
10211,20250204,4,Seguro,628.93
10212,20250204,4,Outros,332.0
10213,20250204,5,Combustível,6692.19
10214,20250204,5,Manutenção,3133.55
10215,20250204,5,Pedágio,1661.66
10216,20250204,5,Motorista (Salário/Diária),2325.62
10217,20250204,5,Seguro,854.93
10218,20250204,5,Outros,423.17
10219,20250205,1,Combustível,4559.61
10220,20250205,1,Manutenção,2349.23
10221,20250205,1,Pedágio,1194.75
10222,20250205,1,Motorista (Salário/Diária),1667.31
10223,20250205,1,Seguro,597.76
10224,20250205,1,Outros,376.52
10225,20250205,2,Combustível,4954.78
10226,20250205,2,Manutenção,2276.83
10227,20250205,2,Pedágio,1192.31
10228,20250205,2,Motorista (Salário/Diária),2046.39
10229,20250205,2,Seguro,596.01
10230,20250205,2,Outros,361.78
10231,20250205,3,Combustível,11708.18
10232,20250205,3,Manutenção,4515.81
10233,20250205,3,Pedágio,2175.46
10234,20250205,3,Motorista (Salário/Diária),4320.78
10235,20250205,3,Seguro,1259.46
10236,20250205,3,Outros,786.1
10237,20250205,4,Combustível,9552.66
10238,20250205,4,Manutenção,5360.09
10239,20250205,4,Pedágio,2598.79
10240,20250205,4,Motorista (Salário/Diária),3802.96
10241,20250205,4,Seguro,1213.64
10242,20250205,4,Outros,660.19
10243,20250205,5,Combustível,10319.54
10244,20250205,5,Manutenção,3575.04
10245,20250205,5,Pedágio,1893.1
10246,20250205,5,Motorista (Salário/Diária),3486.11
10247,20250205,5,Seguro,1036.14
10248,20250205,5,Outros,613.92
10249,20250206,1,Combustível,15424.65
10250,20250206,1,Manutenção,6121.19
10251,20250206,1,Pedágio,2892.74
10252,20250206,1,Motorista (Salário/Diária),5985.13
10253,20250206,1,Seguro,1345.24
10254,20250206,1,Outros,929.5
10255,20250206,2,Combustível,5093.91
10256,20250206,2,Manutenção,1988.4
10257,20250206,2,Pedágio,1159.38
10258,20250206,2,Motorista (Salário/Diária),1548.83
10259,20250206,2,Seguro,499.77
10260,20250206,2,Outros,336.77
10261,20250206,3,Combustível,4406.94
10262,20250206,3,Manutenção,1954.76
10263,20250206,3,Pedágio,987.56
10264,20250206,3,Motorista (Salário/Diária),1516.44
10265,20250206,3,Seguro,485.95
10266,20250206,3,Outros,294.81
10267,20250206,4,Combustível,3630.69
10268,20250206,4,Manutenção,1335.1
10269,20250206,4,Pedágio,750.78
10270,20250206,4,Motorista (Salário/Diária),1355.76
10271,20250206,4,Seguro,314.99
10272,20250206,4,Outros,229.78
10273,20250206,5,Combustível,11951.88
10274,20250206,5,Manutenção,5583.09
10275,20250206,5,Pedágio,2473.82
10276,20250206,5,Motorista (Salário/Diária),5298.09
10277,20250206,5,Seguro,1183.99
10278,20250206,5,Outros,879.04
10279,20250207,1,Combustível,4998.15
10280,20250207,1,Manutenção,2292.31
10281,20250207,1,Pedágio,1394.14
10282,20250207,1,Motorista (Salário/Diária),2295.66
10283,20250207,1,Seguro,523.17
10284,20250207,1,Outros,415.3
10285,20250207,3,Combustível,2561.9
10286,20250207,3,Manutenção,1381.79
10287,20250207,3,Pedágio,715.11
10288,20250207,3,Motorista (Salário/Diária),1148.22
10289,20250207,3,Seguro,349.22
10290,20250207,3,Outros,199.15
10291,20250207,4,Combustível,1950.76
10292,20250207,4,Manutenção,940.17
10293,20250207,4,Pedágio,510.69
10294,20250207,4,Motorista (Salário/Diária),708.33
10295,20250207,4,Seguro,239.67
10296,20250207,4,Outros,130.55
10297,20250207,5,Combustível,12888.36
10298,20250207,5,Manutenção,6160.65
10299,20250207,5,Pedágio,2622.54
10300,20250207,5,Motorista (Salário/Diária),5379.01
10301,20250207,5,Seguro,1516.3
10302,20250207,5,Outros,970.17
10303,20250208,1,Combustível,4712.51
10304,20250208,1,Manutenção,2157.02
10305,20250208,1,Pedágio,873.0
10306,20250208,1,Motorista (Salário/Diária),1482.4
10307,20250208,1,Seguro,443.58
10308,20250208,1,Outros,269.17
10309,20250208,2,Combustível,3371.52
10310,20250208,2,Manutenção,1342.23
10311,20250208,2,Pedágio,708.7
10312,20250208,2,Motorista (Salário/Diária),1141.2
10313,20250208,2,Seguro,334.2
10314,20250208,2,Outros,212.34
10315,20250208,3,Combustível,1131.76
10316,20250208,3,Manutenção,466.39
10317,20250208,3,Pedágio,272.58
10318,20250208,3,Motorista (Salário/Diária),423.35
10319,20250208,3,Seguro,119.64
10320,20250208,3,Outros,77.85
10321,20250208,4,Combustível,612.81
10322,20250208,4,Manutenção,272.18
10323,20250208,4,Pedágio,135.31
10324,20250208,4,Motorista (Salário/Diária),234.03
10325,20250208,4,Seguro,61.68
10326,20250208,4,Outros,40.09
10327,20250208,5,Combustível,462.52
10328,20250208,5,Manutenção,174.61
10329,20250208,5,Pedágio,78.97
10330,20250208,5,Motorista (Salário/Diária),156.14
10331,20250208,5,Seguro,48.49
10332,20250208,5,Outros,25.52
10333,20250209,1,Combustível,934.0
10334,20250209,1,Manutenção,463.95
10335,20250209,1,Pedágio,236.64
10336,20250209,1,Motorista (Salário/Diária),387.28
10337,20250209,1,Seguro,118.54
10338,20250209,1,Outros,63.69
10339,20250209,3,Combustível,173.78
10340,20250209,3,Manutenção,69.17
10341,20250209,3,Pedágio,39.57
10342,20250209,3,Motorista (Salário/Diária),66.3
10343,20250209,3,Seguro,16.26
10344,20250209,3,Outros,12.65
10345,20250209,5,Combustível,890.17
10346,20250209,5,Manutenção,424.19
10347,20250209,5,Pedágio,194.49
10348,20250209,5,Motorista (Salário/Diária),398.12
10349,20250209,5,Seguro,124.88
10350,20250209,5,Outros,74.36
10351,20250210,1,Combustível,3532.57
10352,20250210,1,Manutenção,1928.1
10353,20250210,1,Pedágio,787.79
10354,20250210,1,Motorista (Salário/Diária),1280.41
10355,20250210,1,Seguro,452.52
10356,20250210,1,Outros,227.12
10357,20250210,2,Combustível,7147.35
10358,20250210,2,Manutenção,2760.13
10359,20250210,2,Pedágio,1757.66
10360,20250210,2,Motorista (Salário/Diária),2398.54
10361,20250210,2,Seguro,766.84
10362,20250210,2,Outros,528.64
10363,20250210,3,Combustível,6198.86
10364,20250210,3,Manutenção,3163.05
10365,20250210,3,Pedágio,1555.45
10366,20250210,3,Motorista (Salário/Diária),2672.21
10367,20250210,3,Seguro,765.55
10368,20250210,3,Outros,502.42
10369,20250210,4,Combustível,3480.59
10370,20250210,4,Manutenção,1795.22
10371,20250210,4,Pedágio,910.11
10372,20250210,4,Motorista (Salário/Diária),1502.83
10373,20250210,4,Seguro,343.45
10374,20250210,4,Outros,261.85
10375,20250210,5,Combustível,13009.16
10376,20250210,5,Manutenção,4353.46
10377,20250210,5,Pedágio,2553.8
10378,20250210,5,Motorista (Salário/Diária),4815.82
10379,20250210,5,Seguro,1435.21
10380,20250210,5,Outros,706.53
10381,20250211,1,Combustível,3142.24
10382,20250211,1,Manutenção,1729.13
10383,20250211,1,Pedágio,793.3
10384,20250211,1,Motorista (Salário/Diária),1214.68
10385,20250211,1,Seguro,394.23
10386,20250211,1,Outros,272.07
10387,20250211,2,Combustível,4852.19
10388,20250211,2,Manutenção,2216.17
10389,20250211,2,Pedágio,1027.06
10390,20250211,2,Motorista (Salário/Diária),1470.19
10391,20250211,2,Seguro,546.77
10392,20250211,2,Outros,336.61
10393,20250211,3,Combustível,1357.65
10394,20250211,3,Manutenção,611.51
10395,20250211,3,Pedágio,287.83
10396,20250211,3,Motorista (Salário/Diária),427.26
10397,20250211,3,Seguro,130.18
10398,20250211,3,Outros,90.12
10399,20250211,4,Combustível,3338.31
10400,20250211,4,Manutenção,1618.19
10401,20250211,4,Pedágio,784.18
10402,20250211,4,Motorista (Salário/Diária),1414.77
10403,20250211,4,Seguro,376.83
10404,20250211,4,Outros,207.92
10405,20250211,5,Combustível,6887.69
10406,20250211,5,Manutenção,3759.39
10407,20250211,5,Pedágio,1597.18
10408,20250211,5,Motorista (Salário/Diária),2908.64
10409,20250211,5,Seguro,760.12
10410,20250211,5,Outros,464.7
10411,20250212,1,Combustível,10062.88
10412,20250212,1,Manutenção,5636.46
10413,20250212,1,Pedágio,2503.68
10414,20250212,1,Motorista (Salário/Diária),3677.4
10415,20250212,1,Seguro,1229.77
10416,20250212,1,Outros,717.56
10417,20250212,2,Combustível,1410.34
10418,20250212,2,Manutenção,630.44
10419,20250212,2,Pedágio,286.0
10420,20250212,2,Motorista (Salário/Diária),553.82
10421,20250212,2,Seguro,150.92
10422,20250212,2,Outros,94.2
10423,20250212,3,Combustível,2980.11
10424,20250212,3,Manutenção,1153.6
10425,20250212,3,Pedágio,665.76
10426,20250212,3,Motorista (Salário/Diária),1069.85
10427,20250212,3,Seguro,320.68
10428,20250212,3,Outros,189.73
10429,20250212,4,Combustível,1204.4
10430,20250212,4,Manutenção,501.6
10431,20250212,4,Pedágio,281.39
10432,20250212,4,Motorista (Salário/Diária),378.24
10433,20250212,4,Seguro,112.02
10434,20250212,4,Outros,82.21
10435,20250212,5,Combustível,9676.29
10436,20250212,5,Manutenção,4607.16
10437,20250212,5,Pedágio,2501.61
10438,20250212,5,Motorista (Salário/Diária),3297.11
10439,20250212,5,Seguro,1161.81
10440,20250212,5,Outros,723.01
10441,20250213,1,Combustível,6639.31
10442,20250213,1,Manutenção,3126.2
10443,20250213,1,Pedágio,1464.31
10444,20250213,1,Motorista (Salário/Diária),2740.15
10445,20250213,1,Seguro,705.42
10446,20250213,1,Outros,485.55
10447,20250213,3,Combustível,1364.08
10448,20250213,3,Manutenção,651.07
10449,20250213,3,Pedágio,357.43
10450,20250213,3,Motorista (Salário/Diária),559.52
10451,20250213,3,Seguro,174.65
10452,20250213,3,Outros,103.16
10453,20250213,4,Combustível,2041.44
10454,20250213,4,Manutenção,847.36
10455,20250213,4,Pedágio,449.71
10456,20250213,4,Motorista (Salário/Diária),839.75
10457,20250213,4,Seguro,222.29
10458,20250213,4,Outros,131.33
10459,20250213,5,Combustível,8919.7
10460,20250213,5,Manutenção,4092.46
10461,20250213,5,Pedágio,1907.4
10462,20250213,5,Motorista (Salário/Diária),3430.22
10463,20250213,5,Seguro,902.46
10464,20250213,5,Outros,474.89
10465,20250214,1,Combustível,9737.97
10466,20250214,1,Manutenção,3813.06
10467,20250214,1,Pedágio,1833.06
10468,20250214,1,Motorista (Salário/Diária),3428.68
10469,20250214,1,Seguro,977.69
10470,20250214,1,Outros,605.33
10471,20250214,3,Combustível,8190.37
10472,20250214,3,Manutenção,3389.95
10473,20250214,3,Pedágio,1869.84
10474,20250214,3,Motorista (Salário/Diária),2626.06
10475,20250214,3,Seguro,859.26
10476,20250214,3,Outros,571.33
10477,20250214,4,Combustível,7946.26
10478,20250214,4,Manutenção,3483.28
10479,20250214,4,Pedágio,2090.16
10480,20250214,4,Motorista (Salário/Diária),3805.0
10481,20250214,4,Seguro,996.67
10482,20250214,4,Outros,571.66
10483,20250214,5,Combustível,9734.3
10484,20250214,5,Manutenção,5087.37
10485,20250214,5,Pedágio,2066.58
10486,20250214,5,Motorista (Salário/Diária),3794.21
10487,20250214,5,Seguro,1269.44
10488,20250214,5,Outros,658.14
10489,20250215,1,Combustível,2053.8
10490,20250215,1,Manutenção,713.65
10491,20250215,1,Pedágio,412.45
10492,20250215,1,Motorista (Salário/Diária),751.17
10493,20250215,1,Seguro,178.39
10494,20250215,1,Outros,118.85
10495,20250215,2,Combustível,1075.24
10496,20250215,2,Manutenção,508.13
10497,20250215,2,Pedágio,208.22
10498,20250215,2,Motorista (Salário/Diária),442.89
10499,20250215,2,Seguro,108.49
10500,20250215,2,Outros,72.21
10501,20250215,3,Combustível,2542.82
10502,20250215,3,Manutenção,1151.0
10503,20250215,3,Pedágio,473.08
10504,20250215,3,Motorista (Salário/Diária),919.08
10505,20250215,3,Seguro,226.55
10506,20250215,3,Outros,150.33
10507,20250215,5,Combustível,4766.39
10508,20250215,5,Manutenção,1716.58
10509,20250215,5,Pedágio,943.59
10510,20250215,5,Motorista (Salário/Diária),1639.21
10511,20250215,5,Seguro,478.05
10512,20250215,5,Outros,264.78
10513,20250216,1,Combustível,3820.54
10514,20250216,1,Manutenção,1958.6
10515,20250216,1,Pedágio,939.13
10516,20250216,1,Motorista (Salário/Diária),1474.22
10517,20250216,1,Seguro,368.05
10518,20250216,1,Outros,244.38
10519,20250216,4,Combustível,701.5
10520,20250216,4,Manutenção,270.91
10521,20250216,4,Pedágio,173.2
10522,20250216,4,Motorista (Salário/Diária),299.68
10523,20250216,4,Seguro,86.17
10524,20250216,4,Outros,47.71
10525,20250217,1,Combustível,5777.93
10526,20250217,1,Manutenção,2971.18
10527,20250217,1,Pedágio,1446.54
10528,20250217,1,Motorista (Salário/Diária),2591.02
10529,20250217,1,Seguro,679.8
10530,20250217,1,Outros,371.73
10531,20250217,2,Combustível,4950.22
10532,20250217,2,Manutenção,2145.33
10533,20250217,2,Pedágio,944.8
10534,20250217,2,Motorista (Salário/Diária),1689.16
10535,20250217,2,Seguro,476.47
10536,20250217,2,Outros,333.27
10537,20250217,3,Combustível,5267.86
10538,20250217,3,Manutenção,2653.22
10539,20250217,3,Pedágio,1176.28
10540,20250217,3,Motorista (Salário/Diária),1949.03
10541,20250217,3,Seguro,686.2
10542,20250217,3,Outros,421.89
10543,20250217,4,Combustível,3067.75
10544,20250217,4,Manutenção,1626.38
10545,20250217,4,Pedágio,817.98
10546,20250217,4,Motorista (Salário/Diária),1185.29
10547,20250217,4,Seguro,323.12
10548,20250217,4,Outros,231.16
10549,20250217,5,Combustível,2563.12
10550,20250217,5,Manutenção,1041.04
10551,20250217,5,Pedágio,656.09
10552,20250217,5,Motorista (Salário/Diária),922.38
10553,20250217,5,Seguro,283.43
10554,20250217,5,Outros,187.2
10555,20250218,1,Combustível,4154.63
10556,20250218,1,Manutenção,1871.02
10557,20250218,1,Pedágio,871.79
10558,20250218,1,Motorista (Salário/Diária),1532.92
10559,20250218,1,Seguro,465.13
10560,20250218,1,Outros,273.95
10561,20250218,2,Combustível,465.37
10562,20250218,2,Manutenção,233.07
10563,20250218,2,Pedágio,96.33
10564,20250218,2,Motorista (Salário/Diária),157.68
10565,20250218,2,Seguro,51.88
10566,20250218,2,Outros,27.56
10567,20250218,3,Combustível,4584.89
10568,20250218,3,Manutenção,2397.26
10569,20250218,3,Pedágio,1198.46
10570,20250218,3,Motorista (Salário/Diária),1776.41
10571,20250218,3,Seguro,619.39
10572,20250218,3,Outros,364.79
10573,20250218,4,Combustível,2776.74
10574,20250218,4,Manutenção,1279.92
10575,20250218,4,Pedágio,646.79
10576,20250218,4,Motorista (Salário/Diária),980.46
10577,20250218,4,Seguro,308.23
10578,20250218,4,Outros,196.25
10579,20250218,5,Combustível,3784.09
10580,20250218,5,Manutenção,1785.46
10581,20250218,5,Pedágio,903.54
10582,20250218,5,Motorista (Salário/Diária),1342.42
10583,20250218,5,Seguro,387.26
10584,20250218,5,Outros,261.4
10585,20250219,1,Combustível,5178.87
10586,20250219,1,Manutenção,2186.5
10587,20250219,1,Pedágio,1184.44
10588,20250219,1,Motorista (Salário/Diária),2069.39
10589,20250219,1,Seguro,561.55
10590,20250219,1,Outros,295.79
10591,20250219,3,Combustível,2695.75
10592,20250219,3,Manutenção,1102.33
10593,20250219,3,Pedágio,658.97
10594,20250219,3,Motorista (Salário/Diária),1127.52
10595,20250219,3,Seguro,323.65
10596,20250219,3,Outros,194.49
10597,20250219,4,Combustível,8663.04
10598,20250219,4,Manutenção,4291.36
10599,20250219,4,Pedágio,1741.53
10600,20250219,4,Motorista (Salário/Diária),3589.2
10601,20250219,4,Seguro,1049.56
10602,20250219,4,Outros,555.3
10603,20250219,5,Combustível,6109.22
10604,20250219,5,Manutenção,2784.5
10605,20250219,5,Pedágio,1464.66
10606,20250219,5,Motorista (Salário/Diária),2586.55
10607,20250219,5,Seguro,665.56
10608,20250219,5,Outros,386.76
10609,20250220,2,Combustível,377.28
10610,20250220,2,Manutenção,216.47
10611,20250220,2,Pedágio,84.47
10612,20250220,2,Motorista (Salário/Diária),188.08
10613,20250220,2,Seguro,41.49
10614,20250220,2,Outros,26.21
10615,20250220,3,Combustível,2786.08
10616,20250220,3,Manutenção,997.06
10617,20250220,3,Pedágio,523.55
10618,20250220,3,Motorista (Salário/Diária),874.72
10619,20250220,3,Seguro,260.84
10620,20250220,3,Outros,178.86
10621,20250220,4,Combustível,8254.73
10622,20250220,4,Manutenção,3328.24
10623,20250220,4,Pedágio,1741.2
10624,20250220,4,Motorista (Salário/Diária),2515.41
10625,20250220,4,Seguro,772.51
10626,20250220,4,Outros,520.37
10627,20250220,5,Combustível,6497.66
10628,20250220,5,Manutenção,3177.64
10629,20250220,5,Pedágio,1369.32
10630,20250220,5,Motorista (Salário/Diária),2503.83
10631,20250220,5,Seguro,756.15
10632,20250220,5,Outros,419.72
10633,20250221,1,Combustível,6600.46
10634,20250221,1,Manutenção,2657.98
10635,20250221,1,Pedágio,1532.64
10636,20250221,1,Motorista (Salário/Diária),2765.92
10637,20250221,1,Seguro,782.67
10638,20250221,1,Outros,461.7
10639,20250221,2,Combustível,1628.57
10640,20250221,2,Manutenção,599.94
10641,20250221,2,Pedágio,331.51
10642,20250221,2,Motorista (Salário/Diária),616.87
10643,20250221,2,Seguro,184.65
10644,20250221,2,Outros,99.15
10645,20250221,4,Combustível,1244.22
10646,20250221,4,Manutenção,589.09
10647,20250221,4,Pedágio,324.19
10648,20250221,4,Motorista (Salário/Diária),460.18
10649,20250221,4,Seguro,135.09
10650,20250221,4,Outros,84.59
10651,20250221,5,Combustível,4357.45
10652,20250221,5,Manutenção,2158.6
10653,20250221,5,Pedágio,1040.43
10654,20250221,5,Motorista (Salário/Diária),1837.64
10655,20250221,5,Seguro,433.53
10656,20250221,5,Outros,284.5
10657,20250222,1,Combustível,2513.67
10658,20250222,1,Manutenção,1103.07
10659,20250222,1,Pedágio,506.43
10660,20250222,1,Motorista (Salário/Diária),833.61
10661,20250222,1,Seguro,243.99
10662,20250222,1,Outros,136.61
10663,20250222,3,Combustível,729.98
10664,20250222,3,Manutenção,310.83
10665,20250222,3,Pedágio,186.61
10666,20250222,3,Motorista (Salário/Diária),275.85
10667,20250222,3,Seguro,74.62
10668,20250222,3,Outros,56.69
10669,20250222,4,Combustível,1613.21
10670,20250222,4,Manutenção,787.52
10671,20250222,4,Pedágio,352.38
10672,20250222,4,Motorista (Salário/Diária),591.7
10673,20250222,4,Seguro,210.85
10674,20250222,4,Outros,133.94
10675,20250222,5,Combustível,2831.44
10676,20250222,5,Manutenção,1202.63
10677,20250222,5,Pedágio,698.88
10678,20250222,5,Motorista (Salário/Diária),970.21
10679,20250222,5,Seguro,368.16
10680,20250222,5,Outros,213.76
10681,20250223,2,Combustível,857.64
10682,20250223,2,Manutenção,397.29
10683,20250223,2,Pedágio,219.89
10684,20250223,2,Motorista (Salário/Diária),403.57
10685,20250223,2,Seguro,94.02
10686,20250223,2,Outros,58.05
10687,20250223,3,Combustível,691.76
10688,20250223,3,Manutenção,278.35
10689,20250223,3,Pedágio,140.85
10690,20250223,3,Motorista (Salário/Diária),206.18
10691,20250223,3,Seguro,70.16
10692,20250223,3,Outros,37.24
10693,20250223,4,Combustível,1437.35
10694,20250223,4,Manutenção,627.12
10695,20250223,4,Pedágio,284.05
10696,20250223,4,Motorista (Salário/Diária),532.62
10697,20250223,4,Seguro,137.11
10698,20250223,4,Outros,89.61
10699,20250223,5,Combustível,2650.04
10700,20250223,5,Manutenção,1097.33
10701,20250223,5,Pedágio,628.61
10702,20250223,5,Motorista (Salário/Diária),1121.98
10703,20250223,5,Seguro,354.05
10704,20250223,5,Outros,161.9
10705,20250224,1,Combustível,5580.96
10706,20250224,1,Manutenção,2506.27
10707,20250224,1,Pedágio,1299.04
10708,20250224,1,Motorista (Salário/Diária),2527.43
10709,20250224,1,Seguro,617.07
10710,20250224,1,Outros,432.06
10711,20250224,2,Combustível,1010.08
10712,20250224,2,Manutenção,452.04
10713,20250224,2,Pedágio,215.49
10714,20250224,2,Motorista (Salário/Diária),337.57
10715,20250224,2,Seguro,124.8
10716,20250224,2,Outros,59.54
10717,20250224,3,Combustível,2433.36
10718,20250224,3,Manutenção,1165.7
10719,20250224,3,Pedágio,500.49
10720,20250224,3,Motorista (Salário/Diária),832.86
10721,20250224,3,Seguro,285.16
10722,20250224,3,Outros,164.4
10723,20250224,4,Combustível,6404.36
10724,20250224,4,Manutenção,3454.99
10725,20250224,4,Pedágio,1444.17
10726,20250224,4,Motorista (Salário/Diária),2680.77
10727,20250224,4,Seguro,745.05
10728,20250224,4,Outros,557.37
10729,20250224,5,Combustível,1678.32
10730,20250224,5,Manutenção,896.86
10731,20250224,5,Pedágio,430.01
10732,20250224,5,Motorista (Salário/Diária),795.44
10733,20250224,5,Seguro,206.49
10734,20250224,5,Outros,114.9
10735,20250225,1,Combustível,4520.34
10736,20250225,1,Manutenção,2259.97
10737,20250225,1,Pedágio,1128.31
10738,20250225,1,Motorista (Salário/Diária),1643.34
10739,20250225,1,Seguro,447.71
10740,20250225,1,Outros,299.57
10741,20250225,2,Combustível,177.22
10742,20250225,2,Manutenção,67.96
10743,20250225,2,Pedágio,31.21
10744,20250225,2,Motorista (Salário/Diária),64.12
10745,20250225,2,Seguro,20.89
10746,20250225,2,Outros,10.54
10747,20250225,3,Combustível,537.82
10748,20250225,3,Manutenção,240.65
10749,20250225,3,Pedágio,126.16
10750,20250225,3,Motorista (Salário/Diária),210.34
10751,20250225,3,Seguro,53.93
10752,20250225,3,Outros,32.57
10753,20250225,4,Combustível,5711.86
10754,20250225,4,Manutenção,2224.94
10755,20250225,4,Pedágio,1292.83
10756,20250225,4,Motorista (Salário/Diária),2011.04
10757,20250225,4,Seguro,601.96
10758,20250225,4,Outros,332.56
10759,20250225,5,Combustível,5012.14
10760,20250225,5,Manutenção,2023.6
10761,20250225,5,Pedágio,1065.33
10762,20250225,5,Motorista (Salário/Diária),1653.55
10763,20250225,5,Seguro,557.56
10764,20250225,5,Outros,363.33
10765,20250226,1,Combustível,9427.43
10766,20250226,1,Manutenção,3883.67
10767,20250226,1,Pedágio,2064.78
10768,20250226,1,Motorista (Salário/Diária),3486.74
10769,20250226,1,Seguro,1117.24
10770,20250226,1,Outros,520.98
10771,20250226,2,Combustível,5858.56
10772,20250226,2,Manutenção,2164.35
10773,20250226,2,Pedágio,1254.64
10774,20250226,2,Motorista (Salário/Diária),2175.91
10775,20250226,2,Seguro,562.95
10776,20250226,2,Outros,333.54
10777,20250226,3,Combustível,6240.76
10778,20250226,3,Manutenção,2343.78
10779,20250226,3,Pedágio,1319.43
10780,20250226,3,Motorista (Salário/Diária),1881.82
10781,20250226,3,Seguro,735.06
10782,20250226,3,Outros,346.3
10783,20250226,4,Combustível,10226.94
10784,20250226,4,Manutenção,3503.98
10785,20250226,4,Pedágio,2321.41
10786,20250226,4,Motorista (Salário/Diária),3615.64
10787,20250226,4,Seguro,975.88
10788,20250226,4,Outros,643.43
10789,20250226,5,Combustível,7380.97
10790,20250226,5,Manutenção,2897.95
10791,20250226,5,Pedágio,1370.17
10792,20250226,5,Motorista (Salário/Diária),2725.93
10793,20250226,5,Seguro,818.89
10794,20250226,5,Outros,404.33
10795,20250227,1,Combustível,8021.53
10796,20250227,1,Manutenção,3581.23
10797,20250227,1,Pedágio,1569.18
10798,20250227,1,Motorista (Salário/Diária),2913.33
10799,20250227,1,Seguro,852.61
10800,20250227,1,Outros,516.37
10801,20250227,2,Combustível,8419.14
10802,20250227,2,Manutenção,3576.19
10803,20250227,2,Pedágio,2274.69
10804,20250227,2,Motorista (Salário/Diária),3674.95
10805,20250227,2,Seguro,959.13
10806,20250227,2,Outros,613.12
10807,20250227,3,Combustível,1859.35
10808,20250227,3,Manutenção,863.2
10809,20250227,3,Pedágio,447.39
10810,20250227,3,Motorista (Salário/Diária),586.42
10811,20250227,3,Seguro,198.33
10812,20250227,3,Outros,104.53
10813,20250227,4,Combustível,3705.19
10814,20250227,4,Manutenção,1530.0
10815,20250227,4,Pedágio,893.86
10816,20250227,4,Motorista (Salário/Diária),1222.06
10817,20250227,4,Seguro,440.07
10818,20250227,4,Outros,238.16
10819,20250227,5,Combustível,8629.9
10820,20250227,5,Manutenção,3876.24
10821,20250227,5,Pedágio,1855.56
10822,20250227,5,Motorista (Salário/Diária),3352.1
10823,20250227,5,Seguro,989.07
10824,20250227,5,Outros,676.48
10825,20250228,1,Combustível,11059.46
10826,20250228,1,Manutenção,4592.09
10827,20250228,1,Pedágio,2502.67
10828,20250228,1,Motorista (Salário/Diária),4616.81
10829,20250228,1,Seguro,1292.42
10830,20250228,1,Outros,695.63
10831,20250228,2,Combustível,1097.0
10832,20250228,2,Manutenção,581.54
10833,20250228,2,Pedágio,294.54
10834,20250228,2,Motorista (Salário/Diária),495.54
10835,20250228,2,Seguro,150.18
10836,20250228,2,Outros,88.58
10837,20250228,3,Combustível,3323.04
10838,20250228,3,Manutenção,1494.05
10839,20250228,3,Pedágio,831.84
10840,20250228,3,Motorista (Salário/Diária),1169.8
10841,20250228,3,Seguro,407.39
10842,20250228,3,Outros,244.28
10843,20250228,4,Combustível,1403.5
10844,20250228,4,Manutenção,584.43
10845,20250228,4,Pedágio,290.52
10846,20250228,4,Motorista (Salário/Diária),551.54
10847,20250228,4,Seguro,165.13
10848,20250228,4,Outros,102.15
10849,20250228,5,Combustível,7762.56
10850,20250228,5,Manutenção,3238.96
10851,20250228,5,Pedágio,1642.43
10852,20250228,5,Motorista (Salário/Diária),2895.41
10853,20250228,5,Seguro,741.86
10854,20250228,5,Outros,504.3
10855,20250301,1,Combustível,7995.04
10856,20250301,1,Manutenção,3179.67
10857,20250301,1,Pedágio,1938.34
10858,20250301,1,Motorista (Salário/Diária),3001.34
10859,20250301,1,Seguro,961.12
10860,20250301,1,Outros,546.54
10861,20250301,2,Combustível,2394.89
10862,20250301,2,Manutenção,1034.59
10863,20250301,2,Pedágio,520.69
10864,20250301,2,Motorista (Salário/Diária),990.52
10865,20250301,2,Seguro,254.32
10866,20250301,2,Outros,169.47
10867,20250301,4,Combustível,494.04
10868,20250301,4,Manutenção,278.7
10869,20250301,4,Pedágio,107.12
10870,20250301,4,Motorista (Salário/Diária),234.62
10871,20250301,4,Seguro,65.09
10872,20250301,4,Outros,38.0
10873,20250302,1,Combustível,5891.75
10874,20250302,1,Manutenção,2289.79
10875,20250302,1,Pedágio,1397.1
10876,20250302,1,Motorista (Salário/Diária),2295.08
10877,20250302,1,Seguro,558.38
10878,20250302,1,Outros,321.81
10879,20250302,2,Combustível,3738.01
10880,20250302,2,Manutenção,1816.7
10881,20250302,2,Pedágio,1007.51
10882,20250302,2,Motorista (Salário/Diária),1335.54
10883,20250302,2,Seguro,522.57
10884,20250302,2,Outros,241.38
10885,20250302,4,Combustível,718.39
10886,20250302,4,Manutenção,344.46
10887,20250302,4,Pedágio,138.31
10888,20250302,4,Motorista (Salário/Diária),277.85
10889,20250302,4,Seguro,79.92
10890,20250302,4,Outros,44.41
10891,20250302,5,Combustível,3721.95
10892,20250302,5,Manutenção,1685.12
10893,20250302,5,Pedágio,737.04
10894,20250302,5,Motorista (Salário/Diária),1410.01
10895,20250302,5,Seguro,386.6
10896,20250302,5,Outros,278.24
10897,20250303,1,Combustível,4978.55
10898,20250303,1,Manutenção,1778.73
10899,20250303,1,Pedágio,999.74
10900,20250303,1,Motorista (Salário/Diária),1747.43
10901,20250303,1,Seguro,434.67
10902,20250303,1,Outros,271.96
10903,20250303,2,Combustível,521.69
10904,20250303,2,Manutenção,243.45
10905,20250303,2,Pedágio,134.15
10906,20250303,2,Motorista (Salário/Diária),232.94
10907,20250303,2,Seguro,65.05
10908,20250303,2,Outros,37.56
10909,20250303,3,Combustível,5532.47
10910,20250303,3,Manutenção,1880.46
10911,20250303,3,Pedágio,1240.82
10912,20250303,3,Motorista (Salário/Diária),1698.37
10913,20250303,3,Seguro,604.19
10914,20250303,3,Outros,356.14
10915,20250303,4,Combustível,4115.81
10916,20250303,4,Manutenção,1871.25
10917,20250303,4,Pedágio,1039.68
10918,20250303,4,Motorista (Salário/Diária),1987.43
10919,20250303,4,Seguro,529.46
10920,20250303,4,Outros,281.54
10921,20250303,5,Combustível,4126.6
10922,20250303,5,Manutenção,1632.03
10923,20250303,5,Pedágio,821.12
10924,20250303,5,Motorista (Salário/Diária),1394.04
10925,20250303,5,Seguro,428.44
10926,20250303,5,Outros,269.3
10927,20250304,1,Combustível,10322.36
10928,20250304,1,Manutenção,5620.38
10929,20250304,1,Pedágio,2399.23
10930,20250304,1,Motorista (Salário/Diária),4351.13
10931,20250304,1,Seguro,1110.59
10932,20250304,1,Outros,738.15
10933,20250304,2,Combustível,3630.26
10934,20250304,2,Manutenção,1652.04
10935,20250304,2,Pedágio,853.04
10936,20250304,2,Motorista (Salário/Diária),1575.01
10937,20250304,2,Seguro,435.46
10938,20250304,2,Outros,306.2
10939,20250304,3,Combustível,3279.69
10940,20250304,3,Manutenção,1343.54
10941,20250304,3,Pedágio,721.63
10942,20250304,3,Motorista (Salário/Diária),1239.48
10943,20250304,3,Seguro,317.35
10944,20250304,3,Outros,203.34
10945,20250304,4,Combustível,1375.03
10946,20250304,4,Manutenção,588.32
10947,20250304,4,Pedágio,311.34
10948,20250304,4,Motorista (Salário/Diária),468.99
10949,20250304,4,Seguro,132.96
10950,20250304,4,Outros,78.14
10951,20250304,5,Combustível,14842.42
10952,20250304,5,Manutenção,7068.79
10953,20250304,5,Pedágio,3164.64
10954,20250304,5,Motorista (Salário/Diária),6064.88
10955,20250304,5,Seguro,1384.57
10956,20250304,5,Outros,1093.38
10957,20250305,1,Combustível,10105.87
10958,20250305,1,Manutenção,4247.02
10959,20250305,1,Pedágio,2219.46
10960,20250305,1,Motorista (Salário/Diária),3632.73
10961,20250305,1,Seguro,1110.92
10962,20250305,1,Outros,621.51
10963,20250305,2,Combustível,842.21
10964,20250305,2,Manutenção,476.86
10965,20250305,2,Pedágio,223.22
10966,20250305,2,Motorista (Salário/Diária),369.96
10967,20250305,2,Seguro,99.89
10968,20250305,2,Outros,70.36
10969,20250305,3,Combustível,5911.1
10970,20250305,3,Manutenção,2904.34
10971,20250305,3,Pedágio,1260.83
10972,20250305,3,Motorista (Salário/Diária),1903.68
10973,20250305,3,Seguro,706.09
10974,20250305,3,Outros,342.57
10975,20250305,4,Combustível,1002.36
10976,20250305,4,Manutenção,469.33
10977,20250305,4,Pedágio,197.82
10978,20250305,4,Motorista (Salário/Diária),317.71
10979,20250305,4,Seguro,91.79
10980,20250305,4,Outros,54.88
10981,20250305,5,Combustível,6529.54
10982,20250305,5,Manutenção,3308.42
10983,20250305,5,Pedágio,1407.18
10984,20250305,5,Motorista (Salário/Diária),2750.36
10985,20250305,5,Seguro,788.14
10986,20250305,5,Outros,412.73
10987,20250306,1,Combustível,2769.18
10988,20250306,1,Manutenção,1424.17
10989,20250306,1,Pedágio,714.61
10990,20250306,1,Motorista (Salário/Diária),1036.11
10991,20250306,1,Seguro,318.97
10992,20250306,1,Outros,227.97
10993,20250306,2,Combustível,5625.25
10994,20250306,2,Manutenção,2843.55
10995,20250306,2,Pedágio,1425.08
10996,20250306,2,Motorista (Salário/Diária),2296.52
10997,20250306,2,Seguro,716.62
10998,20250306,2,Outros,435.01
10999,20250306,4,Combustível,2416.85
11000,20250306,4,Manutenção,1167.3
11001,20250306,4,Pedágio,712.99
11002,20250306,4,Motorista (Salário/Diária),949.47
11003,20250306,4,Seguro,349.35
11004,20250306,4,Outros,168.66
11005,20250306,5,Combustível,2289.22
11006,20250306,5,Manutenção,1082.39
11007,20250306,5,Pedágio,445.14
11008,20250306,5,Motorista (Salário/Diária),881.62
11009,20250306,5,Seguro,263.29
11010,20250306,5,Outros,155.46
11011,20250307,1,Combustível,5973.67
11012,20250307,1,Manutenção,2864.75
11013,20250307,1,Pedágio,1162.92
11014,20250307,1,Motorista (Salário/Diária),2261.62
11015,20250307,1,Seguro,604.45
11016,20250307,1,Outros,461.34
11017,20250307,3,Combustível,4473.54
11018,20250307,3,Manutenção,2363.27
11019,20250307,3,Pedágio,1013.57
11020,20250307,3,Motorista (Salário/Diária),1560.93
11021,20250307,3,Seguro,498.55
11022,20250307,3,Outros,352.54
11023,20250307,5,Combustível,8738.85
11024,20250307,5,Manutenção,4112.66
11025,20250307,5,Pedágio,2207.57
11026,20250307,5,Motorista (Salário/Diária),3486.81
11027,20250307,5,Seguro,877.35
11028,20250307,5,Outros,690.79
11029,20250308,1,Combustível,657.97
11030,20250308,1,Manutenção,327.77
11031,20250308,1,Pedágio,145.12
11032,20250308,1,Motorista (Salário/Diária),280.63
11033,20250308,1,Seguro,89.14
11034,20250308,1,Outros,54.67
11035,20250308,3,Combustível,1641.32
11036,20250308,3,Manutenção,697.78
11037,20250308,3,Pedágio,303.51
11038,20250308,3,Motorista (Salário/Diária),558.4
11039,20250308,3,Seguro,144.34
11040,20250308,3,Outros,109.34
11041,20250308,4,Combustível,2501.58
11042,20250308,4,Manutenção,1016.38
11043,20250308,4,Pedágio,565.01
11044,20250308,4,Motorista (Salário/Diária),957.26
11045,20250308,4,Seguro,245.44
11046,20250308,4,Outros,139.16
11047,20250308,5,Combustível,1182.77
11048,20250308,5,Manutenção,469.09
11049,20250308,5,Pedágio,209.44
11050,20250308,5,Motorista (Salário/Diária),452.93
11051,20250308,5,Seguro,108.45
11052,20250308,5,Outros,72.29
11053,20250309,1,Combustível,2028.29
11054,20250309,1,Manutenção,1112.31
11055,20250309,1,Pedágio,563.45
11056,20250309,1,Motorista (Salário/Diária),897.07
11057,20250309,1,Seguro,266.05
11058,20250309,1,Outros,142.6
11059,20250309,2,Combustível,2193.6
11060,20250309,2,Manutenção,1041.95
11061,20250309,2,Pedágio,433.35
11062,20250309,2,Motorista (Salário/Diária),690.21
11063,20250309,2,Seguro,249.72
11064,20250309,2,Outros,147.83
11065,20250309,4,Combustível,2912.18
11066,20250309,4,Manutenção,1330.52
11067,20250309,4,Pedágio,588.14
11068,20250309,4,Motorista (Salário/Diária),1079.06
11069,20250309,4,Seguro,339.02
11070,20250309,4,Outros,180.11
11071,20250309,5,Combustível,788.34
11072,20250309,5,Manutenção,370.96
11073,20250309,5,Pedágio,151.26
11074,20250309,5,Motorista (Salário/Diária),274.03
11075,20250309,5,Seguro,88.57
11076,20250309,5,Outros,58.99
11077,20250310,1,Combustível,3511.9
11078,20250310,1,Manutenção,1629.68
11079,20250310,1,Pedágio,778.79
11080,20250310,1,Motorista (Salário/Diária),1633.36
11081,20250310,1,Seguro,508.94
11082,20250310,1,Outros,305.56
11083,20250310,2,Combustível,1170.61
11084,20250310,2,Manutenção,439.07
11085,20250310,2,Pedágio,251.99
11086,20250310,2,Motorista (Salário/Diária),479.03
11087,20250310,2,Seguro,127.32
11088,20250310,2,Outros,83.75
11089,20250310,3,Combustível,6704.24
11090,20250310,3,Manutenção,2849.84
11091,20250310,3,Pedágio,1622.34
11092,20250310,3,Motorista (Salário/Diária),2483.53
11093,20250310,3,Seguro,721.34
11094,20250310,3,Outros,451.26
11095,20250310,4,Combustível,3775.4
11096,20250310,4,Manutenção,1371.68
11097,20250310,4,Pedágio,684.67
11098,20250310,4,Motorista (Salário/Diária),1322.33
11099,20250310,4,Seguro,397.63
11100,20250310,4,Outros,206.34
11101,20250310,5,Combustível,11261.09
11102,20250310,5,Manutenção,5158.14
11103,20250310,5,Pedágio,2689.97
11104,20250310,5,Motorista (Salário/Diária),5291.93
11105,20250310,5,Seguro,1275.81
11106,20250310,5,Outros,861.81
11107,20250311,1,Combustível,9448.73
11108,20250311,1,Manutenção,4876.56
11109,20250311,1,Pedágio,2110.24
11110,20250311,1,Motorista (Salário/Diária),4070.54
11111,20250311,1,Seguro,1062.33
11112,20250311,1,Outros,616.81
11113,20250311,2,Combustível,2690.59
11114,20250311,2,Manutenção,1253.52
11115,20250311,2,Pedágio,683.91
11116,20250311,2,Motorista (Salário/Diária),1141.21
11117,20250311,2,Seguro,322.02
11118,20250311,2,Outros,182.73
11119,20250311,3,Combustível,3006.31
11120,20250311,3,Manutenção,1593.12
11121,20250311,3,Pedágio,789.8
11122,20250311,3,Motorista (Salário/Diária),1031.94
11123,20250311,3,Seguro,369.75
11124,20250311,3,Outros,214.21
11125,20250311,4,Combustível,2983.22
11126,20250311,4,Manutenção,1655.2
11127,20250311,4,Pedágio,866.34
11128,20250311,4,Motorista (Salário/Diária),1398.71
11129,20250311,4,Seguro,329.46
11130,20250311,4,Outros,247.31
11131,20250311,5,Combustível,11794.45
11132,20250311,5,Manutenção,5180.17
11133,20250311,5,Pedágio,2708.38
11134,20250311,5,Motorista (Salário/Diária),4346.55
11135,20250311,5,Seguro,1539.34
11136,20250311,5,Outros,732.84
11137,20250312,1,Combustível,6997.64
11138,20250312,1,Manutenção,3162.73
11139,20250312,1,Pedágio,1805.42
11140,20250312,1,Motorista (Salário/Diária),2878.49
11141,20250312,1,Seguro,804.76
11142,20250312,1,Outros,507.29
11143,20250312,2,Combustível,5894.97
11144,20250312,2,Manutenção,2492.11
11145,20250312,2,Pedágio,1410.77
11146,20250312,2,Motorista (Salário/Diária),1825.64
11147,20250312,2,Seguro,565.28
11148,20250312,2,Outros,427.07
11149,20250312,3,Combustível,3267.56
11150,20250312,3,Manutenção,1456.05
11151,20250312,3,Pedágio,845.85
11152,20250312,3,Motorista (Salário/Diária),1283.81
11153,20250312,3,Seguro,388.99
11154,20250312,3,Outros,225.6
11155,20250312,5,Combustível,3601.18
11156,20250312,5,Manutenção,1588.78
11157,20250312,5,Pedágio,618.77
11158,20250312,5,Motorista (Salário/Diária),1355.08
11159,20250312,5,Seguro,383.19
11160,20250312,5,Outros,204.48
11161,20250313,1,Combustível,9557.86
11162,20250313,1,Manutenção,4301.77
11163,20250313,1,Pedágio,2022.12
11164,20250313,1,Motorista (Salário/Diária),3784.44
11165,20250313,1,Seguro,930.9
11166,20250313,1,Outros,662.28
11167,20250313,2,Combustível,1908.67
11168,20250313,2,Manutenção,978.48
11169,20250313,2,Pedágio,419.18
11170,20250313,2,Motorista (Salário/Diária),813.03
11171,20250313,2,Seguro,205.63
11172,20250313,2,Outros,142.48
11173,20250313,3,Combustível,1862.42
11174,20250313,3,Manutenção,929.93
11175,20250313,3,Pedágio,485.89
11176,20250313,3,Motorista (Salário/Diária),820.89
11177,20250313,3,Seguro,189.34
11178,20250313,3,Outros,131.09
11179,20250313,4,Combustível,6105.22
11180,20250313,4,Manutenção,2335.59
11181,20250313,4,Pedágio,1245.6
11182,20250313,4,Motorista (Salário/Diária),1819.02
11183,20250313,4,Seguro,669.45
11184,20250313,4,Outros,321.48
11185,20250313,5,Combustível,4210.6
11186,20250313,5,Manutenção,1975.04
11187,20250313,5,Pedágio,1026.13
11188,20250313,5,Motorista (Salário/Diária),1584.02
11189,20250313,5,Seguro,559.7
11190,20250313,5,Outros,326.18
11191,20250314,1,Combustível,6965.71
11192,20250314,1,Manutenção,2355.5
11193,20250314,1,Pedágio,1253.61
11194,20250314,1,Motorista (Salário/Diária),2166.89
11195,20250314,1,Seguro,718.96
11196,20250314,1,Outros,440.4
11197,20250314,2,Combustível,7182.17
11198,20250314,2,Manutenção,3394.17
11199,20250314,2,Pedágio,1520.22
11200,20250314,2,Motorista (Salário/Diária),2588.45
11201,20250314,2,Seguro,863.37
11202,20250314,2,Outros,476.4
11203,20250314,3,Combustível,6534.06
11204,20250314,3,Manutenção,2604.81
11205,20250314,3,Pedágio,1497.55
11206,20250314,3,Motorista (Salário/Diária),2450.42
11207,20250314,3,Seguro,734.95
11208,20250314,3,Outros,422.06
11209,20250314,4,Combustível,7932.41
11210,20250314,4,Manutenção,2787.13
11211,20250314,4,Pedágio,1784.23
11212,20250314,4,Motorista (Salário/Diária),2347.52
11213,20250314,4,Seguro,720.08
11214,20250314,4,Outros,494.42
11215,20250314,5,Combustível,4372.02
11216,20250314,5,Manutenção,1869.68
11217,20250314,5,Pedágio,932.65
11218,20250314,5,Motorista (Salário/Diária),1609.47
11219,20250314,5,Seguro,485.87
11220,20250314,5,Outros,283.27
11221,20250315,1,Combustível,3414.74
11222,20250315,1,Manutenção,1563.03
11223,20250315,1,Pedágio,645.07
11224,20250315,1,Motorista (Salário/Diária),1027.53
11225,20250315,1,Seguro,304.74
11226,20250315,1,Outros,182.15
11227,20250315,2,Combustível,837.06
11228,20250315,2,Manutenção,392.52
11229,20250315,2,Pedágio,175.83
11230,20250315,2,Motorista (Salário/Diária),301.8
11231,20250315,2,Seguro,91.87
11232,20250315,2,Outros,56.42
11233,20250315,3,Combustível,154.76
11234,20250315,3,Manutenção,72.37
11235,20250315,3,Pedágio,37.69
11236,20250315,3,Motorista (Salário/Diária),52.72
11237,20250315,3,Seguro,15.49
11238,20250315,3,Outros,10.69
11239,20250315,4,Combustível,2241.72
11240,20250315,4,Manutenção,1232.05
11241,20250315,4,Pedágio,551.54
11242,20250315,4,Motorista (Salário/Diária),957.58
11243,20250315,4,Seguro,265.85
11244,20250315,4,Outros,175.2
11245,20250315,5,Combustível,1361.38
11246,20250315,5,Manutenção,554.51
11247,20250315,5,Pedágio,337.78
11248,20250315,5,Motorista (Salário/Diária),569.84
11249,20250315,5,Seguro,143.42
11250,20250315,5,Outros,93.3
11251,20250316,1,Combustível,359.27
11252,20250316,1,Manutenção,192.0
11253,20250316,1,Pedágio,74.0
11254,20250316,1,Motorista (Salário/Diária),135.59
11255,20250316,1,Seguro,41.5
11256,20250316,1,Outros,25.43
11257,20250316,2,Combustível,216.85
11258,20250316,2,Manutenção,84.52
11259,20250316,2,Pedágio,52.97
11260,20250316,2,Motorista (Salário/Diária),96.42
11261,20250316,2,Seguro,24.66
11262,20250316,2,Outros,16.02
11263,20250316,4,Combustível,3469.89
11264,20250316,4,Manutenção,1404.64
11265,20250316,4,Pedágio,731.8
11266,20250316,4,Motorista (Salário/Diária),1163.28
11267,20250316,4,Seguro,363.9
11268,20250316,4,Outros,214.73
11269,20250316,5,Combustível,1818.83
11270,20250316,5,Manutenção,884.07
11271,20250316,5,Pedágio,400.62
11272,20250316,5,Motorista (Salário/Diária),758.08
11273,20250316,5,Seguro,203.11
11274,20250316,5,Outros,145.34
11275,20250317,1,Combustível,8385.84
11276,20250317,1,Manutenção,4036.51
11277,20250317,1,Pedágio,1928.96
11278,20250317,1,Motorista (Salário/Diária),2988.45
11279,20250317,1,Seguro,1014.61
11280,20250317,1,Outros,516.99
11281,20250317,2,Combustível,3102.72
11282,20250317,2,Manutenção,1478.02
11283,20250317,2,Pedágio,809.71
11284,20250317,2,Motorista (Salário/Diária),1353.4
11285,20250317,2,Seguro,408.82
11286,20250317,2,Outros,216.44
11287,20250317,3,Combustível,2547.97
11288,20250317,3,Manutenção,1331.35
11289,20250317,3,Pedágio,654.56
11290,20250317,3,Motorista (Salário/Diária),1031.76
11291,20250317,3,Seguro,308.29
11292,20250317,3,Outros,188.94
11293,20250317,4,Combustível,7615.35
11294,20250317,4,Manutenção,3179.61
11295,20250317,4,Pedágio,1470.08
11296,20250317,4,Motorista (Salário/Diária),2908.36
11297,20250317,4,Seguro,833.19
11298,20250317,4,Outros,476.57
11299,20250317,5,Combustível,4878.37
11300,20250317,5,Manutenção,1867.11
11301,20250317,5,Pedágio,1022.91
11302,20250317,5,Motorista (Salário/Diária),1653.94
11303,20250317,5,Seguro,439.97
11304,20250317,5,Outros,295.67
11305,20250318,1,Combustível,4499.09
11306,20250318,1,Manutenção,2475.22
11307,20250318,1,Pedágio,992.85
11308,20250318,1,Motorista (Salário/Diária),1827.22
11309,20250318,1,Seguro,503.63
11310,20250318,1,Outros,320.39
11311,20250318,2,Combustível,5435.13
11312,20250318,2,Manutenção,2094.8
11313,20250318,2,Pedágio,959.91
11314,20250318,2,Motorista (Salário/Diária),2084.36
11315,20250318,2,Seguro,522.44
11316,20250318,2,Outros,363.11
11317,20250318,3,Combustível,2484.27
11318,20250318,3,Manutenção,1077.42
11319,20250318,3,Pedágio,444.66
11320,20250318,3,Motorista (Salário/Diária),917.87
11321,20250318,3,Seguro,277.0
11322,20250318,3,Outros,147.94
11323,20250318,4,Combustível,1551.57
11324,20250318,4,Manutenção,712.41
11325,20250318,4,Pedágio,356.07
11326,20250318,4,Motorista (Salário/Diária),575.01
11327,20250318,4,Seguro,185.09
11328,20250318,4,Outros,101.46
11329,20250318,5,Combustível,7934.29
11330,20250318,5,Manutenção,3407.34
11331,20250318,5,Pedágio,1555.37
11332,20250318,5,Motorista (Salário/Diária),2563.32
11333,20250318,5,Seguro,722.32
11334,20250318,5,Outros,530.55
11335,20250319,1,Combustível,12749.82
11336,20250319,1,Manutenção,4834.48
11337,20250319,1,Pedágio,2736.65
11338,20250319,1,Motorista (Salário/Diária),4143.89
11339,20250319,1,Seguro,1333.45
11340,20250319,1,Outros,811.92
11341,20250319,2,Combustível,2332.63
11342,20250319,2,Manutenção,1006.59
11343,20250319,2,Pedágio,405.5
11344,20250319,2,Motorista (Salário/Diária),814.94
11345,20250319,2,Seguro,222.5
11346,20250319,2,Outros,123.32
11347,20250319,3,Combustível,5158.32
11348,20250319,3,Manutenção,2118.95
11349,20250319,3,Pedágio,1254.47
11350,20250319,3,Motorista (Salário/Diária),2127.29
11351,20250319,3,Seguro,530.93
11352,20250319,3,Outros,392.0
11353,20250319,4,Combustível,6465.07
11354,20250319,4,Manutenção,3030.95
11355,20250319,4,Pedágio,1566.94
11356,20250319,4,Motorista (Salário/Diária),2073.72
11357,20250319,4,Seguro,640.45
11358,20250319,4,Outros,434.63
11359,20250319,5,Combustível,14800.51
11360,20250319,5,Manutenção,6147.74
11361,20250319,5,Pedágio,2885.93
11362,20250319,5,Motorista (Salário/Diária),5532.7
11363,20250319,5,Seguro,1491.88
11364,20250319,5,Outros,812.85
11365,20250320,1,Combustível,2340.01
11366,20250320,1,Manutenção,979.98
11367,20250320,1,Pedágio,510.89
11368,20250320,1,Motorista (Salário/Diária),869.32
11369,20250320,1,Seguro,241.44
11370,20250320,1,Outros,177.47
11371,20250320,2,Combustível,2440.92
11372,20250320,2,Manutenção,1238.73
11373,20250320,2,Pedágio,492.43
11374,20250320,2,Motorista (Salário/Diária),1049.87
11375,20250320,2,Seguro,288.46
11376,20250320,2,Outros,147.83
11377,20250320,3,Combustível,7067.35
11378,20250320,3,Manutenção,2874.9
11379,20250320,3,Pedágio,1333.79
11380,20250320,3,Motorista (Salário/Diária),2536.01
11381,20250320,3,Seguro,837.33
11382,20250320,3,Outros,386.89
11383,20250320,4,Combustível,728.0
11384,20250320,4,Manutenção,310.13
11385,20250320,4,Pedágio,127.02
11386,20250320,4,Motorista (Salário/Diária),239.53
11387,20250320,4,Seguro,67.59
11388,20250320,4,Outros,37.4
11389,20250320,5,Combustível,5329.26
11390,20250320,5,Manutenção,1954.16
11391,20250320,5,Pedágio,1046.61
11392,20250320,5,Motorista (Salário/Diária),2000.83
11393,20250320,5,Seguro,529.87
11394,20250320,5,Outros,340.01
11395,20250321,1,Combustível,3487.6
11396,20250321,1,Manutenção,1321.07
11397,20250321,1,Pedágio,836.14
11398,20250321,1,Motorista (Salário/Diária),1327.63
11399,20250321,1,Seguro,426.22
11400,20250321,1,Outros,203.91
11401,20250321,2,Combustível,3955.65
11402,20250321,2,Manutenção,1790.91
11403,20250321,2,Pedágio,839.01
11404,20250321,2,Motorista (Salário/Diária),1670.48
11405,20250321,2,Seguro,411.89
11406,20250321,2,Outros,227.19
11407,20250321,3,Combustível,8503.43
11408,20250321,3,Manutenção,4312.88
11409,20250321,3,Pedágio,2306.75
11410,20250321,3,Motorista (Salário/Diária),3544.16
11411,20250321,3,Seguro,1161.68
11412,20250321,3,Outros,527.13
11413,20250321,4,Combustível,3359.09
11414,20250321,4,Manutenção,1853.52
11415,20250321,4,Pedágio,771.77
11416,20250321,4,Motorista (Salário/Diária),1551.26
11417,20250321,4,Seguro,423.37
11418,20250321,4,Outros,229.79
11419,20250321,5,Combustível,10671.81
11420,20250321,5,Manutenção,4488.84
11421,20250321,5,Pedágio,2194.07
11422,20250321,5,Motorista (Salário/Diária),4158.42
11423,20250321,5,Seguro,1234.95
11424,20250321,5,Outros,832.93
11425,20250322,1,Combustível,397.42
11426,20250322,1,Manutenção,161.82
11427,20250322,1,Pedágio,78.6
11428,20250322,1,Motorista (Salário/Diária),131.48
11429,20250322,1,Seguro,38.96
11430,20250322,1,Outros,25.18
11431,20250322,3,Combustível,922.2
11432,20250322,3,Manutenção,394.93
11433,20250322,3,Pedágio,178.1
11434,20250322,3,Motorista (Salário/Diária),335.73
11435,20250322,3,Seguro,106.51
11436,20250322,3,Outros,61.05
11437,20250322,5,Combustível,5022.71
11438,20250322,5,Manutenção,2137.69
11439,20250322,5,Pedágio,959.68
11440,20250322,5,Motorista (Salário/Diária),2021.98
11441,20250322,5,Seguro,475.06
11442,20250322,5,Outros,328.19
11443,20250323,2,Combustível,809.17
11444,20250323,2,Manutenção,317.53
11445,20250323,2,Pedágio,170.82
11446,20250323,2,Motorista (Salário/Diária),255.31
11447,20250323,2,Seguro,90.84
11448,20250323,2,Outros,43.59
11449,20250323,4,Combustível,1553.63
11450,20250323,4,Manutenção,783.72
11451,20250323,4,Pedágio,415.51
11452,20250323,4,Motorista (Salário/Diária),595.4
11453,20250323,4,Seguro,185.48
11454,20250323,4,Outros,120.24
11455,20250323,5,Combustível,2751.71
11456,20250323,5,Manutenção,1136.7
11457,20250323,5,Pedágio,684.55
11458,20250323,5,Motorista (Salário/Diária),1135.95
11459,20250323,5,Seguro,274.63
11460,20250323,5,Outros,182.0
11461,20250324,1,Combustível,9570.27
11462,20250324,1,Manutenção,4202.23
11463,20250324,1,Pedágio,1969.19
11464,20250324,1,Motorista (Salário/Diária),2983.53
11465,20250324,1,Seguro,1073.87
11466,20250324,1,Outros,542.22
11467,20250324,2,Combustível,2549.51
11468,20250324,2,Manutenção,984.63
11469,20250324,2,Pedágio,573.5
11470,20250324,2,Motorista (Salário/Diária),830.97
11471,20250324,2,Seguro,299.41
11472,20250324,2,Outros,140.47
11473,20250324,3,Combustível,4054.09
11474,20250324,3,Manutenção,1798.5
11475,20250324,3,Pedágio,742.52
11476,20250324,3,Motorista (Salário/Diária),1380.39
11477,20250324,3,Seguro,354.75
11478,20250324,3,Outros,259.64
11479,20250324,4,Combustível,4084.01
11480,20250324,4,Manutenção,2130.38
11481,20250324,4,Pedágio,917.51
11482,20250324,4,Motorista (Salário/Diária),1720.22
11483,20250324,4,Seguro,525.54
11484,20250324,4,Outros,314.67
11485,20250324,5,Combustível,3914.74
11486,20250324,5,Manutenção,1485.86
11487,20250324,5,Pedágio,837.63
11488,20250324,5,Motorista (Salário/Diária),1256.51
11489,20250324,5,Seguro,347.2
11490,20250324,5,Outros,227.59
11491,20250325,1,Combustível,1722.85
11492,20250325,1,Manutenção,642.04
11493,20250325,1,Pedágio,375.23
11494,20250325,1,Motorista (Salário/Diária),630.67
11495,20250325,1,Seguro,182.85
11496,20250325,1,Outros,92.0
11497,20250325,2,Combustível,5795.72
11498,20250325,2,Manutenção,3180.15
11499,20250325,2,Pedágio,1341.77
11500,20250325,2,Motorista (Salário/Diária),2073.82
11501,20250325,2,Seguro,793.36
11502,20250325,2,Outros,407.21
11503,20250325,3,Combustível,10739.57
11504,20250325,3,Manutenção,4374.42
11505,20250325,3,Pedágio,2436.42
11506,20250325,3,Motorista (Salário/Diária),3458.09
11507,20250325,3,Seguro,924.81
11508,20250325,3,Outros,591.56
11509,20250325,4,Combustível,7261.66
11510,20250325,4,Manutenção,3170.37
11511,20250325,4,Pedágio,1937.12
11512,20250325,4,Motorista (Salário/Diária),3105.13
11513,20250325,4,Seguro,882.07
11514,20250325,4,Outros,450.32
11515,20250325,5,Combustível,10462.19
11516,20250325,5,Manutenção,5253.41
11517,20250325,5,Pedágio,2297.69
11518,20250325,5,Motorista (Salário/Diária),4029.81
11519,20250325,5,Seguro,1410.24
11520,20250325,5,Outros,878.59
11521,20250326,1,Combustível,6440.8
11522,20250326,1,Manutenção,2842.29
11523,20250326,1,Pedágio,1432.84
11524,20250326,1,Motorista (Salário/Diária),2585.08
11525,20250326,1,Seguro,760.75
11526,20250326,1,Outros,407.43
11527,20250326,2,Combustível,3286.18
11528,20250326,2,Manutenção,1345.98
11529,20250326,2,Pedágio,730.17
11530,20250326,2,Motorista (Salário/Diária),1324.91
11531,20250326,2,Seguro,376.05
11532,20250326,2,Outros,248.94
11533,20250326,3,Combustível,2554.5
11534,20250326,3,Manutenção,931.42
11535,20250326,3,Pedágio,472.23
11536,20250326,3,Motorista (Salário/Diária),817.08
11537,20250326,3,Seguro,227.97
11538,20250326,3,Outros,155.16
11539,20250326,4,Combustível,4162.71
11540,20250326,4,Manutenção,1918.78
11541,20250326,4,Pedágio,974.62
11542,20250326,4,Motorista (Salário/Diária),1653.35
11543,20250326,4,Seguro,484.19
11544,20250326,4,Outros,307.63
11545,20250326,5,Combustível,2600.17
11546,20250326,5,Manutenção,1277.78
11547,20250326,5,Pedágio,623.45
11548,20250326,5,Motorista (Salário/Diária),1254.06
11549,20250326,5,Seguro,322.27
11550,20250326,5,Outros,207.01
11551,20250327,1,Combustível,4733.37
11552,20250327,1,Manutenção,2160.93
11553,20250327,1,Pedágio,972.27
11554,20250327,1,Motorista (Salário/Diária),1831.91
11555,20250327,1,Seguro,498.11
11556,20250327,1,Outros,296.66
11557,20250327,2,Combustível,6290.18
11558,20250327,2,Manutenção,3374.21
11559,20250327,2,Pedágio,1625.31
11560,20250327,2,Motorista (Salário/Diária),2708.96
11561,20250327,2,Seguro,708.23
11562,20250327,2,Outros,410.15
11563,20250327,3,Combustível,6295.45
11564,20250327,3,Manutenção,3468.58
11565,20250327,3,Pedágio,1744.68
11566,20250327,3,Motorista (Salário/Diária),2805.51
11567,20250327,3,Seguro,794.48
11568,20250327,3,Outros,474.16
11569,20250327,4,Combustível,718.79
11570,20250327,4,Manutenção,296.51
11571,20250327,4,Pedágio,183.18
11572,20250327,4,Motorista (Salário/Diária),317.96
11573,20250327,4,Seguro,86.71
11574,20250327,4,Outros,43.11
11575,20250327,5,Combustível,4355.02
11576,20250327,5,Manutenção,2006.98
11577,20250327,5,Pedágio,960.6
11578,20250327,5,Motorista (Salário/Diária),1930.69
11579,20250327,5,Seguro,478.41
11580,20250327,5,Outros,311.89
11581,20250328,1,Combustível,5523.7
11582,20250328,1,Manutenção,2486.17
11583,20250328,1,Pedágio,1341.85
11584,20250328,1,Motorista (Salário/Diária),1899.9
11585,20250328,1,Seguro,704.92
11586,20250328,1,Outros,444.57
11587,20250328,3,Combustível,3047.41
11588,20250328,3,Manutenção,1369.68
11589,20250328,3,Pedágio,776.77
11590,20250328,3,Motorista (Salário/Diária),1253.03
11591,20250328,3,Seguro,378.11
11592,20250328,3,Outros,233.14
11593,20250328,4,Combustível,2515.05
11594,20250328,4,Manutenção,1198.45
11595,20250328,4,Pedágio,553.94
11596,20250328,4,Motorista (Salário/Diária),1062.2
11597,20250328,4,Seguro,272.15
11598,20250328,4,Outros,143.83
11599,20250328,5,Combustível,10110.17
11600,20250328,5,Manutenção,3737.7
11601,20250328,5,Pedágio,2180.41
11602,20250328,5,Motorista (Salário/Diária),3210.26
11603,20250328,5,Seguro,1109.48
11604,20250328,5,Outros,558.7
11605,20250329,1,Combustível,664.77
11606,20250329,1,Manutenção,283.35
11607,20250329,1,Pedágio,169.39
11608,20250329,1,Motorista (Salário/Diária),287.3
11609,20250329,1,Seguro,79.75
11610,20250329,1,Outros,41.56
11611,20250329,4,Combustível,2701.92
11612,20250329,4,Manutenção,1209.96
11613,20250329,4,Pedágio,715.51
11614,20250329,4,Motorista (Salário/Diária),1100.11
11615,20250329,4,Seguro,361.94
11616,20250329,4,Outros,215.42
11617,20250329,5,Combustível,1564.61
11618,20250329,5,Manutenção,731.82
11619,20250329,5,Pedágio,310.17
11620,20250329,5,Motorista (Salário/Diária),578.02
11621,20250329,5,Seguro,171.42
11622,20250329,5,Outros,87.38
11623,20250330,1,Combustível,2039.83
11624,20250330,1,Manutenção,777.98
11625,20250330,1,Pedágio,420.65
11626,20250330,1,Motorista (Salário/Diária),744.21
11627,20250330,1,Seguro,205.87
11628,20250330,1,Outros,145.2
11629,20250330,4,Combustível,1438.39
11630,20250330,4,Manutenção,777.89
11631,20250330,4,Pedágio,364.44
11632,20250330,4,Motorista (Salário/Diária),553.14
11633,20250330,4,Seguro,183.91
11634,20250330,4,Outros,105.4
11635,20250330,5,Combustível,4121.3
11636,20250330,5,Manutenção,1723.35
11637,20250330,5,Pedágio,1079.68
11638,20250330,5,Motorista (Salário/Diária),1695.8
11639,20250330,5,Seguro,490.41
11640,20250330,5,Outros,320.41
11641,20250331,1,Combustível,7948.41
11642,20250331,1,Manutenção,2993.7
11643,20250331,1,Pedágio,1663.32
11644,20250331,1,Motorista (Salário/Diária),2551.43
11645,20250331,1,Seguro,669.4
11646,20250331,1,Outros,435.23
11647,20250331,2,Combustível,896.28
11648,20250331,2,Manutenção,499.48
11649,20250331,2,Pedágio,203.48
11650,20250331,2,Motorista (Salário/Diária),405.45
11651,20250331,2,Seguro,109.02
11652,20250331,2,Outros,68.5
11653,20250331,3,Combustível,3561.24
11654,20250331,3,Manutenção,1577.57
11655,20250331,3,Pedágio,956.21
11656,20250331,3,Motorista (Salário/Diária),1318.06
11657,20250331,3,Seguro,452.99
11658,20250331,3,Outros,284.54
11659,20250331,5,Combustível,3317.12
11660,20250331,5,Manutenção,1630.07
11661,20250331,5,Pedágio,831.41
11662,20250331,5,Motorista (Salário/Diária),1436.09
11663,20250331,5,Seguro,372.71
11664,20250331,5,Outros,209.11
11665,20250401,1,Combustível,6361.79
11666,20250401,1,Manutenção,3134.25
11667,20250401,1,Pedágio,1345.55
11668,20250401,1,Motorista (Salário/Diária),2911.74
11669,20250401,1,Seguro,836.8
11670,20250401,1,Outros,464.55
11671,20250401,2,Combustível,3401.32
11672,20250401,2,Manutenção,1300.4
11673,20250401,2,Pedágio,832.37
11674,20250401,2,Motorista (Salário/Diária),1168.34
11675,20250401,2,Seguro,398.38
11676,20250401,2,Outros,253.93
11677,20250401,3,Combustível,3223.25
11678,20250401,3,Manutenção,1332.46
11679,20250401,3,Pedágio,887.17
11680,20250401,3,Motorista (Salário/Diária),1384.04
11681,20250401,3,Seguro,428.51
11682,20250401,3,Outros,224.48
11683,20250401,4,Combustível,3643.08
11684,20250401,4,Manutenção,1545.27
11685,20250401,4,Pedágio,876.68
11686,20250401,4,Motorista (Salário/Diária),1423.8
11687,20250401,4,Seguro,417.69
11688,20250401,4,Outros,221.1
11689,20250401,5,Combustível,3865.35
11690,20250401,5,Manutenção,1660.37
11691,20250401,5,Pedágio,906.16
11692,20250401,5,Motorista (Salário/Diária),1629.78
11693,20250401,5,Seguro,383.05
11694,20250401,5,Outros,223.88
11695,20250402,1,Combustível,14686.75
11696,20250402,1,Manutenção,5487.85
11697,20250402,1,Pedágio,3283.68
11698,20250402,1,Motorista (Salário/Diária),4766.84
11699,20250402,1,Seguro,1633.16
11700,20250402,1,Outros,957.86
11701,20250402,2,Combustível,1334.06
11702,20250402,2,Manutenção,570.76
11703,20250402,2,Pedágio,312.81
11704,20250402,2,Motorista (Salário/Diária),487.9
11705,20250402,2,Seguro,157.38
11706,20250402,2,Outros,96.29
11707,20250402,3,Combustível,537.31
11708,20250402,3,Manutenção,265.09
11709,20250402,3,Pedágio,132.23
11710,20250402,3,Motorista (Salário/Diária),239.35
11711,20250402,3,Seguro,58.56
11712,20250402,3,Outros,37.04
11713,20250402,4,Combustível,6801.63
11714,20250402,4,Manutenção,2778.58
11715,20250402,4,Pedágio,1400.14
11716,20250402,4,Motorista (Salário/Diária),2237.71
11717,20250402,4,Seguro,595.77
11718,20250402,4,Outros,418.15
11719,20250402,5,Combustível,13243.84
11720,20250402,5,Manutenção,5292.37
11721,20250402,5,Pedágio,2358.46
11722,20250402,5,Motorista (Salário/Diária),4838.89
11723,20250402,5,Seguro,1176.23
11724,20250402,5,Outros,871.4
11725,20250403,1,Combustível,16839.48
11726,20250403,1,Manutenção,6375.59
11727,20250403,1,Pedágio,3389.98
11728,20250403,1,Motorista (Salário/Diária),5914.5
11729,20250403,1,Seguro,1669.55
11730,20250403,1,Outros,1055.93
11731,20250403,2,Combustível,1417.65
11732,20250403,2,Manutenção,565.94
11733,20250403,2,Pedágio,265.0
11734,20250403,2,Motorista (Salário/Diária),527.32
11735,20250403,2,Seguro,127.85
11736,20250403,2,Outros,77.69
11737,20250403,3,Combustível,12489.73
11738,20250403,3,Manutenção,5438.73
11739,20250403,3,Pedágio,2427.54
11740,20250403,3,Motorista (Salário/Diária),3625.72
11741,20250403,3,Seguro,1277.63
11742,20250403,3,Outros,709.52
11743,20250403,4,Combustível,2357.11
11744,20250403,4,Manutenção,962.4
11745,20250403,4,Pedágio,479.84
11746,20250403,4,Motorista (Salário/Diária),874.88
11747,20250403,4,Seguro,268.9
11748,20250403,4,Outros,146.55
11749,20250403,5,Combustível,10394.22
11750,20250403,5,Manutenção,4225.67
11751,20250403,5,Pedágio,1987.2
11752,20250403,5,Motorista (Salário/Diária),4110.78
11753,20250403,5,Seguro,1275.7
11754,20250403,5,Outros,699.47
11755,20250404,1,Combustível,4884.73
11756,20250404,1,Manutenção,2745.99
11757,20250404,1,Pedágio,1180.98
11758,20250404,1,Motorista (Salário/Diária),2028.41
11759,20250404,1,Seguro,542.56
11760,20250404,1,Outros,348.01
11761,20250404,2,Combustível,2477.75
11762,20250404,2,Manutenção,1047.41
11763,20250404,2,Pedágio,534.05
11764,20250404,2,Motorista (Salário/Diária),925.09
11765,20250404,2,Seguro,294.23
11766,20250404,2,Outros,175.99
11767,20250404,3,Combustível,6793.96
11768,20250404,3,Manutenção,3443.62
11769,20250404,3,Pedágio,1621.0
11770,20250404,3,Motorista (Salário/Diária),2591.07
11771,20250404,3,Seguro,676.67
11772,20250404,3,Outros,494.98
11773,20250404,4,Combustível,1846.49
11774,20250404,4,Manutenção,621.64
11775,20250404,4,Pedágio,333.73
11776,20250404,4,Motorista (Salário/Diária),541.16
11777,20250404,4,Seguro,194.34
11778,20250404,4,Outros,102.78
11779,20250404,5,Combustível,10412.87
11780,20250404,5,Manutenção,5166.12
11781,20250404,5,Pedágio,2159.69
11782,20250404,5,Motorista (Salário/Diária),4126.05
11783,20250404,5,Seguro,1156.8
11784,20250404,5,Outros,728.04
11785,20250405,1,Combustível,888.13
11786,20250405,1,Manutenção,443.3
11787,20250405,1,Pedágio,233.62
11788,20250405,1,Motorista (Salário/Diária),378.04
11789,20250405,1,Seguro,104.92
11790,20250405,1,Outros,73.31
11791,20250405,4,Combustível,1836.94
11792,20250405,4,Manutenção,685.24
11793,20250405,4,Pedágio,330.63
11794,20250405,4,Motorista (Salário/Diária),588.98
11795,20250405,4,Seguro,159.01
11796,20250405,4,Outros,123.24
11797,20250405,5,Combustível,5625.34
11798,20250405,5,Manutenção,2137.05
11799,20250405,5,Pedágio,1094.36
11800,20250405,5,Motorista (Salário/Diária),1692.83
11801,20250405,5,Seguro,618.67
11802,20250405,5,Outros,355.57
11803,20250406,1,Combustível,2558.68
11804,20250406,1,Manutenção,1301.55
11805,20250406,1,Pedágio,738.81
11806,20250406,1,Motorista (Salário/Diária),995.92
11807,20250406,1,Seguro,309.6
11808,20250406,1,Outros,204.4
11809,20250406,2,Combustível,526.42
11810,20250406,2,Manutenção,280.18
11811,20250406,2,Pedágio,135.96
11812,20250406,2,Motorista (Salário/Diária),237.87
11813,20250406,2,Seguro,71.11
11814,20250406,2,Outros,41.36
11815,20250406,4,Combustível,336.75
11816,20250406,4,Manutenção,172.16
11817,20250406,4,Pedágio,86.91
11818,20250406,4,Motorista (Salário/Diária),140.88
11819,20250406,4,Seguro,43.41
11820,20250406,4,Outros,23.66
11821,20250406,5,Combustível,2133.54
11822,20250406,5,Manutenção,844.61
11823,20250406,5,Pedágio,503.11
11824,20250406,5,Motorista (Salário/Diária),648.26
11825,20250406,5,Seguro,238.73
11826,20250406,5,Outros,140.82
11827,20250407,1,Combustível,2400.7
11828,20250407,1,Manutenção,1383.75
11829,20250407,1,Pedágio,690.14
11830,20250407,1,Motorista (Salário/Diária),1133.83
11831,20250407,1,Seguro,327.21
11832,20250407,1,Outros,187.13
11833,20250407,2,Combustível,4462.2
11834,20250407,2,Manutenção,1872.33
11835,20250407,2,Pedágio,875.11
11836,20250407,2,Motorista (Salário/Diária),1689.69
11837,20250407,2,Seguro,435.94
11838,20250407,2,Outros,320.7
11839,20250407,3,Combustível,8254.31
11840,20250407,3,Manutenção,4070.05
11841,20250407,3,Pedágio,2101.07
11842,20250407,3,Motorista (Salário/Diária),3069.42
11843,20250407,3,Seguro,865.75
11844,20250407,3,Outros,589.69
11845,20250407,5,Combustível,3255.51
11846,20250407,5,Manutenção,1446.07
11847,20250407,5,Pedágio,782.76
11848,20250407,5,Motorista (Salário/Diária),1404.62
11849,20250407,5,Seguro,359.87
11850,20250407,5,Outros,261.03
11851,20250408,1,Combustível,6042.77
11852,20250408,1,Manutenção,2804.76
11853,20250408,1,Pedágio,1302.14
11854,20250408,1,Motorista (Salário/Diária),1913.54
11855,20250408,1,Seguro,715.75
11856,20250408,1,Outros,368.68
11857,20250408,2,Combustível,3208.43
11858,20250408,2,Manutenção,1339.1
11859,20250408,2,Pedágio,617.4
11860,20250408,2,Motorista (Salário/Diária),1029.64
11861,20250408,2,Seguro,372.38
11862,20250408,2,Outros,193.14
11863,20250408,3,Combustível,9709.77
11864,20250408,3,Manutenção,4474.11
11865,20250408,3,Pedágio,2707.53
11866,20250408,3,Motorista (Salário/Diária),4015.81
11867,20250408,3,Seguro,1383.08
11868,20250408,3,Outros,635.39
11869,20250408,4,Combustível,7574.54
11870,20250408,4,Manutenção,3979.53
11871,20250408,4,Pedágio,1957.22
11872,20250408,4,Motorista (Salário/Diária),3065.74
11873,20250408,4,Seguro,804.26
11874,20250408,4,Outros,580.79
11875,20250408,5,Combustível,5584.7
11876,20250408,5,Manutenção,3232.59
11877,20250408,5,Pedágio,1500.5
11878,20250408,5,Motorista (Salário/Diária),2469.35
11879,20250408,5,Seguro,737.96
11880,20250408,5,Outros,484.83
11881,20250409,1,Combustível,10176.72
11882,20250409,1,Manutenção,3684.82
11883,20250409,1,Pedágio,2228.4
11884,20250409,1,Motorista (Salário/Diária),3540.4
11885,20250409,1,Seguro,938.95
11886,20250409,1,Outros,630.99
11887,20250409,4,Combustível,707.07
11888,20250409,4,Manutenção,296.7
11889,20250409,4,Pedágio,138.14
11890,20250409,4,Motorista (Salário/Diária),276.65
11891,20250409,4,Seguro,69.58
11892,20250409,4,Outros,51.17
11893,20250409,5,Combustível,6003.05
11894,20250409,5,Manutenção,2295.58
11895,20250409,5,Pedágio,1401.15
11896,20250409,5,Motorista (Salário/Diária),2515.94
11897,20250409,5,Seguro,714.49
11898,20250409,5,Outros,430.12
11899,20250410,1,Combustível,2071.09
11900,20250410,1,Manutenção,927.82
11901,20250410,1,Pedágio,480.25
11902,20250410,1,Motorista (Salário/Diária),785.26
11903,20250410,1,Seguro,205.84
11904,20250410,1,Outros,140.01
11905,20250410,2,Combustível,6751.23
11906,20250410,2,Manutenção,2853.2
11907,20250410,2,Pedágio,1450.15
11908,20250410,2,Motorista (Salário/Diária),2783.59
11909,20250410,2,Seguro,831.36
11910,20250410,2,Outros,509.53
11911,20250410,3,Combustível,3712.75
11912,20250410,3,Manutenção,1459.55
11913,20250410,3,Pedágio,727.45
11914,20250410,3,Motorista (Salário/Diária),1247.42
11915,20250410,3,Seguro,438.68
11916,20250410,3,Outros,211.2
11917,20250410,4,Combustível,1803.23
11918,20250410,4,Manutenção,996.45
11919,20250410,4,Pedágio,506.15
11920,20250410,4,Motorista (Salário/Diária),745.56
11921,20250410,4,Seguro,235.85
11922,20250410,4,Outros,144.5
11923,20250410,5,Combustível,3315.11
11924,20250410,5,Manutenção,1361.06
11925,20250410,5,Pedágio,728.58
11926,20250410,5,Motorista (Salário/Diária),1270.35
11927,20250410,5,Seguro,312.01
11928,20250410,5,Outros,195.96
11929,20250411,1,Combustível,2555.29
11930,20250411,1,Manutenção,963.02
11931,20250411,1,Pedágio,524.65
11932,20250411,1,Motorista (Salário/Diária),758.7
11933,20250411,1,Seguro,292.68
11934,20250411,1,Outros,146.89
11935,20250411,2,Combustível,4384.72
11936,20250411,2,Manutenção,1945.63
11937,20250411,2,Pedágio,918.56
11938,20250411,2,Motorista (Salário/Diária),1630.54
11939,20250411,2,Seguro,554.15
11940,20250411,2,Outros,333.26
11941,20250411,3,Combustível,6758.83
11942,20250411,3,Manutenção,3660.62
11943,20250411,3,Pedágio,1903.85
11944,20250411,3,Motorista (Salário/Diária),2806.29
11945,20250411,3,Seguro,919.73
11946,20250411,3,Outros,567.3
11947,20250411,4,Combustível,2662.38
11948,20250411,4,Manutenção,1487.6
11949,20250411,4,Pedágio,714.67
11950,20250411,4,Motorista (Salário/Diária),1061.34
11951,20250411,4,Seguro,361.53
11952,20250411,4,Outros,222.9
11953,20250411,5,Combustível,12206.19
11954,20250411,5,Manutenção,4633.78
11955,20250411,5,Pedágio,2712.32
11956,20250411,5,Motorista (Salário/Diária),4447.13
11957,20250411,5,Seguro,1253.74
11958,20250411,5,Outros,721.91
11959,20250412,1,Combustível,1564.69
11960,20250412,1,Manutenção,851.5
11961,20250412,1,Pedágio,452.71
11962,20250412,1,Motorista (Salário/Diária),706.21
11963,20250412,1,Seguro,213.48
11964,20250412,1,Outros,109.26
11965,20250412,4,Combustível,1714.99
11966,20250412,4,Manutenção,720.8
11967,20250412,4,Pedágio,424.62
11968,20250412,4,Motorista (Salário/Diária),558.44
11969,20250412,4,Seguro,167.62
11970,20250412,4,Outros,126.11
11971,20250412,5,Combustível,6220.55
11972,20250412,5,Manutenção,2817.03
11973,20250412,5,Pedágio,1205.94
11974,20250412,5,Motorista (Salário/Diária),2072.24
11975,20250412,5,Seguro,651.01
11976,20250412,5,Outros,340.53
11977,20250413,1,Combustível,6065.16
11978,20250413,1,Manutenção,2315.21
11979,20250413,1,Pedágio,1402.58
11980,20250413,1,Motorista (Salário/Diária),2426.48
11981,20250413,1,Seguro,549.68
11982,20250413,1,Outros,419.88
11983,20250413,2,Combustível,2176.75
11984,20250413,2,Manutenção,1001.98
11985,20250413,2,Pedágio,525.32
11986,20250413,2,Motorista (Salário/Diária),811.74
11987,20250413,2,Seguro,286.28
11988,20250413,2,Outros,145.72
11989,20250413,4,Combustível,2106.65
11990,20250413,4,Manutenção,883.38
11991,20250413,4,Pedágio,423.24
11992,20250413,4,Motorista (Salário/Diária),604.46
11993,20250413,4,Seguro,236.53
11994,20250413,4,Outros,123.31
11995,20250413,5,Combustível,2497.74
11996,20250413,5,Manutenção,1493.0
11997,20250413,5,Pedágio,588.62
11998,20250413,5,Motorista (Salário/Diária),1046.75
11999,20250413,5,Seguro,358.24
12000,20250413,5,Outros,168.43
12001,20250414,1,Combustível,6663.45
12002,20250414,1,Manutenção,2571.01
12003,20250414,1,Pedágio,1181.83
12004,20250414,1,Motorista (Salário/Diária),2428.73
12005,20250414,1,Seguro,738.17
12006,20250414,1,Outros,423.64
12007,20250414,2,Combustível,1028.36
12008,20250414,2,Manutenção,400.84
12009,20250414,2,Pedágio,244.96
12010,20250414,2,Motorista (Salário/Diária),409.49
12011,20250414,2,Seguro,101.65
12012,20250414,2,Outros,74.16
12013,20250414,3,Combustível,1070.18
12014,20250414,3,Manutenção,454.22
12015,20250414,3,Pedágio,225.69
12016,20250414,3,Motorista (Salário/Diária),414.21
12017,20250414,3,Seguro,118.52
12018,20250414,3,Outros,66.79
12019,20250414,4,Combustível,1917.53
12020,20250414,4,Manutenção,921.09
12021,20250414,4,Pedágio,497.81
12022,20250414,4,Motorista (Salário/Diária),672.02
12023,20250414,4,Seguro,202.84
12024,20250414,4,Outros,147.37
12025,20250414,5,Combustível,4187.75
12026,20250414,5,Manutenção,1550.22
12027,20250414,5,Pedágio,730.88
12028,20250414,5,Motorista (Salário/Diária),1253.14
12029,20250414,5,Seguro,448.62
12030,20250414,5,Outros,238.49
12031,20250415,1,Combustível,5449.99
12032,20250415,1,Manutenção,3034.79
12033,20250415,1,Pedágio,1181.46
12034,20250415,1,Motorista (Salário/Diária),2435.62
12035,20250415,1,Seguro,681.87
12036,20250415,1,Outros,440.05
12037,20250415,2,Combustível,206.56
12038,20250415,2,Manutenção,85.27
12039,20250415,2,Pedágio,42.65
12040,20250415,2,Motorista (Salário/Diária),63.93
12041,20250415,2,Seguro,17.6
12042,20250415,2,Outros,12.52
12043,20250415,4,Combustível,1856.74
12044,20250415,4,Manutenção,770.9
12045,20250415,4,Pedágio,418.89
12046,20250415,4,Motorista (Salário/Diária),841.84
12047,20250415,4,Seguro,237.03
12048,20250415,4,Outros,139.64
12049,20250415,5,Combustível,7251.48
12050,20250415,5,Manutenção,3320.89
12051,20250415,5,Pedágio,1516.4
12052,20250415,5,Motorista (Salário/Diária),3320.33
12053,20250415,5,Seguro,1003.35
12054,20250415,5,Outros,546.78
12055,20250416,1,Combustível,3160.4
12056,20250416,1,Manutenção,1405.44
12057,20250416,1,Pedágio,785.35
12058,20250416,1,Motorista (Salário/Diária),1440.75
12059,20250416,1,Seguro,421.38
12060,20250416,1,Outros,201.05
12061,20250416,2,Combustível,1391.3
12062,20250416,2,Manutenção,611.1
12063,20250416,2,Pedágio,302.25
12064,20250416,2,Motorista (Salário/Diária),556.55
12065,20250416,2,Seguro,157.4
12066,20250416,2,Outros,84.09
12067,20250416,4,Combustível,4721.22
12068,20250416,4,Manutenção,2062.88
12069,20250416,4,Pedágio,961.31
12070,20250416,4,Motorista (Salário/Diária),1555.51
12071,20250416,4,Seguro,544.64
12072,20250416,4,Outros,316.5
12073,20250416,5,Combustível,4234.88
12074,20250416,5,Manutenção,1821.58
12075,20250416,5,Pedágio,1162.55
12076,20250416,5,Motorista (Salário/Diária),1834.22
12077,20250416,5,Seguro,475.75
12078,20250416,5,Outros,361.44
12079,20250417,1,Combustível,6582.09
12080,20250417,1,Manutenção,2306.0
12081,20250417,1,Pedágio,1164.59
12082,20250417,1,Motorista (Salário/Diária),2231.99
12083,20250417,1,Seguro,682.6
12084,20250417,1,Outros,439.98
12085,20250417,3,Combustível,3103.04
12086,20250417,3,Manutenção,1648.49
12087,20250417,3,Pedágio,756.43
12088,20250417,3,Motorista (Salário/Diária),1219.23
12089,20250417,3,Seguro,338.79
12090,20250417,3,Outros,199.86
12091,20250417,4,Combustível,1799.92
12092,20250417,4,Manutenção,763.23
12093,20250417,4,Pedágio,442.44
12094,20250417,4,Motorista (Salário/Diária),774.9
12095,20250417,4,Seguro,224.06
12096,20250417,4,Outros,133.5
12097,20250417,5,Combustível,6023.35
12098,20250417,5,Manutenção,2885.35
12099,20250417,5,Pedágio,1712.29
12100,20250417,5,Motorista (Salário/Diária),2325.15
12101,20250417,5,Seguro,671.66
12102,20250417,5,Outros,398.06
12103,20250418,1,Combustível,4754.01
12104,20250418,1,Manutenção,2345.02
12105,20250418,1,Pedágio,1335.06
12106,20250418,1,Motorista (Salário/Diária),2216.07
12107,20250418,1,Seguro,596.02
12108,20250418,1,Outros,411.62
12109,20250418,2,Combustível,1048.22
12110,20250418,2,Manutenção,549.49
12111,20250418,2,Pedágio,280.05
12112,20250418,2,Motorista (Salário/Diária),474.9
12113,20250418,2,Seguro,147.77
12114,20250418,2,Outros,83.52
12115,20250418,3,Combustível,2091.15
12116,20250418,3,Manutenção,982.1
12117,20250418,3,Pedágio,400.82
12118,20250418,3,Motorista (Salário/Diária),751.63
12119,20250418,3,Seguro,230.75
12120,20250418,3,Outros,109.69
12121,20250418,4,Combustível,7733.81
12122,20250418,4,Manutenção,3532.12
12123,20250418,4,Pedágio,1597.99
12124,20250418,4,Motorista (Salário/Diária),2984.96
12125,20250418,4,Seguro,816.71
12126,20250418,4,Outros,615.43
12127,20250418,5,Combustível,7990.53
12128,20250418,5,Manutenção,3114.58
12129,20250418,5,Pedágio,1809.82
12130,20250418,5,Motorista (Salário/Diária),2798.7
12131,20250418,5,Seguro,768.37
12132,20250418,5,Outros,479.55
12133,20250419,1,Combustível,4998.24
12134,20250419,1,Manutenção,1926.3
12135,20250419,1,Pedágio,1073.16
12136,20250419,1,Motorista (Salário/Diária),1859.17
12137,20250419,1,Seguro,473.35
12138,20250419,1,Outros,285.24
12139,20250419,4,Combustível,3739.54
12140,20250419,4,Manutenção,1594.03
12141,20250419,4,Pedágio,940.14
12142,20250419,4,Motorista (Salário/Diária),1452.21
12143,20250419,4,Seguro,465.92
12144,20250419,4,Outros,262.59
12145,20250419,5,Combustível,4748.3
12146,20250419,5,Manutenção,2017.45
12147,20250419,5,Pedágio,974.04
12148,20250419,5,Motorista (Salário/Diária),1676.66
12149,20250419,5,Seguro,439.64
12150,20250419,5,Outros,336.29
12151,20250420,1,Combustível,7224.07
12152,20250420,1,Manutenção,3520.36
12153,20250420,1,Pedágio,1769.99
12154,20250420,1,Motorista (Salário/Diária),2986.15
12155,20250420,1,Seguro,781.24
12156,20250420,1,Outros,493.75
12157,20250420,3,Combustível,192.38
12158,20250420,3,Manutenção,70.73
12159,20250420,3,Pedágio,40.37
12160,20250420,3,Motorista (Salário/Diária),71.48
12161,20250420,3,Seguro,18.55
12162,20250420,3,Outros,10.68
12163,20250420,4,Combustível,3304.99
12164,20250420,4,Manutenção,1495.64
12165,20250420,4,Pedágio,755.31
12166,20250420,4,Motorista (Salário/Diária),1438.08
12167,20250420,4,Seguro,360.74
12168,20250420,4,Outros,202.58
12169,20250421,1,Combustível,1574.86
12170,20250421,1,Manutenção,797.93
12171,20250421,1,Pedágio,434.19
12172,20250421,1,Motorista (Salário/Diária),679.5
12173,20250421,1,Seguro,206.12
12174,20250421,1,Outros,108.66
12175,20250421,3,Combustível,6218.41
12176,20250421,3,Manutenção,2117.06
12177,20250421,3,Pedágio,1208.56
12178,20250421,3,Motorista (Salário/Diária),1984.57
12179,20250421,3,Seguro,608.35
12180,20250421,3,Outros,424.87
12181,20250421,4,Combustível,157.43
12182,20250421,4,Manutenção,75.2
12183,20250421,4,Pedágio,38.25
12184,20250421,4,Motorista (Salário/Diária),62.39
12185,20250421,4,Seguro,20.11
12186,20250421,4,Outros,11.82
12187,20250421,5,Combustível,5016.82
12188,20250421,5,Manutenção,2075.16
12189,20250421,5,Pedágio,1033.47
12190,20250421,5,Motorista (Salário/Diária),1855.08
12191,20250421,5,Seguro,437.97
12192,20250421,5,Outros,333.15
12193,20250422,1,Combustível,7115.99
12194,20250422,1,Manutenção,2971.38
12195,20250422,1,Pedágio,1420.59
12196,20250422,1,Motorista (Salário/Diária),2417.27
12197,20250422,1,Seguro,858.04
12198,20250422,1,Outros,544.51
12199,20250422,2,Combustível,7612.87
12200,20250422,2,Manutenção,3435.3
12201,20250422,2,Pedágio,1345.91
12202,20250422,2,Motorista (Salário/Diária),2363.63
12203,20250422,2,Seguro,746.24
12204,20250422,2,Outros,534.32
12205,20250422,3,Combustível,1849.96
12206,20250422,3,Manutenção,958.74
12207,20250422,3,Pedágio,498.13
12208,20250422,3,Motorista (Salário/Diária),699.51
12209,20250422,3,Seguro,259.24
12210,20250422,3,Outros,128.87
12211,20250422,4,Combustível,2886.28
12212,20250422,4,Manutenção,1331.62
12213,20250422,4,Pedágio,592.61
12214,20250422,4,Motorista (Salário/Diária),1065.75
12215,20250422,4,Seguro,283.57
12216,20250422,4,Outros,208.67
12217,20250422,5,Combustível,9998.44
12218,20250422,5,Manutenção,4310.69
12219,20250422,5,Pedágio,1890.32
12220,20250422,5,Motorista (Salário/Diária),3229.2
12221,20250422,5,Seguro,1179.07
12222,20250422,5,Outros,586.72
12223,20250423,1,Combustível,726.12
12224,20250423,1,Manutenção,340.34
12225,20250423,1,Pedágio,210.17
12226,20250423,1,Motorista (Salário/Diária),362.71
12227,20250423,1,Seguro,86.17
12228,20250423,1,Outros,50.83
12229,20250423,2,Combustível,4743.54
12230,20250423,2,Manutenção,2672.06
12231,20250423,2,Pedágio,1297.36
12232,20250423,2,Motorista (Salário/Diária),1862.36
12233,20250423,2,Seguro,660.19
12234,20250423,2,Outros,387.23
12235,20250423,3,Combustível,848.06
12236,20250423,3,Manutenção,476.38
12237,20250423,3,Pedágio,233.29
12238,20250423,3,Motorista (Salário/Diária),358.07
12239,20250423,3,Seguro,119.89
12240,20250423,3,Outros,63.18
12241,20250423,4,Combustível,1508.74
12242,20250423,4,Manutenção,803.57
12243,20250423,4,Pedágio,348.47
12244,20250423,4,Motorista (Salário/Diária),550.41
12245,20250423,4,Seguro,167.44
12246,20250423,4,Outros,93.64
12247,20250423,5,Combustível,6191.15
12248,20250423,5,Manutenção,2495.32
12249,20250423,5,Pedágio,1238.67
12250,20250423,5,Motorista (Salário/Diária),2089.54
12251,20250423,5,Seguro,776.53
12252,20250423,5,Outros,391.99
12253,20250424,1,Combustível,5767.68
12254,20250424,1,Manutenção,2698.47
12255,20250424,1,Pedágio,1122.88
12256,20250424,1,Motorista (Salário/Diária),1943.06
12257,20250424,1,Seguro,705.54
12258,20250424,1,Outros,319.97
12259,20250424,2,Combustível,8080.82
12260,20250424,2,Manutenção,3192.93
12261,20250424,2,Pedágio,1453.89
12262,20250424,2,Motorista (Salário/Diária),3123.09
12263,20250424,2,Seguro,874.39
12264,20250424,2,Outros,518.58
12265,20250424,3,Combustível,4583.48
12266,20250424,3,Manutenção,1631.99
12267,20250424,3,Pedágio,987.44
12268,20250424,3,Motorista (Salário/Diária),1334.31
12269,20250424,3,Seguro,492.0
12270,20250424,3,Outros,301.95
12271,20250424,4,Combustível,3792.1
12272,20250424,4,Manutenção,1290.49
12273,20250424,4,Pedágio,863.96
12274,20250424,4,Motorista (Salário/Diária),1406.59
12275,20250424,4,Seguro,385.86
12276,20250424,4,Outros,198.86
12277,20250424,5,Combustível,11138.12
12278,20250424,5,Manutenção,5895.76
12279,20250424,5,Pedágio,3045.17
12280,20250424,5,Motorista (Salário/Diária),4440.29
12281,20250424,5,Seguro,1435.93
12282,20250424,5,Outros,902.78
12283,20250425,1,Combustível,4142.82
12284,20250425,1,Manutenção,1773.81
12285,20250425,1,Pedágio,931.76
12286,20250425,1,Motorista (Salário/Diária),1504.64
12287,20250425,1,Seguro,485.09
12288,20250425,1,Outros,274.6
12289,20250425,2,Combustível,1490.05
12290,20250425,2,Manutenção,652.68
12291,20250425,2,Pedágio,367.82
12292,20250425,2,Motorista (Salário/Diária),675.54
12293,20250425,2,Seguro,200.2
12294,20250425,2,Outros,128.59
12295,20250425,3,Combustível,7499.46
12296,20250425,3,Manutenção,4159.98
12297,20250425,3,Pedágio,1809.08
12298,20250425,3,Motorista (Salário/Diária),3004.18
12299,20250425,3,Seguro,1070.97
12300,20250425,3,Outros,625.05
12301,20250425,4,Combustível,10128.56
12302,20250425,4,Manutenção,3829.22
12303,20250425,4,Pedágio,2296.77
12304,20250425,4,Motorista (Salário/Diária),3526.08
12305,20250425,4,Seguro,911.33
12306,20250425,4,Outros,683.83
12307,20250425,5,Combustível,8139.22
12308,20250425,5,Manutenção,4094.97
12309,20250425,5,Pedágio,2296.1
12310,20250425,5,Motorista (Salário/Diária),3446.71
12311,20250425,5,Seguro,864.49
12312,20250425,5,Outros,533.39
12313,20250426,1,Combustível,5203.14
12314,20250426,1,Manutenção,2092.62
12315,20250426,1,Pedágio,1020.35
12316,20250426,1,Motorista (Salário/Diária),1735.67
12317,20250426,1,Seguro,538.87
12318,20250426,1,Outros,297.87
12319,20250426,3,Combustível,3006.7
12320,20250426,3,Manutenção,1568.74
12321,20250426,3,Pedágio,634.6
12322,20250426,3,Motorista (Salário/Diária),1303.18
12323,20250426,3,Seguro,338.5
12324,20250426,3,Outros,223.98
12325,20250426,4,Combustível,2136.56
12326,20250426,4,Manutenção,900.67
12327,20250426,4,Pedágio,511.41
12328,20250426,4,Motorista (Salário/Diária),947.54
12329,20250426,4,Seguro,233.12
12330,20250426,4,Outros,147.77
12331,20250426,5,Combustível,2353.74
12332,20250426,5,Manutenção,1103.39
12333,20250426,5,Pedágio,532.97
12334,20250426,5,Motorista (Salário/Diária),1042.0
12335,20250426,5,Seguro,245.05
12336,20250426,5,Outros,152.63
12337,20250427,1,Combustível,159.1
12338,20250427,1,Manutenção,63.31
12339,20250427,1,Pedágio,33.16
12340,20250427,1,Motorista (Salário/Diária),53.4
12341,20250427,1,Seguro,17.99
12342,20250427,1,Outros,10.36
12343,20250427,3,Combustível,428.73
12344,20250427,3,Manutenção,231.64
12345,20250427,3,Pedágio,97.32
12346,20250427,3,Motorista (Salário/Diária),156.56
12347,20250427,3,Seguro,56.04
12348,20250427,3,Outros,36.28
12349,20250427,4,Combustível,378.77
12350,20250427,4,Manutenção,173.87
12351,20250427,4,Pedágio,100.17
12352,20250427,4,Motorista (Salário/Diária),179.07
12353,20250427,4,Seguro,53.44
12354,20250427,4,Outros,24.93
12355,20250428,1,Combustível,10722.74
12356,20250428,1,Manutenção,3879.8
12357,20250428,1,Pedágio,2305.71
12358,20250428,1,Motorista (Salário/Diária),4217.66
12359,20250428,1,Seguro,951.37
12360,20250428,1,Outros,659.24
12361,20250428,2,Combustível,4948.99
12362,20250428,2,Manutenção,2017.83
12363,20250428,2,Pedágio,1294.38
12364,20250428,2,Motorista (Salário/Diária),1983.76
12365,20250428,2,Seguro,640.32
12366,20250428,2,Outros,365.81
12367,20250428,3,Combustível,6999.21
12368,20250428,3,Manutenção,3072.01
12369,20250428,3,Pedágio,1644.31
12370,20250428,3,Motorista (Salário/Diária),2695.86
12371,20250428,3,Seguro,759.53
12372,20250428,3,Outros,551.04
12373,20250428,4,Combustível,3983.89
12374,20250428,4,Manutenção,1631.06
12375,20250428,4,Pedágio,732.43
12376,20250428,4,Motorista (Salário/Diária),1360.57
12377,20250428,4,Seguro,476.6
12378,20250428,4,Outros,265.59
12379,20250428,5,Combustível,13617.31
12380,20250428,5,Manutenção,6277.93
12381,20250428,5,Pedágio,2485.97
12382,20250428,5,Motorista (Salário/Diária),5284.92
12383,20250428,5,Seguro,1360.2
12384,20250428,5,Outros,780.3
12385,20250429,1,Combustível,9324.29
12386,20250429,1,Manutenção,3906.84
12387,20250429,1,Pedágio,2080.58
12388,20250429,1,Motorista (Salário/Diária),3402.84
12389,20250429,1,Seguro,1130.74
12390,20250429,1,Outros,526.3
12391,20250429,2,Combustível,6092.93
12392,20250429,2,Manutenção,3266.99
12393,20250429,2,Pedágio,1702.21
12394,20250429,2,Motorista (Salário/Diária),2456.56
12395,20250429,2,Seguro,786.37
12396,20250429,2,Outros,449.73
12397,20250429,3,Combustível,3862.27
12398,20250429,3,Manutenção,1409.9
12399,20250429,3,Pedágio,843.86
12400,20250429,3,Motorista (Salário/Diária),1251.64
12401,20250429,3,Seguro,359.79
12402,20250429,3,Outros,234.62
12403,20250429,4,Combustível,7001.21
12404,20250429,4,Manutenção,3525.22
12405,20250429,4,Pedágio,1687.32
12406,20250429,4,Motorista (Salário/Diária),2803.19
12407,20250429,4,Seguro,854.29
12408,20250429,4,Outros,454.29
12409,20250429,5,Combustível,10393.44
12410,20250429,5,Manutenção,4986.55
12411,20250429,5,Pedágio,2105.84
12412,20250429,5,Motorista (Salário/Diária),4119.54
12413,20250429,5,Seguro,1288.04
12414,20250429,5,Outros,609.03
12415,20250430,1,Combustível,2151.7
12416,20250430,1,Manutenção,956.93
12417,20250430,1,Pedágio,481.13
12418,20250430,1,Motorista (Salário/Diária),802.52
12419,20250430,1,Seguro,302.28
12420,20250430,1,Outros,183.57
12421,20250430,2,Combustível,490.94
12422,20250430,2,Manutenção,217.48
12423,20250430,2,Pedágio,129.82
12424,20250430,2,Motorista (Salário/Diária),199.92
12425,20250430,2,Seguro,60.78
12426,20250430,2,Outros,37.97
12427,20250430,3,Combustível,675.87
12428,20250430,3,Manutenção,276.42
12429,20250430,3,Pedágio,142.35
12430,20250430,3,Motorista (Salário/Diária),290.07
12431,20250430,3,Seguro,79.02
12432,20250430,3,Outros,40.81
12433,20250430,4,Combustível,2363.04
12434,20250430,4,Manutenção,951.71
12435,20250430,4,Pedágio,464.36
12436,20250430,4,Motorista (Salário/Diária),900.37
12437,20250430,4,Seguro,242.36
12438,20250430,4,Outros,136.5
12439,20250430,5,Combustível,7765.29
12440,20250430,5,Manutenção,3457.14
12441,20250430,5,Pedágio,1836.98
12442,20250430,5,Motorista (Salário/Diária),3747.46
12443,20250430,5,Seguro,1094.48
12444,20250430,5,Outros,641.24
12445,20250501,1,Combustível,8985.38
12446,20250501,1,Manutenção,4378.18
12447,20250501,1,Pedágio,2542.54
12448,20250501,1,Motorista (Salário/Diária),3766.05
12449,20250501,1,Seguro,1254.93
12450,20250501,1,Outros,769.18
12451,20250501,2,Combustível,4030.05
12452,20250501,2,Manutenção,2117.0
12453,20250501,2,Pedágio,798.25
12454,20250501,2,Motorista (Salário/Diária),1458.51
12455,20250501,2,Seguro,438.91
12456,20250501,2,Outros,280.88
12457,20250501,3,Combustível,2828.06
12458,20250501,3,Manutenção,1178.45
12459,20250501,3,Pedágio,611.99
12460,20250501,3,Motorista (Salário/Diária),1080.09
12461,20250501,3,Seguro,318.98
12462,20250501,3,Outros,163.19
12463,20250501,4,Combustível,1810.67
12464,20250501,4,Manutenção,946.75
12465,20250501,4,Pedágio,452.05
12466,20250501,4,Motorista (Salário/Diária),771.39
12467,20250501,4,Seguro,211.95
12468,20250501,4,Outros,118.82
12469,20250501,5,Combustível,7399.46
12470,20250501,5,Manutenção,3344.79
12471,20250501,5,Pedágio,1884.56
12472,20250501,5,Motorista (Salário/Diária),2620.06
12473,20250501,5,Seguro,724.66
12474,20250501,5,Outros,480.7
12475,20250502,1,Combustível,6134.67
12476,20250502,1,Manutenção,2662.65
12477,20250502,1,Pedágio,1549.49
12478,20250502,1,Motorista (Salário/Diária),2283.51
12479,20250502,1,Seguro,779.67
12480,20250502,1,Outros,464.89
12481,20250502,2,Combustível,6520.45
12482,20250502,2,Manutenção,3540.21
12483,20250502,2,Pedágio,1410.36
12484,20250502,2,Motorista (Salário/Diária),2704.44
12485,20250502,2,Seguro,813.0
12486,20250502,2,Outros,440.61
12487,20250502,3,Combustível,4703.51
12488,20250502,3,Manutenção,2306.68
12489,20250502,3,Pedágio,1210.42
12490,20250502,3,Motorista (Salário/Diária),1795.57
12491,20250502,3,Seguro,582.5
12492,20250502,3,Outros,344.96
12493,20250502,4,Combustível,9786.91
12494,20250502,4,Manutenção,4224.75
12495,20250502,4,Pedágio,2561.56
12496,20250502,4,Motorista (Salário/Diária),3853.71
12497,20250502,4,Seguro,1070.58
12498,20250502,4,Outros,724.46
12499,20250502,5,Combustível,1488.25
12500,20250502,5,Manutenção,510.67
12501,20250502,5,Pedágio,275.22
12502,20250502,5,Motorista (Salário/Diária),522.38
12503,20250502,5,Seguro,141.47
12504,20250502,5,Outros,100.99
12505,20250503,1,Combustível,2644.06
12506,20250503,1,Manutenção,1133.42
12507,20250503,1,Pedágio,612.58
12508,20250503,1,Motorista (Salário/Diária),924.62
12509,20250503,1,Seguro,316.52
12510,20250503,1,Outros,156.93
12511,20250503,4,Combustível,2495.83
12512,20250503,4,Manutenção,1362.84
12513,20250503,4,Pedágio,638.03
12514,20250503,4,Motorista (Salário/Diária),888.75
12515,20250503,4,Seguro,261.84
12516,20250503,4,Outros,163.68
12517,20250504,1,Combustível,2987.14
12518,20250504,1,Manutenção,1315.53
12519,20250504,1,Pedágio,818.93
12520,20250504,1,Motorista (Salário/Diária),1367.1
12521,20250504,1,Seguro,344.75
12522,20250504,1,Outros,247.23
12523,20250504,3,Combustível,1267.67
12524,20250504,3,Manutenção,494.55
12525,20250504,3,Pedágio,291.85
12526,20250504,3,Motorista (Salário/Diária),407.73
12527,20250504,3,Seguro,142.62
12528,20250504,3,Outros,96.11
12529,20250504,4,Combustível,1701.97
12530,20250504,4,Manutenção,684.86
12531,20250504,4,Pedágio,337.7
12532,20250504,4,Motorista (Salário/Diária),675.08
12533,20250504,4,Seguro,180.19
12534,20250504,4,Outros,101.42
12535,20250504,5,Combustível,585.18
12536,20250504,5,Manutenção,231.74
12537,20250504,5,Pedágio,106.84
12538,20250504,5,Motorista (Salário/Diária),196.9
12539,20250504,5,Seguro,62.54
12540,20250504,5,Outros,33.31
12541,20250505,1,Combustível,17386.58
12542,20250505,1,Manutenção,5796.39
12543,20250505,1,Pedágio,2969.83
12544,20250505,1,Motorista (Salário/Diária),6376.42
12545,20250505,1,Seguro,1779.33
12546,20250505,1,Outros,1101.98
12547,20250505,2,Combustível,388.84
12548,20250505,2,Manutenção,189.11
12549,20250505,2,Pedágio,86.51
12550,20250505,2,Motorista (Salário/Diária),149.37
12551,20250505,2,Seguro,41.45
12552,20250505,2,Outros,23.47
12553,20250505,3,Combustível,3552.97
12554,20250505,3,Manutenção,1405.49
12555,20250505,3,Pedágio,831.38
12556,20250505,3,Motorista (Salário/Diária),1219.42
12557,20250505,3,Seguro,429.92
12558,20250505,3,Outros,210.21
12559,20250505,4,Combustível,13015.32
12560,20250505,4,Manutenção,5330.85
12561,20250505,4,Pedágio,2768.89
12562,20250505,4,Motorista (Salário/Diária),4794.47
12563,20250505,4,Seguro,1569.25
12564,20250505,4,Outros,789.45
12565,20250505,5,Combustível,9062.41
12566,20250505,5,Manutenção,3877.67
12567,20250505,5,Pedágio,1974.38
12568,20250505,5,Motorista (Salário/Diária),3492.21
12569,20250505,5,Seguro,873.06
12570,20250505,5,Outros,645.92
12571,20250506,1,Combustível,7103.81
12572,20250506,1,Manutenção,2700.3
12573,20250506,1,Pedágio,1352.94
12574,20250506,1,Motorista (Salário/Diária),2138.69
12575,20250506,1,Seguro,776.86
12576,20250506,1,Outros,419.4
12577,20250506,2,Combustível,4384.57
12578,20250506,2,Manutenção,1689.07
12579,20250506,2,Pedágio,934.57
12580,20250506,2,Motorista (Salário/Diária),1709.88
12581,20250506,2,Seguro,396.16
12582,20250506,2,Outros,279.38
12583,20250506,3,Combustível,4977.72
12584,20250506,3,Manutenção,2118.44
12585,20250506,3,Pedágio,1353.07
12586,20250506,3,Motorista (Salário/Diária),1875.03
12587,20250506,3,Seguro,571.89
12588,20250506,3,Outros,404.42
12589,20250506,4,Combustível,7383.47
12590,20250506,4,Manutenção,3921.83
12591,20250506,4,Pedágio,1715.75
12592,20250506,4,Motorista (Salário/Diária),2690.23
12593,20250506,4,Seguro,1016.56
12594,20250506,4,Outros,548.5
12595,20250506,5,Combustível,4777.18
12596,20250506,5,Manutenção,2566.5
12597,20250506,5,Pedágio,1300.89
12598,20250506,5,Motorista (Salário/Diária),2042.13
12599,20250506,5,Seguro,636.43
12600,20250506,5,Outros,300.55
12601,20250507,1,Combustível,5547.14
12602,20250507,1,Manutenção,2610.05
12603,20250507,1,Pedágio,1511.71
12604,20250507,1,Motorista (Salário/Diária),2229.78
12605,20250507,1,Seguro,749.13
12606,20250507,1,Outros,355.99
12607,20250507,2,Combustível,6328.18
12608,20250507,2,Manutenção,2528.11
12609,20250507,2,Pedágio,1248.69
12610,20250507,2,Motorista (Salário/Diária),2452.7
12611,20250507,2,Seguro,593.98
12612,20250507,2,Outros,435.4
12613,20250507,3,Combustível,1584.22
12614,20250507,3,Manutenção,726.19
12615,20250507,3,Pedágio,376.01
12616,20250507,3,Motorista (Salário/Diária),491.09
12617,20250507,3,Seguro,166.69
12618,20250507,3,Outros,101.36
12619,20250507,4,Combustível,2824.45
12620,20250507,4,Manutenção,1203.76
12621,20250507,4,Pedágio,779.23
12622,20250507,4,Motorista (Salário/Diária),1167.5
12623,20250507,4,Seguro,335.72
12624,20250507,4,Outros,194.9
12625,20250507,5,Combustível,8158.81
12626,20250507,5,Manutenção,4248.01
12627,20250507,5,Pedágio,1828.41
12628,20250507,5,Motorista (Salário/Diária),3598.77
12629,20250507,5,Seguro,987.4
12630,20250507,5,Outros,599.93
12631,20250508,1,Combustível,6480.47
12632,20250508,1,Manutenção,3277.81
12633,20250508,1,Pedágio,1642.78
12634,20250508,1,Motorista (Salário/Diária),2999.22
12635,20250508,1,Seguro,896.35
12636,20250508,1,Outros,504.43
12637,20250508,3,Combustível,1457.83
12638,20250508,3,Manutenção,664.55
12639,20250508,3,Pedágio,283.09
12640,20250508,3,Motorista (Salário/Diária),578.3
12641,20250508,3,Seguro,178.84
12642,20250508,3,Outros,99.73
12643,20250508,4,Combustível,3842.08
12644,20250508,4,Manutenção,1500.41
12645,20250508,4,Pedágio,872.69
12646,20250508,4,Motorista (Salário/Diária),1443.61
12647,20250508,4,Seguro,361.19
12648,20250508,4,Outros,216.8
12649,20250508,5,Combustível,4781.43
12650,20250508,5,Manutenção,1872.44
12651,20250508,5,Pedágio,963.49
12652,20250508,5,Motorista (Salário/Diária),1621.49
12653,20250508,5,Seguro,422.02
12654,20250508,5,Outros,323.64
12655,20250509,1,Combustível,7165.65
12656,20250509,1,Manutenção,2498.31
12657,20250509,1,Pedágio,1404.91
12658,20250509,1,Motorista (Salário/Diária),2692.17
12659,20250509,1,Seguro,735.33
12660,20250509,1,Outros,368.44
12661,20250509,2,Combustível,2544.05
12662,20250509,2,Manutenção,1121.9
12663,20250509,2,Pedágio,494.91
12664,20250509,2,Motorista (Salário/Diária),896.92
12665,20250509,2,Seguro,257.35
12666,20250509,2,Outros,138.07
12667,20250509,3,Combustível,7329.54
12668,20250509,3,Manutenção,3115.87
12669,20250509,3,Pedágio,1646.61
12670,20250509,3,Motorista (Salário/Diária),2710.78
12671,20250509,3,Seguro,807.08
12672,20250509,3,Outros,509.31
12673,20250509,4,Combustível,6126.72
12674,20250509,4,Manutenção,2928.35
12675,20250509,4,Pedágio,1195.36
12676,20250509,4,Motorista (Salário/Diária),2054.92
12677,20250509,4,Seguro,591.27
12678,20250509,4,Outros,377.95
12679,20250509,5,Combustível,10428.82
12680,20250509,5,Manutenção,5046.52
12681,20250509,5,Pedágio,2546.18
12682,20250509,5,Motorista (Salário/Diária),3965.77
12683,20250509,5,Seguro,1152.62
12684,20250509,5,Outros,822.12
12685,20250510,1,Combustível,3698.24
12686,20250510,1,Manutenção,2110.43
12687,20250510,1,Pedágio,936.52
12688,20250510,1,Motorista (Salário/Diária),1733.97
12689,20250510,1,Seguro,431.82
12690,20250510,1,Outros,260.79
12691,20250510,3,Combustível,727.58
12692,20250510,3,Manutenção,296.48
12693,20250510,3,Pedágio,154.89
12694,20250510,3,Motorista (Salário/Diária),274.89
12695,20250510,3,Seguro,63.46
12696,20250510,3,Outros,41.0
12697,20250510,4,Combustível,1785.01
12698,20250510,4,Manutenção,694.61
12699,20250510,4,Pedágio,404.9
12700,20250510,4,Motorista (Salário/Diária),682.6
12701,20250510,4,Seguro,188.21
12702,20250510,4,Outros,126.83
12703,20250510,5,Combustível,1983.24
12704,20250510,5,Manutenção,795.83
12705,20250510,5,Pedágio,387.38
12706,20250510,5,Motorista (Salário/Diária),665.07
12707,20250510,5,Seguro,188.08
12708,20250510,5,Outros,131.03
12709,20250511,1,Combustível,546.39
12710,20250511,1,Manutenção,244.9
12711,20250511,1,Pedágio,131.59
12712,20250511,1,Motorista (Salário/Diária),202.07
12713,20250511,1,Seguro,64.94
12714,20250511,1,Outros,38.63
12715,20250511,5,Combustível,2038.01
12716,20250511,5,Manutenção,974.46
12717,20250511,5,Pedágio,409.17
12718,20250511,5,Motorista (Salário/Diária),737.76
12719,20250511,5,Seguro,205.29
12720,20250511,5,Outros,149.02
12721,20250512,1,Combustível,5581.54
12722,20250512,1,Manutenção,2335.41
12723,20250512,1,Pedágio,1362.67
12724,20250512,1,Motorista (Salário/Diária),2178.93
12725,20250512,1,Seguro,673.09
12726,20250512,1,Outros,406.48
12727,20250512,2,Combustível,3286.36
12728,20250512,2,Manutenção,1274.76
12729,20250512,2,Pedágio,752.96
12730,20250512,2,Motorista (Salário/Diária),1207.92
12731,20250512,2,Seguro,318.11
12732,20250512,2,Outros,196.57
12733,20250512,3,Combustível,3186.72
12734,20250512,3,Manutenção,1511.66
12735,20250512,3,Pedágio,605.52
12736,20250512,3,Motorista (Salário/Diária),1214.97
12737,20250512,3,Seguro,316.42
12738,20250512,3,Outros,228.39
12739,20250512,4,Combustível,12205.12
12740,20250512,4,Manutenção,5047.76
12741,20250512,4,Pedágio,2605.54
12742,20250512,4,Motorista (Salário/Diária),4501.73
12743,20250512,4,Seguro,1414.66
12744,20250512,4,Outros,800.42
12745,20250512,5,Combustível,7345.22
12746,20250512,5,Manutenção,3861.66
12747,20250512,5,Pedágio,1483.12
12748,20250512,5,Motorista (Salário/Diária),3024.14
12749,20250512,5,Seguro,751.51
12750,20250512,5,Outros,530.41
12751,20250513,1,Combustível,3676.95
12752,20250513,1,Manutenção,1384.93
12753,20250513,1,Pedágio,669.16
12754,20250513,1,Motorista (Salário/Diária),1238.93
12755,20250513,1,Seguro,425.82
12756,20250513,1,Outros,198.08
12757,20250513,2,Combustível,6358.68
12758,20250513,2,Manutenção,2546.8
12759,20250513,2,Pedágio,1201.04
12760,20250513,2,Motorista (Salário/Diária),2053.13
12761,20250513,2,Seguro,610.24
12762,20250513,2,Outros,443.18
12763,20250513,3,Combustível,1267.51
12764,20250513,3,Manutenção,591.53
12765,20250513,3,Pedágio,293.89
12766,20250513,3,Motorista (Salário/Diária),469.89
12767,20250513,3,Seguro,149.02
12768,20250513,3,Outros,85.47
12769,20250513,4,Combustível,6260.75
12770,20250513,4,Manutenção,2785.0
12771,20250513,4,Pedágio,1480.26
12772,20250513,4,Motorista (Salário/Diária),2345.7
12773,20250513,4,Seguro,590.08
12774,20250513,4,Outros,404.2
12775,20250513,5,Combustível,5555.77
12776,20250513,5,Manutenção,2330.42
12777,20250513,5,Pedágio,1398.64
12778,20250513,5,Motorista (Salário/Diária),1869.06
12779,20250513,5,Seguro,670.83
12780,20250513,5,Outros,412.62
12781,20250514,1,Combustível,3518.18
12782,20250514,1,Manutenção,1459.45
12783,20250514,1,Pedágio,652.94
12784,20250514,1,Motorista (Salário/Diária),1275.4
12785,20250514,1,Seguro,384.97
12786,20250514,1,Outros,209.64
12787,20250514,2,Combustível,1115.28
12788,20250514,2,Manutenção,585.77
12789,20250514,2,Pedágio,230.92
12790,20250514,2,Motorista (Salário/Diária),405.21
12791,20250514,2,Seguro,135.0
12792,20250514,2,Outros,73.53
12793,20250514,3,Combustível,4369.48
12794,20250514,3,Manutenção,1663.72
12795,20250514,3,Pedágio,924.7
12796,20250514,3,Motorista (Salário/Diária),1454.36
12797,20250514,3,Seguro,454.87
12798,20250514,3,Outros,314.3
12799,20250514,4,Combustível,3945.59
12800,20250514,4,Manutenção,1736.53
12801,20250514,4,Pedágio,1015.41
12802,20250514,4,Motorista (Salário/Diária),1336.99
12803,20250514,4,Seguro,410.74
12804,20250514,4,Outros,231.79
12805,20250514,5,Combustível,2314.96
12806,20250514,5,Manutenção,1204.37
12807,20250514,5,Pedágio,637.03
12808,20250514,5,Motorista (Salário/Diária),1046.03
12809,20250514,5,Seguro,285.89
12810,20250514,5,Outros,191.6
12811,20250515,1,Combustível,7093.17
12812,20250515,1,Manutenção,3526.32
12813,20250515,1,Pedágio,1519.76
12814,20250515,1,Motorista (Salário/Diária),2460.86
12815,20250515,1,Seguro,772.59
12816,20250515,1,Outros,485.76
12817,20250515,2,Combustível,2532.02
12818,20250515,2,Manutenção,1176.94
12819,20250515,2,Pedágio,497.18
12820,20250515,2,Motorista (Salário/Diária),1033.58
12821,20250515,2,Seguro,245.05
12822,20250515,2,Outros,161.58
12823,20250515,3,Combustível,6195.35
12824,20250515,3,Manutenção,3240.74
12825,20250515,3,Pedágio,1594.25
12826,20250515,3,Motorista (Salário/Diária),2862.63
12827,20250515,3,Seguro,870.96
12828,20250515,3,Outros,462.71
12829,20250515,4,Combustível,2420.71
12830,20250515,4,Manutenção,1005.81
12831,20250515,4,Pedágio,543.33
12832,20250515,4,Motorista (Salário/Diária),749.97
12833,20250515,4,Seguro,228.18
12834,20250515,4,Outros,155.55
12835,20250515,5,Combustível,8683.14
12836,20250515,5,Manutenção,2975.53
12837,20250515,5,Pedágio,1650.04
12838,20250515,5,Motorista (Salário/Diária),2661.15
12839,20250515,5,Seguro,880.99
12840,20250515,5,Outros,472.71
12841,20250516,1,Combustível,4780.47
12842,20250516,1,Manutenção,2088.72
12843,20250516,1,Pedágio,956.53
12844,20250516,1,Motorista (Salário/Diária),1940.91
12845,20250516,1,Seguro,506.74
12846,20250516,1,Outros,276.83
12847,20250516,2,Combustível,2532.15
12848,20250516,2,Manutenção,1119.55
12849,20250516,2,Pedágio,624.66
12850,20250516,2,Motorista (Salário/Diária),994.78
12851,20250516,2,Seguro,289.48
12852,20250516,2,Outros,142.62
12853,20250516,3,Combustível,1844.78
12854,20250516,3,Manutenção,877.51
12855,20250516,3,Pedágio,378.91
12856,20250516,3,Motorista (Salário/Diária),688.44
12857,20250516,3,Seguro,191.77
12858,20250516,3,Outros,137.84
12859,20250516,4,Combustível,4809.52
12860,20250516,4,Manutenção,2192.3
12861,20250516,4,Pedágio,1025.49
12862,20250516,4,Motorista (Salário/Diária),1568.51
12863,20250516,4,Seguro,422.31
12864,20250516,4,Outros,268.18
12865,20250516,5,Combustível,3211.89
12866,20250516,5,Manutenção,1767.41
12867,20250516,5,Pedágio,894.32
12868,20250516,5,Motorista (Salário/Diária),1482.97
12869,20250516,5,Seguro,430.06
12870,20250516,5,Outros,224.02
12871,20250517,2,Combustível,3350.17
12872,20250517,2,Manutenção,1500.15
12873,20250517,2,Pedágio,657.91
12874,20250517,2,Motorista (Salário/Diária),1148.04
12875,20250517,2,Seguro,375.9
12876,20250517,2,Outros,173.88
12877,20250517,5,Combustível,2511.72
12878,20250517,5,Manutenção,957.85
12879,20250517,5,Pedágio,451.46
12880,20250517,5,Motorista (Salário/Diária),939.84
12881,20250517,5,Seguro,277.03
12882,20250517,5,Outros,167.44
12883,20250518,1,Combustível,3895.47
12884,20250518,1,Manutenção,1548.0
12885,20250518,1,Pedágio,862.8
12886,20250518,1,Motorista (Salário/Diária),1526.23
12887,20250518,1,Seguro,440.09
12888,20250518,1,Outros,239.38
12889,20250518,2,Combustível,3968.44
12890,20250518,2,Manutenção,1393.84
12891,20250518,2,Pedágio,794.78
12892,20250518,2,Motorista (Salário/Diária),1313.15
12893,20250518,2,Seguro,442.74
12894,20250518,2,Outros,245.93
12895,20250518,4,Combustível,2933.15
12896,20250518,4,Manutenção,1408.77
12897,20250518,4,Pedágio,617.7
12898,20250518,4,Motorista (Salário/Diária),980.96
12899,20250518,4,Seguro,296.15
12900,20250518,4,Outros,203.09
12901,20250518,5,Combustível,216.4
12902,20250518,5,Manutenção,100.21
12903,20250518,5,Pedágio,41.51
12904,20250518,5,Motorista (Salário/Diária),69.31
12905,20250518,5,Seguro,20.9
12906,20250518,5,Outros,12.99
12907,20250519,1,Combustível,2897.02
12908,20250519,1,Manutenção,1558.31
12909,20250519,1,Pedágio,601.46
12910,20250519,1,Motorista (Salário/Diária),1278.96
12911,20250519,1,Seguro,317.48
12912,20250519,1,Outros,200.22
12913,20250519,2,Combustível,1017.63
12914,20250519,2,Manutenção,495.14
12915,20250519,2,Pedágio,276.97
12916,20250519,2,Motorista (Salário/Diária),474.16
12917,20250519,2,Seguro,130.87
12918,20250519,2,Outros,67.51
12919,20250519,3,Combustível,4405.44
12920,20250519,3,Manutenção,1768.59
12921,20250519,3,Pedágio,1103.87
12922,20250519,3,Motorista (Salário/Diária),1894.32
12923,20250519,3,Seguro,496.96
12924,20250519,3,Outros,266.71
12925,20250519,4,Combustível,1092.13
12926,20250519,4,Manutenção,498.33
12927,20250519,4,Pedágio,247.59
12928,20250519,4,Motorista (Salário/Diária),404.77
12929,20250519,4,Seguro,114.91
12930,20250519,4,Outros,75.51
12931,20250519,5,Combustível,8293.46
12932,20250519,5,Manutenção,3906.32
12933,20250519,5,Pedágio,1788.3
12934,20250519,5,Motorista (Salário/Diária),3776.7
12935,20250519,5,Seguro,1110.85
12936,20250519,5,Outros,652.19
12937,20250520,1,Combustível,16622.82
12938,20250520,1,Manutenção,7179.19
12939,20250520,1,Pedágio,2985.27
12940,20250520,1,Motorista (Salário/Diária),4674.64
12941,20250520,1,Seguro,1751.96
12942,20250520,1,Outros,1060.31
12943,20250520,2,Combustível,5018.4
12944,20250520,2,Manutenção,2169.63
12945,20250520,2,Pedágio,868.12
12946,20250520,2,Motorista (Salário/Diária),1971.34
12947,20250520,2,Seguro,536.33
12948,20250520,2,Outros,326.77
12949,20250520,3,Combustível,3199.3
12950,20250520,3,Manutenção,1412.87
12951,20250520,3,Pedágio,898.04
12952,20250520,3,Motorista (Salário/Diária),1164.11
12953,20250520,3,Seguro,413.51
12954,20250520,3,Outros,223.88
12955,20250520,4,Combustível,1907.41
12956,20250520,4,Manutenção,740.06
12957,20250520,4,Pedágio,398.5
12958,20250520,4,Motorista (Salário/Diária),722.47
12959,20250520,4,Seguro,184.38
12960,20250520,4,Outros,142.38
12961,20250520,5,Combustível,7417.37
12962,20250520,5,Manutenção,3522.92
12963,20250520,5,Pedágio,2001.23
12964,20250520,5,Motorista (Salário/Diária),2880.65
12965,20250520,5,Seguro,856.46
12966,20250520,5,Outros,553.53
12967,20250521,1,Combustível,2229.91
12968,20250521,1,Manutenção,1276.17
12969,20250521,1,Pedágio,616.9
12970,20250521,1,Motorista (Salário/Diária),1034.65
12971,20250521,1,Seguro,325.26
12972,20250521,1,Outros,149.17
12973,20250521,2,Combustível,2450.85
12974,20250521,2,Manutenção,1316.24
12975,20250521,2,Pedágio,721.24
12976,20250521,2,Motorista (Salário/Diária),1160.83
12977,20250521,2,Seguro,357.43
12978,20250521,2,Outros,184.45
12979,20250521,3,Combustível,3541.7
12980,20250521,3,Manutenção,1657.83
12981,20250521,3,Pedágio,827.15
12982,20250521,3,Motorista (Salário/Diária),1459.58
12983,20250521,3,Seguro,496.31
12984,20250521,3,Outros,278.92
12985,20250521,4,Combustível,2912.12
12986,20250521,4,Manutenção,1283.04
12987,20250521,4,Pedágio,620.98
12988,20250521,4,Motorista (Salário/Diária),1269.5
12989,20250521,4,Seguro,364.06
12990,20250521,4,Outros,226.77
12991,20250521,5,Combustível,2538.51
12992,20250521,5,Manutenção,1174.72
12993,20250521,5,Pedágio,490.45
12994,20250521,5,Motorista (Salário/Diária),1009.7
12995,20250521,5,Seguro,264.05
12996,20250521,5,Outros,181.58
12997,20250522,1,Combustível,6285.65
12998,20250522,1,Manutenção,3051.51
12999,20250522,1,Pedágio,1571.44
13000,20250522,1,Motorista (Salário/Diária),2138.01
13001,20250522,1,Seguro,733.74
13002,20250522,1,Outros,459.63
13003,20250522,2,Combustível,866.39
13004,20250522,2,Manutenção,440.84
13005,20250522,2,Pedágio,177.49
13006,20250522,2,Motorista (Salário/Diária),352.79
13007,20250522,2,Seguro,110.69
13008,20250522,2,Outros,58.14
13009,20250522,3,Combustível,957.27
13010,20250522,3,Manutenção,473.85
13011,20250522,3,Pedágio,247.96
13012,20250522,3,Motorista (Salário/Diária),418.42
13013,20250522,3,Seguro,130.16
13014,20250522,3,Outros,64.55
13015,20250522,4,Combustível,3981.3
13016,20250522,4,Manutenção,1418.68
13017,20250522,4,Pedágio,917.83
13018,20250522,4,Motorista (Salário/Diária),1258.24
13019,20250522,4,Seguro,467.61
13020,20250522,4,Outros,270.78
13021,20250522,5,Combustível,6632.38
13022,20250522,5,Manutenção,3673.87
13023,20250522,5,Pedágio,1936.83
13024,20250522,5,Motorista (Salário/Diária),3152.38
13025,20250522,5,Seguro,897.55
13026,20250522,5,Outros,545.07
13027,20250523,1,Combustível,4039.87
13028,20250523,1,Manutenção,1747.69
13029,20250523,1,Pedágio,791.56
13030,20250523,1,Motorista (Salário/Diária),1383.45
13031,20250523,1,Seguro,488.5
13032,20250523,1,Outros,307.16
13033,20250523,2,Combustível,923.5
13034,20250523,2,Manutenção,458.64
13035,20250523,2,Pedágio,256.76
13036,20250523,2,Motorista (Salário/Diária),347.0
13037,20250523,2,Seguro,108.12
13038,20250523,2,Outros,71.98
13039,20250523,3,Combustível,6286.6
13040,20250523,3,Manutenção,2795.78
13041,20250523,3,Pedágio,1368.85
13042,20250523,3,Motorista (Salário/Diária),2200.34
13043,20250523,3,Seguro,806.5
13044,20250523,3,Outros,433.96
13045,20250523,4,Combustível,943.81
13046,20250523,4,Manutenção,336.33
13047,20250523,4,Pedágio,210.92
13048,20250523,4,Motorista (Salário/Diária),291.15
13049,20250523,4,Seguro,95.29
13050,20250523,4,Outros,49.71
13051,20250523,5,Combustível,5404.66
13052,20250523,5,Manutenção,2469.21
13053,20250523,5,Pedágio,1264.78
13054,20250523,5,Motorista (Salário/Diária),2535.78
13055,20250523,5,Seguro,629.12
13056,20250523,5,Outros,383.97
13057,20250524,3,Combustível,171.29
13058,20250524,3,Manutenção,77.63
13059,20250524,3,Pedágio,30.2
13060,20250524,3,Motorista (Salário/Diária),58.16
13061,20250524,3,Seguro,16.51
13062,20250524,3,Outros,9.09
13063,20250524,4,Combustível,686.64
13064,20250524,4,Manutenção,262.65
13065,20250524,4,Pedágio,158.94
13066,20250524,4,Motorista (Salário/Diária),273.02
13067,20250524,4,Seguro,77.67
13068,20250524,4,Outros,39.79
13069,20250524,5,Combustível,4047.61
13070,20250524,5,Manutenção,1777.94
13071,20250524,5,Pedágio,822.28
13072,20250524,5,Motorista (Salário/Diária),1669.62
13073,20250524,5,Seguro,419.31
13074,20250524,5,Outros,258.3
13075,20250525,1,Combustível,2766.89
13076,20250525,1,Manutenção,1081.8
13077,20250525,1,Pedágio,488.88
13078,20250525,1,Motorista (Salário/Diária),992.03
13079,20250525,1,Seguro,274.67
13080,20250525,1,Outros,168.66
13081,20250525,4,Combustível,861.17
13082,20250525,4,Manutenção,386.43
13083,20250525,4,Pedágio,195.15
13084,20250525,4,Motorista (Salário/Diária),401.79
13085,20250525,4,Seguro,88.73
13086,20250525,4,Outros,58.21
13087,20250526,1,Combustível,6945.26
13088,20250526,1,Manutenção,3545.48
13089,20250526,1,Pedágio,1719.89
13090,20250526,1,Motorista (Salário/Diária),3235.4
13091,20250526,1,Seguro,732.87
13092,20250526,1,Outros,546.29
13093,20250526,2,Combustível,1741.53
13094,20250526,2,Manutenção,682.41
13095,20250526,2,Pedágio,420.8
13096,20250526,2,Motorista (Salário/Diária),531.82
13097,20250526,2,Seguro,156.06
13098,20250526,2,Outros,126.26
13099,20250526,3,Combustível,704.59
13100,20250526,3,Manutenção,279.2
13101,20250526,3,Pedágio,135.78
13102,20250526,3,Motorista (Salário/Diária),238.72
13103,20250526,3,Seguro,62.58
13104,20250526,3,Outros,46.57
13105,20250526,4,Combustível,3093.9
13106,20250526,4,Manutenção,1665.66
13107,20250526,4,Pedágio,714.05
13108,20250526,4,Motorista (Salário/Diária),1185.46
13109,20250526,4,Seguro,423.48
13110,20250526,4,Outros,199.28
13111,20250526,5,Combustível,2310.93
13112,20250526,5,Manutenção,959.37
13113,20250526,5,Pedágio,514.51
13114,20250526,5,Motorista (Salário/Diária),801.4
13115,20250526,5,Seguro,254.84
13116,20250526,5,Outros,148.65
13117,20250527,1,Combustível,5525.07
13118,20250527,1,Manutenção,2694.63
13119,20250527,1,Pedágio,1402.89
13120,20250527,1,Motorista (Salário/Diária),2146.41
13121,20250527,1,Seguro,679.39
13122,20250527,1,Outros,369.82
13123,20250527,2,Combustível,1839.46
13124,20250527,2,Manutenção,899.9
13125,20250527,2,Pedágio,357.63
13126,20250527,2,Motorista (Salário/Diária),642.81
13127,20250527,2,Seguro,175.12
13128,20250527,2,Outros,129.21
13129,20250527,3,Combustível,5829.22
13130,20250527,3,Manutenção,2293.03
13131,20250527,3,Pedágio,1313.12
13132,20250527,3,Motorista (Salário/Diária),2169.52
13133,20250527,3,Seguro,521.83
13134,20250527,3,Outros,384.62
13135,20250527,4,Combustível,6412.65
13136,20250527,4,Manutenção,2651.79
13137,20250527,4,Pedágio,1503.39
13138,20250527,4,Motorista (Salário/Diária),2612.33
13139,20250527,4,Seguro,874.57
13140,20250527,4,Outros,393.23
13141,20250527,5,Combustível,4482.62
13142,20250527,5,Manutenção,2089.15
13143,20250527,5,Pedágio,918.96
13144,20250527,5,Motorista (Salário/Diária),1668.82
13145,20250527,5,Seguro,508.29
13146,20250527,5,Outros,292.02
13147,20250528,1,Combustível,9510.03
13148,20250528,1,Manutenção,3713.08
13149,20250528,1,Pedágio,2186.46
13150,20250528,1,Motorista (Salário/Diária),3599.55
13151,20250528,1,Seguro,891.89
13152,20250528,1,Outros,509.54
13153,20250528,2,Combustível,4598.72
13154,20250528,2,Manutenção,2593.76
13155,20250528,2,Pedágio,1132.97
13156,20250528,2,Motorista (Salário/Diária),2012.42
13157,20250528,2,Seguro,491.13
13158,20250528,2,Outros,386.17
13159,20250528,3,Combustível,6670.33
13160,20250528,3,Manutenção,2849.68
13161,20250528,3,Pedágio,1330.13
13162,20250528,3,Motorista (Salário/Diária),2428.81
13163,20250528,3,Seguro,721.65
13164,20250528,3,Outros,437.43
13165,20250528,4,Combustível,1332.93
13166,20250528,4,Manutenção,519.67
13167,20250528,4,Pedágio,234.31
13168,20250528,4,Motorista (Salário/Diária),487.4
13169,20250528,4,Seguro,146.68
13170,20250528,4,Outros,86.39
13171,20250528,5,Combustível,13976.11
13172,20250528,5,Manutenção,6106.8
13173,20250528,5,Pedágio,3020.69
13174,20250528,5,Motorista (Salário/Diária),5302.4
13175,20250528,5,Seguro,1504.99
13176,20250528,5,Outros,1130.96
13177,20250529,1,Combustível,7451.43
13178,20250529,1,Manutenção,2765.87
13179,20250529,1,Pedágio,1430.44
13180,20250529,1,Motorista (Salário/Diária),2858.05
13181,20250529,1,Seguro,785.26
13182,20250529,1,Outros,446.06
13183,20250529,2,Combustível,447.97
13184,20250529,2,Manutenção,248.64
13185,20250529,2,Pedágio,114.38
13186,20250529,2,Motorista (Salário/Diária),206.36
13187,20250529,2,Seguro,48.33
13188,20250529,2,Outros,30.91
13189,20250529,3,Combustível,2700.7
13190,20250529,3,Manutenção,1236.39
13191,20250529,3,Pedágio,617.15
13192,20250529,3,Motorista (Salário/Diária),1103.94
13193,20250529,3,Seguro,314.86
13194,20250529,3,Outros,154.86
13195,20250529,4,Combustível,1037.49
13196,20250529,4,Manutenção,414.47
13197,20250529,4,Pedágio,226.28
13198,20250529,4,Motorista (Salário/Diária),323.81
13199,20250529,4,Seguro,106.99
13200,20250529,4,Outros,63.59
13201,20250529,5,Combustível,8444.76
13202,20250529,5,Manutenção,3762.28
13203,20250529,5,Pedágio,1852.23
13204,20250529,5,Motorista (Salário/Diária),3086.29
13205,20250529,5,Seguro,827.99
13206,20250529,5,Outros,496.85
13207,20250530,1,Combustível,5236.24
13208,20250530,1,Manutenção,2578.46
13209,20250530,1,Pedágio,1225.21
13210,20250530,1,Motorista (Salário/Diária),2362.09
13211,20250530,1,Seguro,710.97
13212,20250530,1,Outros,345.37
13213,20250530,2,Combustível,1102.36
13214,20250530,2,Manutenção,521.74
13215,20250530,2,Pedágio,234.6
13216,20250530,2,Motorista (Salário/Diária),412.33
13217,20250530,2,Seguro,119.04
13218,20250530,2,Outros,73.96
13219,20250530,3,Combustível,510.32
13220,20250530,3,Manutenção,237.59
13221,20250530,3,Pedágio,102.01
13222,20250530,3,Motorista (Salário/Diária),165.57
13223,20250530,3,Seguro,57.65
13224,20250530,3,Outros,30.98
13225,20250530,4,Combustível,5454.24
13226,20250530,4,Manutenção,2641.84
13227,20250530,4,Pedágio,1153.3
13228,20250530,4,Motorista (Salário/Diária),2394.23
13229,20250530,4,Seguro,625.64
13230,20250530,4,Outros,407.37
13231,20250530,5,Combustível,9877.93
13232,20250530,5,Manutenção,4306.69
13233,20250530,5,Pedágio,2269.52
13234,20250530,5,Motorista (Salário/Diária),3261.64
13235,20250530,5,Seguro,873.04
13236,20250530,5,Outros,671.1
13237,20250531,1,Combustível,2643.73
13238,20250531,1,Manutenção,1327.43
13239,20250531,1,Pedágio,659.97
13240,20250531,1,Motorista (Salário/Diária),1027.57
13241,20250531,1,Seguro,261.01
13242,20250531,1,Outros,179.6
13243,20250531,2,Combustível,1337.87
13244,20250531,2,Manutenção,660.59
13245,20250531,2,Pedágio,387.22
13246,20250531,2,Motorista (Salário/Diária),579.42
13247,20250531,2,Seguro,148.85
13248,20250531,2,Outros,106.61
13249,20250531,3,Combustível,3415.81
13250,20250531,3,Manutenção,1789.85
13251,20250531,3,Pedágio,825.99
13252,20250531,3,Motorista (Salário/Diária),1238.91
13253,20250531,3,Seguro,345.14
13254,20250531,3,Outros,212.94
13255,20250531,4,Combustível,2397.29
13256,20250531,4,Manutenção,1052.14
13257,20250531,4,Pedágio,571.58
13258,20250531,4,Motorista (Salário/Diária),902.98
13259,20250531,4,Seguro,285.27
13260,20250531,4,Outros,150.39
13261,20250531,5,Combustível,3576.19
13262,20250531,5,Manutenção,1492.75
13263,20250531,5,Pedágio,657.65
13264,20250531,5,Motorista (Salário/Diária),1149.65
13265,20250531,5,Seguro,295.35
13266,20250531,5,Outros,203.11
13267,20250601,1,Combustível,3463.52
13268,20250601,1,Manutenção,1463.63
13269,20250601,1,Pedágio,846.57
13270,20250601,1,Motorista (Salário/Diária),1542.14
13271,20250601,1,Seguro,453.02
13272,20250601,1,Outros,251.13
13273,20250601,4,Combustível,11951.81
13274,20250601,4,Manutenção,4998.63
13275,20250601,4,Pedágio,2797.65
13276,20250601,4,Motorista (Salário/Diária),4289.61
13277,20250601,4,Seguro,1434.17
13278,20250601,4,Outros,863.69
13279,20250601,5,Combustível,2025.87
13280,20250601,5,Manutenção,726.36
13281,20250601,5,Pedágio,373.06
13282,20250601,5,Motorista (Salário/Diária),776.08
13283,20250601,5,Seguro,224.91
13284,20250601,5,Outros,132.19
13285,20250602,1,Combustível,7793.92
13286,20250602,1,Manutenção,3551.86
13287,20250602,1,Pedágio,2041.33
13288,20250602,1,Motorista (Salário/Diária),3057.42
13289,20250602,1,Seguro,1033.38
13290,20250602,1,Outros,535.0
13291,20250602,2,Combustível,3123.2
13292,20250602,2,Manutenção,1207.92
13293,20250602,2,Pedágio,593.87
13294,20250602,2,Motorista (Salário/Diária),1083.26
13295,20250602,2,Seguro,359.3
13296,20250602,2,Outros,189.37
13297,20250602,3,Combustível,8494.24
13298,20250602,3,Manutenção,4143.64
13299,20250602,3,Pedágio,2175.75
13300,20250602,3,Motorista (Salário/Diária),3670.62
13301,20250602,3,Seguro,853.21
13302,20250602,3,Outros,567.21
13303,20250602,4,Combustível,10835.29
13304,20250602,4,Manutenção,5054.91
13305,20250602,4,Pedágio,3004.24
13306,20250602,4,Motorista (Salário/Diária),5123.14
13307,20250602,4,Seguro,1204.88
13308,20250602,4,Outros,913.75
13309,20250602,5,Combustível,15462.26
13310,20250602,5,Manutenção,5895.32
13311,20250602,5,Pedágio,3489.38
13312,20250602,5,Motorista (Salário/Diária),5674.91
13313,20250602,5,Seguro,1533.01
13314,20250602,5,Outros,1011.76
13315,20250603,1,Combustível,8885.46
13316,20250603,1,Manutenção,3221.53
13317,20250603,1,Pedágio,2087.61
13318,20250603,1,Motorista (Salário/Diária),3052.21
13319,20250603,1,Seguro,806.72
13320,20250603,1,Outros,551.82
13321,20250603,2,Combustível,1957.61
13322,20250603,2,Manutenção,667.29
13323,20250603,2,Pedágio,445.09
13324,20250603,2,Motorista (Salário/Diária),636.99
13325,20250603,2,Seguro,168.4
13326,20250603,2,Outros,116.17
13327,20250603,4,Combustível,4030.55
13328,20250603,4,Manutenção,2352.19
13329,20250603,4,Pedágio,1133.46
13330,20250603,4,Motorista (Salário/Diária),1708.17
13331,20250603,4,Seguro,566.6
13332,20250603,4,Outros,297.55
13333,20250603,5,Combustível,8060.61
13334,20250603,5,Manutenção,3993.55
13335,20250603,5,Pedágio,1899.21
13336,20250603,5,Motorista (Salário/Diária),3418.8
13337,20250603,5,Seguro,817.09
13338,20250603,5,Outros,541.41
13339,20250604,1,Combustível,6189.19
13340,20250604,1,Manutenção,2376.57
13341,20250604,1,Pedágio,1410.86
13342,20250604,1,Motorista (Salário/Diária),2030.74
13343,20250604,1,Seguro,608.76
13344,20250604,1,Outros,382.4
13345,20250604,2,Combustível,4262.34
13346,20250604,2,Manutenção,1888.36
13347,20250604,2,Pedágio,860.46
13348,20250604,2,Motorista (Salário/Diária),1635.13
13349,20250604,2,Seguro,428.56
13350,20250604,2,Outros,309.88
13351,20250604,3,Combustível,4285.64
13352,20250604,3,Manutenção,2055.78
13353,20250604,3,Pedágio,781.77
13354,20250604,3,Motorista (Salário/Diária),1678.73
13355,20250604,3,Seguro,419.36
13356,20250604,3,Outros,273.08
13357,20250604,4,Combustível,5865.96
13358,20250604,4,Manutenção,2167.82
13359,20250604,4,Pedágio,1202.5
13360,20250604,4,Motorista (Salário/Diária),2123.91
13361,20250604,4,Seguro,588.14
13362,20250604,4,Outros,386.28
13363,20250604,5,Combustível,10230.73
13364,20250604,5,Manutenção,5193.1
13365,20250604,5,Pedágio,2555.07
13366,20250604,5,Motorista (Salário/Diária),4388.33
13367,20250604,5,Seguro,1260.27
13368,20250604,5,Outros,660.57
13369,20250605,1,Combustível,12460.65
13370,20250605,1,Manutenção,4910.05
13371,20250605,1,Pedágio,2719.57
13372,20250605,1,Motorista (Salário/Diária),4791.03
13373,20250605,1,Seguro,1379.71
13374,20250605,1,Outros,811.21
13375,20250605,2,Combustível,9072.78
13376,20250605,2,Manutenção,3653.15
13377,20250605,2,Pedágio,2022.69
13378,20250605,2,Motorista (Salário/Diária),2926.7
13379,20250605,2,Seguro,821.4
13380,20250605,2,Outros,538.25
13381,20250605,3,Combustível,6236.53
13382,20250605,3,Manutenção,3327.67
13383,20250605,3,Pedágio,1336.54
13384,20250605,3,Motorista (Salário/Diária),2362.23
13385,20250605,3,Seguro,691.25
13386,20250605,3,Outros,397.38
13387,20250605,4,Combustível,1434.57
13388,20250605,4,Manutenção,507.42
13389,20250605,4,Pedágio,290.52
13390,20250605,4,Motorista (Salário/Diária),446.26
13391,20250605,4,Seguro,137.57
13392,20250605,4,Outros,75.91
13393,20250605,5,Combustível,17162.7
13394,20250605,5,Manutenção,9007.7
13395,20250605,5,Pedágio,4488.82
13396,20250605,5,Motorista (Salário/Diária),5821.6
13397,20250605,5,Seguro,2056.4
13398,20250605,5,Outros,1068.59
13399,20250606,1,Combustível,14486.25
13400,20250606,1,Manutenção,6919.22
13401,20250606,1,Pedágio,2757.49
13402,20250606,1,Motorista (Salário/Diária),5199.04
13403,20250606,1,Seguro,1649.39
13404,20250606,1,Outros,952.06
13405,20250606,2,Combustível,675.61
13406,20250606,2,Manutenção,296.34
13407,20250606,2,Pedágio,161.84
13408,20250606,2,Motorista (Salário/Diária),247.21
13409,20250606,2,Seguro,79.75
13410,20250606,2,Outros,43.23
13411,20250606,3,Combustível,10073.98
13412,20250606,3,Manutenção,4166.99
13413,20250606,3,Pedágio,2746.03
13414,20250606,3,Motorista (Salário/Diária),3481.09
13415,20250606,3,Seguro,1264.48
13416,20250606,3,Outros,679.6
13417,20250606,4,Combustível,4897.37
13418,20250606,4,Manutenção,1901.75
13419,20250606,4,Pedágio,1023.16
13420,20250606,4,Motorista (Salário/Diária),1715.54
13421,20250606,4,Seguro,431.05
13422,20250606,4,Outros,329.1
13423,20250606,5,Combustível,14336.47
13424,20250606,5,Manutenção,5286.3
13425,20250606,5,Pedágio,2783.67
13426,20250606,5,Motorista (Salário/Diária),4206.78
13427,20250606,5,Seguro,1429.53
13428,20250606,5,Outros,744.61
13429,20250607,1,Combustível,3378.85
13430,20250607,1,Manutenção,1757.73
13431,20250607,1,Pedágio,950.53
13432,20250607,1,Motorista (Salário/Diária),1392.93
13433,20250607,1,Seguro,407.23
13434,20250607,1,Outros,236.25
13435,20250607,2,Combustível,3072.38
13436,20250607,2,Manutenção,1342.5
13437,20250607,2,Pedágio,719.49
13438,20250607,2,Motorista (Salário/Diária),1106.95
13439,20250607,2,Seguro,298.87
13440,20250607,2,Outros,222.33
13441,20250607,3,Combustível,856.76
13442,20250607,3,Manutenção,441.82
13443,20250607,3,Pedágio,189.65
13444,20250607,3,Motorista (Salário/Diária),336.18
13445,20250607,3,Seguro,101.42
13446,20250607,3,Outros,70.29
13447,20250607,4,Combustível,317.79
13448,20250607,4,Manutenção,160.7
13449,20250607,4,Pedágio,74.36
13450,20250607,4,Motorista (Salário/Diária),126.47
13451,20250607,4,Seguro,38.32
13452,20250607,4,Outros,22.15
13453,20250607,5,Combustível,12624.42
13454,20250607,5,Manutenção,4350.2
13455,20250607,5,Pedágio,2431.28
13456,20250607,5,Motorista (Salário/Diária),3791.39
13457,20250607,5,Seguro,1203.67
13458,20250607,5,Outros,777.61
13459,20250608,1,Combustível,2559.19
13460,20250608,1,Manutenção,956.55
13461,20250608,1,Pedágio,544.7
13462,20250608,1,Motorista (Salário/Diária),973.03
13463,20250608,1,Seguro,286.05
13464,20250608,1,Outros,169.55
13465,20250608,2,Combustível,277.2
13466,20250608,2,Manutenção,150.53
13467,20250608,2,Pedágio,67.61
13468,20250608,2,Motorista (Salário/Diária),111.43
13469,20250608,2,Seguro,33.25
13470,20250608,2,Outros,24.13
13471,20250608,3,Combustível,1222.35
13472,20250608,3,Manutenção,538.47
13473,20250608,3,Pedágio,217.89
13474,20250608,3,Motorista (Salário/Diária),432.71
13475,20250608,3,Seguro,108.48
13476,20250608,3,Outros,73.14
13477,20250608,5,Combustível,5807.97
13478,20250608,5,Manutenção,2061.92
13479,20250608,5,Pedágio,1021.29
13480,20250608,5,Motorista (Salário/Diária),1785.91
13481,20250608,5,Seguro,514.75
13482,20250608,5,Outros,344.48
13483,20250609,1,Combustível,10384.2
13484,20250609,1,Manutenção,4271.49
13485,20250609,1,Pedágio,1882.18
13486,20250609,1,Motorista (Salário/Diária),3139.04
13487,20250609,1,Seguro,917.09
13488,20250609,1,Outros,717.01
13489,20250609,2,Combustível,3322.27
13490,20250609,2,Manutenção,1675.96
13491,20250609,2,Pedágio,752.68
13492,20250609,2,Motorista (Salário/Diária),1498.21
13493,20250609,2,Seguro,436.79
13494,20250609,2,Outros,234.46
13495,20250609,3,Combustível,3099.93
13496,20250609,3,Manutenção,1145.86
13497,20250609,3,Pedágio,658.34
13498,20250609,3,Motorista (Salário/Diária),1067.53
13499,20250609,3,Seguro,340.79
13500,20250609,3,Outros,213.28
13501,20250609,4,Combustível,2484.2
13502,20250609,4,Manutenção,1288.51
13503,20250609,4,Pedágio,593.4
13504,20250609,4,Motorista (Salário/Diária),1206.88
13505,20250609,4,Seguro,332.28
13506,20250609,4,Outros,186.46
13507,20250609,5,Combustível,5875.56
13508,20250609,5,Manutenção,2820.52
13509,20250609,5,Pedágio,1134.21
13510,20250609,5,Motorista (Salário/Diária),2001.83
13511,20250609,5,Seguro,622.78
13512,20250609,5,Outros,343.91
13513,20250610,1,Combustível,6908.21
13514,20250610,1,Manutenção,3060.16
13515,20250610,1,Pedágio,1689.91
13516,20250610,1,Motorista (Salário/Diária),2369.22
13517,20250610,1,Seguro,749.49
13518,20250610,1,Outros,435.24
13519,20250610,2,Combustível,1318.12
13520,20250610,2,Manutenção,602.74
13521,20250610,2,Pedágio,296.51
13522,20250610,2,Motorista (Salário/Diária),494.32
13523,20250610,2,Seguro,161.33
13524,20250610,2,Outros,80.7
13525,20250610,3,Combustível,3838.8
13526,20250610,3,Manutenção,1404.86
13527,20250610,3,Pedágio,854.35
13528,20250610,3,Motorista (Salário/Diária),1174.43
13529,20250610,3,Seguro,342.72
13530,20250610,3,Outros,212.22
13531,20250610,4,Combustível,3950.0
13532,20250610,4,Manutenção,2178.73
13533,20250610,4,Pedágio,1049.75
13534,20250610,4,Motorista (Salário/Diária),1530.81
13535,20250610,4,Seguro,406.32
13536,20250610,4,Outros,291.38
13537,20250610,5,Combustível,5919.84
13538,20250610,5,Manutenção,2642.62
13539,20250610,5,Pedágio,1285.14
13540,20250610,5,Motorista (Salário/Diária),2399.13
13541,20250610,5,Seguro,600.87
13542,20250610,5,Outros,398.92
13543,20250611,1,Combustível,9150.62
13544,20250611,1,Manutenção,3971.68
13545,20250611,1,Pedágio,1708.8
13546,20250611,1,Motorista (Salário/Diária),3676.25
13547,20250611,1,Seguro,805.78
13548,20250611,1,Outros,616.45
13549,20250611,2,Combustível,863.93
13550,20250611,2,Manutenção,362.35
13551,20250611,2,Pedágio,204.62
13552,20250611,2,Motorista (Salário/Diária),345.87
13553,20250611,2,Seguro,97.51
13554,20250611,2,Outros,58.21
13555,20250611,3,Combustível,3280.21
13556,20250611,3,Manutenção,1558.11
13557,20250611,3,Pedágio,733.8
13558,20250611,3,Motorista (Salário/Diária),1459.19
13559,20250611,3,Seguro,362.18
13560,20250611,3,Outros,214.54
13561,20250611,4,Combustível,4300.83
13562,20250611,4,Manutenção,1532.46
13563,20250611,4,Pedágio,777.52
13564,20250611,4,Motorista (Salário/Diária),1516.81
13565,20250611,4,Seguro,403.16
13566,20250611,4,Outros,230.12
13567,20250611,5,Combustível,7785.74
13568,20250611,5,Manutenção,3309.79
13569,20250611,5,Pedágio,1687.25
13570,20250611,5,Motorista (Salário/Diária),2755.52
13571,20250611,5,Seguro,648.13
13572,20250611,5,Outros,482.75
13573,20250612,1,Combustível,2954.82
13574,20250612,1,Manutenção,1307.97
13575,20250612,1,Pedágio,675.17
13576,20250612,1,Motorista (Salário/Diária),1122.04
13577,20250612,1,Seguro,329.75
13578,20250612,1,Outros,216.01
13579,20250612,2,Combustível,1547.44
13580,20250612,2,Manutenção,697.97
13581,20250612,2,Pedágio,434.19
13582,20250612,2,Motorista (Salário/Diária),631.63
13583,20250612,2,Seguro,217.46
13584,20250612,2,Outros,107.93
13585,20250612,3,Combustível,5991.23
13586,20250612,3,Manutenção,3124.54
13587,20250612,3,Pedágio,1524.93
13588,20250612,3,Motorista (Salário/Diária),2286.67
13589,20250612,3,Seguro,717.45
13590,20250612,3,Outros,452.04
13591,20250612,4,Combustível,8015.06
13592,20250612,4,Manutenção,4310.49
13593,20250612,4,Pedágio,2365.77
13594,20250612,4,Motorista (Salário/Diária),3701.28
13595,20250612,4,Seguro,1059.36
13596,20250612,4,Outros,592.23
13597,20250612,5,Combustível,6573.08
13598,20250612,5,Manutenção,2926.28
13599,20250612,5,Pedágio,1436.57
13600,20250612,5,Motorista (Salário/Diária),2046.95
13601,20250612,5,Seguro,643.74
13602,20250612,5,Outros,387.75
13603,20250613,1,Combustível,9725.85
13604,20250613,1,Manutenção,3951.09
13605,20250613,1,Pedágio,1906.89
13606,20250613,1,Motorista (Salário/Diária),2765.78
13607,20250613,1,Seguro,1011.99
13608,20250613,1,Outros,601.42
13609,20250613,2,Combustível,1391.5
13610,20250613,2,Manutenção,661.57
13611,20250613,2,Pedágio,350.47
13612,20250613,2,Motorista (Salário/Diária),532.65
13613,20250613,2,Seguro,151.47
13614,20250613,2,Outros,90.33
13615,20250613,3,Combustível,1105.28
13616,20250613,3,Manutenção,518.78
13617,20250613,3,Pedágio,239.36
13618,20250613,3,Motorista (Salário/Diária),423.51
13619,20250613,3,Seguro,113.77
13620,20250613,3,Outros,81.66
13621,20250613,4,Combustível,7174.37
13622,20250613,4,Manutenção,2922.41
13623,20250613,4,Pedágio,1620.22
13624,20250613,4,Motorista (Salário/Diária),2387.23
13625,20250613,4,Seguro,682.0
13626,20250613,4,Outros,408.56
13627,20250613,5,Combustível,7340.7
13628,20250613,5,Manutenção,2896.36
13629,20250613,5,Pedágio,1507.79
13630,20250613,5,Motorista (Salário/Diária),2889.47
13631,20250613,5,Seguro,889.44
13632,20250613,5,Outros,497.43
13633,20250614,3,Combustível,3395.64
13634,20250614,3,Manutenção,1621.17
13635,20250614,3,Pedágio,774.98
13636,20250614,3,Motorista (Salário/Diária),1110.66
13637,20250614,3,Seguro,386.92
13638,20250614,3,Outros,224.46
13639,20250614,5,Combustível,2200.64
13640,20250614,5,Manutenção,948.47
13641,20250614,5,Pedágio,476.34
13642,20250614,5,Motorista (Salário/Diária),915.55
13643,20250614,5,Seguro,257.67
13644,20250614,5,Outros,140.03
13645,20250615,1,Combustível,3200.58
13646,20250615,1,Manutenção,1388.64
13647,20250615,1,Pedágio,745.95
13648,20250615,1,Motorista (Salário/Diária),1312.3
13649,20250615,1,Seguro,331.79
13650,20250615,1,Outros,177.67
13651,20250615,2,Combustível,1864.04
13652,20250615,2,Manutenção,690.63
13653,20250615,2,Pedágio,342.6
13654,20250615,2,Motorista (Salário/Diária),737.78
13655,20250615,2,Seguro,207.82
13656,20250615,2,Outros,129.85
13657,20250615,4,Combustível,4145.34
13658,20250615,4,Manutenção,2283.2
13659,20250615,4,Pedágio,1069.63
13660,20250615,4,Motorista (Salário/Diária),1758.88
13661,20250615,4,Seguro,532.85
13662,20250615,4,Outros,279.49
13663,20250615,5,Combustível,2906.44
13664,20250615,5,Manutenção,1359.1
13665,20250615,5,Pedágio,589.83
13666,20250615,5,Motorista (Salário/Diária),1139.11
13667,20250615,5,Seguro,354.94
13668,20250615,5,Outros,183.31
13669,20250616,1,Combustível,6738.89
13670,20250616,1,Manutenção,2754.93
13671,20250616,1,Pedágio,1367.6
13672,20250616,1,Motorista (Salário/Diária),2955.36
13673,20250616,1,Seguro,742.36
13674,20250616,1,Outros,503.73
13675,20250616,2,Combustível,2942.68
13676,20250616,2,Manutenção,1330.37
13677,20250616,2,Pedágio,695.66
13678,20250616,2,Motorista (Salário/Diária),1306.69
13679,20250616,2,Seguro,428.71
13680,20250616,2,Outros,227.27
13681,20250616,3,Combustível,11204.65
13682,20250616,3,Manutenção,4505.62
13683,20250616,3,Pedágio,2466.38
13684,20250616,3,Motorista (Salário/Diária),3486.3
13685,20250616,3,Seguro,1215.01
13686,20250616,3,Outros,798.0
13687,20250616,4,Combustível,509.63
13688,20250616,4,Manutenção,217.03
13689,20250616,4,Pedágio,112.23
13690,20250616,4,Motorista (Salário/Diária),192.92
13691,20250616,4,Seguro,60.27
13692,20250616,4,Outros,40.79
13693,20250616,5,Combustível,4505.05
13694,20250616,5,Manutenção,1942.65
13695,20250616,5,Pedágio,829.16
13696,20250616,5,Motorista (Salário/Diária),1666.01
13697,20250616,5,Seguro,473.16
13698,20250616,5,Outros,257.96
13699,20250617,1,Combustível,6080.64
13700,20250617,1,Manutenção,3005.43
13701,20250617,1,Pedágio,1296.24
13702,20250617,1,Motorista (Salário/Diária),2233.39
13703,20250617,1,Seguro,741.39
13704,20250617,1,Outros,402.03
13705,20250617,2,Combustível,758.24
13706,20250617,2,Manutenção,289.81
13707,20250617,2,Pedágio,190.01
13708,20250617,2,Motorista (Salário/Diária),308.99
13709,20250617,2,Seguro,72.14
13710,20250617,2,Outros,48.85
13711,20250617,3,Combustível,3113.87
13712,20250617,3,Manutenção,1474.16
13713,20250617,3,Pedágio,820.68
13714,20250617,3,Motorista (Salário/Diária),1324.01
13715,20250617,3,Seguro,416.89
13716,20250617,3,Outros,197.91
13717,20250617,4,Combustível,3654.26
13718,20250617,4,Manutenção,1538.49
13719,20250617,4,Pedágio,803.68
13720,20250617,4,Motorista (Salário/Diária),1232.77
13721,20250617,4,Seguro,366.98
13722,20250617,4,Outros,252.1
13723,20250617,5,Combustível,10510.14
13724,20250617,5,Manutenção,5231.73
13725,20250617,5,Pedágio,2406.96
13726,20250617,5,Motorista (Salário/Diária),4618.91
13727,20250617,5,Seguro,1305.96
13728,20250617,5,Outros,774.79
13729,20250618,1,Combustível,13233.86
13730,20250618,1,Manutenção,5309.45
13731,20250618,1,Pedágio,2482.45
13732,20250618,1,Motorista (Salário/Diária),5100.18
13733,20250618,1,Seguro,1547.78
13734,20250618,1,Outros,948.46
13735,20250618,2,Combustível,3980.39
13736,20250618,2,Manutenção,1748.95
13737,20250618,2,Pedágio,927.37
13738,20250618,2,Motorista (Salário/Diária),1503.4
13739,20250618,2,Seguro,454.56
13740,20250618,2,Outros,233.2
13741,20250618,3,Combustível,1996.6
13742,20250618,3,Manutenção,822.11
13743,20250618,3,Pedágio,488.13
13744,20250618,3,Motorista (Salário/Diária),677.64
13745,20250618,3,Seguro,237.27
13746,20250618,3,Outros,129.68
13747,20250618,4,Combustível,5241.67
13748,20250618,4,Manutenção,2454.94
13749,20250618,4,Pedágio,1346.77
13750,20250618,4,Motorista (Salário/Diária),2200.96
13751,20250618,4,Seguro,654.78
13752,20250618,4,Outros,309.9
13753,20250618,5,Combustível,6833.85
13754,20250618,5,Manutenção,2370.66
13755,20250618,5,Pedágio,1553.69
13756,20250618,5,Motorista (Salário/Diária),2305.44
13757,20250618,5,Seguro,675.0
13758,20250618,5,Outros,382.01
13759,20250619,1,Combustível,3030.12
13760,20250619,1,Manutenção,1646.1
13761,20250619,1,Pedágio,663.96
13762,20250619,1,Motorista (Salário/Diária),1058.33
13763,20250619,1,Seguro,395.75
13764,20250619,1,Outros,214.57
13765,20250619,2,Combustível,10025.34
13766,20250619,2,Manutenção,4558.44
13767,20250619,2,Pedágio,2371.7
13768,20250619,2,Motorista (Salário/Diária),4534.45
13769,20250619,2,Seguro,1362.86
13770,20250619,2,Outros,874.58
13771,20250619,3,Combustível,3463.69
13772,20250619,3,Manutenção,1895.0
13773,20250619,3,Pedágio,860.54
13774,20250619,3,Motorista (Salário/Diária),1329.83
13775,20250619,3,Seguro,452.84
13776,20250619,3,Outros,251.9
13777,20250619,4,Combustível,3729.65
13778,20250619,4,Manutenção,1415.62
13779,20250619,4,Pedágio,934.8
13780,20250619,4,Motorista (Salário/Diária),1544.66
13781,20250619,4,Seguro,390.29
13782,20250619,4,Outros,222.19
13783,20250619,5,Combustível,10239.87
13784,20250619,5,Manutenção,5888.53
13785,20250619,5,Pedágio,2754.04
13786,20250619,5,Motorista (Salário/Diária),3751.28
13787,20250619,5,Seguro,1455.72
13788,20250619,5,Outros,883.01
13789,20250620,1,Combustível,8179.46
13790,20250620,1,Manutenção,3209.38
13791,20250620,1,Pedágio,1557.19
13792,20250620,1,Motorista (Salário/Diária),2988.86
13793,20250620,1,Seguro,789.24
13794,20250620,1,Outros,537.89
13795,20250620,2,Combustível,8298.18
13796,20250620,2,Manutenção,3263.35
13797,20250620,2,Pedágio,1895.02
13798,20250620,2,Motorista (Salário/Diária),2886.42
13799,20250620,2,Seguro,975.84
13800,20250620,2,Outros,495.33
13801,20250620,3,Combustível,6872.5
13802,20250620,3,Manutenção,3407.4
13803,20250620,3,Pedágio,1721.8
13804,20250620,3,Motorista (Salário/Diária),2858.81
13805,20250620,3,Seguro,820.48
13806,20250620,3,Outros,408.87
13807,20250620,4,Combustível,2793.67
13808,20250620,4,Manutenção,1121.74
13809,20250620,4,Pedágio,623.74
13810,20250620,4,Motorista (Salário/Diária),871.61
13811,20250620,4,Seguro,245.39
13812,20250620,4,Outros,155.88
13813,20250620,5,Combustível,6988.0
13814,20250620,5,Manutenção,2444.02
13815,20250620,5,Pedágio,1199.27
13816,20250620,5,Motorista (Salário/Diária),2717.16
13817,20250620,5,Seguro,619.5
13818,20250620,5,Outros,417.74
13819,20250621,1,Combustível,1997.06
13820,20250621,1,Manutenção,878.09
13821,20250621,1,Pedágio,416.42
13822,20250621,1,Motorista (Salário/Diária),731.07
13823,20250621,1,Seguro,196.56
13824,20250621,1,Outros,108.53
13825,20250621,4,Combustível,1042.18
13826,20250621,4,Manutenção,478.65
13827,20250621,4,Pedágio,244.24
13828,20250621,4,Motorista (Salário/Diária),322.0
13829,20250621,4,Seguro,103.11
13830,20250621,4,Outros,55.49
13831,20250621,5,Combustível,7311.82
13832,20250621,5,Manutenção,2754.23
13833,20250621,5,Pedágio,1723.38
13834,20250621,5,Motorista (Salário/Diária),2827.3
13835,20250621,5,Seguro,793.29
13836,20250621,5,Outros,394.02
13837,20250622,1,Combustível,1397.87
13838,20250622,1,Manutenção,745.17
13839,20250622,1,Pedágio,314.42
13840,20250622,1,Motorista (Salário/Diária),557.02
13841,20250622,1,Seguro,163.87
13842,20250622,1,Outros,103.82
13843,20250622,3,Combustível,6663.11
13844,20250622,3,Manutenção,3057.29
13845,20250622,3,Pedágio,1480.94
13846,20250622,3,Motorista (Salário/Diária),2487.25
13847,20250622,3,Seguro,666.18
13848,20250622,3,Outros,349.51
13849,20250622,5,Combustível,3316.84
13850,20250622,5,Manutenção,1426.28
13851,20250622,5,Pedágio,756.18
13852,20250622,5,Motorista (Salário/Diária),1237.22
13853,20250622,5,Seguro,373.71
13854,20250622,5,Outros,227.69
13855,20250623,1,Combustível,6715.85
13856,20250623,1,Manutenção,3678.4
13857,20250623,1,Pedágio,1540.37
13858,20250623,1,Motorista (Salário/Diária),3053.18
13859,20250623,1,Seguro,844.4
13860,20250623,1,Outros,464.02
13861,20250623,3,Combustível,3333.74
13862,20250623,3,Manutenção,1771.02
13863,20250623,3,Pedágio,765.98
13864,20250623,3,Motorista (Salário/Diária),1557.17
13865,20250623,3,Seguro,404.63
13866,20250623,3,Outros,266.19
13867,20250623,4,Combustível,3262.65
13868,20250623,4,Manutenção,1418.46
13869,20250623,4,Pedágio,768.38
13870,20250623,4,Motorista (Salário/Diária),1447.9
13871,20250623,4,Seguro,358.63
13872,20250623,4,Outros,201.3
13873,20250623,5,Combustível,6311.44
13874,20250623,5,Manutenção,3139.85
13875,20250623,5,Pedágio,1413.35
13876,20250623,5,Motorista (Salário/Diária),1983.07
13877,20250623,5,Seguro,603.6
13878,20250623,5,Outros,369.74
13879,20250624,1,Combustível,14009.19
13880,20250624,1,Manutenção,5767.45
13881,20250624,1,Pedágio,2335.94
13882,20250624,1,Motorista (Salário/Diária),5240.2
13883,20250624,1,Seguro,1204.55
13884,20250624,1,Outros,841.0
13885,20250624,2,Combustível,2197.88
13886,20250624,2,Manutenção,1205.11
13887,20250624,2,Pedágio,540.66
13888,20250624,2,Motorista (Salário/Diária),918.0
13889,20250624,2,Seguro,249.96
13890,20250624,2,Outros,176.58
13891,20250624,3,Combustível,10017.38
13892,20250624,3,Manutenção,3874.48
13893,20250624,3,Pedágio,2385.33
13894,20250624,3,Motorista (Salário/Diária),4263.53
13895,20250624,3,Seguro,1257.99
13896,20250624,3,Outros,766.48
13897,20250624,4,Combustível,8278.86
13898,20250624,4,Manutenção,4069.72
13899,20250624,4,Pedágio,1914.11
13900,20250624,4,Motorista (Salário/Diária),2734.57
13901,20250624,4,Seguro,863.5
13902,20250624,4,Outros,483.79
13903,20250624,5,Combustível,16268.25
13904,20250624,5,Manutenção,6883.9
13905,20250624,5,Pedágio,3192.32
13906,20250624,5,Motorista (Salário/Diária),4883.05
13907,20250624,5,Seguro,1375.88
13908,20250624,5,Outros,884.89
13909,20250625,1,Combustível,1417.62
13910,20250625,1,Manutenção,615.54
13911,20250625,1,Pedágio,311.23
13912,20250625,1,Motorista (Salário/Diária),558.78
13913,20250625,1,Seguro,154.96
13914,20250625,1,Outros,96.93
13915,20250625,2,Combustível,2958.26
13916,20250625,2,Manutenção,1255.15
13917,20250625,2,Pedágio,699.45
13918,20250625,2,Motorista (Salário/Diária),1225.96
13919,20250625,2,Seguro,374.75
13920,20250625,2,Outros,192.84
13921,20250625,3,Combustível,2279.41
13922,20250625,3,Manutenção,855.9
13923,20250625,3,Pedágio,459.56
13924,20250625,3,Motorista (Salário/Diária),827.54
13925,20250625,3,Seguro,274.0
13926,20250625,3,Outros,132.43
13927,20250625,4,Combustível,6894.03
13928,20250625,4,Manutenção,3735.34
13929,20250625,4,Pedágio,1457.88
13930,20250625,4,Motorista (Salário/Diária),2926.87
13931,20250625,4,Seguro,849.65
13932,20250625,4,Outros,484.9
13933,20250625,5,Combustível,19032.62
13934,20250625,5,Manutenção,7571.06
13935,20250625,5,Pedágio,4082.09
13936,20250625,5,Motorista (Salário/Diária),8159.91
13937,20250625,5,Seguro,1946.05
13938,20250625,5,Outros,1233.27
13939,20250626,1,Combustível,7548.21
13940,20250626,1,Manutenção,2737.93
13941,20250626,1,Pedágio,1326.5
13942,20250626,1,Motorista (Salário/Diária),2556.97
13943,20250626,1,Seguro,715.16
13944,20250626,1,Outros,403.34
13945,20250626,2,Combustível,3829.67
13946,20250626,2,Manutenção,1552.9
13947,20250626,2,Pedágio,799.64
13948,20250626,2,Motorista (Salário/Diária),1629.31
13949,20250626,2,Seguro,478.39
13950,20250626,2,Outros,284.24
13951,20250626,3,Combustível,2174.72
13952,20250626,3,Manutenção,964.7
13953,20250626,3,Pedágio,434.82
13954,20250626,3,Motorista (Salário/Diária),742.84
13955,20250626,3,Seguro,252.01
13956,20250626,3,Outros,143.27
13957,20250626,4,Combustível,9540.57
13958,20250626,4,Manutenção,4000.89
13959,20250626,4,Pedágio,1914.22
13960,20250626,4,Motorista (Salário/Diária),3345.8
13961,20250626,4,Seguro,925.37
13962,20250626,4,Outros,711.68
13963,20250626,5,Combustível,5549.66
13964,20250626,5,Manutenção,2157.76
13965,20250626,5,Pedágio,1343.86
13966,20250626,5,Motorista (Salário/Diária),2053.24
13967,20250626,5,Seguro,530.55
13968,20250626,5,Outros,371.96
13969,20250627,1,Combustível,3455.05
13970,20250627,1,Manutenção,1433.73
13971,20250627,1,Pedágio,643.59
13972,20250627,1,Motorista (Salário/Diária),1216.94
13973,20250627,1,Seguro,320.35
13974,20250627,1,Outros,200.19
13975,20250627,2,Combustível,1438.1
13976,20250627,2,Manutenção,649.34
13977,20250627,2,Pedágio,281.38
13978,20250627,2,Motorista (Salário/Diária),437.87
13979,20250627,2,Seguro,147.64
13980,20250627,2,Outros,99.01
13981,20250627,3,Combustível,3196.8
13982,20250627,3,Manutenção,1864.39
13983,20250627,3,Pedágio,768.02
13984,20250627,3,Motorista (Salário/Diária),1275.48
13985,20250627,3,Seguro,435.86
13986,20250627,3,Outros,266.8
13987,20250627,4,Combustível,3842.41
13988,20250627,4,Manutenção,1785.48
13989,20250627,4,Pedágio,900.62
13990,20250627,4,Motorista (Salário/Diária),1853.25
13991,20250627,4,Seguro,498.36
13992,20250627,4,Outros,290.27
13993,20250627,5,Combustível,4574.6
13994,20250627,5,Manutenção,2035.96
13995,20250627,5,Pedágio,1000.43
13996,20250627,5,Motorista (Salário/Diária),2058.05
13997,20250627,5,Seguro,576.03
13998,20250627,5,Outros,294.05
13999,20250628,1,Combustível,1692.91
14000,20250628,1,Manutenção,756.91
14001,20250628,1,Pedágio,339.55
14002,20250628,1,Motorista (Salário/Diária),623.78
14003,20250628,1,Seguro,160.44
14004,20250628,1,Outros,110.85
14005,20250628,4,Combustível,460.49
14006,20250628,4,Manutenção,241.9
14007,20250628,4,Pedágio,117.36
14008,20250628,4,Motorista (Salário/Diária),209.11
14009,20250628,4,Seguro,52.28
14010,20250628,4,Outros,38.01
14011,20250628,5,Combustível,686.96
14012,20250628,5,Manutenção,305.44
14013,20250628,5,Pedágio,146.53
14014,20250628,5,Motorista (Salário/Diária),246.02
14015,20250628,5,Seguro,75.14
14016,20250628,5,Outros,36.59
14017,20250629,1,Combustível,1688.12
14018,20250629,1,Manutenção,812.65
14019,20250629,1,Pedágio,447.95
14020,20250629,1,Motorista (Salário/Diária),678.17
14021,20250629,1,Seguro,198.18
14022,20250629,1,Outros,119.37
14023,20250629,2,Combustível,1865.19
14024,20250629,2,Manutenção,812.47
14025,20250629,2,Pedágio,446.73
14026,20250629,2,Motorista (Salário/Diária),632.73
14027,20250629,2,Seguro,208.22
14028,20250629,2,Outros,122.09
14029,20250629,3,Combustível,225.07
14030,20250629,3,Manutenção,97.48
14031,20250629,3,Pedágio,48.63
14032,20250629,3,Motorista (Salário/Diária),80.02
14033,20250629,3,Seguro,18.66
14034,20250629,3,Outros,13.72
14035,20250629,4,Combustível,5992.71
14036,20250629,4,Manutenção,3112.4
14037,20250629,4,Pedágio,1204.46
14038,20250629,4,Motorista (Salário/Diária),2651.42
14039,20250629,4,Seguro,634.83
14040,20250629,4,Outros,433.95
14041,20250629,5,Combustível,719.37
14042,20250629,5,Manutenção,351.19
14043,20250629,5,Pedágio,195.5
14044,20250629,5,Motorista (Salário/Diária),271.78
14045,20250629,5,Seguro,93.53
14046,20250629,5,Outros,54.26
14047,20250630,1,Combustível,6433.39
14048,20250630,1,Manutenção,2654.09
14049,20250630,1,Pedágio,1371.85
14050,20250630,1,Motorista (Salário/Diária),2064.74
14051,20250630,1,Seguro,561.97
14052,20250630,1,Outros,431.97
14053,20250630,3,Combustível,8607.32
14054,20250630,3,Manutenção,3836.62
14055,20250630,3,Pedágio,1749.59
14056,20250630,3,Motorista (Salário/Diária),3366.42
14057,20250630,3,Seguro,1070.06
14058,20250630,3,Outros,624.49
14059,20250630,4,Combustível,2002.23
14060,20250630,4,Manutenção,803.78
14061,20250630,4,Pedágio,463.94
14062,20250630,4,Motorista (Salário/Diária),762.47
14063,20250630,4,Seguro,187.56
14064,20250630,4,Outros,127.53
14065,20250630,5,Combustível,15274.2
14066,20250630,5,Manutenção,5781.91
14067,20250630,5,Pedágio,2895.68
14068,20250630,5,Motorista (Salário/Diária),5807.12
14069,20250630,5,Seguro,1595.38
14070,20250630,5,Outros,946.91
14071,20250701,1,Combustível,4737.05
14072,20250701,1,Manutenção,2263.15
14073,20250701,1,Pedágio,1274.95
14074,20250701,1,Motorista (Salário/Diária),2278.86
14075,20250701,1,Seguro,563.94
14076,20250701,1,Outros,365.62
14077,20250701,3,Combustível,7071.97
14078,20250701,3,Manutenção,2765.19
14079,20250701,3,Pedágio,1295.82
14080,20250701,3,Motorista (Salário/Diária),2560.87
14081,20250701,3,Seguro,760.87
14082,20250701,3,Outros,461.03
14083,20250701,4,Combustível,616.93
14084,20250701,4,Manutenção,241.66
14085,20250701,4,Pedágio,156.84
14086,20250701,4,Motorista (Salário/Diária),237.11
14087,20250701,4,Seguro,62.32
14088,20250701,4,Outros,37.92
14089,20250701,5,Combustível,11649.84
14090,20250701,5,Manutenção,4677.18
14091,20250701,5,Pedágio,2813.79
14092,20250701,5,Motorista (Salário/Diária),5193.36
14093,20250701,5,Seguro,1422.36
14094,20250701,5,Outros,790.57
14095,20250702,1,Combustível,11421.6
14096,20250702,1,Manutenção,6122.25
14097,20250702,1,Pedágio,2714.16
14098,20250702,1,Motorista (Salário/Diária),5157.7
14099,20250702,1,Seguro,1292.67
14100,20250702,1,Outros,825.12
14101,20250702,2,Combustível,6304.7
14102,20250702,2,Manutenção,3180.36
14103,20250702,2,Pedágio,1334.27
14104,20250702,2,Motorista (Salário/Diária),2603.09
14105,20250702,2,Seguro,693.83
14106,20250702,2,Outros,392.44
14107,20250702,3,Combustível,724.9
14108,20250702,3,Manutenção,344.41
14109,20250702,3,Pedágio,147.71
14110,20250702,3,Motorista (Salário/Diária),273.77
14111,20250702,3,Seguro,90.06
14112,20250702,3,Outros,50.06
14113,20250702,4,Combustível,5890.88
14114,20250702,4,Manutenção,2252.39
14115,20250702,4,Pedágio,1167.99
14116,20250702,4,Motorista (Salário/Diária),2401.73
14117,20250702,4,Seguro,631.26
14118,20250702,4,Outros,440.58
14119,20250702,5,Combustível,8223.22
14120,20250702,5,Manutenção,4214.01
14121,20250702,5,Pedágio,2130.49
14122,20250702,5,Motorista (Salário/Diária),3366.07
14123,20250702,5,Seguro,1098.58
14124,20250702,5,Outros,499.5
14125,20250703,1,Combustível,10334.09
14126,20250703,1,Manutenção,4278.95
14127,20250703,1,Pedágio,2248.04
14128,20250703,1,Motorista (Salário/Diária),3500.15
14129,20250703,1,Seguro,967.37
14130,20250703,1,Outros,727.49
14131,20250703,2,Combustível,808.27
14132,20250703,2,Manutenção,327.11
14133,20250703,2,Pedágio,139.39
14134,20250703,2,Motorista (Salário/Diária),234.04
14135,20250703,2,Seguro,83.38
14136,20250703,2,Outros,50.92
14137,20250703,3,Combustível,3198.72
14138,20250703,3,Manutenção,1516.56
14139,20250703,3,Pedágio,816.8
14140,20250703,3,Motorista (Salário/Diária),1189.64
14141,20250703,3,Seguro,339.25
14142,20250703,3,Outros,249.27
14143,20250703,4,Combustível,1573.29
14144,20250703,4,Manutenção,823.6
14145,20250703,4,Pedágio,431.55
14146,20250703,4,Motorista (Salário/Diária),707.8
14147,20250703,4,Seguro,196.87
14148,20250703,4,Outros,125.48
14149,20250703,5,Combustível,13526.55
14150,20250703,5,Manutenção,6535.89
14151,20250703,5,Pedágio,3812.7
14152,20250703,5,Motorista (Salário/Diária),5762.21
14153,20250703,5,Seguro,1785.58
14154,20250703,5,Outros,971.25
14155,20250704,1,Combustível,23038.62
14156,20250704,1,Manutenção,8315.45
14157,20250704,1,Pedágio,3999.32
14158,20250704,1,Motorista (Salário/Diária),7326.9
14159,20250704,1,Seguro,2415.76
14160,20250704,1,Outros,1429.68
14161,20250704,2,Combustível,1903.9
14162,20250704,2,Manutenção,1047.4
14163,20250704,2,Pedágio,434.81
14164,20250704,2,Motorista (Salário/Diária),841.9
14165,20250704,2,Seguro,249.82
14166,20250704,2,Outros,126.56
14167,20250704,3,Combustível,421.13
14168,20250704,3,Manutenção,215.83
14169,20250704,3,Pedágio,98.53
14170,20250704,3,Motorista (Salário/Diária),175.99
14171,20250704,3,Seguro,44.86
14172,20250704,3,Outros,31.69
14173,20250704,4,Combustível,543.55
14174,20250704,4,Manutenção,249.3
14175,20250704,4,Pedágio,121.26
14176,20250704,4,Motorista (Salário/Diária),186.49
14177,20250704,4,Seguro,63.08
14178,20250704,4,Outros,37.94
14179,20250704,5,Combustível,13935.1
14180,20250704,5,Manutenção,7351.79
14181,20250704,5,Pedágio,3498.85
14182,20250704,5,Motorista (Salário/Diária),5555.84
14183,20250704,5,Seguro,1910.9
14184,20250704,5,Outros,970.83
14185,20250705,1,Combustível,835.14
14186,20250705,1,Manutenção,413.51
14187,20250705,1,Pedágio,166.57
14188,20250705,1,Motorista (Salário/Diária),300.22
14189,20250705,1,Seguro,92.85
14190,20250705,1,Outros,54.72
14191,20250705,4,Combustível,975.2
14192,20250705,4,Manutenção,422.83
14193,20250705,4,Pedágio,226.12
14194,20250705,4,Motorista (Salário/Diária),439.25
14195,20250705,4,Seguro,118.9
14196,20250705,4,Outros,60.49
14197,20250705,5,Combustível,1160.25
14198,20250705,5,Manutenção,547.78
14199,20250705,5,Pedágio,230.64
14200,20250705,5,Motorista (Salário/Diária),366.31
14201,20250705,5,Seguro,114.41
14202,20250705,5,Outros,69.58
14203,20250706,1,Combustível,2171.97
14204,20250706,1,Manutenção,1044.96
14205,20250706,1,Pedágio,429.15
14206,20250706,1,Motorista (Salário/Diária),819.47
14207,20250706,1,Seguro,212.9
14208,20250706,1,Outros,137.71
14209,20250706,2,Combustível,2534.5
14210,20250706,2,Manutenção,863.29
14211,20250706,2,Pedágio,459.58
14212,20250706,2,Motorista (Salário/Diária),741.59
14213,20250706,2,Seguro,247.22
14214,20250706,2,Outros,174.78
14215,20250706,4,Combustível,2872.59
14216,20250706,4,Manutenção,1255.34
14217,20250706,4,Pedágio,625.11
14218,20250706,4,Motorista (Salário/Diária),1001.44
14219,20250706,4,Seguro,273.61
14220,20250706,4,Outros,206.04
14221,20250706,5,Combustível,2940.87
14222,20250706,5,Manutenção,1019.48
14223,20250706,5,Pedágio,623.76
14224,20250706,5,Motorista (Salário/Diária),941.83
14225,20250706,5,Seguro,296.74
14226,20250706,5,Outros,170.21
14227,20250707,1,Combustível,12621.64
14228,20250707,1,Manutenção,4528.86
14229,20250707,1,Pedágio,2509.92
14230,20250707,1,Motorista (Salário/Diária),4230.35
14231,20250707,1,Seguro,1070.83
14232,20250707,1,Outros,838.85
14233,20250707,2,Combustível,2084.68
14234,20250707,2,Manutenção,1002.52
14235,20250707,2,Pedágio,439.24
14236,20250707,2,Motorista (Salário/Diária),721.18
14237,20250707,2,Seguro,202.04
14238,20250707,2,Outros,144.64
14239,20250707,3,Combustível,622.31
14240,20250707,3,Manutenção,265.8
14241,20250707,3,Pedágio,118.6
14242,20250707,3,Motorista (Salário/Diária),237.93
14243,20250707,3,Seguro,55.39
14244,20250707,3,Outros,34.62
14245,20250707,4,Combustível,1537.02
14246,20250707,4,Manutenção,676.06
14247,20250707,4,Pedágio,334.86
14248,20250707,4,Motorista (Salário/Diária),561.58
14249,20250707,4,Seguro,169.91
14250,20250707,4,Outros,96.56
14251,20250707,5,Combustível,8684.73
14252,20250707,5,Manutenção,3553.03
14253,20250707,5,Pedágio,1861.19
14254,20250707,5,Motorista (Salário/Diária),3548.16
14255,20250707,5,Seguro,831.54
14256,20250707,5,Outros,487.66
14257,20250708,1,Combustível,4799.43
14258,20250708,1,Manutenção,2794.98
14259,20250708,1,Pedágio,1063.69
14260,20250708,1,Motorista (Salário/Diária),1788.16
14261,20250708,1,Seguro,616.74
14262,20250708,1,Outros,400.44
14263,20250708,2,Combustível,3253.61
14264,20250708,2,Manutenção,1360.95
14265,20250708,2,Pedágio,617.45
14266,20250708,2,Motorista (Salário/Diária),1179.97
14267,20250708,2,Seguro,343.35
14268,20250708,2,Outros,232.69
14269,20250708,3,Combustível,869.1
14270,20250708,3,Manutenção,445.95
14271,20250708,3,Pedágio,215.57
14272,20250708,3,Motorista (Salário/Diária),382.63
14273,20250708,3,Seguro,86.91
14274,20250708,3,Outros,64.91
14275,20250708,4,Combustível,13595.08
14276,20250708,4,Manutenção,7068.05
14277,20250708,4,Pedágio,3531.09
14278,20250708,4,Motorista (Salário/Diária),5880.28
14279,20250708,4,Seguro,1530.55
14280,20250708,4,Outros,921.2
14281,20250708,5,Combustível,14547.58
14282,20250708,5,Manutenção,5890.71
14283,20250708,5,Pedágio,2788.55
14284,20250708,5,Motorista (Salário/Diária),5020.14
14285,20250708,5,Seguro,1265.26
14286,20250708,5,Outros,882.91
14287,20250709,1,Combustível,12946.69
14288,20250709,1,Manutenção,4859.16
14289,20250709,1,Pedágio,2529.5
14290,20250709,1,Motorista (Salário/Diária),5174.1
14291,20250709,1,Seguro,1251.55
14292,20250709,1,Outros,833.87
14293,20250709,2,Combustível,2907.21
14294,20250709,2,Manutenção,1468.58
14295,20250709,2,Pedágio,670.94
14296,20250709,2,Motorista (Salário/Diária),1076.66
14297,20250709,2,Seguro,284.03
14298,20250709,2,Outros,190.99
14299,20250709,3,Combustível,1981.94
14300,20250709,3,Manutenção,789.17
14301,20250709,3,Pedágio,423.58
14302,20250709,3,Motorista (Salário/Diária),607.22
14303,20250709,3,Seguro,232.67
14304,20250709,3,Outros,119.21
14305,20250709,4,Combustível,426.65
14306,20250709,4,Manutenção,214.01
14307,20250709,4,Pedágio,96.88
14308,20250709,4,Motorista (Salário/Diária),181.9
14309,20250709,4,Seguro,47.23
14310,20250709,4,Outros,26.32
14311,20250709,5,Combustível,12160.41
14312,20250709,5,Manutenção,5072.61
14313,20250709,5,Pedágio,2338.22
14314,20250709,5,Motorista (Salário/Diária),4087.28
14315,20250709,5,Seguro,1239.74
14316,20250709,5,Outros,656.18
14317,20250710,1,Combustível,5560.82
14318,20250710,1,Manutenção,2590.39
14319,20250710,1,Pedágio,1459.2
14320,20250710,1,Motorista (Salário/Diária),2485.88
14321,20250710,1,Seguro,682.8
14322,20250710,1,Outros,394.18
14323,20250710,2,Combustível,5883.6
14324,20250710,2,Manutenção,2154.87
14325,20250710,2,Pedágio,1403.88
14326,20250710,2,Motorista (Salário/Diária),2315.34
14327,20250710,2,Seguro,572.31
14328,20250710,2,Outros,331.35
14329,20250710,3,Combustível,14697.7
14330,20250710,3,Manutenção,7010.73
14331,20250710,3,Pedágio,2897.27
14332,20250710,3,Motorista (Salário/Diária),5927.16
14333,20250710,3,Seguro,1729.34
14334,20250710,3,Outros,1051.42
14335,20250710,4,Combustível,7136.11
14336,20250710,4,Manutenção,4018.88
14337,20250710,4,Pedágio,1663.64
14338,20250710,4,Motorista (Salário/Diária),3058.94
14339,20250710,4,Seguro,936.89
14340,20250710,4,Outros,473.31
14341,20250710,5,Combustível,4568.65
14342,20250710,5,Manutenção,1962.04
14343,20250710,5,Pedágio,908.27
14344,20250710,5,Motorista (Salário/Diária),1806.81
14345,20250710,5,Seguro,405.43
14346,20250710,5,Outros,277.55
14347,20250711,1,Combustível,7230.14
14348,20250711,1,Manutenção,3459.07
14349,20250711,1,Pedágio,1727.27
14350,20250711,1,Motorista (Salário/Diária),3080.08
14351,20250711,1,Seguro,755.86
14352,20250711,1,Outros,583.31
14353,20250711,3,Combustível,890.68
14354,20250711,3,Manutenção,373.08
14355,20250711,3,Pedágio,192.69
14356,20250711,3,Motorista (Salário/Diária),329.56
14357,20250711,3,Seguro,114.28
14358,20250711,3,Outros,60.62
14359,20250711,4,Combustível,4914.49
14360,20250711,4,Manutenção,1903.17
14361,20250711,4,Pedágio,1068.82
14362,20250711,4,Motorista (Salário/Diária),1877.5
14363,20250711,4,Seguro,465.35
14364,20250711,4,Outros,337.17
14365,20250711,5,Combustível,11818.88
14366,20250711,5,Manutenção,5368.64
14367,20250711,5,Pedágio,2166.68
14368,20250711,5,Motorista (Salário/Diária),4202.77
14369,20250711,5,Seguro,1418.78
14370,20250711,5,Outros,822.84
14371,20250712,1,Combustível,913.25
14372,20250712,1,Manutenção,393.46
14373,20250712,1,Pedágio,228.23
14374,20250712,1,Motorista (Salário/Diária),366.12
14375,20250712,1,Seguro,103.01
14376,20250712,1,Outros,69.15
14377,20250712,3,Combustível,2428.13
14378,20250712,3,Manutenção,930.74
14379,20250712,3,Pedágio,522.92
14380,20250712,3,Motorista (Salário/Diária),718.52
14381,20250712,3,Seguro,257.3
14382,20250712,3,Outros,169.0
14383,20250712,5,Combustível,2013.53
14384,20250712,5,Manutenção,874.55
14385,20250712,5,Pedágio,427.5
14386,20250712,5,Motorista (Salário/Diária),825.25
14387,20250712,5,Seguro,220.2
14388,20250712,5,Outros,122.8
14389,20250713,1,Combustível,2279.42
14390,20250713,1,Manutenção,971.53
14391,20250713,1,Pedágio,639.74
14392,20250713,1,Motorista (Salário/Diária),929.53
14393,20250713,1,Seguro,252.02
14394,20250713,1,Outros,147.48
14395,20250713,3,Combustível,557.09
14396,20250713,3,Manutenção,256.93
14397,20250713,3,Pedágio,97.24
14398,20250713,3,Motorista (Salário/Diária),182.82
14399,20250713,3,Seguro,54.67
14400,20250713,3,Outros,31.03
14401,20250713,4,Combustível,3260.21
14402,20250713,4,Manutenção,1118.97
14403,20250713,4,Pedágio,674.47
14404,20250713,4,Motorista (Salário/Diária),1127.13
14405,20250713,4,Seguro,366.59
14406,20250713,4,Outros,165.74
14407,20250713,5,Combustível,1441.82
14408,20250713,5,Manutenção,703.72
14409,20250713,5,Pedágio,322.88
14410,20250713,5,Motorista (Salário/Diária),608.9
14411,20250713,5,Seguro,172.22
14412,20250713,5,Outros,116.29
14413,20250714,3,Combustível,3380.05
14414,20250714,3,Manutenção,1452.24
14415,20250714,3,Pedágio,743.74
14416,20250714,3,Motorista (Salário/Diária),1151.88
14417,20250714,3,Seguro,404.83
14418,20250714,3,Outros,220.9
14419,20250714,4,Combustível,5325.72
14420,20250714,4,Manutenção,2174.14
14421,20250714,4,Pedágio,945.33
14422,20250714,4,Motorista (Salário/Diária),1890.71
14423,20250714,4,Seguro,479.0
14424,20250714,4,Outros,289.53
14425,20250714,5,Combustível,10794.62
14426,20250714,5,Manutenção,4205.48
14427,20250714,5,Pedágio,2168.69
14428,20250714,5,Motorista (Salário/Diária),3721.39
14429,20250714,5,Seguro,1179.24
14430,20250714,5,Outros,678.27
14431,20250715,1,Combustível,5792.01
14432,20250715,1,Manutenção,2346.33
14433,20250715,1,Pedágio,1185.5
14434,20250715,1,Motorista (Salário/Diária),2473.33
14435,20250715,1,Seguro,578.26
14436,20250715,1,Outros,452.27
14437,20250715,2,Combustível,1544.18
14438,20250715,2,Manutenção,631.64
14439,20250715,2,Pedágio,304.6
14440,20250715,2,Motorista (Salário/Diária),567.03
14441,20250715,2,Seguro,152.53
14442,20250715,2,Outros,78.83
14443,20250715,3,Combustível,2223.52
14444,20250715,3,Manutenção,980.07
14445,20250715,3,Pedágio,502.46
14446,20250715,3,Motorista (Salário/Diária),787.23
14447,20250715,3,Seguro,249.35
14448,20250715,3,Outros,141.92
14449,20250715,4,Combustível,4649.73
14450,20250715,4,Manutenção,2164.76
14451,20250715,4,Pedágio,1291.66
14452,20250715,4,Motorista (Salário/Diária),1875.95
14453,20250715,4,Seguro,650.43
14454,20250715,4,Outros,358.8
14455,20250715,5,Combustível,10630.54
14456,20250715,5,Manutenção,4289.35
14457,20250715,5,Pedágio,2429.7
14458,20250715,5,Motorista (Salário/Diária),4000.95
14459,20250715,5,Seguro,1074.27
14460,20250715,5,Outros,721.39
14461,20250716,1,Combustível,5091.36
14462,20250716,1,Manutenção,2311.32
14463,20250716,1,Pedágio,1275.11
14464,20250716,1,Motorista (Salário/Diária),1906.92
14465,20250716,1,Seguro,561.53
14466,20250716,1,Outros,308.21
14467,20250716,2,Combustível,1326.53
14468,20250716,2,Manutenção,631.41
14469,20250716,2,Pedágio,282.64
14470,20250716,2,Motorista (Salário/Diária),486.64
14471,20250716,2,Seguro,176.36
14472,20250716,2,Outros,94.91
14473,20250716,4,Combustível,2824.5
14474,20250716,4,Manutenção,1181.45
14475,20250716,4,Pedágio,666.41
14476,20250716,4,Motorista (Salário/Diária),1244.48
14477,20250716,4,Seguro,303.13
14478,20250716,4,Outros,219.51
14479,20250716,5,Combustível,10763.25
14480,20250716,5,Manutenção,3847.43
14481,20250716,5,Pedágio,1972.67
14482,20250716,5,Motorista (Salário/Diária),3549.16
14483,20250716,5,Seguro,1173.44
14484,20250716,5,Outros,674.0
14485,20250717,1,Combustível,5346.77
14486,20250717,1,Manutenção,2565.51
14487,20250717,1,Pedágio,1232.06
14488,20250717,1,Motorista (Salário/Diária),2030.57
14489,20250717,1,Seguro,573.21
14490,20250717,1,Outros,310.54
14491,20250717,3,Combustível,3794.04
14492,20250717,3,Manutenção,1728.98
14493,20250717,3,Pedágio,788.43
14494,20250717,3,Motorista (Salário/Diária),1697.0
14495,20250717,3,Seguro,440.69
14496,20250717,3,Outros,267.67
14497,20250717,4,Combustível,5379.69
14498,20250717,4,Manutenção,2580.24
14499,20250717,4,Pedágio,1368.85
14500,20250717,4,Motorista (Salário/Diária),1838.07
14501,20250717,4,Seguro,684.95
14502,20250717,4,Outros,363.15
14503,20250717,5,Combustível,10049.74
14504,20250717,5,Manutenção,3924.86
14505,20250717,5,Pedágio,2285.32
14506,20250717,5,Motorista (Salário/Diária),3065.11
14507,20250717,5,Seguro,1030.28
14508,20250717,5,Outros,598.2
14509,20250718,1,Combustível,12267.92
14510,20250718,1,Manutenção,4430.35
14511,20250718,1,Pedágio,2755.01
14512,20250718,1,Motorista (Salário/Diária),4543.1
14513,20250718,1,Seguro,1221.63
14514,20250718,1,Outros,670.38
14515,20250718,2,Combustível,1541.15
14516,20250718,2,Manutenção,668.35
14517,20250718,2,Pedágio,357.54
14518,20250718,2,Motorista (Salário/Diária),478.55
14519,20250718,2,Seguro,141.04
14520,20250718,2,Outros,92.18
14521,20250718,3,Combustível,2002.55
14522,20250718,3,Manutenção,838.5
14523,20250718,3,Pedágio,343.93
14524,20250718,3,Motorista (Salário/Diária),738.27
14525,20250718,3,Seguro,173.58
14526,20250718,3,Outros,103.11
14527,20250718,4,Combustível,2933.2
14528,20250718,4,Manutenção,1279.21
14529,20250718,4,Pedágio,604.99
14530,20250718,4,Motorista (Salário/Diária),942.33
14531,20250718,4,Seguro,289.6
14532,20250718,4,Outros,198.86
14533,20250718,5,Combustível,3195.63
14534,20250718,5,Manutenção,1730.92
14535,20250718,5,Pedágio,767.95
14536,20250718,5,Motorista (Salário/Diária),1384.52
14537,20250718,5,Seguro,402.69
14538,20250718,5,Outros,279.1
14539,20250719,1,Combustível,4852.63
14540,20250719,1,Manutenção,2202.99
14541,20250719,1,Pedágio,911.7
14542,20250719,1,Motorista (Salário/Diária),1618.49
14543,20250719,1,Seguro,554.44
14544,20250719,1,Outros,272.74
14545,20250719,3,Combustível,2755.28
14546,20250719,3,Manutenção,1607.57
14547,20250719,3,Pedágio,697.3
14548,20250719,3,Motorista (Salário/Diária),1173.83
14549,20250719,3,Seguro,348.21
14550,20250719,3,Outros,193.64
14551,20250719,4,Combustível,1605.8
14552,20250719,4,Manutenção,702.94
14553,20250719,4,Pedágio,285.25
14554,20250719,4,Motorista (Salário/Diária),481.4
14555,20250719,4,Seguro,163.08
14556,20250719,4,Outros,109.7
14557,20250719,5,Combustível,427.68
14558,20250719,5,Manutenção,167.48
14559,20250719,5,Pedágio,93.79
14560,20250719,5,Motorista (Salário/Diária),148.49
14561,20250719,5,Seguro,51.6
14562,20250719,5,Outros,25.45
14563,20250720,1,Combustível,235.25
14564,20250720,1,Manutenção,87.06
14565,20250720,1,Pedágio,52.82
14566,20250720,1,Motorista (Salário/Diária),77.0
14567,20250720,1,Seguro,19.99
14568,20250720,1,Outros,15.88
14569,20250720,2,Combustível,351.71
14570,20250720,2,Manutenção,160.74
14571,20250720,2,Pedágio,61.0
14572,20250720,2,Motorista (Salário/Diária),104.9
14573,20250720,2,Seguro,31.16
14574,20250720,2,Outros,18.54
14575,20250720,4,Combustível,3411.54
14576,20250720,4,Manutenção,1776.18
14577,20250720,4,Pedágio,788.67
14578,20250720,4,Motorista (Salário/Diária),1694.49
14579,20250720,4,Seguro,465.27
14580,20250720,4,Outros,239.22
14581,20250720,5,Combustível,2918.81
14582,20250720,5,Manutenção,1508.71
14583,20250720,5,Pedágio,795.63
14584,20250720,5,Motorista (Salário/Diária),1368.05
14585,20250720,5,Seguro,372.21
14586,20250720,5,Outros,244.72
14587,20250721,1,Combustível,6895.29
14588,20250721,1,Manutenção,3043.07
14589,20250721,1,Pedágio,1617.07
14590,20250721,1,Motorista (Salário/Diária),2269.15
14591,20250721,1,Seguro,664.38
14592,20250721,1,Outros,433.26
14593,20250721,2,Combustível,3106.61
14594,20250721,2,Manutenção,1504.18
14595,20250721,2,Pedágio,676.64
14596,20250721,2,Motorista (Salário/Diária),1135.66
14597,20250721,2,Seguro,305.0
14598,20250721,2,Outros,220.6
14599,20250721,3,Combustível,4382.59
14600,20250721,3,Manutenção,1886.37
14601,20250721,3,Pedágio,861.04
14602,20250721,3,Motorista (Salário/Diária),1395.32
14603,20250721,3,Seguro,438.46
14604,20250721,3,Outros,283.45
14605,20250721,4,Combustível,5219.09
14606,20250721,4,Manutenção,2932.22
14607,20250721,4,Pedágio,1337.0
14608,20250721,4,Motorista (Salário/Diária),2412.36
14609,20250721,4,Seguro,699.11
14610,20250721,4,Outros,331.64
14611,20250721,5,Combustível,15273.32
14612,20250721,5,Manutenção,6879.53
14613,20250721,5,Pedágio,3367.45
14614,20250721,5,Motorista (Salário/Diária),4908.1
14615,20250721,5,Seguro,1385.65
14616,20250721,5,Outros,872.04
14617,20250722,1,Combustível,13796.7
14618,20250722,1,Manutenção,5456.17
14619,20250722,1,Pedágio,3013.19
14620,20250722,1,Motorista (Salário/Diária),4211.19
14621,20250722,1,Seguro,1493.13
14622,20250722,1,Outros,703.45
14623,20250722,2,Combustível,2106.0
14624,20250722,2,Manutenção,1038.0
14625,20250722,2,Pedágio,446.92
14626,20250722,2,Motorista (Salário/Diária),706.33
14627,20250722,2,Seguro,231.71
14628,20250722,2,Outros,158.79
14629,20250722,3,Combustível,8419.89
14630,20250722,3,Manutenção,3789.24
14631,20250722,3,Pedágio,2037.45
14632,20250722,3,Motorista (Salário/Diária),3200.75
14633,20250722,3,Seguro,1046.15
14634,20250722,3,Outros,657.44
14635,20250722,4,Combustível,3347.97
14636,20250722,4,Manutenção,1321.57
14637,20250722,4,Pedágio,580.89
14638,20250722,4,Motorista (Salário/Diária),1177.82
14639,20250722,4,Seguro,347.05
14640,20250722,4,Outros,210.95
14641,20250722,5,Combustível,19830.96
14642,20250722,5,Manutenção,8232.55
14643,20250722,5,Pedágio,3903.68
14644,20250722,5,Motorista (Salário/Diária),7122.54
14645,20250722,5,Seguro,1858.28
14646,20250722,5,Outros,1364.63
14647,20250723,1,Combustível,18772.37
14648,20250723,1,Manutenção,6569.53
14649,20250723,1,Pedágio,4082.45
14650,20250723,1,Motorista (Salário/Diária),6750.09
14651,20250723,1,Seguro,2139.61
14652,20250723,1,Outros,1075.35
14653,20250723,2,Combustível,366.82
14654,20250723,2,Manutenção,174.72
14655,20250723,2,Pedágio,103.54
14656,20250723,2,Motorista (Salário/Diária),135.15
14657,20250723,2,Seguro,43.49
14658,20250723,2,Outros,23.87
14659,20250723,3,Combustível,1767.98
14660,20250723,3,Manutenção,716.18
14661,20250723,3,Pedágio,339.22
14662,20250723,3,Motorista (Salário/Diária),599.12
14663,20250723,3,Seguro,150.69
14664,20250723,3,Outros,107.3
14665,20250723,4,Combustível,3657.87
14666,20250723,4,Manutenção,1454.29
14667,20250723,4,Pedágio,737.63
14668,20250723,4,Motorista (Salário/Diária),1573.14
14669,20250723,4,Seguro,418.3
14670,20250723,4,Outros,258.09
14671,20250723,5,Combustível,2035.2
14672,20250723,5,Manutenção,1025.63
14673,20250723,5,Pedágio,461.95
14674,20250723,5,Motorista (Salário/Diária),782.4
14675,20250723,5,Seguro,271.36
14676,20250723,5,Outros,169.2
14677,20250724,1,Combustível,6927.21
14678,20250724,1,Manutenção,2636.29
14679,20250724,1,Pedágio,1264.36
14680,20250724,1,Motorista (Salário/Diária),2524.44
14681,20250724,1,Seguro,664.92
14682,20250724,1,Outros,375.24
14683,20250724,2,Combustível,1381.4
14684,20250724,2,Manutenção,644.51
14685,20250724,2,Pedágio,279.45
14686,20250724,2,Motorista (Salário/Diária),582.67
14687,20250724,2,Seguro,150.61
14688,20250724,2,Outros,96.97
14689,20250724,4,Combustível,8978.23
14690,20250724,4,Manutenção,3723.89
14691,20250724,4,Pedágio,1663.68
14692,20250724,4,Motorista (Salário/Diária),2823.24
14693,20250724,4,Seguro,903.69
14694,20250724,4,Outros,456.1
14695,20250724,5,Combustível,18090.58
14696,20250724,5,Manutenção,8778.87
14697,20250724,5,Pedágio,4450.92
14698,20250724,5,Motorista (Salário/Diária),7271.18
14699,20250724,5,Seguro,2329.53
14700,20250724,5,Outros,1331.51
14701,20250725,1,Combustível,9795.13
14702,20250725,1,Manutenção,4025.16
14703,20250725,1,Pedágio,2252.95
14704,20250725,1,Motorista (Salário/Diária),3531.54
14705,20250725,1,Seguro,961.15
14706,20250725,1,Outros,676.47
14707,20250725,2,Combustível,1857.05
14708,20250725,2,Manutenção,846.15
14709,20250725,2,Pedágio,459.43
14710,20250725,2,Motorista (Salário/Diária),605.41
14711,20250725,2,Seguro,219.16
14712,20250725,2,Outros,106.0
14713,20250725,3,Combustível,8034.84
14714,20250725,3,Manutenção,3241.78
14715,20250725,3,Pedágio,2028.45
14716,20250725,3,Motorista (Salário/Diária),3116.51
14717,20250725,3,Seguro,823.95
14718,20250725,3,Outros,586.45
14719,20250725,4,Combustível,7562.22
14720,20250725,4,Manutenção,2647.66
14721,20250725,4,Pedágio,1416.25
14722,20250725,4,Motorista (Salário/Diária),2563.62
14723,20250725,4,Seguro,784.85
14724,20250725,4,Outros,411.58
14725,20250725,5,Combustível,8927.54
14726,20250725,5,Manutenção,4346.62
14727,20250725,5,Pedágio,2207.2
14728,20250725,5,Motorista (Salário/Diária),3068.1
14729,20250725,5,Seguro,1006.07
14730,20250725,5,Outros,599.82
14731,20250726,1,Combustível,2766.16
14732,20250726,1,Manutenção,1349.44
14733,20250726,1,Pedágio,545.77
14734,20250726,1,Motorista (Salário/Diária),1080.39
14735,20250726,1,Seguro,283.45
14736,20250726,1,Outros,186.16
14737,20250726,2,Combustível,779.95
14738,20250726,2,Manutenção,366.22
14739,20250726,2,Pedágio,163.31
14740,20250726,2,Motorista (Salário/Diária),305.13
14741,20250726,2,Seguro,79.71
14742,20250726,2,Outros,53.18
14743,20250726,4,Combustível,958.13
14744,20250726,4,Manutenção,331.83
14745,20250726,4,Pedágio,185.58
14746,20250726,4,Motorista (Salário/Diária),282.59
14747,20250726,4,Seguro,83.37
14748,20250726,4,Outros,53.26
14749,20250726,5,Combustível,533.71
14750,20250726,5,Manutenção,202.32
14751,20250726,5,Pedágio,116.99
14752,20250726,5,Motorista (Salário/Diária),176.76
14753,20250726,5,Seguro,53.38
14754,20250726,5,Outros,27.44
14755,20250727,3,Combustível,1450.35
14756,20250727,3,Manutenção,668.4
14757,20250727,3,Pedágio,342.46
14758,20250727,3,Motorista (Salário/Diária),633.28
14759,20250727,3,Seguro,163.11
14760,20250727,3,Outros,119.88
14761,20250727,5,Combustível,3277.11
14762,20250727,5,Manutenção,1274.15
14763,20250727,5,Pedágio,683.33
14764,20250727,5,Motorista (Salário/Diária),990.83
14765,20250727,5,Seguro,304.92
14766,20250727,5,Outros,190.25
14767,20250728,1,Combustível,8787.71
14768,20250728,1,Manutenção,3761.95
14769,20250728,1,Pedágio,1609.23
14770,20250728,1,Motorista (Salário/Diária),2901.74
14771,20250728,1,Seguro,954.93
14772,20250728,1,Outros,505.02
14773,20250728,2,Combustível,6170.12
14774,20250728,2,Manutenção,2330.51
14775,20250728,2,Pedágio,1464.61
14776,20250728,2,Motorista (Salário/Diária),2106.34
14777,20250728,2,Seguro,642.44
14778,20250728,2,Outros,384.1
14779,20250728,3,Combustível,5020.66
14780,20250728,3,Manutenção,2456.47
14781,20250728,3,Pedágio,1183.31
14782,20250728,3,Motorista (Salário/Diária),2096.68
14783,20250728,3,Seguro,522.51
14784,20250728,3,Outros,315.55
14785,20250728,4,Combustível,4893.02
14786,20250728,4,Manutenção,2043.5
14787,20250728,4,Pedágio,1040.67
14788,20250728,4,Motorista (Salário/Diária),1936.3
14789,20250728,4,Seguro,502.42
14790,20250728,4,Outros,348.4
14791,20250728,5,Combustível,6775.82
14792,20250728,5,Manutenção,3876.56
14793,20250728,5,Pedágio,1799.21
14794,20250728,5,Motorista (Salário/Diária),2506.52
14795,20250728,5,Seguro,782.16
14796,20250728,5,Outros,577.85
14797,20250729,1,Combustível,13062.87
14798,20250729,1,Manutenção,6134.57
14799,20250729,1,Pedágio,2749.23
14800,20250729,1,Motorista (Salário/Diária),5374.86
14801,20250729,1,Seguro,1370.03
14802,20250729,1,Outros,749.47
14803,20250729,2,Combustível,1692.24
14804,20250729,2,Manutenção,877.92
14805,20250729,2,Pedágio,460.98
14806,20250729,2,Motorista (Salário/Diária),730.32
14807,20250729,2,Seguro,235.57
14808,20250729,2,Outros,134.46
14809,20250729,3,Combustível,9543.95
14810,20250729,3,Manutenção,3705.28
14811,20250729,3,Pedágio,2042.34
14812,20250729,3,Motorista (Salário/Diária),2775.54
14813,20250729,3,Seguro,997.11
14814,20250729,3,Outros,636.33
14815,20250729,4,Combustível,3838.97
14816,20250729,4,Manutenção,1891.83
14817,20250729,4,Pedágio,871.11
14818,20250729,4,Motorista (Salário/Diária),1476.18
14819,20250729,4,Seguro,459.41
14820,20250729,4,Outros,297.01
14821,20250729,5,Combustível,10800.92
14822,20250729,5,Manutenção,4635.5
14823,20250729,5,Pedágio,2208.32
14824,20250729,5,Motorista (Salário/Diária),4322.0
14825,20250729,5,Seguro,1004.39
14826,20250729,5,Outros,740.91
14827,20250730,1,Combustível,6608.3
14828,20250730,1,Manutenção,2556.64
14829,20250730,1,Pedágio,1450.53
14830,20250730,1,Motorista (Salário/Diária),2451.61
14831,20250730,1,Seguro,830.32
14832,20250730,1,Outros,383.05
14833,20250730,2,Combustível,4960.32
14834,20250730,2,Manutenção,1928.91
14835,20250730,2,Pedágio,888.24
14836,20250730,2,Motorista (Salário/Diária),1832.2
14837,20250730,2,Seguro,509.96
14838,20250730,2,Outros,316.92
14839,20250730,3,Combustível,482.53
14840,20250730,3,Manutenção,215.3
14841,20250730,3,Pedágio,100.64
14842,20250730,3,Motorista (Salário/Diária),173.13
14843,20250730,3,Seguro,51.28
14844,20250730,3,Outros,26.1
14845,20250730,4,Combustível,4025.84
14846,20250730,4,Manutenção,1409.19
14847,20250730,4,Pedágio,770.69
14848,20250730,4,Motorista (Salário/Diária),1216.32
14849,20250730,4,Seguro,453.34
14850,20250730,4,Outros,241.6
14851,20250730,5,Combustível,11881.0
14852,20250730,5,Manutenção,5802.83
14853,20250730,5,Pedágio,2690.12
14854,20250730,5,Motorista (Salário/Diária),5503.42
14855,20250730,5,Seguro,1548.71
14856,20250730,5,Outros,851.41
14857,20250731,1,Combustível,7384.63
14858,20250731,1,Manutenção,2678.04
14859,20250731,1,Pedágio,1718.91
14860,20250731,1,Motorista (Salário/Diária),2749.91
14861,20250731,1,Seguro,860.66
14862,20250731,1,Outros,514.07
14863,20250731,2,Combustível,2527.96
14864,20250731,2,Manutenção,920.69
14865,20250731,2,Pedágio,545.97
14866,20250731,2,Motorista (Salário/Diária),723.09
14867,20250731,2,Seguro,268.7
14868,20250731,2,Outros,126.04
14869,20250731,3,Combustível,3846.81
14870,20250731,3,Manutenção,1717.08
14871,20250731,3,Pedágio,746.5
14872,20250731,3,Motorista (Salário/Diária),1351.18
14873,20250731,3,Seguro,356.59
14874,20250731,3,Outros,259.12
14875,20250731,4,Combustível,3332.48
14876,20250731,4,Manutenção,1410.38
14877,20250731,4,Pedágio,853.65
14878,20250731,4,Motorista (Salário/Diária),1442.11
14879,20250731,4,Seguro,373.2
14880,20250731,4,Outros,240.34
14881,20250731,5,Combustível,18150.61
14882,20250731,5,Manutenção,8665.55
14883,20250731,5,Pedágio,3936.47
14884,20250731,5,Motorista (Salário/Diária),6248.74
14885,20250731,5,Seguro,2169.19
14886,20250731,5,Outros,1234.6
14887,20250801,1,Combustível,4786.55
14888,20250801,1,Manutenção,2157.27
14889,20250801,1,Pedágio,951.98
14890,20250801,1,Motorista (Salário/Diária),2042.6
14891,20250801,1,Seguro,476.52
14892,20250801,1,Outros,368.21
14893,20250801,2,Combustível,6247.63
14894,20250801,2,Manutenção,2248.48
14895,20250801,2,Pedágio,1314.46
14896,20250801,2,Motorista (Salário/Diária),2084.99
14897,20250801,2,Seguro,539.22
14898,20250801,2,Outros,324.96
14899,20250801,4,Combustível,2700.03
14900,20250801,4,Manutenção,978.21
14901,20250801,4,Pedágio,575.3
14902,20250801,4,Motorista (Salário/Diária),968.13
14903,20250801,4,Seguro,251.44
14904,20250801,4,Outros,150.1
14905,20250801,5,Combustível,8057.73
14906,20250801,5,Manutenção,3615.06
14907,20250801,5,Pedágio,1867.01
14908,20250801,5,Motorista (Salário/Diária),2696.76
14909,20250801,5,Seguro,968.86
14910,20250801,5,Outros,531.58
14911,20250802,1,Combustível,1184.92
14912,20250802,1,Manutenção,529.7
14913,20250802,1,Pedágio,208.5
14914,20250802,1,Motorista (Salário/Diária),387.05
14915,20250802,1,Seguro,123.16
14916,20250802,1,Outros,59.53
14917,20250802,3,Combustível,160.56
14918,20250802,3,Manutenção,73.17
14919,20250802,3,Pedágio,35.45
14920,20250802,3,Motorista (Salário/Diária),69.79
14921,20250802,3,Seguro,20.44
14922,20250802,3,Outros,10.55
14923,20250802,4,Combustível,2534.95
14924,20250802,4,Manutenção,1156.38
14925,20250802,4,Pedágio,602.5
14926,20250802,4,Motorista (Salário/Diária),784.91
14927,20250802,4,Seguro,267.17
14928,20250802,4,Outros,147.86
14929,20250802,5,Combustível,1150.6
14930,20250802,5,Manutenção,502.19
14931,20250802,5,Pedágio,258.99
14932,20250802,5,Motorista (Salário/Diária),463.62
14933,20250802,5,Seguro,106.46
14934,20250802,5,Outros,73.92
14935,20250803,1,Combustível,2450.49
14936,20250803,1,Manutenção,1010.4
14937,20250803,1,Pedágio,617.75
14938,20250803,1,Motorista (Salário/Diária),1048.78
14939,20250803,1,Seguro,328.91
14940,20250803,1,Outros,147.1
14941,20250803,2,Combustível,1036.45
14942,20250803,2,Manutenção,441.76
14943,20250803,2,Pedágio,222.85
14944,20250803,2,Motorista (Salário/Diária),387.06
14945,20250803,2,Seguro,142.25
14946,20250803,2,Outros,72.6
14947,20250803,3,Combustível,4737.23
14948,20250803,3,Manutenção,2107.49
14949,20250803,3,Pedágio,1031.94
14950,20250803,3,Motorista (Salário/Diária),1466.8
14951,20250803,3,Seguro,448.16
14952,20250803,3,Outros,276.59
14953,20250803,4,Combustível,1894.96
14954,20250803,4,Manutenção,761.86
14955,20250803,4,Pedágio,437.89
14956,20250803,4,Motorista (Salário/Diária),790.98
14957,20250803,4,Seguro,226.77
14958,20250803,4,Outros,122.6
14959,20250803,5,Combustível,2913.65
14960,20250803,5,Manutenção,1238.33
14961,20250803,5,Pedágio,656.24
14962,20250803,5,Motorista (Salário/Diária),1005.87
14963,20250803,5,Seguro,350.69
14964,20250803,5,Outros,223.3
14965,20250804,1,Combustível,9493.82
14966,20250804,1,Manutenção,4548.3
14967,20250804,1,Pedágio,2465.94
14968,20250804,1,Motorista (Salário/Diária),3815.53
14969,20250804,1,Seguro,1276.44
14970,20250804,1,Outros,797.39
14971,20250804,2,Combustível,8272.02
14972,20250804,2,Manutenção,3469.65
14973,20250804,2,Pedágio,1604.92
14974,20250804,2,Motorista (Salário/Diária),3175.48
14975,20250804,2,Seguro,789.61
14976,20250804,2,Outros,456.76
14977,20250804,3,Combustível,4885.73
14978,20250804,3,Manutenção,2069.17
14979,20250804,3,Pedágio,1033.88
14980,20250804,3,Motorista (Salário/Diária),1963.99
14981,20250804,3,Seguro,494.86
14982,20250804,3,Outros,318.22
14983,20250804,4,Combustível,3915.79
14984,20250804,4,Manutenção,2088.12
14985,20250804,4,Pedágio,1067.88
14986,20250804,4,Motorista (Salário/Diária),1843.7
14987,20250804,4,Seguro,581.38
14988,20250804,4,Outros,287.42
14989,20250804,5,Combustível,9561.69
14990,20250804,5,Manutenção,3832.37
14991,20250804,5,Pedágio,1897.56
14992,20250804,5,Motorista (Salário/Diária),3621.64
14993,20250804,5,Seguro,1010.61
14994,20250804,5,Outros,573.73
14995,20250805,1,Combustível,6018.58
14996,20250805,1,Manutenção,2554.25
14997,20250805,1,Pedágio,1065.37
14998,20250805,1,Motorista (Salário/Diária),1772.9
14999,20250805,1,Seguro,601.59
15000,20250805,1,Outros,350.67
15001,20250805,2,Combustível,2313.82
15002,20250805,2,Manutenção,1239.5
15003,20250805,2,Pedágio,604.74
15004,20250805,2,Motorista (Salário/Diária),1099.07
15005,20250805,2,Seguro,335.29
15006,20250805,2,Outros,202.18
15007,20250805,3,Combustível,3348.43
15008,20250805,3,Manutenção,1677.76
15009,20250805,3,Pedágio,723.32
15010,20250805,3,Motorista (Salário/Diária),1441.12
15011,20250805,3,Seguro,406.2
15012,20250805,3,Outros,247.0
15013,20250805,4,Combustível,4316.67
15014,20250805,4,Manutenção,2385.04
15015,20250805,4,Pedágio,1088.7
15016,20250805,4,Motorista (Salário/Diária),1542.18
15017,20250805,4,Seguro,571.32
15018,20250805,4,Outros,319.13
15019,20250805,5,Combustível,5299.37
15020,20250805,5,Manutenção,2412.27
15021,20250805,5,Pedágio,1113.09
15022,20250805,5,Motorista (Salário/Diária),1611.45
15023,20250805,5,Seguro,528.17
15024,20250805,5,Outros,281.83
15025,20250806,1,Combustível,11440.85
15026,20250806,1,Manutenção,4496.38
15027,20250806,1,Pedágio,2301.31
15028,20250806,1,Motorista (Salário/Diária),4514.13
15029,20250806,1,Seguro,1196.36
15030,20250806,1,Outros,664.59
15031,20250806,2,Combustível,354.05
15032,20250806,2,Manutenção,192.53
15033,20250806,2,Pedágio,93.93
15034,20250806,2,Motorista (Salário/Diária),174.15
15035,20250806,2,Seguro,44.49
15036,20250806,2,Outros,26.98
15037,20250806,3,Combustível,1938.95
15038,20250806,3,Manutenção,891.92
15039,20250806,3,Pedágio,365.49
15040,20250806,3,Motorista (Salário/Diária),702.5
15041,20250806,3,Seguro,198.62
15042,20250806,3,Outros,106.55
15043,20250806,4,Combustível,7210.66
15044,20250806,4,Manutenção,3108.46
15045,20250806,4,Pedágio,1489.98
15046,20250806,4,Motorista (Salário/Diária),2342.37
15047,20250806,4,Seguro,606.71
15048,20250806,4,Outros,454.38
15049,20250806,5,Combustível,12793.32
15050,20250806,5,Manutenção,6521.17
15051,20250806,5,Pedágio,2825.84
15052,20250806,5,Motorista (Salário/Diária),5580.21
15053,20250806,5,Seguro,1284.63
15054,20250806,5,Outros,931.69
15055,20250807,1,Combustível,7039.81
15056,20250807,1,Manutenção,3290.22
15057,20250807,1,Pedágio,1360.04
15058,20250807,1,Motorista (Salário/Diária),2388.66
15059,20250807,1,Seguro,721.42
15060,20250807,1,Outros,452.73
15061,20250807,2,Combustível,1590.85
15062,20250807,2,Manutenção,673.44
15063,20250807,2,Pedágio,355.11
15064,20250807,2,Motorista (Salário/Diária),497.37
15065,20250807,2,Seguro,175.42
15066,20250807,2,Outros,84.24
15067,20250807,3,Combustível,4156.6
15068,20250807,3,Manutenção,2350.76
15069,20250807,3,Pedágio,1076.46
15070,20250807,3,Motorista (Salário/Diária),1772.2
15071,20250807,3,Seguro,617.47
15072,20250807,3,Outros,302.08
15073,20250807,4,Combustível,2492.67
15074,20250807,4,Manutenção,1200.67
15075,20250807,4,Pedágio,557.56
15076,20250807,4,Motorista (Salário/Diária),950.37
15077,20250807,4,Seguro,299.06
15078,20250807,4,Outros,213.54
15079,20250807,5,Combustível,5652.04
15080,20250807,5,Manutenção,2113.37
15081,20250807,5,Pedágio,1258.67
15082,20250807,5,Motorista (Salário/Diária),2185.98
15083,20250807,5,Seguro,559.15
15084,20250807,5,Outros,378.68
15085,20250808,1,Combustível,11348.9
15086,20250808,1,Manutenção,4066.68
15087,20250808,1,Pedágio,2337.66
15088,20250808,1,Motorista (Salário/Diária),3903.73
15089,20250808,1,Seguro,1105.74
15090,20250808,1,Outros,786.03
15091,20250808,2,Combustível,3168.09
15092,20250808,2,Manutenção,1447.56
15093,20250808,2,Pedágio,719.82
15094,20250808,2,Motorista (Salário/Diária),1286.15
15095,20250808,2,Seguro,387.88
15096,20250808,2,Outros,186.19
15097,20250808,3,Combustível,3238.49
15098,20250808,3,Manutenção,1420.36
15099,20250808,3,Pedágio,683.61
15100,20250808,3,Motorista (Salário/Diária),1299.16
15101,20250808,3,Seguro,340.56
15102,20250808,3,Outros,184.54
15103,20250808,4,Combustível,1004.68
15104,20250808,4,Manutenção,433.58
15105,20250808,4,Pedágio,258.71
15106,20250808,4,Motorista (Salário/Diária),343.75
15107,20250808,4,Seguro,111.86
15108,20250808,4,Outros,62.73
15109,20250808,5,Combustível,3761.74
15110,20250808,5,Manutenção,1704.74
15111,20250808,5,Pedágio,856.24
15112,20250808,5,Motorista (Salário/Diária),1616.3
15113,20250808,5,Seguro,456.23
15114,20250808,5,Outros,278.78
15115,20250809,1,Combustível,997.12
15116,20250809,1,Manutenção,567.95
15117,20250809,1,Pedágio,277.69
15118,20250809,1,Motorista (Salário/Diária),398.19
15119,20250809,1,Seguro,115.58
15120,20250809,1,Outros,79.11
15121,20250809,3,Combustível,4973.97
15122,20250809,3,Manutenção,2185.37
15123,20250809,3,Pedágio,1141.22
15124,20250809,3,Motorista (Salário/Diária),2175.75
15125,20250809,3,Seguro,575.2
15126,20250809,3,Outros,374.45
15127,20250809,4,Combustível,277.88
15128,20250809,4,Manutenção,136.0
15129,20250809,4,Pedágio,81.44
15130,20250809,4,Motorista (Salário/Diária),132.09
15131,20250809,4,Seguro,31.18
15132,20250809,4,Outros,24.85
15133,20250809,5,Combustível,2280.18
15134,20250809,5,Manutenção,868.87
15135,20250809,5,Pedágio,524.19
15136,20250809,5,Motorista (Salário/Diária),853.09
15137,20250809,5,Seguro,225.24
15138,20250809,5,Outros,149.95
15139,20250810,1,Combustível,802.78
15140,20250810,1,Manutenção,360.91
15141,20250810,1,Pedágio,159.36
15142,20250810,1,Motorista (Salário/Diária),252.24
15143,20250810,1,Seguro,83.14
15144,20250810,1,Outros,45.25
15145,20250810,2,Combustível,1139.21
15146,20250810,2,Manutenção,436.22
15147,20250810,2,Pedágio,210.19
15148,20250810,2,Motorista (Salário/Diária),372.44
15149,20250810,2,Seguro,114.66
15150,20250810,2,Outros,70.53
15151,20250810,3,Combustível,1546.15
15152,20250810,3,Manutenção,699.53
15153,20250810,3,Pedágio,424.89
15154,20250810,3,Motorista (Salário/Diária),562.72
15155,20250810,3,Seguro,182.14
15156,20250810,3,Outros,112.36
15157,20250810,4,Combustível,2100.48
15158,20250810,4,Manutenção,1024.87
15159,20250810,4,Pedágio,513.63
15160,20250810,4,Motorista (Salário/Diária),885.78
15161,20250810,4,Seguro,271.9
15162,20250810,4,Outros,164.81
15163,20250810,5,Combustível,3078.42
15164,20250810,5,Manutenção,1753.29
15165,20250810,5,Pedágio,816.94
15166,20250810,5,Motorista (Salário/Diária),1473.95
15167,20250810,5,Seguro,440.18
15168,20250810,5,Outros,237.21
15169,20250811,1,Combustível,9542.11
15170,20250811,1,Manutenção,4310.36
15171,20250811,1,Pedágio,2496.13
15172,20250811,1,Motorista (Salário/Diária),3518.67
15173,20250811,1,Seguro,1198.67
15174,20250811,1,Outros,600.05
15175,20250811,2,Combustível,8678.65
15176,20250811,2,Manutenção,4010.33
15177,20250811,2,Pedágio,2055.06
15178,20250811,2,Motorista (Salário/Diária),3743.49
15179,20250811,2,Seguro,1037.2
15180,20250811,2,Outros,632.77
15181,20250811,3,Combustível,6805.97
15182,20250811,3,Manutenção,3588.47
15183,20250811,3,Pedágio,1705.05
15184,20250811,3,Motorista (Salário/Diária),2549.11
15185,20250811,3,Seguro,924.01
15186,20250811,3,Outros,492.3
15187,20250811,5,Combustível,7026.6
15188,20250811,5,Manutenção,2830.62
15189,20250811,5,Pedágio,1525.22
15190,20250811,5,Motorista (Salário/Diária),2692.39
15191,20250811,5,Seguro,690.2
15192,20250811,5,Outros,379.61
15193,20250812,1,Combustível,7391.5
15194,20250812,1,Manutenção,3656.69
15195,20250812,1,Pedágio,1524.1
15196,20250812,1,Motorista (Salário/Diária),3013.39
15197,20250812,1,Seguro,753.89
15198,20250812,1,Outros,445.0
15199,20250812,2,Combustível,1753.95
15200,20250812,2,Manutenção,646.36
15201,20250812,2,Pedágio,353.94
15202,20250812,2,Motorista (Salário/Diária),508.82
15203,20250812,2,Seguro,166.66
15204,20250812,2,Outros,100.21
15205,20250812,3,Combustível,2591.29
15206,20250812,3,Manutenção,1141.03
15207,20250812,3,Pedágio,554.12
15208,20250812,3,Motorista (Salário/Diária),862.59
15209,20250812,3,Seguro,245.53
15210,20250812,3,Outros,197.11
15211,20250812,4,Combustível,3221.72
15212,20250812,4,Manutenção,1155.82
15213,20250812,4,Pedágio,712.75
15214,20250812,4,Motorista (Salário/Diária),922.94
15215,20250812,4,Seguro,323.3
15216,20250812,4,Outros,187.77
15217,20250812,5,Combustível,7353.38
15218,20250812,5,Manutenção,3512.75
15219,20250812,5,Pedágio,1778.58
15220,20250812,5,Motorista (Salário/Diária),2651.31
15221,20250812,5,Seguro,815.71
15222,20250812,5,Outros,444.03
15223,20250813,1,Combustível,7302.74
15224,20250813,1,Manutenção,3011.18
15225,20250813,1,Pedágio,1282.68
15226,20250813,1,Motorista (Salário/Diária),2460.26
15227,20250813,1,Seguro,683.09
15228,20250813,1,Outros,480.85
15229,20250813,2,Combustível,4061.66
15230,20250813,2,Manutenção,1879.38
15231,20250813,2,Pedágio,1005.32
15232,20250813,2,Motorista (Salário/Diária),1819.65
15233,20250813,2,Seguro,446.89
15234,20250813,2,Outros,307.55
15235,20250813,3,Combustível,5378.0
15236,20250813,3,Manutenção,2627.61
15237,20250813,3,Pedágio,1271.91
15238,20250813,3,Motorista (Salário/Diária),1782.61
15239,20250813,3,Seguro,588.05
15240,20250813,3,Outros,398.75
15241,20250813,4,Combustível,2823.26
15242,20250813,4,Manutenção,1388.83
15243,20250813,4,Pedágio,653.15
15244,20250813,4,Motorista (Salário/Diária),1027.11
15245,20250813,4,Seguro,366.34
15246,20250813,4,Outros,202.37
15247,20250813,5,Combustível,5931.92
15248,20250813,5,Manutenção,2962.21
15249,20250813,5,Pedágio,1482.4
15250,20250813,5,Motorista (Salário/Diária),2413.22
15251,20250813,5,Seguro,717.28
15252,20250813,5,Outros,491.77
15253,20250814,1,Combustível,7818.09
15254,20250814,1,Manutenção,3646.87
15255,20250814,1,Pedágio,2085.36
15256,20250814,1,Motorista (Salário/Diária),3289.04
15257,20250814,1,Seguro,928.99
15258,20250814,1,Outros,570.06
15259,20250814,3,Combustível,6638.39
15260,20250814,3,Manutenção,3293.0
15261,20250814,3,Pedágio,1447.61
15262,20250814,3,Motorista (Salário/Diária),2328.27
15263,20250814,3,Seguro,650.43
15264,20250814,3,Outros,477.97
15265,20250814,4,Combustível,10756.33
15266,20250814,4,Manutenção,4308.74
15267,20250814,4,Pedágio,1945.06
15268,20250814,4,Motorista (Salário/Diária),3822.79
15269,20250814,4,Seguro,967.12
15270,20250814,4,Outros,688.3
15271,20250814,5,Combustível,12550.61
15272,20250814,5,Manutenção,5230.62
15273,20250814,5,Pedágio,2627.26
15274,20250814,5,Motorista (Salário/Diária),3634.28
15275,20250814,5,Seguro,1343.08
15276,20250814,5,Outros,841.14
15277,20250815,1,Combustível,4209.39
15278,20250815,1,Manutenção,1624.15
15279,20250815,1,Pedágio,917.12
15280,20250815,1,Motorista (Salário/Diária),1342.31
15281,20250815,1,Seguro,506.49
15282,20250815,1,Outros,266.99
15283,20250815,3,Combustível,1006.49
15284,20250815,3,Manutenção,404.48
15285,20250815,3,Pedágio,245.0
15286,20250815,3,Motorista (Salário/Diária),414.49
15287,20250815,3,Seguro,102.58
15288,20250815,3,Outros,68.31
15289,20250815,4,Combustível,8782.1
15290,20250815,4,Manutenção,3717.27
15291,20250815,4,Pedágio,1844.12
15292,20250815,4,Motorista (Salário/Diária),3082.37
15293,20250815,4,Seguro,1062.4
15294,20250815,4,Outros,565.58
15295,20250815,5,Combustível,2424.99
15296,20250815,5,Manutenção,946.39
15297,20250815,5,Pedágio,470.55
15298,20250815,5,Motorista (Salário/Diária),825.54
15299,20250815,5,Seguro,262.08
15300,20250815,5,Outros,144.89
15301,20250816,1,Combustível,507.78
15302,20250816,1,Manutenção,226.46
15303,20250816,1,Pedágio,102.43
15304,20250816,1,Motorista (Salário/Diária),182.71
15305,20250816,1,Seguro,45.41
15306,20250816,1,Outros,31.33
15307,20250816,2,Combustível,1721.65
15308,20250816,2,Manutenção,648.58
15309,20250816,2,Pedágio,294.32
15310,20250816,2,Motorista (Salário/Diária),552.68
15311,20250816,2,Seguro,149.74
15312,20250816,2,Outros,98.05
15313,20250816,4,Combustível,2521.85
15314,20250816,4,Manutenção,950.21
15315,20250816,4,Pedágio,581.25
15316,20250816,4,Motorista (Salário/Diária),1005.36
15317,20250816,4,Seguro,257.77
15318,20250816,4,Outros,159.64
15319,20250816,5,Combustível,4876.75
15320,20250816,5,Manutenção,2558.94
15321,20250816,5,Pedágio,1295.67
15322,20250816,5,Motorista (Salário/Diária),2310.62
15323,20250816,5,Seguro,619.22
15324,20250816,5,Outros,390.07
15325,20250817,1,Combustível,4071.78
15326,20250817,1,Manutenção,1797.37
15327,20250817,1,Pedágio,952.13
15328,20250817,1,Motorista (Salário/Diária),1619.41
15329,20250817,1,Seguro,424.07
15330,20250817,1,Outros,315.95
15331,20250817,3,Combustível,462.61
15332,20250817,3,Manutenção,249.22
15333,20250817,3,Pedágio,122.08
15334,20250817,3,Motorista (Salário/Diária),219.48
15335,20250817,3,Seguro,49.9
15336,20250817,3,Outros,33.76
15337,20250817,4,Combustível,935.04
15338,20250817,4,Manutenção,394.27
15339,20250817,4,Pedágio,245.9
15340,20250817,4,Motorista (Salário/Diária),316.74
15341,20250817,4,Seguro,108.92
15342,20250817,4,Outros,57.53
15343,20250817,5,Combustível,962.36
15344,20250817,5,Manutenção,361.62
15345,20250817,5,Pedágio,203.14
15346,20250817,5,Motorista (Salário/Diária),348.27
15347,20250817,5,Seguro,88.84
15348,20250817,5,Outros,51.12
15349,20250818,1,Combustível,4237.53
15350,20250818,1,Manutenção,1580.58
15351,20250818,1,Pedágio,905.96
15352,20250818,1,Motorista (Salário/Diária),1781.6
15353,20250818,1,Seguro,526.18
15354,20250818,1,Outros,249.43
15355,20250818,2,Combustível,1367.19
15356,20250818,2,Manutenção,547.62
15357,20250818,2,Pedágio,328.64
15358,20250818,2,Motorista (Salário/Diária),486.75
15359,20250818,2,Seguro,148.32
15360,20250818,2,Outros,77.23
15361,20250818,3,Combustível,3862.54
15362,20250818,3,Manutenção,1776.6
15363,20250818,3,Pedágio,835.35
15364,20250818,3,Motorista (Salário/Diária),1221.32
15365,20250818,3,Seguro,432.42
15366,20250818,3,Outros,223.87
15367,20250818,4,Combustível,5424.02
15368,20250818,4,Manutenção,2113.31
15369,20250818,4,Pedágio,1206.12
15370,20250818,4,Motorista (Salário/Diária),1636.03
15371,20250818,4,Seguro,536.06
15372,20250818,4,Outros,349.93
15373,20250818,5,Combustível,3761.15
15374,20250818,5,Manutenção,1680.73
15375,20250818,5,Pedágio,863.74
15376,20250818,5,Motorista (Salário/Diária),1812.94
15377,20250818,5,Seguro,427.39
15378,20250818,5,Outros,323.99
