id_viagem,id_data,id_veiculo,id_motorista,id_cliente,id_rota,id_filial,peso_ton,valor_frete,km_rodado,tempo_previsto_h,tempo_realizado_h,status_entrega,ocorrencia
1,20240101,31,1,10,15,1,41.1,968.45,210,3.4,3.3,No Prazo,Nenhuma
2,20240101,4,2,21,1,1,5.2,2240.35,430,6.9,9.3,Atrasado,Nenhuma
3,20240101,14,17,13,1,5,4.3,2329.94,430,6.9,7.2,No Prazo,Nenhuma
4,20240101,14,37,20,10,5,4.3,5050.0,930,15.0,15.7,No Prazo,Nenhuma
5,20240101,25,29,13,5,5,12.7,7049.62,1370,22.1,22.4,No Prazo,Nenhuma
6,20240101,5,6,2,19,1,28.1,1333.56,300,4.8,6.7,Atrasado,Trânsito/Rota
7,20240101,34,25,29,17,2,5.5,463.7,100,1.6,1.6,No Prazo,Nenhuma
8,20240102,22,21,28,13,2,11.0,7826.64,1370,22.1,28.6,Atrasado,Atraso em Carga/Descarga
9,20240102,25,29,12,4,5,13.4,2954.35,550,8.9,9.1,No Prazo,Nenhuma
10,20240102,6,12,22,4,5,13.4,3021.63,550,8.9,8.5,No Prazo,Nenhuma
11,20240102,3,28,26,3,5,5.4,3035.72,590,9.5,8.8,No Prazo,Nenhuma
12,20240102,35,33,22,3,3,4.3,2780.49,590,9.5,9.0,No Prazo,Nenhuma
13,20240102,39,23,3,14,4,23.8,3331.58,800,12.9,12.6,No Prazo,Nenhuma
14,20240102,24,10,2,18,4,43.8,3226.41,550,8.9,9.2,No Prazo,Nenhuma
15,20240103,2,29,26,15,5,4.7,1212.0,210,3.4,3.5,No Prazo,Pane Mecânica
16,20240103,34,9,13,17,2,4.9,565.51,100,1.6,2.0,Atrasado,Nenhuma
17,20240103,36,15,9,12,1,4.8,2895.79,590,9.5,12.8,Atrasado,Trânsito/Rota
18,20240103,28,11,4,14,1,55.2,4786.67,800,12.9,16.7,Atrasado,Nenhuma
19,20240103,11,20,26,12,3,3.8,2998.85,590,9.5,9.1,No Prazo,Nenhuma
20,20240103,19,29,8,9,5,28.9,9618.69,1960,31.6,33.0,No Prazo,Nenhuma
21,20240103,12,29,13,14,5,13.1,4085.66,800,12.9,13.5,No Prazo,Nenhuma
22,20240103,11,3,15,8,3,3.8,5250.7,930,15.0,14.3,No Prazo,Pane Mecânica
23,20240103,4,1,15,4,1,5.1,2489.3,550,8.9,9.3,No Prazo,Nenhuma
24,20240103,33,30,22,1,1,19.0,2080.76,430,6.9,9.2,Atrasado,Nenhuma
25,20240103,32,36,15,12,4,18.0,2781.26,590,9.5,12.2,Atrasado,Trânsito/Rota
26,20240104,5,6,20,19,1,28.1,1566.49,300,4.8,4.8,No Prazo,Nenhuma
27,20240104,16,10,28,3,4,5.5,3404.26,590,9.5,10.0,No Prazo,Pane Mecânica
28,20240104,41,3,17,4,3,27.3,2661.47,550,8.9,8.6,No Prazo,Trânsito/Rota
29,20240104,17,35,8,8,5,13.0,4166.37,930,15.0,15.4,No Prazo,Nenhuma
30,20240104,2,34,25,8,5,4.6,5342.27,930,15.0,15.4,No Prazo,Nenhuma
31,20240104,17,17,13,20,5,11.1,4677.79,930,15.0,15.5,No Prazo,Pane Mecânica
32,20240104,38,12,20,19,5,36.2,1687.46,300,4.8,4.8,No Prazo,Nenhuma
33,20240104,8,30,25,8,1,8.6,5144.8,930,15.0,15.4,No Prazo,Nenhuma
34,20240104,40,23,5,13,4,13.3,7267.67,1370,22.1,23.1,No Prazo,Nenhuma
35,20240104,42,17,11,17,5,5.3,514.76,100,1.6,1.6,No Prazo,Nenhuma
36,20240104,18,31,28,2,3,52.3,1697.44,410,6.6,6.3,No Prazo,Nenhuma
37,20240105,41,31,20,12,3,30.4,2935.5,590,9.5,9.2,No Prazo,Nenhuma
38,20240105,4,30,14,15,1,4.3,970.77,210,3.4,3.5,No Prazo,Atraso em Carga/Descarga
39,20240105,34,9,7,13,2,5.3,6238.82,1370,22.1,22.0,No Prazo,Nenhuma
40,20240105,4,11,4,1,1,5.0,2649.19,430,6.9,6.7,No Prazo,Nenhuma
41,20240105,33,27,23,3,1,23.8,2434.67,590,9.5,9.1,No Prazo,Atraso em Carga/Descarga
42,20240105,14,28,14,2,5,5.1,2175.37,410,6.6,6.3,No Prazo,Nenhuma
43,20240105,29,1,18,3,1,10.3,3414.26,590,9.5,10.5,Atrasado,Nenhuma
44,20240105,4,22,16,19,1,4.8,1585.38,300,4.8,4.9,No Prazo,Atraso em Carga/Descarga
45,20240105,18,4,5,12,3,36.1,2703.96,590,9.5,9.5,No Prazo,Nenhuma
46,20240105,4,1,14,16,1,5.5,1577.15,315,5.1,5.1,No Prazo,Nenhuma
47,20240105,10,18,14,5,2,22.3,6012.5,1370,22.1,22.5,No Prazo,Nenhuma
48,20240106,28,15,24,2,1,49.3,1737.84,410,6.6,6.1,No Prazo,Nenhuma
49,20240106,37,30,25,7,1,22.6,948.08,210,3.4,3.4,No Prazo,Nenhuma
50,20240106,26,1,11,15,1,12.2,1264.7,210,3.4,3.4,No Prazo,Atraso em Carga/Descarga
51,20240107,12,13,21,10,5,9.0,4048.54,930,15.0,14.1,No Prazo,Nenhuma
52,20240107,4,2,1,11,1,5.5,2210.65,410,6.6,8.1,Atrasado,Nenhuma
53,20240107,2,28,10,12,5,4.3,2797.95,590,9.5,9.3,No Prazo,Nenhuma
54,20240107,42,28,25,11,5,5.7,2274.37,410,6.6,6.3,No Prazo,Nenhuma
55,20240108,27,28,7,4,5,47.6,2325.9,550,8.9,11.4,Atrasado,Nenhuma
56,20240108,8,6,20,10,1,9.4,4693.79,930,15.0,15.7,No Prazo,Nenhuma
57,20240108,10,8,16,7,2,25.0,1243.78,210,3.4,3.3,No Prazo,Nenhuma
58,20240108,41,3,4,20,3,24.6,4527.38,930,15.0,14.6,No Prazo,Nenhuma
59,20240108,19,17,19,11,5,22.7,1698.99,410,6.6,6.7,No Prazo,Trânsito/Rota
60,20240108,26,30,29,8,1,13.0,3936.68,930,15.0,13.9,No Prazo,Nenhuma
61,20240108,9,26,24,10,2,31.4,4657.36,930,15.0,14.3,No Prazo,Nenhuma
62,20240108,38,13,20,12,5,40.8,3399.82,590,9.5,9.5,No Prazo,Pane Mecânica
63,20240108,41,5,5,13,3,32.7,6095.41,1370,22.1,21.0,No Prazo,Trânsito/Rota
64,20240108,3,29,8,12,5,3.9,3531.43,590,9.5,9.9,No Prazo,Nenhuma
65,20240108,11,4,29,7,3,5.3,1022.53,210,3.4,3.3,No Prazo,Nenhuma
66,20240108,22,25,9,15,2,9.5,1125.52,210,3.4,3.2,No Prazo,Nenhuma
67,20240108,42,17,15,20,5,5.7,4527.91,930,15.0,13.8,No Prazo,Nenhuma
68,20240109,28,2,17,20,1,47.4,5154.43,930,15.0,14.7,No Prazo,Nenhuma
69,20240109,7,13,21,8,5,5.4,4661.34,930,15.0,21.6,Atrasado,Nenhuma
70,20240109,35,5,13,4,3,4.5,3119.86,550,8.9,8.7,No Prazo,Trânsito/Rota
71,20240109,25,17,8,8,5,10.5,5721.86,930,15.0,14.1,No Prazo,Atraso em Carga/Descarga
72,20240109,26,6,23,3,1,9.1,3441.94,590,9.5,9.8,No Prazo,Nenhuma
73,20240109,18,7,28,14,3,55.0,3170.59,800,12.9,18.6,Atrasado,Nenhuma
74,20240109,7,29,6,17,5,5.5,464.54,100,1.6,1.5,No Prazo,Nenhuma
75,20240109,4,30,4,16,1,5.2,1680.96,315,5.1,5.3,No Prazo,Nenhuma
76,20240109,41,33,2,1,3,30.2,2204.12,430,6.9,6.6,No Prazo,Nenhuma
77,20240109,14,13,20,3,5,3.8,3606.99,590,9.5,8.9,No Prazo,Nenhuma
78,20240109,31,30,14,4,1,41.0,2234.62,550,8.9,8.6,No Prazo,Nenhuma
79,20240109,15,11,13,15,1,39.8,1041.54,210,3.4,3.2,No Prazo,Nenhuma
80,20240109,12,29,8,20,5,10.5,5013.04,930,15.0,14.3,No Prazo,Nenhuma
81,20240110,29,15,18,6,1,9.8,3378.31,800,12.9,17.1,Atrasado,Nenhuma
82,20240110,2,35,23,4,5,4.7,2631.76,550,8.9,8.7,No Prazo,Nenhuma
83,20240110,5,1,22,3,1,34.7,2602.51,590,9.5,9.0,No Prazo,Nenhuma
84,20240110,20,13,24,9,5,5.0,11492.25,1960,31.6,41.6,Atrasado,Nenhuma
85,20240110,24,32,18,3,4,47.1,3261.98,590,9.5,9.5,No Prazo,Nenhuma
86,20240110,33,15,30,10,1,26.0,4434.1,930,15.0,14.5,No Prazo,Nenhuma
87,20240110,40,23,17,4,4,11.9,3025.11,550,8.9,9.2,No Prazo,Nenhuma
88,20240110,34,16,24,5,2,5.8,7150.45,1370,22.1,22.0,No Prazo,Nenhuma
89,20240110,24,24,22,17,4,36.3,476.16,100,1.6,1.5,No Prazo,Nenhuma
90,20240110,23,36,1,4,4,5.9,2920.55,550,8.9,10.3,Atrasado,Pane Mecânica
91,20240110,10,16,4,12,2,21.4,3402.67,590,9.5,8.9,No Prazo,Atraso em Carga/Descarga
92,20240111,8,2,1,11,1,12.6,1883.03,410,6.6,6.4,No Prazo,Trânsito/Rota
93,20240111,20,37,22,17,5,4.9,420.85,100,1.6,1.5,No Prazo,Nenhuma
94,20240111,6,12,20,5,5,12.6,6204.48,1370,22.1,21.4,No Prazo,Nenhuma
95,20240111,40,36,8,3,4,11.0,3246.8,590,9.5,9.5,No Prazo,Nenhuma
96,20240111,33,6,25,7,1,23.1,1064.98,210,3.4,3.2,No Prazo,Nenhuma
97,20240111,11,4,28,2,3,3.7,2362.48,410,6.6,6.5,No Prazo,Nenhuma
98,20240111,10,25,29,7,2,20.2,1263.95,210,3.4,3.4,No Prazo,Nenhuma
99,20240111,19,12,17,10,5,35.3,5129.47,930,15.0,15.6,No Prazo,Nenhuma
100,20240112,12,29,28,18,5,10.5,2834.41,550,8.9,9.8,Atrasado,Nenhuma
101,20240112,7,35,8,2,5,4.9,2408.04,410,6.6,6.2,No Prazo,Nenhuma
102,20240112,17,28,14,7,5,13.1,1057.07,210,3.4,3.4,No Prazo,Nenhuma
103,20240112,11,33,23,10,3,5.5,4071.11,930,15.0,13.9,No Prazo,Nenhuma
104,20240112,33,15,23,10,1,18.4,4334.54,930,15.0,14.1,No Prazo,Trânsito/Rota
105,20240112,25,35,19,11,5,8.4,2265.09,410,6.6,6.3,No Prazo,Nenhuma
106,20240112,38,12,29,1,5,49.3,1689.54,430,6.9,8.0,Atrasado,Nenhuma
107,20240112,39,36,25,2,4,18.1,1755.48,410,6.6,6.7,No Prazo,Nenhuma
108,20240112,10,14,14,14,2,24.6,3893.91,800,12.9,13.5,No Prazo,Nenhuma
109,20240112,20,28,7,7,5,5.5,1208.95,210,3.4,3.6,No Prazo,Nenhuma
110,20240112,17,34,20,18,5,11.1,2717.76,550,8.9,9.2,No Prazo,Nenhuma
111,20240112,27,17,23,19,5,36.0,1506.0,300,4.8,4.8,No Prazo,Nenhuma
112,20240112,31,2,29,3,1,41.6,3544.71,590,9.5,9.5,No Prazo,Nenhuma
113,20240112,2,17,5,19,5,5.3,1741.09,300,4.8,6.4,Atrasado,Nenhuma
114,20240113,30,24,11,19,4,54.4,1510.24,300,4.8,4.9,No Prazo,Nenhuma
115,20240113,28,11,21,6,1,41.3,3821.32,800,12.9,12.7,No Prazo,Nenhuma
116,20240113,25,34,12,8,5,8.9,4677.23,930,15.0,14.1,No Prazo,Nenhuma
117,20240113,38,17,5,2,5,56.0,2150.91,410,6.6,6.8,No Prazo,Atraso em Carga/Descarga
118,20240114,21,30,2,12,1,35.0,3375.03,590,9.5,9.2,No Prazo,Nenhuma
119,20240114,12,12,25,6,5,9.6,4154.92,800,12.9,13.3,No Prazo,Nenhuma
120,20240114,1,7,3,16,3,12.7,1682.57,315,5.1,7.3,Atrasado,Pane Mecânica
121,20240114,1,7,1,6,3,11.8,4049.79,800,12.9,17.8,Atrasado,Nenhuma
122,20240115,41,4,8,5,3,26.2,7915.2,1370,22.1,20.9,No Prazo,Nenhuma
123,20240115,20,37,11,10,5,5.2,4013.08,930,15.0,16.4,Atrasado,Nenhuma
124,20240115,33,27,25,4,1,20.3,2629.76,550,8.9,8.6,No Prazo,Atraso em Carga/Descarga
125,20240115,41,33,8,11,3,31.0,2286.6,410,6.6,7.1,Atrasado,Nenhuma
126,20240115,22,38,17,7,2,10.9,1038.77,210,3.4,3.2,No Prazo,Nenhuma
127,20240115,39,23,13,13,4,19.9,5986.1,1370,22.1,21.8,No Prazo,Nenhuma
128,20240115,25,17,27,16,5,9.6,1796.87,315,5.1,5.3,No Prazo,Nenhuma
129,20240115,27,17,3,4,5,51.6,2452.77,550,8.9,8.7,No Prazo,Nenhuma
130,20240116,4,6,13,10,1,5.3,4843.93,930,15.0,16.3,Atrasado,Trânsito/Rota
131,20240116,11,31,13,19,3,3.7,1286.8,300,4.8,6.2,Atrasado,Nenhuma
132,20240116,28,15,14,2,1,50.4,1924.58,410,6.6,6.4,No Prazo,Pane Mecânica
133,20240116,29,15,17,16,1,11.9,1863.48,315,5.1,5.3,No Prazo,Nenhuma
134,20240116,26,6,15,14,1,11.7,4026.4,800,12.9,12.4,No Prazo,Nenhuma
135,20240116,20,29,13,11,5,4.0,1994.58,410,6.6,6.8,No Prazo,Nenhuma
136,20240116,6,28,17,11,5,12.5,2390.49,410,6.6,6.2,No Prazo,Nenhuma
137,20240116,29,6,2,8,1,11.8,5231.96,930,15.0,15.3,No Prazo,Nenhuma
138,20240116,35,33,24,10,3,5.4,5124.92,930,15.0,19.2,Atrasado,Nenhuma
139,20240116,28,30,20,12,1,48.4,3429.3,590,9.5,8.8,No Prazo,Nenhuma
140,20240116,3,13,29,2,5,4.3,1805.18,410,6.6,6.3,No Prazo,Nenhuma
141,20240116,39,24,10,15,4,16.8,1141.68,210,3.4,4.7,Atrasado,Nenhuma
142,20240117,15,15,15,8,1,43.0,5050.06,930,15.0,16.1,Atrasado,Trânsito/Rota
143,20240117,26,30,29,11,1,11.6,1840.1,410,6.6,6.9,No Prazo,Nenhuma
144,20240117,40,36,19,12,4,12.9,3517.66,590,9.5,9.5,No Prazo,Nenhuma
145,20240117,31,6,3,15,1,50.3,1259.39,210,3.4,3.3,No Prazo,Trânsito/Rota
146,20240117,18,3,12,8,3,43.0,5269.9,930,15.0,15.0,No Prazo,Nenhuma
147,20240117,26,6,23,15,1,10.2,1069.5,210,3.4,3.5,No Prazo,Atraso em Carga/Descarga
148,20240117,33,22,30,12,1,22.7,2469.67,590,9.5,9.9,No Prazo,Nenhuma
149,20240117,17,37,27,16,5,12.1,1623.11,315,5.1,4.7,No Prazo,Nenhuma
150,20240117,24,32,10,2,4,48.9,1859.49,410,6.6,6.9,No Prazo,Problema Documental
151,20240117,1,20,12,13,3,13.5,5934.89,1370,22.1,20.4,No Prazo,Nenhuma
152,20240117,33,6,25,9,1,26.5,9529.87,1960,31.6,33.2,No Prazo,Nenhuma
153,20240117,40,24,14,18,4,10.1,3078.62,550,8.9,9.0,No Prazo,Nenhuma
154,20240118,27,12,26,20,5,41.9,4972.24,930,15.0,14.1,No Prazo,Pane Mecânica
155,20240118,25,35,25,5,5,12.7,7459.58,1370,22.1,21.5,No Prazo,Nenhuma
156,20240118,31,11,7,16,1,39.6,1520.43,315,5.1,6.3,Atrasado,Nenhuma
157,20240118,23,23,20,17,4,4.3,561.51,100,1.6,1.9,Atrasado,Atraso em Carga/Descarga
158,20240118,27,37,18,15,5,56.6,1020.19,210,3.4,3.4,No Prazo,Atraso em Carga/Descarga
159,20240118,1,3,4,17,3,13.0,541.53,100,1.6,1.6,No Prazo,Trânsito/Rota
160,20240118,4,22,11,15,1,4.9,929.23,210,3.4,4.0,Atrasado,Nenhuma
161,20240118,30,23,2,20,4,40.4,5220.1,930,15.0,15.6,No Prazo,Nenhuma
162,20240118,8,11,1,18,1,10.9,2489.47,550,8.9,8.8,No Prazo,Nenhuma
163,20240118,35,31,23,1,3,6.0,1966.55,430,6.9,9.6,Atrasado,Nenhuma
164,20240118,20,37,3,3,5,5.5,2508.45,590,9.5,12.6,Atrasado,Nenhuma
165,20240118,40,24,5,1,4,12.4,2019.64,430,6.9,6.6,No Prazo,Pane Mecânica
166,20240118,2,37,5,1,5,4.9,2361.34,430,6.9,6.6,No Prazo,Nenhuma
167,20240118,1,33,19,13,3,8.7,6890.64,1370,22.1,20.7,No Prazo,Trânsito/Rota
168,20240119,14,12,29,10,5,4.9,4959.76,930,15.0,14.4,No Prazo,Nenhuma
169,20240119,11,7,9,18,3,4.4,2757.61,550,8.9,8.8,No Prazo,Nenhuma
170,20240119,27,34,6,6,5,55.9,4217.13,800,12.9,11.9,No Prazo,Trânsito/Rota
171,20240119,9,9,16,3,2,22.8,2809.41,590,9.5,11.4,Atrasado,Nenhuma
172,20240119,23,10,9,7,4,4.2,1077.29,210,3.4,3.5,No Prazo,Nenhuma
173,20240119,25,28,30,9,5,10.4,9403.2,1960,31.6,41.9,Atrasado,Problema Documental
174,20240119,15,6,5,4,1,45.1,2347.52,550,8.9,9.3,No Prazo,Nenhuma
175,20240119,29,30,19,3,1,9.5,3430.81,590,9.5,9.1,No Prazo,Nenhuma
176,20240119,23,32,28,2,4,5.6,1950.68,410,6.6,6.3,No Prazo,Trânsito/Rota
177,20240119,8,22,19,9,1,8.7,10227.13,1960,31.6,38.9,Atrasado,Nenhuma
178,20240119,22,18,9,16,2,10.9,1833.68,315,5.1,5.2,No Prazo,Nenhuma
179,20240119,33,22,20,16,1,24.8,1386.14,315,5.1,5.0,No Prazo,Problema Documental
180,20240119,19,37,17,7,5,24.9,936.49,210,3.4,3.3,No Prazo,Nenhuma
181,20240120,18,4,20,16,3,43.9,1677.1,315,5.1,5.3,No Prazo,Nenhuma
182,20240120,24,24,6,11,4,57.0,1979.6,410,6.6,7.2,Atrasado,Nenhuma
183,20240120,6,28,28,3,5,10.4,3374.15,590,9.5,10.6,Atrasado,Nenhuma
184,20240120,38,12,25,3,5,52.0,2340.74,590,9.5,11.4,Atrasado,Nenhuma
185,20240120,1,7,15,7,3,11.6,1120.48,210,3.4,4.1,Atrasado,Nenhuma
186,20240121,28,2,17,17,1,37.3,469.57,100,1.6,1.7,No Prazo,Nenhuma
187,20240121,11,33,25,3,3,4.0,3117.5,590,9.5,9.7,No Prazo,Nenhuma
188,20240121,2,12,11,16,5,4.1,1687.37,315,5.1,5.8,Atrasado,Nenhuma
189,20240121,32,24,6,10,4,17.0,4190.23,930,15.0,20.6,Atrasado,Atraso em Carga/Descarga
190,20240122,41,5,14,17,3,32.1,546.95,100,1.6,1.5,No Prazo,Nenhuma
191,20240122,23,32,21,6,4,5.3,4198.11,800,12.9,12.2,No Prazo,Problema Documental
192,20240122,37,6,10,8,1,24.8,4214.6,930,15.0,14.9,No Prazo,Nenhuma
193,20240122,38,12,14,19,5,56.6,1348.65,300,4.8,4.7,No Prazo,Nenhuma
194,20240122,31,11,29,2,1,45.1,1978.1,410,6.6,6.2,No Prazo,Nenhuma
195,20240122,36,27,26,2,1,3.8,2043.04,410,6.6,6.8,No Prazo,Nenhuma
196,20240122,6,12,19,13,5,11.7,7326.9,1370,22.1,22.8,No Prazo,Pane Mecânica
197,20240122,42,28,19,12,5,4.8,2658.7,590,9.5,10.9,Atrasado,Atraso em Carga/Descarga
198,20240122,28,11,16,11,1,46.0,1816.54,410,6.6,6.9,No Prazo,Nenhuma
199,20240122,5,15,13,3,1,31.5,2977.06,590,9.5,9.5,No Prazo,Nenhuma
200,20240123,41,7,13,7,3,31.9,1159.42,210,3.4,4.4,Atrasado,Pane Mecânica
201,20240123,19,28,9,5,5,22.6,5789.94,1370,22.1,22.2,No Prazo,Nenhuma
202,20240123,3,34,3,11,5,4.6,2175.39,410,6.6,6.3,No Prazo,Atraso em Carga/Descarga
203,20240123,36,27,9,13,1,4.8,7848.81,1370,22.1,20.5,No Prazo,Nenhuma
204,20240123,14,29,27,12,5,4.7,2868.28,590,9.5,9.1,No Prazo,Nenhuma
205,20240123,19,29,20,2,5,33.1,2462.14,410,6.6,6.4,No Prazo,Nenhuma
206,20240123,38,37,6,17,5,41.5,485.99,100,1.6,1.5,No Prazo,Nenhuma
207,20240123,5,6,20,10,1,27.9,4770.04,930,15.0,16.8,Atrasado,Nenhuma
208,20240124,6,13,5,15,5,12.4,901.55,210,3.4,4.2,Atrasado,Trânsito/Rota
209,20240124,22,21,3,13,2,11.2,5764.26,1370,22.1,21.0,No Prazo,Nenhuma
210,20240124,16,23,30,1,4,3.7,2006.06,430,6.9,9.1,Atrasado,Nenhuma
211,20240124,22,21,4,10,2,8.4,3840.42,930,15.0,14.5,No Prazo,Nenhuma
212,20240124,5,30,4,8,1,22.9,3909.77,930,15.0,14.4,No Prazo,Nenhuma
213,20240124,40,10,10,2,4,10.9,2174.15,410,6.6,6.6,No Prazo,Nenhuma
214,20240124,25,29,24,10,5,8.9,4677.93,930,15.0,14.5,No Prazo,Nenhuma
215,20240124,6,29,6,13,5,11.8,6339.89,1370,22.1,22.4,No Prazo,Pane Mecânica
216,20240124,11,4,29,6,3,4.8,3630.08,800,12.9,13.4,No Prazo,Nenhuma
217,20240124,30,32,8,3,4,43.2,3211.97,590,9.5,9.4,No Prazo,Nenhuma
218,20240124,22,25,20,6,2,11.1,4118.29,800,12.9,12.4,No Prazo,Nenhuma
219,20240124,33,30,27,10,1,20.7,4517.01,930,15.0,19.6,Atrasado,Nenhuma
220,20240124,18,20,11,16,3,40.3,1761.09,315,5.1,4.8,No Prazo,Nenhuma
221,20240125,10,21,23,2,2,18.0,2193.93,410,6.6,7.4,Atrasado,Nenhuma
222,20240125,16,23,14,13,4,3.7,7768.41,1370,22.1,21.2,No Prazo,Nenhuma
223,20240125,40,24,2,17,4,12.3,500.18,100,1.6,2.2,Atrasado,Nenhuma
224,20240125,31,22,5,16,1,35.6,1328.66,315,5.1,5.1,No Prazo,Nenhuma
225,20240125,10,8,1,17,2,19.6,459.44,100,1.6,1.5,No Prazo,Nenhuma
226,20240125,2,12,7,1,5,5.3,2329.7,430,6.9,6.5,No Prazo,Nenhuma
227,20240125,14,17,16,2,5,4.9,1937.3,410,6.6,6.3,No Prazo,Nenhuma
228,20240125,16,23,23,6,4,5.3,3694.26,800,12.9,17.7,Atrasado,Nenhuma
229,20240125,19,28,15,20,5,24.0,4942.39,930,15.0,20.7,Atrasado,Atraso em Carga/Descarga
230,20240125,20,29,15,8,5,5.5,4221.44,930,15.0,14.5,No Prazo,Nenhuma
231,20240125,23,36,24,10,4,4.2,4511.31,930,15.0,15.6,No Prazo,Nenhuma
232,20240125,41,33,2,6,3,24.2,4246.23,800,12.9,13.0,No Prazo,Nenhuma
233,20240126,28,6,4,18,1,39.5,2309.93,550,8.9,9.0,No Prazo,Nenhuma
234,20240126,29,30,22,18,1,13.8,3164.59,550,8.9,9.2,No Prazo,Nenhuma
235,20240126,21,1,9,1,1,31.8,2327.88,430,6.9,6.4,No Prazo,Nenhuma
236,20240126,35,20,13,16,3,5.2,1459.68,315,5.1,5.5,Atrasado,Atraso em Carga/Descarga
237,20240126,13,33,14,1,3,43.7,2552.06,430,6.9,7.1,No Prazo,Pane Mecânica
238,20240126,31,30,7,18,1,38.4,3147.94,550,8.9,8.2,No Prazo,Nenhuma
239,20240126,40,24,8,16,4,11.8,1816.27,315,5.1,5.1,No Prazo,Nenhuma
240,20240126,5,6,14,18,1,35.4,2386.72,550,8.9,9.1,No Prazo,Nenhuma
241,20240126,18,3,28,12,3,50.9,3210.25,590,9.5,9.2,No Prazo,Nenhuma
242,20240126,13,3,18,8,3,49.6,4185.24,930,15.0,14.6,No Prazo,Nenhuma
243,20240126,23,32,10,15,4,4.4,977.21,210,3.4,4.2,Atrasado,Atraso em Carga/Descarga
244,20240126,4,15,14,7,1,3.6,1006.07,210,3.4,3.3,No Prazo,Nenhuma
245,20240126,34,18,3,5,2,5.0,6189.42,1370,22.1,22.3,No Prazo,Nenhuma
246,20240126,9,18,22,1,2,24.6,2419.02,430,6.9,9.4,Atrasado,Nenhuma
247,20240127,20,13,6,4,5,5.8,2584.85,550,8.9,8.3,No Prazo,Nenhuma
248,20240127,9,18,7,16,2,33.3,1637.65,315,5.1,5.0,No Prazo,Nenhuma
249,20240127,32,32,26,3,4,23.4,2587.58,590,9.5,13.3,Atrasado,Nenhuma
250,20240127,4,6,23,3,1,4.7,3069.23,590,9.5,8.8,No Prazo,Nenhuma
251,20240127,15,11,19,3,1,45.7,2948.95,590,9.5,9.4,No Prazo,Nenhuma
252,20240128,1,3,16,19,3,12.4,1565.62,300,4.8,4.5,No Prazo,Nenhuma
253,20240128,15,27,23,1,1,43.7,2233.02,430,6.9,6.6,No Prazo,Nenhuma
254,20240129,35,33,12,9,3,5.6,10888.01,1960,31.6,30.5,No Prazo,Nenhuma
255,20240129,35,20,14,12,3,6.0,3316.52,590,9.5,10.2,Atrasado,Nenhuma
256,20240129,31,1,29,13,1,51.7,7967.76,1370,22.1,21.5,No Prazo,Problema Documental
257,20240129,40,36,1,20,4,10.5,5564.7,930,15.0,15.1,No Prazo,Nenhuma
258,20240129,4,15,4,10,1,4.9,4885.82,930,15.0,14.8,No Prazo,Nenhuma
259,20240129,38,13,24,16,5,50.8,1349.38,315,5.1,4.9,No Prazo,Nenhuma
260,20240129,11,33,6,1,3,4.9,2264.5,430,6.9,6.7,No Prazo,Nenhuma
261,20240129,40,10,9,19,4,13.6,1578.06,300,4.8,5.9,Atrasado,Nenhuma
262,20240129,24,23,21,14,4,54.3,3191.39,800,12.9,11.9,No Prazo,Nenhuma
263,20240130,20,29,24,8,5,5.7,4038.55,930,15.0,14.9,No Prazo,Nenhuma
264,20240130,12,37,30,16,5,12.7,1437.56,315,5.1,5.3,No Prazo,Nenhuma
265,20240130,15,1,11,2,1,47.4,2353.56,410,6.6,6.8,No Prazo,Problema Documental
266,20240130,41,4,24,9,3,29.9,9338.31,1960,31.6,31.5,No Prazo,Nenhuma
267,20240130,32,24,5,9,4,18.1,10610.0,1960,31.6,30.5,No Prazo,Nenhuma
268,20240130,19,28,6,15,5,27.8,1089.23,210,3.4,3.3,No Prazo,Nenhuma
269,20240130,22,26,2,7,2,11.4,927.76,210,3.4,3.8,Atrasado,Nenhuma
270,20240130,32,24,9,11,4,16.8,1980.98,410,6.6,6.4,No Prazo,Nenhuma
271,20240130,19,29,4,4,5,27.1,2315.81,550,8.9,8.8,No Prazo,Pane Mecânica
272,20240130,19,37,24,6,5,23.0,3883.67,800,12.9,12.0,No Prazo,Pane Mecânica
273,20240130,25,12,29,10,5,11.7,4852.04,930,15.0,15.6,No Prazo,Nenhuma
274,20240130,39,36,11,18,4,26.0,2391.18,550,8.9,12.0,Atrasado,Nenhuma
275,20240130,20,28,14,19,5,5.8,1657.79,300,4.8,4.6,No Prazo,Nenhuma
276,20240130,9,14,24,18,2,26.4,2777.06,550,8.9,8.6,No Prazo,Trânsito/Rota
277,20240131,38,35,24,6,5,36.4,4756.75,800,12.9,18.3,Atrasado,Nenhuma
278,20240131,9,16,16,10,2,28.3,4665.09,930,15.0,14.3,No Prazo,Atraso em Carga/Descarga
279,20240131,17,12,2,6,5,11.6,3769.65,800,12.9,12.5,No Prazo,Pane Mecânica
280,20240131,25,35,28,17,5,11.2,543.55,100,1.6,1.6,No Prazo,Atraso em Carga/Descarga
281,20240131,15,30,1,4,1,48.8,2670.43,550,8.9,10.0,Atrasado,Nenhuma
282,20240131,32,10,5,13,4,21.5,8035.13,1370,22.1,20.5,No Prazo,Nenhuma
283,20240131,36,2,12,8,1,5.6,5574.35,930,15.0,18.3,Atrasado,Trânsito/Rota
284,20240131,18,7,3,9,3,39.5,10134.86,1960,31.6,30.6,No Prazo,Nenhuma
285,20240131,37,6,9,16,1,23.4,1655.29,315,5.1,4.7,No Prazo,Nenhuma
286,20240131,16,23,23,3,4,3.6,2939.19,590,9.5,10.1,Atrasado,Pane Mecânica
287,20240131,21,27,9,12,1,32.2,3456.49,590,9.5,8.9,No Prazo,Nenhuma
288,20240131,39,24,7,7,4,18.3,1102.77,210,3.4,3.3,No Prazo,Nenhuma
289,20240201,28,27,12,20,1,44.7,4312.08,930,15.0,15.4,No Prazo,Nenhuma
290,20240201,11,3,6,14,3,6.0,4062.63,800,12.9,12.5,No Prazo,Nenhuma
291,20240201,42,37,21,9,5,5.1,10197.65,1960,31.6,41.4,Atrasado,Nenhuma
292,20240201,11,5,15,10,3,5.9,5751.74,930,15.0,17.2,Atrasado,Trânsito/Rota
293,20240201,29,11,1,18,1,12.3,2777.46,550,8.9,11.8,Atrasado,Nenhuma
294,20240201,7,35,11,1,5,4.9,2224.06,430,6.9,7.4,Atrasado,Nenhuma
295,20240201,4,1,26,8,1,3.9,5428.61,930,15.0,17.7,Atrasado,Nenhuma
296,20240201,33,15,12,5,1,22.3,7962.49,1370,22.1,21.4,No Prazo,Nenhuma
297,20240201,25,28,25,18,5,12.8,2846.62,550,8.9,10.6,Atrasado,Nenhuma
298,20240201,27,12,22,8,5,39.5,3971.47,930,15.0,15.0,No Prazo,Atraso em Carga/Descarga
299,20240201,29,27,12,4,1,10.2,2996.25,550,8.9,8.5,No Prazo,Nenhuma
300,20240201,28,2,16,15,1,42.8,939.69,210,3.4,3.5,No Prazo,Nenhuma
301,20240201,38,35,18,12,5,39.8,2432.68,590,9.5,9.7,No Prazo,Nenhuma
302,20240201,5,6,3,8,1,28.0,4257.16,930,15.0,18.5,Atrasado,Nenhuma
303,20240201,34,19,22,1,2,3.8,1813.87,430,6.9,6.8,No Prazo,Nenhuma
304,20240201,23,36,23,15,4,3.8,1090.73,210,3.4,4.7,Atrasado,Nenhuma
305,20240202,27,17,11,16,5,43.0,1390.04,315,5.1,7.4,Atrasado,Nenhuma
306,20240202,36,15,7,2,1,4.0,1901.27,410,6.6,6.5,No Prazo,Nenhuma
307,20240202,22,8,17,6,2,10.8,3904.65,800,12.9,12.3,No Prazo,Nenhuma
308,20240202,41,5,6,16,3,31.5,1594.27,315,5.1,4.9,No Prazo,Atraso em Carga/Descarga
309,20240202,22,18,8,20,2,10.3,5050.87,930,15.0,14.5,No Prazo,Pane Mecânica
310,20240202,38,13,8,6,5,53.8,4587.19,800,12.9,13.5,No Prazo,Nenhuma
311,20240202,6,34,3,5,5,10.2,8507.74,1370,22.1,22.3,No Prazo,Nenhuma
312,20240202,41,7,6,16,3,30.7,1414.07,315,5.1,6.2,Atrasado,Nenhuma
313,20240202,25,28,6,20,5,11.6,4874.02,930,15.0,14.9,No Prazo,Atraso em Carga/Descarga
314,20240202,40,10,18,15,4,11.0,1135.38,210,3.4,3.4,No Prazo,Pane Mecânica
315,20240202,16,24,23,16,4,5.5,1532.54,315,5.1,4.9,No Prazo,Nenhuma
316,20240202,3,17,27,10,5,5.3,4981.69,930,15.0,18.7,Atrasado,Nenhuma
317,20240202,38,34,9,1,5,45.8,2562.48,430,6.9,7.1,No Prazo,Nenhuma
318,20240202,30,24,16,4,4,54.6,2849.81,550,8.9,9.1,No Prazo,Nenhuma
319,20240202,34,18,20,17,2,4.5,507.97,100,1.6,2.1,Atrasado,Nenhuma
320,20240202,9,21,17,16,2,33.3,1856.27,315,5.1,4.9,No Prazo,Nenhuma
321,20240203,30,23,28,4,4,46.9,2887.32,550,8.9,8.7,No Prazo,Nenhuma
322,20240203,7,29,11,11,5,5.3,1880.63,410,6.6,6.3,No Prazo,Atraso em Carga/Descarga
323,20240203,39,32,12,14,4,17.1,4645.41,800,12.9,12.4,No Prazo,Pane Mecânica
324,20240203,10,19,11,5,2,21.8,6243.99,1370,22.1,27.3,Atrasado,Nenhuma
325,20240203,42,35,4,18,5,3.7,2851.62,550,8.9,8.3,No Prazo,Pane Mecânica
326,20240203,28,30,27,1,1,55.4,2369.53,430,6.9,6.6,No Prazo,Nenhuma
327,20240203,30,10,1,15,4,44.7,1193.75,210,3.4,3.4,No Prazo,Nenhuma
328,20240204,18,20,24,16,3,48.2,1417.49,315,5.1,5.2,No Prazo,Nenhuma
329,20240204,29,22,22,2,1,12.6,2208.41,410,6.6,6.8,No Prazo,Nenhuma
330,20240204,12,34,23,17,5,10.2,484.07,100,1.6,2.0,Atrasado,Nenhuma
331,20240204,4,6,9,5,1,5.0,7260.21,1370,22.1,22.8,No Prazo,Nenhuma
332,20240204,30,32,29,1,4,52.8,2289.92,430,6.9,6.4,No Prazo,Nenhuma
333,20240204,2,34,27,8,5,3.9,4202.14,930,15.0,14.8,No Prazo,Nenhuma
334,20240204,14,13,11,16,5,3.9,1469.59,315,5.1,5.2,No Prazo,Nenhuma
335,20240204,28,6,4,7,1,57.0,1079.42,210,3.4,3.3,No Prazo,Nenhuma
336,20240205,12,13,24,19,5,13.2,1769.53,300,4.8,4.7,No Prazo,Nenhuma
337,20240205,32,36,26,4,4,23.3,2673.83,550,8.9,8.7,No Prazo,Nenhuma
338,20240205,12,35,22,2,5,11.6,2235.06,410,6.6,6.3,No Prazo,Nenhuma
339,20240205,41,3,1,18,3,33.8,2918.77,550,8.9,8.8,No Prazo,Nenhuma
340,20240205,9,26,16,3,2,26.2,3170.8,590,9.5,9.7,No Prazo,Nenhuma
341,20240205,11,3,15,15,3,4.7,937.84,210,3.4,4.5,Atrasado,Nenhuma
342,20240205,19,34,15,3,5,35.1,2385.75,590,9.5,10.4,Atrasado,Trânsito/Rota
343,20240205,12,37,23,2,5,9.1,2244.85,410,6.6,8.8,Atrasado,Trânsito/Rota
344,20240205,7,12,23,3,5,5.1,2925.82,590,9.5,13.1,Atrasado,Pane Mecânica
345,20240205,18,20,27,10,3,47.2,4790.8,930,15.0,15.7,No Prazo,Nenhuma
346,20240206,36,30,25,7,1,4.2,1261.14,210,3.4,3.2,No Prazo,Atraso em Carga/Descarga
347,20240206,31,2,24,16,1,52.1,1931.53,315,5.1,5.7,Atrasado,Trânsito/Rota
348,20240206,28,6,8,13,1,39.9,7705.93,1370,22.1,29.3,Atrasado,Nenhuma
349,20240206,22,8,25,14,2,11.6,3645.21,800,12.9,12.9,No Prazo,Trânsito/Rota
350,20240206,20,29,19,1,5,3.8,2131.74,430,6.9,8.3,Atrasado,Atraso em Carga/Descarga
351,20240206,31,22,14,8,1,41.7,3902.95,930,15.0,20.2,Atrasado,Nenhuma
352,20240206,13,5,28,8,3,49.3,4240.42,930,15.0,14.2,No Prazo,Nenhuma
353,20240206,27,13,25,17,5,39.0,474.65,100,1.6,1.6,No Prazo,Nenhuma
354,20240206,30,24,11,4,4,45.3,2654.58,550,8.9,8.3,No Prazo,Pane Mecânica
355,20240206,15,6,2,3,1,44.7,2639.06,590,9.5,8.7,No Prazo,Atraso em Carga/Descarga
356,20240206,4,2,21,9,1,4.1,10198.37,1960,31.6,29.7,No Prazo,Atraso em Carga/Descarga
357,20240206,34,8,27,12,2,4.3,3070.12,590,9.5,9.9,No Prazo,Nenhuma
358,20240206,27,17,25,4,5,43.2,2617.81,550,8.9,8.9,No Prazo,Nenhuma
359,20240206,28,2,13,1,1,34.2,2069.15,430,6.9,7.0,No Prazo,Nenhuma
360,20240206,6,37,14,16,5,12.3,1866.25,315,5.1,4.8,No Prazo,Nenhuma
361,20240206,35,3,23,2,3,4.5,2158.68,410,6.6,6.8,No Prazo,Nenhuma
362,20240206,36,30,15,4,1,5.5,2927.84,550,8.9,9.9,Atrasado,Nenhuma
363,20240206,15,6,13,1,1,34.4,2277.33,430,6.9,9.0,Atrasado,Nenhuma
364,20240206,40,23,18,16,4,10.7,1761.64,315,5.1,4.8,No Prazo,Nenhuma
365,20240207,1,20,17,8,3,12.5,4390.88,930,15.0,17.3,Atrasado,Nenhuma
366,20240207,2,28,23,3,5,4.2,3156.31,590,9.5,9.9,No Prazo,Nenhuma
367,20240207,7,17,8,12,5,5.6,3299.21,590,9.5,9.0,No Prazo,Nenhuma
368,20240207,24,10,16,9,4,48.9,11267.98,1960,31.6,30.7,No Prazo,Nenhuma
369,20240207,20,28,4,7,5,5.1,919.85,210,3.4,3.3,No Prazo,Nenhuma
370,20240207,6,35,18,7,5,10.6,1185.62,210,3.4,3.2,No Prazo,Nenhuma
371,20240207,17,12,1,5,5,13.9,5832.11,1370,22.1,21.0,No Prazo,Atraso em Carga/Descarga
372,20240207,23,23,13,15,4,5.9,995.54,210,3.4,3.5,No Prazo,Nenhuma
373,20240207,9,16,24,17,2,28.2,532.98,100,1.6,1.5,No Prazo,Nenhuma
374,20240207,22,26,14,20,2,13.6,5343.42,930,15.0,14.9,No Prazo,Nenhuma
375,20240207,22,38,27,10,2,12.0,4848.99,930,15.0,15.7,No Prazo,Nenhuma
376,20240207,19,13,20,11,5,25.8,2308.48,410,6.6,6.1,No Prazo,Nenhuma
377,20240207,26,6,12,17,1,12.1,420.2,100,1.6,1.5,No Prazo,Nenhuma
378,20240207,21,30,5,2,1,27.3,2147.04,410,6.6,6.4,No Prazo,Nenhuma
379,20240207,32,36,20,18,4,25.6,2902.71,550,8.9,10.6,Atrasado,Nenhuma
380,20240207,19,12,18,16,5,30.0,1512.84,315,5.1,5.0,No Prazo,Nenhuma
381,20240207,22,25,25,19,2,8.7,1661.73,300,4.8,4.9,No Prazo,Trânsito/Rota
382,20240207,40,24,23,10,4,12.2,4096.66,930,15.0,15.5,No Prazo,Nenhuma
383,20240207,12,17,25,14,5,8.7,3983.72,800,12.9,13.5,No Prazo,Nenhuma
384,20240208,17,37,2,4,5,13.5,3001.74,550,8.9,8.7,No Prazo,Nenhuma
385,20240208,36,22,16,11,1,4.3,1712.06,410,6.6,6.8,No Prazo,Nenhuma
386,20240208,37,15,18,19,1,24.9,1870.54,300,4.8,4.7,No Prazo,Nenhuma
387,20240208,4,6,2,15,1,5.6,994.02,210,3.4,3.2,No Prazo,Nenhuma
388,20240208,30,36,24,17,4,41.1,525.66,100,1.6,1.6,No Prazo,Nenhuma
389,20240208,15,30,13,19,1,38.7,1788.05,300,4.8,4.4,No Prazo,Nenhuma
390,20240208,37,30,24,15,1,18.7,1030.32,210,3.4,4.9,Atrasado,Nenhuma
391,20240208,38,12,6,13,5,49.2,8000.57,1370,22.1,21.9,No Prazo,Nenhuma
392,20240208,11,7,4,4,3,4.8,2421.91,550,8.9,8.3,No Prazo,Atraso em Carga/Descarga
393,20240208,24,23,8,16,4,54.7,1631.68,315,5.1,5.3,No Prazo,Nenhuma
394,20240208,39,10,16,11,4,17.2,1834.79,410,6.6,6.6,No Prazo,Nenhuma
395,20240208,9,18,28,10,2,36.5,4116.39,930,15.0,15.4,No Prazo,Nenhuma
396,20240208,36,27,22,6,1,5.4,3666.96,800,12.9,12.2,No Prazo,Nenhuma
397,20240208,32,10,7,18,4,22.5,2327.29,550,8.9,8.7,No Prazo,Nenhuma
398,20240208,22,21,14,8,2,13.8,4085.31,930,15.0,14.0,No Prazo,Nenhuma
399,20240208,6,37,21,13,5,12.2,7916.17,1370,22.1,22.7,No Prazo,Nenhuma
400,20240208,7,34,7,16,5,3.8,1414.62,315,5.1,5.1,No Prazo,Nenhuma
401,20240208,40,32,25,2,4,13.9,1681.04,410,6.6,6.7,No Prazo,Nenhuma
402,20240208,13,20,2,9,3,44.7,10625.0,1960,31.6,32.5,No Prazo,Problema Documental
403,20240208,4,22,27,7,1,3.9,1173.72,210,3.4,3.4,No Prazo,Nenhuma
404,20240208,5,1,19,19,1,26.0,1611.22,300,4.8,5.0,No Prazo,Nenhuma
405,20240208,28,15,13,17,1,37.1,600.94,100,1.6,1.5,No Prazo,Nenhuma
406,20240209,26,6,3,17,1,13.6,502.19,100,1.6,1.6,No Prazo,Nenhuma
407,20240209,41,4,23,19,3,27.4,1707.87,300,4.8,4.5,No Prazo,Nenhuma
408,20240209,31,22,8,20,1,48.3,4949.63,930,15.0,18.7,Atrasado,Nenhuma
409,20240209,8,22,26,11,1,10.5,2031.39,410,6.6,7.6,Atrasado,Problema Documental
410,20240209,8,11,29,7,1,11.4,854.51,210,3.4,3.3,No Prazo,Pane Mecânica
411,20240209,14,17,25,12,5,4.4,2993.6,590,9.5,8.8,No Prazo,Nenhuma
412,20240209,5,6,18,13,1,22.6,7552.87,1370,22.1,27.5,Atrasado,Nenhuma
413,20240209,19,35,27,12,5,30.8,2579.96,590,9.5,9.0,No Prazo,Nenhuma
414,20240209,22,8,2,4,2,12.8,3102.14,550,8.9,11.4,Atrasado,Problema Documental
415,20240209,3,28,17,5,5,4.5,8445.24,1370,22.1,21.0,No Prazo,Nenhuma
416,20240209,23,32,7,5,4,5.4,6593.16,1370,22.1,21.3,No Prazo,Nenhuma
417,20240209,30,23,8,6,4,37.4,4879.64,800,12.9,18.6,Atrasado,Nenhuma
418,20240210,10,38,13,8,2,21.5,3849.8,930,15.0,14.8,No Prazo,Nenhuma
419,20240210,36,6,28,15,1,5.8,903.37,210,3.4,3.5,No Prazo,Trânsito/Rota
420,20240210,34,19,17,5,2,4.4,5696.15,1370,22.1,30.1,Atrasado,Trânsito/Rota
421,20240210,38,29,15,2,5,53.8,2398.25,410,6.6,8.0,Atrasado,Nenhuma
422,20240211,35,31,5,7,3,4.4,1279.32,210,3.4,3.4,No Prazo,Nenhuma
423,20240211,30,36,12,11,4,41.4,2243.31,410,6.6,8.6,Atrasado,Nenhuma
424,20240211,26,6,15,1,1,12.1,2397.3,430,6.9,8.1,Atrasado,Nenhuma
425,20240211,42,35,8,20,5,3.6,5084.67,930,15.0,20.4,Atrasado,Nenhuma
426,20240211,31,22,19,20,1,38.4,4497.33,930,15.0,15.0,No Prazo,Nenhuma
427,20240212,6,34,1,2,5,9.2,2200.33,410,6.6,7.4,Atrasado,Trânsito/Rota
428,20240212,13,20,22,7,3,36.2,1158.55,210,3.4,4.2,Atrasado,Nenhuma
429,20240212,35,20,5,6,3,4.2,3286.17,800,12.9,11.9,No Prazo,Nenhuma
430,20240212,4,22,27,1,1,5.4,2652.72,430,6.9,6.7,No Prazo,Nenhuma
431,20240212,36,1,27,10,1,3.8,4819.88,930,15.0,15.1,No Prazo,Nenhuma
432,20240212,33,11,12,4,1,17.0,3072.79,550,8.9,9.3,No Prazo,Nenhuma
433,20240212,20,29,12,1,5,4.0,2112.27,430,6.9,7.2,No Prazo,Nenhuma
434,20240212,21,27,22,3,1,31.0,3096.98,590,9.5,9.9,No Prazo,Nenhuma
435,20240212,19,35,23,1,5,35.4,1808.98,430,6.9,6.5,No Prazo,Nenhuma
436,20240212,11,20,24,5,3,5.3,7333.44,1370,22.1,21.0,No Prazo,Nenhuma
437,20240212,19,37,19,19,5,30.7,1648.6,300,4.8,4.7,No Prazo,Nenhuma
438,20240212,19,29,14,9,5,32.0,9947.53,1960,31.6,29.8,No Prazo,Nenhuma
439,20240212,16,23,17,8,4,3.8,5199.44,930,15.0,14.8,No Prazo,Nenhuma
440,20240212,24,24,7,14,4,36.3,3970.59,800,12.9,15.5,Atrasado,Nenhuma
441,20240212,11,3,25,19,3,4.2,1451.03,300,4.8,4.5,No Prazo,Nenhuma
442,20240212,8,27,11,5,1,12.1,5724.21,1370,22.1,23.1,No Prazo,Nenhuma
443,20240212,2,12,13,13,5,4.9,8049.63,1370,22.1,21.9,No Prazo,Trânsito/Rota
444,20240213,32,36,19,14,4,22.4,3553.01,800,12.9,13.3,No Prazo,Nenhuma
445,20240213,4,15,1,14,1,5.0,4086.84,800,12.9,14.4,Atrasado,Atraso em Carga/Descarga
446,20240213,40,23,16,5,4,10.9,7816.88,1370,22.1,20.9,No Prazo,Nenhuma
447,20240213,21,27,5,11,1,23.4,2144.66,410,6.6,7.4,Atrasado,Nenhuma
448,20240213,7,37,6,20,5,4.4,5249.24,930,15.0,14.9,No Prazo,Nenhuma
449,20240213,39,24,6,11,4,25.5,2168.75,410,6.6,6.7,No Prazo,Nenhuma
450,20240213,37,2,12,5,1,24.6,5679.36,1370,22.1,22.0,No Prazo,Atraso em Carga/Descarga
451,20240213,14,13,10,16,5,3.8,1386.8,315,5.1,7.1,Atrasado,Trânsito/Rota
452,20240213,10,14,15,18,2,25.7,2561.98,550,8.9,8.7,No Prazo,Nenhuma
453,20240213,29,30,11,10,1,10.7,4986.91,930,15.0,14.6,No Prazo,Trânsito/Rota
454,20240213,34,21,24,10,2,5.3,3872.79,930,15.0,14.5,No Prazo,Nenhuma
455,20240213,14,13,8,4,5,5.5,2660.56,550,8.9,11.8,Atrasado,Atraso em Carga/Descarga
456,20240213,34,9,11,10,2,4.1,4436.49,930,15.0,17.8,Atrasado,Nenhuma
457,20240213,15,6,9,14,1,48.0,3381.32,800,12.9,15.7,Atrasado,Nenhuma
458,20240213,23,24,5,14,4,4.8,3667.98,800,12.9,14.0,Atrasado,Nenhuma
459,20240213,11,7,21,8,3,4.6,5200.69,930,15.0,14.1,No Prazo,Trânsito/Rota
460,20240213,27,29,7,4,5,38.8,2197.23,550,8.9,8.6,No Prazo,Nenhuma
461,20240214,12,35,23,11,5,13.0,2098.47,410,6.6,6.1,No Prazo,Nenhuma
462,20240214,40,36,5,1,4,11.7,1971.44,430,6.9,6.7,No Prazo,Nenhuma
463,20240214,13,7,20,20,3,54.6,5228.66,930,15.0,14.6,No Prazo,Nenhuma
464,20240214,18,5,30,11,3,47.2,2519.25,410,6.6,6.7,No Prazo,Nenhuma
465,20240214,32,32,26,1,4,20.6,1820.6,430,6.9,7.3,Atrasado,Trânsito/Rota
466,20240214,20,29,14,19,5,5.2,1493.07,300,4.8,4.9,No Prazo,Nenhuma
467,20240214,28,6,26,18,1,56.2,2900.46,550,8.9,8.6,No Prazo,Nenhuma
468,20240214,25,35,2,11,5,11.0,2277.43,410,6.6,6.2,No Prazo,Nenhuma
469,20240214,35,33,28,10,3,5.2,5233.51,930,15.0,15.0,No Prazo,Nenhuma
470,20240214,5,22,19,18,1,23.8,2424.29,550,8.9,9.2,No Prazo,Nenhuma
471,20240214,38,17,18,19,5,50.4,1703.04,300,4.8,4.9,No Prazo,Trânsito/Rota
472,20240214,34,26,21,16,2,5.5,1788.18,315,5.1,5.1,No Prazo,Nenhuma
473,20240214,42,35,30,3,5,5.2,3452.04,590,9.5,9.2,No Prazo,Nenhuma
474,20240214,9,16,7,16,2,32.7,1580.59,315,5.1,5.8,Atrasado,Nenhuma
475,20240214,15,30,20,10,1,52.1,5506.13,930,15.0,15.4,No Prazo,Trânsito/Rota
476,20240215,14,34,15,8,5,4.0,3821.02,930,15.0,15.4,No Prazo,Nenhuma
477,20240215,21,2,3,20,1,24.9,4925.78,930,15.0,14.5,No Prazo,Nenhuma
478,20240215,16,23,12,15,4,4.3,1154.75,210,3.4,3.3,No Prazo,Trânsito/Rota
479,20240215,25,37,19,12,5,11.0,3416.97,590,9.5,10.3,Atrasado,Trânsito/Rota
480,20240215,41,7,10,10,3,29.6,5280.18,930,15.0,13.9,No Prazo,Trânsito/Rota
481,20240215,33,2,7,3,1,17.7,2610.18,590,9.5,9.9,No Prazo,Nenhuma
482,20240215,8,11,8,6,1,10.2,4484.98,800,12.9,12.9,No Prazo,Nenhuma
483,20240215,34,9,1,10,2,5.1,3716.69,930,15.0,16.9,Atrasado,Nenhuma
484,20240215,6,13,27,13,5,11.1,7285.08,1370,22.1,22.2,No Prazo,Nenhuma
485,20240215,36,15,11,18,1,5.9,2526.34,550,8.9,8.6,No Prazo,Nenhuma
486,20240215,7,13,15,12,5,4.4,3247.39,590,9.5,9.5,No Prazo,Nenhuma
487,20240215,28,15,29,7,1,50.0,958.7,210,3.4,3.4,No Prazo,Nenhuma
488,20240215,1,5,21,4,3,13.0,2505.38,550,8.9,11.5,Atrasado,Nenhuma
489,20240215,33,6,14,16,1,25.8,1857.58,315,5.1,6.1,Atrasado,Nenhuma
490,20240215,25,29,29,18,5,13.7,3182.58,550,8.9,9.0,No Prazo,Nenhuma
491,20240215,20,35,21,19,5,5.4,1511.9,300,4.8,4.8,No Prazo,Nenhuma
492,20240215,40,36,7,15,4,13.3,963.27,210,3.4,3.6,No Prazo,Nenhuma
493,20240215,18,31,25,14,3,49.1,3356.83,800,12.9,12.5,No Prazo,Nenhuma
494,20240216,2,12,8,7,5,5.3,957.11,210,3.4,3.3,No Prazo,Nenhuma
495,20240216,36,1,18,13,1,4.8,7372.89,1370,22.1,22.9,No Prazo,Nenhuma
496,20240216,18,31,24,7,3,48.3,998.43,210,3.4,3.4,No Prazo,Nenhuma
497,20240216,25,17,9,20,5,13.1,5453.4,930,15.0,14.1,No Prazo,Nenhuma
498,20240216,24,36,7,9,4,55.0,10566.18,1960,31.6,29.1,No Prazo,Nenhuma
499,20240216,14,12,30,12,5,3.9,3055.8,590,9.5,13.0,Atrasado,Nenhuma
500,20240216,16,32,20,11,4,5.3,2419.47,410,6.6,6.9,No Prazo,Nenhuma
501,20240216,4,27,3,2,1,3.7,2399.47,410,6.6,7.9,Atrasado,Nenhuma
502,20240216,14,35,13,6,5,4.6,3562.92,800,12.9,13.7,Atrasado,Nenhuma
503,20240216,19,17,26,2,5,31.8,2007.73,410,6.6,7.7,Atrasado,Nenhuma
504,20240216,42,13,5,9,5,4.5,8927.92,1960,31.6,30.9,No Prazo,Pane Mecânica
505,20240216,1,7,12,12,3,12.3,2925.88,590,9.5,10.7,Atrasado,Nenhuma
506,20240216,1,33,6,17,3,12.5,617.0,100,1.6,1.7,No Prazo,Nenhuma
507,20240216,38,37,29,12,5,47.2,2935.87,590,9.5,12.3,Atrasado,Trânsito/Rota
508,20240216,30,10,24,15,4,54.3,1195.09,210,3.4,3.3,No Prazo,Trânsito/Rota
509,20240216,33,27,15,15,1,21.0,896.01,210,3.4,3.5,No Prazo,Nenhuma
510,20240216,37,22,16,1,1,24.2,2287.03,430,6.9,9.7,Atrasado,Nenhuma
511,20240217,15,6,27,14,1,50.2,3465.44,800,12.9,12.4,No Prazo,Nenhuma
512,20240217,13,3,4,20,3,43.0,5323.46,930,15.0,16.2,Atrasado,Nenhuma
513,20240217,14,37,9,11,5,4.0,2423.38,410,6.6,7.2,Atrasado,Nenhuma
514,20240217,3,17,4,12,5,4.2,3348.53,590,9.5,9.5,No Prazo,Nenhuma
515,20240217,7,37,9,8,5,4.2,4753.17,930,15.0,15.5,No Prazo,Nenhuma
516,20240217,7,12,11,19,5,3.9,1533.65,300,4.8,4.7,No Prazo,Nenhuma
517,20240217,4,22,24,15,1,3.6,902.76,210,3.4,3.3,No Prazo,Nenhuma
518,20240217,20,34,6,2,5,4.1,2300.53,410,6.6,6.1,No Prazo,Nenhuma
519,20240218,29,15,9,8,1,10.3,5216.32,930,15.0,14.5,No Prazo,Nenhuma
520,20240218,7,29,29,20,5,3.8,4723.49,930,15.0,15.0,No Prazo,Pane Mecânica
521,20240218,16,32,26,1,4,4.9,1981.86,430,6.9,8.6,Atrasado,Pane Mecânica
522,20240218,23,23,17,14,4,5.4,3796.9,800,12.9,12.1,No Prazo,Trânsito/Rota
523,20240218,7,29,13,18,5,4.1,3018.35,550,8.9,9.1,No Prazo,Nenhuma
524,20240218,7,35,18,12,5,5.1,3049.22,590,9.5,11.8,Atrasado,Nenhuma
525,20240219,42,28,29,15,5,3.9,1061.14,210,3.4,3.5,No Prazo,Pane Mecânica
526,20240219,4,2,29,20,1,4.8,4900.11,930,15.0,14.9,No Prazo,Nenhuma
527,20240219,36,1,18,19,1,3.9,1461.7,300,4.8,6.0,Atrasado,Nenhuma
528,20240219,34,9,27,18,2,6.0,3295.45,550,8.9,9.3,No Prazo,Atraso em Carga/Descarga
529,20240219,11,3,1,8,3,4.7,3997.36,930,15.0,15.3,No Prazo,Nenhuma
530,20240219,31,6,4,9,1,50.2,11473.87,1960,31.6,41.3,Atrasado,Nenhuma
531,20240219,21,30,24,17,1,31.4,456.62,100,1.6,1.7,No Prazo,Nenhuma
532,20240219,25,35,8,16,5,13.8,1620.85,315,5.1,4.8,No Prazo,Nenhuma
533,20240219,36,30,21,10,1,4.8,4893.79,930,15.0,15.3,No Prazo,Trânsito/Rota
534,20240219,16,23,20,19,4,4.3,1764.83,300,4.8,4.4,No Prazo,Nenhuma
535,20240219,28,2,15,14,1,49.5,3660.39,800,12.9,12.3,No Prazo,Nenhuma
536,20240219,33,30,29,15,1,25.3,1111.99,210,3.4,3.6,Atrasado,Pane Mecânica
537,20240219,23,23,2,13,4,3.8,8061.43,1370,22.1,29.8,Atrasado,Nenhuma
538,20240219,35,20,13,13,3,4.2,7881.32,1370,22.1,22.2,No Prazo,Atraso em Carga/Descarga
539,20240219,12,37,4,15,5,10.6,1301.67,210,3.4,3.4,No Prazo,Nenhuma
540,20240219,32,36,27,19,4,18.9,1625.87,300,4.8,6.6,Atrasado,Trânsito/Rota
541,20240219,13,20,13,5,3,50.3,7479.19,1370,22.1,22.1,No Prazo,Nenhuma
542,20240219,11,31,13,5,3,5.9,6158.14,1370,22.1,20.9,No Prazo,Nenhuma
543,20240220,30,10,7,14,4,36.9,3252.94,800,12.9,12.1,No Prazo,Trânsito/Rota
544,20240220,6,29,18,20,5,8.4,4829.51,930,15.0,15.6,No Prazo,Nenhuma
545,20240220,42,12,27,19,5,5.5,1638.57,300,4.8,4.9,No Prazo,Nenhuma
546,20240220,25,17,1,12,5,8.8,3217.01,590,9.5,12.0,Atrasado,Pane Mecânica
547,20240220,40,24,13,15,4,9.3,1065.38,210,3.4,3.5,No Prazo,Nenhuma
548,20240220,41,4,19,11,3,27.1,1989.64,410,6.6,6.5,No Prazo,Nenhuma
549,20240220,38,29,8,18,5,51.3,2816.79,550,8.9,8.5,No Prazo,Nenhuma
550,20240220,13,7,21,5,3,55.1,5944.26,1370,22.1,26.7,Atrasado,Pane Mecânica
551,20240220,23,24,4,13,4,3.9,6404.85,1370,22.1,21.8,No Prazo,Nenhuma
552,20240220,3,28,23,13,5,4.8,6918.64,1370,22.1,22.2,No Prazo,Nenhuma
553,20240220,4,22,22,12,1,3.8,2634.56,590,9.5,12.0,Atrasado,Nenhuma
554,20240220,18,31,3,13,3,39.0,7037.66,1370,22.1,22.7,No Prazo,Nenhuma
555,20240220,6,12,8,9,5,13.0,11576.12,1960,31.6,32.4,No Prazo,Nenhuma
556,20240220,26,6,11,13,1,12.2,5774.66,1370,22.1,20.5,No Prazo,Nenhuma
557,20240220,11,7,17,6,3,4.2,3480.66,800,12.9,15.7,Atrasado,Nenhuma
558,20240220,21,22,19,1,1,28.2,1993.35,430,6.9,6.4,No Prazo,Nenhuma
559,20240220,31,27,21,19,1,35.6,1578.51,300,4.8,5.8,Atrasado,Nenhuma
560,20240220,28,11,6,8,1,40.8,5072.59,930,15.0,15.6,No Prazo,Nenhuma
561,20240221,8,15,22,8,1,8.6,3959.42,930,15.0,20.6,Atrasado,Trânsito/Rota
562,20240221,3,37,25,5,5,4.3,7110.84,1370,22.1,31.7,Atrasado,Trânsito/Rota
563,20240221,28,2,18,7,1,49.0,1182.07,210,3.4,3.8,Atrasado,Nenhuma
564,20240221,29,2,2,7,1,11.6,1020.52,210,3.4,3.2,No Prazo,Nenhuma
565,20240221,20,35,9,19,5,5.3,1400.56,300,4.8,5.4,Atrasado,Nenhuma
566,20240221,33,11,9,15,1,22.9,921.76,210,3.4,3.4,No Prazo,Nenhuma
567,20240221,30,24,30,13,4,51.3,8233.93,1370,22.1,20.5,No Prazo,Nenhuma
568,20240221,39,32,15,11,4,18.9,1842.94,410,6.6,7.9,Atrasado,Nenhuma
569,20240221,7,13,8,3,5,4.2,2612.75,590,9.5,9.3,No Prazo,Nenhuma
570,20240221,39,10,20,15,4,23.3,1096.9,210,3.4,3.5,No Prazo,Atraso em Carga/Descarga
571,20240221,35,4,6,13,3,4.0,6596.69,1370,22.1,22.2,No Prazo,Nenhuma
572,20240221,2,35,26,13,5,4.5,7252.91,1370,22.1,21.6,No Prazo,Nenhuma
573,20240221,7,28,10,18,5,4.8,2393.26,550,8.9,8.5,No Prazo,Pane Mecânica
574,20240221,35,3,26,17,3,5.7,456.12,100,1.6,1.6,No Prazo,Trânsito/Rota
575,20240221,14,13,12,18,5,5.6,3002.01,550,8.9,9.1,No Prazo,Nenhuma
576,20240221,4,22,11,12,1,3.7,2808.9,590,9.5,9.5,No Prazo,Nenhuma
577,20240221,26,22,11,20,1,10.6,5434.41,930,15.0,16.7,Atrasado,Nenhuma
578,20240221,4,2,17,2,1,3.8,1863.35,410,6.6,6.9,No Prazo,Problema Documental
579,20240221,42,34,19,1,5,5.2,2293.97,430,6.9,6.9,No Prazo,Nenhuma
580,20240221,38,28,16,15,5,54.1,936.99,210,3.4,3.7,Atrasado,Nenhuma
581,20240222,32,36,29,1,4,16.9,1965.25,430,6.9,7.2,No Prazo,Nenhuma
582,20240222,30,10,17,16,4,44.9,1489.4,315,5.1,6.1,Atrasado,Nenhuma
583,20240222,41,3,28,7,3,29.9,1231.21,210,3.4,3.4,No Prazo,Nenhuma
584,20240222,30,36,3,7,4,49.1,1019.48,210,3.4,4.3,Atrasado,Nenhuma
585,20240222,37,30,6,6,1,26.0,3997.47,800,12.9,16.1,Atrasado,Nenhuma
586,20240222,1,7,23,3,3,11.8,2868.25,590,9.5,8.8,No Prazo,Nenhuma
587,20240222,30,10,9,10,4,39.0,4071.26,930,15.0,14.0,No Prazo,Nenhuma
588,20240222,26,15,27,15,1,12.9,1145.09,210,3.4,3.2,No Prazo,Nenhuma
589,20240222,42,34,18,5,5,5.6,5390.58,1370,22.1,20.8,No Prazo,Nenhuma
590,20240222,31,11,7,10,1,35.1,4602.36,930,15.0,14.2,No Prazo,Atraso em Carga/Descarga
591,20240222,5,2,8,20,1,31.1,4569.67,930,15.0,15.1,No Prazo,Nenhuma
592,20240222,7,12,27,11,5,3.8,2126.27,410,6.6,7.4,Atrasado,Pane Mecânica
593,20240222,33,27,26,4,1,22.7,3181.91,550,8.9,9.0,No Prazo,Nenhuma
594,20240223,22,14,29,12,2,12.2,3485.36,590,9.5,9.2,No Prazo,Nenhuma
595,20240223,15,27,7,14,1,34.6,4233.36,800,12.9,13.3,No Prazo,Nenhuma
596,20240223,30,10,24,14,4,38.2,4695.27,800,12.9,16.3,Atrasado,Nenhuma
597,20240223,9,9,10,7,2,23.6,1167.8,210,3.4,3.1,No Prazo,Atraso em Carga/Descarga
598,20240223,25,35,4,18,5,12.2,2678.25,550,8.9,11.9,Atrasado,Nenhuma
599,20240223,30,32,15,3,4,55.6,3032.7,590,9.5,9.7,No Prazo,Trânsito/Rota
600,20240223,41,31,26,13,3,34.6,7052.09,1370,22.1,22.5,No Prazo,Trânsito/Rota
601,20240223,5,15,18,20,1,23.4,4883.98,930,15.0,13.8,No Prazo,Nenhuma
602,20240223,12,29,5,1,5,8.4,2190.13,430,6.9,6.5,No Prazo,Pane Mecânica
603,20240223,30,23,8,3,4,43.5,2509.25,590,9.5,9.1,No Prazo,Nenhuma
604,20240223,20,12,12,14,5,5.0,4410.59,800,12.9,12.2,No Prazo,Nenhuma
605,20240223,17,29,12,8,5,11.5,4137.83,930,15.0,15.7,No Prazo,Nenhuma
606,20240223,34,19,6,1,2,5.5,2007.7,430,6.9,7.6,Atrasado,Nenhuma
607,20240223,27,12,5,3,5,52.1,3343.3,590,9.5,9.7,No Prazo,Pane Mecânica
608,20240223,41,7,7,6,3,31.3,4122.18,800,12.9,12.9,No Prazo,Pane Mecânica
609,20240223,42,35,28,4,5,5.6,2769.57,550,8.9,8.5,No Prazo,Nenhuma
610,20240223,25,34,22,7,5,11.8,1198.4,210,3.4,3.4,No Prazo,Nenhuma
611,20240223,34,16,20,16,2,5.9,1356.07,315,5.1,5.0,No Prazo,Nenhuma
612,20240223,22,25,20,4,2,13.2,3232.74,550,8.9,9.1,No Prazo,Nenhuma
613,20240223,3,12,5,19,5,5.3,1605.82,300,4.8,4.8,No Prazo,Atraso em Carga/Descarga
614,20240223,8,15,8,1,1,8.9,1962.28,430,6.9,6.7,No Prazo,Nenhuma
615,20240224,11,7,14,18,3,5.4,2221.52,550,8.9,9.1,No Prazo,Trânsito/Rota
616,20240224,26,1,18,19,1,10.3,1739.1,300,4.8,4.5,No Prazo,Atraso em Carga/Descarga
617,20240224,6,17,27,5,5,11.6,6218.13,1370,22.1,20.5,No Prazo,Nenhuma
618,20240225,18,7,6,9,3,52.5,12033.27,1960,31.6,40.6,Atrasado,Nenhuma
619,20240225,34,14,8,4,2,5.9,2915.34,550,8.9,12.8,Atrasado,Nenhuma
620,20240225,42,37,9,15,5,4.7,1041.73,210,3.4,3.2,No Prazo,Nenhuma
621,20240226,18,33,13,20,3,49.6,4127.48,930,15.0,18.9,Atrasado,Nenhuma
622,20240226,12,13,30,14,5,13.1,3496.96,800,12.9,13.2,No Prazo,Nenhuma
623,20240226,26,11,11,18,1,13.6,2707.01,550,8.9,10.4,Atrasado,Atraso em Carga/Descarga
624,20240226,31,27,25,5,1,49.8,7982.27,1370,22.1,22.4,No Prazo,Trânsito/Rota
625,20240226,31,11,18,11,1,38.9,1786.55,410,6.6,6.2,No Prazo,Nenhuma
626,20240226,36,1,17,5,1,5.8,7487.65,1370,22.1,22.5,No Prazo,Nenhuma
627,20240226,35,7,24,6,3,3.7,4053.13,800,12.9,13.5,No Prazo,Trânsito/Rota
628,20240226,17,12,3,15,5,13.3,1105.78,210,3.4,4.0,Atrasado,Nenhuma
629,20240226,14,13,17,15,5,5.0,904.93,210,3.4,3.4,No Prazo,Nenhuma
630,20240226,7,37,17,12,5,4.5,3081.12,590,9.5,12.7,Atrasado,Nenhuma
631,20240226,36,30,22,3,1,5.3,2350.57,590,9.5,9.1,No Prazo,Nenhuma
632,20240226,5,11,4,15,1,26.0,1049.64,210,3.4,3.4,No Prazo,Nenhuma
633,20240226,5,11,10,15,1,29.6,960.59,210,3.4,3.5,No Prazo,Nenhuma
634,20240227,36,1,26,9,1,5.0,11899.3,1960,31.6,42.4,Atrasado,Pane Mecânica
635,20240227,29,6,14,7,1,11.5,1165.53,210,3.4,4.6,Atrasado,Nenhuma
636,20240227,35,33,16,9,3,3.6,9232.78,1960,31.6,41.3,Atrasado,Nenhuma
637,20240227,8,27,22,6,1,10.2,3911.55,800,12.9,13.9,Atrasado,Nenhuma
638,20240227,9,9,19,19,2,24.6,1314.98,300,4.8,5.3,Atrasado,Nenhuma
639,20240227,16,23,15,6,4,4.2,3839.38,800,12.9,15.4,Atrasado,Nenhuma
640,20240227,26,2,12,2,1,10.4,2231.08,410,6.6,6.6,No Prazo,Nenhuma
641,20240227,10,19,6,2,2,26.8,1863.67,410,6.6,6.7,No Prazo,Nenhuma
642,20240227,28,30,28,4,1,36.0,2881.55,550,8.9,12.4,Atrasado,Nenhuma
643,20240227,41,33,26,14,3,35.9,3955.84,800,12.9,13.4,No Prazo,Nenhuma
644,20240227,13,7,14,19,3,42.0,1426.06,300,4.8,4.8,No Prazo,Nenhuma
645,20240227,19,17,1,3,5,35.3,3436.33,590,9.5,12.0,Atrasado,Nenhuma
646,20240228,36,6,21,14,1,4.0,3374.64,800,12.9,13.4,No Prazo,Nenhuma
647,20240228,27,37,3,13,5,36.0,5789.31,1370,22.1,22.9,No Prazo,Nenhuma
648,20240228,39,10,21,10,4,16.5,4622.64,930,15.0,14.3,No Prazo,Nenhuma
649,20240228,6,37,9,5,5,12.1,7767.79,1370,22.1,21.1,No Prazo,Nenhuma
650,20240228,20,34,16,13,5,3.9,7427.75,1370,22.1,22.8,No Prazo,Nenhuma
651,20240228,7,17,11,5,5,4.7,8187.28,1370,22.1,21.6,No Prazo,Atraso em Carga/Descarga
652,20240228,35,5,22,13,3,5.3,6114.37,1370,22.1,22.2,No Prazo,Nenhuma
653,20240228,24,10,12,7,4,46.1,1093.44,210,3.4,3.4,No Prazo,Pane Mecânica
654,20240228,23,24,11,1,4,4.7,2007.0,430,6.9,6.3,No Prazo,Pane Mecânica
655,20240228,36,27,29,13,1,5.6,6474.15,1370,22.1,23.0,No Prazo,Atraso em Carga/Descarga
656,20240228,17,29,17,19,5,11.1,1220.71,300,4.8,4.6,No Prazo,Nenhuma
657,20240228,17,35,23,20,5,10.5,4557.02,930,15.0,14.1,No Prazo,Nenhuma
658,20240229,39,36,2,3,4,25.1,2545.28,590,9.5,9.4,No Prazo,Pane Mecânica
659,20240229,32,23,1,19,4,22.8,1586.66,300,4.8,4.7,No Prazo,Nenhuma
660,20240229,18,5,6,16,3,38.5,1278.4,315,5.1,5.0,No Prazo,Nenhuma
661,20240229,31,15,9,6,1,50.2,3947.61,800,12.9,13.5,No Prazo,Nenhuma
662,20240229,24,10,5,17,4,56.4,444.84,100,1.6,1.5,No Prazo,Nenhuma
663,20240229,42,28,9,5,5,3.6,6111.75,1370,22.1,27.7,Atrasado,Nenhuma
664,20240229,36,6,20,10,1,5.3,3689.41,930,15.0,16.8,Atrasado,Nenhuma
665,20240229,33,2,19,2,1,20.4,2033.52,410,6.6,7.6,Atrasado,Nenhuma
666,20240229,42,34,1,18,5,3.6,3343.45,550,8.9,9.3,No Prazo,Nenhuma
667,20240229,31,2,4,13,1,56.9,6257.39,1370,22.1,22.2,No Prazo,Nenhuma
668,20240229,42,17,5,3,5,4.5,3648.57,590,9.5,9.6,No Prazo,Nenhuma
669,20240229,42,29,14,13,5,4.9,5899.79,1370,22.1,21.4,No Prazo,Nenhuma
670,20240229,32,36,19,14,4,23.4,4633.3,800,12.9,11.9,No Prazo,Pane Mecânica
671,20240229,23,10,19,5,4,5.0,6460.38,1370,22.1,28.4,Atrasado,Nenhuma
672,20240229,37,2,24,1,1,23.6,1933.34,430,6.9,6.8,No Prazo,Nenhuma
673,20240229,11,7,4,18,3,4.4,3352.78,550,8.9,8.6,No Prazo,Nenhuma
674,20240301,30,23,18,19,4,52.2,1261.82,300,4.8,6.6,Atrasado,Nenhuma
675,20240301,41,31,28,10,3,34.1,4437.22,930,15.0,14.5,No Prazo,Nenhuma
676,20240301,22,25,1,2,2,13.4,2041.99,410,6.6,6.7,No Prazo,Nenhuma
677,20240301,1,20,18,3,3,9.4,2866.13,590,9.5,9.8,No Prazo,Trânsito/Rota
678,20240301,20,13,26,13,5,4.9,5571.7,1370,22.1,21.1,No Prazo,Nenhuma
679,20240301,24,24,30,17,4,34.2,524.08,100,1.6,1.5,No Prazo,Trânsito/Rota
680,20240301,34,8,28,14,2,5.5,3711.02,800,12.9,12.8,No Prazo,Nenhuma
681,20240301,24,36,10,12,4,46.1,2986.11,590,9.5,9.1,No Prazo,Nenhuma
682,20240301,29,22,12,8,1,9.0,4523.73,930,15.0,16.7,Atrasado,Trânsito/Rota
683,20240301,29,27,14,15,1,9.5,1010.27,210,3.4,3.5,No Prazo,Nenhuma
684,20240301,28,15,5,12,1,46.2,3123.51,590,9.5,9.5,No Prazo,Nenhuma
685,20240301,24,23,26,20,4,55.4,4163.54,930,15.0,16.4,Atrasado,Pane Mecânica
686,20240301,36,15,19,13,1,3.7,7366.7,1370,22.1,21.4,No Prazo,Nenhuma
687,20240301,39,23,14,10,4,25.1,4072.94,930,15.0,14.4,No Prazo,Atraso em Carga/Descarga
688,20240301,33,27,6,12,1,26.6,2573.9,590,9.5,9.0,No Prazo,Nenhuma
689,20240301,38,35,23,11,5,39.9,2095.54,410,6.6,8.1,Atrasado,Nenhuma
690,20240301,34,38,13,9,2,5.1,9305.32,1960,31.6,32.7,No Prazo,Nenhuma
691,20240301,24,32,6,18,4,38.3,2624.69,550,8.9,9.3,No Prazo,Nenhuma
692,20240302,13,4,8,7,3,54.8,1132.18,210,3.4,4.2,Atrasado,Nenhuma
693,20240302,1,33,1,11,3,13.0,1877.45,410,6.6,6.4,No Prazo,Nenhuma
694,20240302,8,22,29,10,1,12.6,4416.11,930,15.0,15.9,Atrasado,Nenhuma
695,20240302,41,3,20,12,3,26.4,2337.15,590,9.5,10.1,Atrasado,Problema Documental
696,20240302,35,7,25,8,3,4.1,4474.99,930,15.0,20.7,Atrasado,Trânsito/Rota
697,20240303,33,15,23,1,1,22.2,2431.87,430,6.9,6.7,No Prazo,Nenhuma
698,20240303,10,19,8,3,2,20.2,2984.78,590,9.5,10.4,Atrasado,Nenhuma
699,20240303,34,38,6,14,2,5.8,4490.03,800,12.9,14.5,Atrasado,Pane Mecânica
700,20240303,5,6,15,1,1,32.4,2321.05,430,6.9,6.6,No Prazo,Nenhuma
701,20240303,30,23,1,12,4,47.3,2385.25,590,9.5,11.4,Atrasado,Pane Mecânica
702,20240303,36,27,6,1,1,4.6,2562.25,430,6.9,6.9,No Prazo,Nenhuma
703,20240303,4,1,17,18,1,3.6,3028.94,550,8.9,8.2,No Prazo,Nenhuma
704,20240304,39,23,8,6,4,19.7,4185.41,800,12.9,13.5,No Prazo,Atraso em Carga/Descarga
705,20240304,42,13,26,3,5,5.4,2933.46,590,9.5,9.7,No Prazo,Nenhuma
706,20240304,38,12,17,19,5,41.9,1534.84,300,4.8,4.6,No Prazo,Nenhuma
707,20240304,25,37,6,5,5,10.8,7619.85,1370,22.1,20.9,No Prazo,Nenhuma
708,20240304,22,14,23,15,2,11.6,1136.9,210,3.4,3.2,No Prazo,Nenhuma
709,20240304,37,30,2,15,1,20.8,1141.5,210,3.4,3.3,No Prazo,Nenhuma
710,20240304,26,11,16,6,1,9.5,3852.14,800,12.9,14.5,Atrasado,Nenhuma
711,20240304,25,17,3,7,5,13.0,1195.03,210,3.4,3.5,No Prazo,Nenhuma
712,20240304,15,6,18,4,1,49.8,2463.76,550,8.9,9.0,No Prazo,Nenhuma
713,20240304,13,7,7,8,3,48.4,4193.0,930,15.0,14.5,No Prazo,Pane Mecânica
714,20240304,4,30,24,19,1,4.3,1470.26,300,4.8,5.5,Atrasado,Nenhuma
715,20240304,18,4,20,17,3,51.3,519.69,100,1.6,2.1,Atrasado,Nenhuma
716,20240305,33,27,9,19,1,22.5,1532.87,300,4.8,4.6,No Prazo,Pane Mecânica
717,20240305,27,28,4,5,5,48.3,5817.9,1370,22.1,21.4,No Prazo,Nenhuma
718,20240305,33,1,22,3,1,25.4,3269.89,590,9.5,9.8,No Prazo,Nenhuma
719,20240305,41,31,14,11,3,25.6,2066.5,410,6.6,6.3,No Prazo,Trânsito/Rota
720,20240305,27,13,16,1,5,46.3,1908.43,430,6.9,7.2,No Prazo,Nenhuma
721,20240305,14,17,17,16,5,4.2,1578.67,315,5.1,4.8,No Prazo,Nenhuma
722,20240305,8,15,13,18,1,10.4,2827.63,550,8.9,11.2,Atrasado,Pane Mecânica
723,20240305,3,37,2,20,5,5.1,5572.75,930,15.0,16.1,Atrasado,Nenhuma
724,20240305,30,10,16,17,4,40.6,454.49,100,1.6,1.5,No Prazo,Nenhuma
725,20240305,23,24,18,16,4,5.9,1676.39,315,5.1,4.9,No Prazo,Nenhuma
726,20240305,3,17,13,18,5,5.9,3149.97,550,8.9,8.4,No Prazo,Nenhuma
727,20240305,32,23,21,11,4,22.0,2386.13,410,6.6,6.7,No Prazo,Nenhuma
728,20240305,30,10,18,14,4,37.3,5021.43,800,12.9,13.4,No Prazo,Trânsito/Rota
729,20240305,17,29,19,11,5,10.2,2206.26,410,6.6,6.3,No Prazo,Trânsito/Rota
730,20240305,21,1,22,3,1,33.0,3398.75,590,9.5,9.2,No Prazo,Nenhuma
731,20240305,34,38,23,18,2,5.8,3326.33,550,8.9,9.1,No Prazo,Nenhuma
732,20240306,41,20,23,18,3,22.6,3323.59,550,8.9,8.9,No Prazo,Nenhuma
733,20240306,32,32,2,18,4,18.7,2176.02,550,8.9,9.9,Atrasado,Trânsito/Rota
734,20240306,12,37,21,15,5,11.0,1083.35,210,3.4,3.3,No Prazo,Nenhuma
735,20240306,9,14,22,3,2,25.5,3004.6,590,9.5,13.6,Atrasado,Nenhuma
736,20240306,8,11,25,19,1,12.2,1301.22,300,4.8,5.0,No Prazo,Nenhuma
737,20240306,40,32,15,8,4,11.9,5206.87,930,15.0,18.4,Atrasado,Nenhuma
738,20240306,33,15,28,8,1,22.8,5382.29,930,15.0,15.6,No Prazo,Nenhuma
739,20240306,11,3,14,4,3,4.9,2980.94,550,8.9,8.3,No Prazo,Nenhuma
740,20240306,39,24,20,12,4,25.7,3315.06,590,9.5,10.0,No Prazo,Nenhuma
741,20240306,19,29,2,13,5,27.9,7953.95,1370,22.1,21.6,No Prazo,Trânsito/Rota
742,20240306,8,6,14,6,1,12.7,3579.66,800,12.9,13.4,No Prazo,Nenhuma
743,20240306,25,28,1,9,5,13.5,9883.66,1960,31.6,31.1,No Prazo,Nenhuma
744,20240307,6,35,19,6,5,13.7,4175.2,800,12.9,12.6,No Prazo,Nenhuma
745,20240307,6,37,16,8,5,11.7,4915.85,930,15.0,14.3,No Prazo,Nenhuma
746,20240307,18,20,15,1,3,54.9,2464.65,430,6.9,6.5,No Prazo,Nenhuma
747,20240307,29,6,3,20,1,10.4,4674.9,930,15.0,18.9,Atrasado,Atraso em Carga/Descarga
748,20240307,8,11,23,8,1,10.5,4594.03,930,15.0,19.2,Atrasado,Nenhuma
749,20240307,15,27,22,19,1,37.6,1669.06,300,4.8,4.7,No Prazo,Nenhuma
750,20240307,20,29,6,15,5,5.4,1049.84,210,3.4,3.2,No Prazo,Nenhuma
751,20240307,34,18,24,4,2,5.1,2500.9,550,8.9,11.3,Atrasado,Nenhuma
752,20240307,13,3,18,1,3,54.3,1968.13,430,6.9,6.7,No Prazo,Nenhuma
753,20240307,28,11,9,16,1,47.9,1439.99,315,5.1,5.1,No Prazo,Pane Mecânica
754,20240307,21,1,20,6,1,22.9,3545.24,800,12.9,13.3,No Prazo,Nenhuma
755,20240307,7,37,3,9,5,5.6,9503.28,1960,31.6,30.8,No Prazo,Nenhuma
756,20240307,18,31,1,6,3,49.5,4283.12,800,12.9,13.2,No Prazo,Nenhuma
757,20240307,22,38,11,20,2,10.9,5036.53,930,15.0,14.4,No Prazo,Nenhuma
758,20240307,13,31,7,3,3,42.8,2465.8,590,9.5,9.1,No Prazo,Nenhuma
759,20240307,21,11,18,20,1,32.5,4295.99,930,15.0,15.2,No Prazo,Nenhuma
760,20240307,18,20,28,7,3,36.7,1165.87,210,3.4,4.2,Atrasado,Nenhuma
761,20240307,17,29,3,10,5,13.6,5437.27,930,15.0,14.4,No Prazo,Nenhuma
762,20240307,34,26,14,16,2,6.0,1443.7,315,5.1,5.0,No Prazo,Nenhuma
763,20240308,22,25,5,6,2,12.9,4497.79,800,12.9,12.2,No Prazo,Nenhuma
764,20240308,36,22,30,2,1,4.7,2354.61,410,6.6,6.6,No Prazo,Nenhuma
765,20240308,23,23,17,6,4,3.7,3917.39,800,12.9,12.9,No Prazo,Nenhuma
766,20240308,20,28,1,3,5,4.2,2434.43,590,9.5,9.7,No Prazo,Nenhuma
767,20240308,34,18,16,14,2,4.4,3899.02,800,12.9,17.9,Atrasado,Nenhuma
768,20240308,1,5,3,18,3,13.1,3211.2,550,8.9,8.2,No Prazo,Nenhuma
769,20240308,11,20,12,14,3,4.0,4116.56,800,12.9,16.0,Atrasado,Pane Mecânica
770,20240308,17,34,30,7,5,13.6,881.24,210,3.4,3.4,No Prazo,Nenhuma
771,20240308,30,32,27,8,4,34.6,4744.2,930,15.0,20.6,Atrasado,Nenhuma
772,20240308,29,6,28,13,1,9.2,7675.6,1370,22.1,21.9,No Prazo,Nenhuma
773,20240308,29,30,3,4,1,11.8,2348.31,550,8.9,10.5,Atrasado,Trânsito/Rota
774,20240308,15,30,10,1,1,50.4,1896.79,430,6.9,8.3,Atrasado,Pane Mecânica
775,20240308,14,37,22,6,5,4.3,3938.27,800,12.9,11.9,No Prazo,Nenhuma
776,20240308,37,22,23,10,1,17.2,4838.38,930,15.0,16.8,Atrasado,Nenhuma
777,20240308,30,24,8,3,4,45.2,3332.71,590,9.5,9.7,No Prazo,Nenhuma
778,20240308,21,6,8,12,1,36.7,3139.31,590,9.5,8.8,No Prazo,Nenhuma
779,20240308,36,30,20,18,1,5.7,2321.59,550,8.9,9.2,No Prazo,Trânsito/Rota
780,20240309,41,20,20,9,3,29.1,8187.25,1960,31.6,30.4,No Prazo,Nenhuma
781,20240309,25,37,29,16,5,10.1,1792.08,315,5.1,4.9,No Prazo,Nenhuma
782,20240309,31,11,22,16,1,44.3,1308.79,315,5.1,4.7,No Prazo,Nenhuma
783,20240309,16,23,14,3,4,4.8,2601.68,590,9.5,8.9,No Prazo,Nenhuma
784,20240309,20,34,20,9,5,4.3,8535.75,1960,31.6,30.5,No Prazo,Nenhuma
785,20240310,33,1,1,17,1,16.5,555.29,100,1.6,1.5,No Prazo,Nenhuma
786,20240310,12,17,26,13,5,12.3,8036.73,1370,22.1,21.6,No Prazo,Nenhuma
787,20240310,34,18,1,12,2,4.4,2699.66,590,9.5,10.4,Atrasado,Atraso em Carga/Descarga
788,20240310,25,37,24,19,5,12.7,1487.91,300,4.8,6.4,Atrasado,Nenhuma
789,20240311,41,20,16,19,3,32.3,1627.43,300,4.8,4.6,No Prazo,Trânsito/Rota
790,20240311,28,1,21,7,1,48.3,1211.65,210,3.4,3.4,No Prazo,Pane Mecânica
791,20240311,40,10,21,19,4,13.3,1415.33,300,4.8,4.6,No Prazo,Nenhuma
792,20240311,18,4,14,9,3,38.1,11000.42,1960,31.6,29.5,No Prazo,Pane Mecânica
793,20240311,39,32,12,3,4,24.8,2817.84,590,9.5,12.0,Atrasado,Nenhuma
794,20240311,32,24,27,16,4,20.7,1668.67,315,5.1,6.2,Atrasado,Nenhuma
795,20240311,35,5,13,3,3,5.6,3164.12,590,9.5,9.7,No Prazo,Nenhuma
796,20240311,2,12,27,5,5,4.2,7023.02,1370,22.1,28.4,Atrasado,Nenhuma
797,20240311,18,7,20,9,3,47.7,9792.47,1960,31.6,35.7,Atrasado,Atraso em Carga/Descarga
798,20240311,2,35,21,2,5,3.8,1813.63,410,6.6,8.0,Atrasado,Nenhuma
799,20240311,20,35,11,6,5,5.2,3510.95,800,12.9,18.2,Atrasado,Nenhuma
800,20240311,26,1,25,7,1,8.4,883.83,210,3.4,3.3,No Prazo,Nenhuma
801,20240311,5,22,19,5,1,25.1,7246.87,1370,22.1,23.0,No Prazo,Nenhuma
802,20240311,4,27,1,9,1,5.9,10097.62,1960,31.6,29.4,No Prazo,Nenhuma
803,20240312,36,22,4,3,1,4.6,2499.18,590,9.5,9.4,No Prazo,Nenhuma
804,20240312,26,11,30,17,1,12.3,557.62,100,1.6,2.2,Atrasado,Nenhuma
805,20240312,16,10,17,14,4,5.3,3799.22,800,12.9,12.5,No Prazo,Nenhuma
806,20240312,24,10,18,14,4,49.3,3868.9,800,12.9,13.4,No Prazo,Pane Mecânica
807,20240312,8,22,10,10,1,9.3,5670.28,930,15.0,13.9,No Prazo,Nenhuma
808,20240312,13,33,29,19,3,50.6,1494.82,300,4.8,5.2,Atrasado,Nenhuma
809,20240312,41,3,4,8,3,28.4,4741.84,930,15.0,14.6,No Prazo,Nenhuma
810,20240312,32,23,14,15,4,21.7,1073.99,210,3.4,3.2,No Prazo,Nenhuma
811,20240312,18,4,8,17,3,47.4,555.57,100,1.6,1.6,No Prazo,Nenhuma
812,20240312,24,32,15,4,4,42.6,3299.35,550,8.9,8.3,No Prazo,Nenhuma
813,20240312,42,29,18,10,5,5.3,4141.74,930,15.0,21.7,Atrasado,Nenhuma
814,20240312,10,14,29,11,2,21.2,1802.01,410,6.6,6.5,No Prazo,Nenhuma
815,20240312,36,6,30,16,1,5.9,1350.24,315,5.1,6.0,Atrasado,Nenhuma
816,20240312,13,5,23,1,3,42.0,2389.69,430,6.9,6.8,No Prazo,Nenhuma
817,20240312,35,5,11,17,3,4.6,610.1,100,1.6,1.5,No Prazo,Atraso em Carga/Descarga
818,20240312,25,35,3,19,5,12.6,1653.2,300,4.8,4.7,No Prazo,Nenhuma
819,20240312,36,6,30,6,1,3.7,4933.01,800,12.9,12.3,No Prazo,Nenhuma
820,20240312,12,37,17,5,5,11.2,7655.31,1370,22.1,21.1,No Prazo,Trânsito/Rota
821,20240313,14,17,16,4,5,5.4,2999.82,550,8.9,11.7,Atrasado,Nenhuma
822,20240313,23,10,7,6,4,4.0,4348.15,800,12.9,12.8,No Prazo,Nenhuma
823,20240313,33,6,17,17,1,26.8,599.4,100,1.6,2.2,Atrasado,Nenhuma
824,20240313,42,17,20,7,5,4.6,1027.54,210,3.4,3.8,Atrasado,Nenhuma
825,20240313,35,5,27,4,3,5.6,2247.15,550,8.9,9.6,Atrasado,Nenhuma
826,20240313,8,11,6,7,1,11.1,1095.84,210,3.4,3.9,Atrasado,Nenhuma
827,20240313,42,28,27,19,5,4.5,1379.46,300,4.8,4.6,No Prazo,Pane Mecânica
828,20240313,4,22,18,20,1,4.5,4371.28,930,15.0,16.5,Atrasado,Nenhuma
829,20240313,19,17,12,13,5,27.4,7896.58,1370,22.1,21.1,No Prazo,Nenhuma
830,20240313,36,30,19,9,1,5.5,9033.11,1960,31.6,31.8,No Prazo,Nenhuma
831,20240314,13,5,25,12,3,47.6,2585.28,590,9.5,9.0,No Prazo,Nenhuma
832,20240314,6,35,27,12,5,12.2,3185.88,590,9.5,8.9,No Prazo,Nenhuma
833,20240314,2,35,6,13,5,4.1,6140.36,1370,22.1,20.6,No Prazo,Atraso em Carga/Descarga
834,20240314,32,23,29,6,4,23.3,4752.11,800,12.9,13.1,No Prazo,Nenhuma
835,20240314,25,35,8,4,5,13.2,2418.42,550,8.9,11.4,Atrasado,Atraso em Carga/Descarga
836,20240314,16,24,9,14,4,5.8,4225.66,800,12.9,13.4,No Prazo,Nenhuma
837,20240314,5,2,21,20,1,35.9,4256.6,930,15.0,20.4,Atrasado,Nenhuma
838,20240314,41,7,4,10,3,24.6,4035.34,930,15.0,14.4,No Prazo,Nenhuma
839,20240314,8,2,30,16,1,13.8,1436.68,315,5.1,5.3,No Prazo,Nenhuma
840,20240314,37,27,6,13,1,18.1,6638.75,1370,22.1,25.3,Atrasado,Nenhuma
841,20240314,22,14,2,15,2,13.5,1099.82,210,3.4,3.4,No Prazo,Nenhuma
842,20240314,5,15,15,1,1,28.8,2406.97,430,6.9,7.2,No Prazo,Nenhuma
843,20240314,16,36,30,5,4,4.2,7731.7,1370,22.1,21.8,No Prazo,Atraso em Carga/Descarga
844,20240314,32,36,8,12,4,21.5,3000.98,590,9.5,13.0,Atrasado,Nenhuma
845,20240314,15,22,2,12,1,34.3,3598.98,590,9.5,9.4,No Prazo,Atraso em Carga/Descarga
846,20240314,6,13,26,15,5,10.4,1120.47,210,3.4,3.6,No Prazo,Nenhuma
847,20240314,12,12,8,2,5,11.4,2327.32,410,6.6,6.7,No Prazo,Nenhuma
848,20240314,1,31,5,3,3,9.4,2423.35,590,9.5,9.6,No Prazo,Trânsito/Rota
849,20240314,17,28,23,2,5,11.9,1874.43,410,6.6,6.7,No Prazo,Nenhuma
850,20240314,6,28,24,15,5,9.5,1157.66,210,3.4,3.2,No Prazo,Nenhuma
851,20240315,10,21,11,15,2,21.6,1284.71,210,3.4,3.6,Atrasado,Nenhuma
852,20240315,29,1,13,5,1,10.3,7415.41,1370,22.1,22.2,No Prazo,Nenhuma
853,20240315,6,35,6,19,5,13.7,1731.54,300,4.8,5.5,Atrasado,Nenhuma
854,20240315,6,13,15,10,5,12.5,4442.9,930,15.0,19.5,Atrasado,Nenhuma
855,20240315,40,36,9,18,4,12.0,2289.14,550,8.9,12.3,Atrasado,Nenhuma
856,20240315,7,29,5,4,5,5.1,2989.82,550,8.9,9.8,Atrasado,Nenhuma
857,20240315,37,11,16,8,1,22.8,3790.91,930,15.0,15.4,No Prazo,Nenhuma
858,20240315,1,3,5,1,3,10.7,1888.27,430,6.9,6.6,No Prazo,Atraso em Carga/Descarga
859,20240315,29,27,25,20,1,9.6,3749.23,930,15.0,14.3,No Prazo,Nenhuma
860,20240315,17,12,30,7,5,9.3,972.26,210,3.4,3.4,No Prazo,Nenhuma
861,20240315,21,1,9,2,1,33.9,2143.58,410,6.6,6.8,No Prazo,Nenhuma
862,20240315,7,17,27,12,5,3.6,3527.78,590,9.5,9.1,No Prazo,Nenhuma
863,20240315,2,13,30,9,5,5.5,9422.93,1960,31.6,30.2,No Prazo,Nenhuma
864,20240315,30,24,23,18,4,39.7,2474.87,550,8.9,9.0,No Prazo,Nenhuma
865,20240316,4,11,15,12,1,5.1,3243.6,590,9.5,9.0,No Prazo,Nenhuma
866,20240316,18,33,13,12,3,46.3,2480.85,590,9.5,12.1,Atrasado,Nenhuma
867,20240316,1,5,30,15,3,12.7,1097.54,210,3.4,3.5,No Prazo,Nenhuma
868,20240317,18,3,6,11,3,45.5,1874.58,410,6.6,6.4,No Prazo,Nenhuma
869,20240317,35,20,6,18,3,4.2,3008.3,550,8.9,8.3,No Prazo,Nenhuma
870,20240317,22,18,23,9,2,11.4,8186.95,1960,31.6,29.4,No Prazo,Nenhuma
871,20240317,13,33,26,3,3,44.3,3039.16,590,9.5,13.4,Atrasado,Nenhuma
872,20240317,40,10,16,19,4,9.0,1319.58,300,4.8,4.5,No Prazo,Trânsito/Rota
873,20240317,34,25,2,10,2,3.8,4623.48,930,15.0,14.2,No Prazo,Nenhuma
874,20240318,40,10,27,1,4,10.6,1908.06,430,6.9,7.2,No Prazo,Nenhuma
875,20240318,37,30,14,12,1,17.6,3050.81,590,9.5,9.8,No Prazo,Nenhuma
876,20240318,41,33,9,9,3,24.7,9648.71,1960,31.6,32.3,No Prazo,Nenhuma
877,20240318,30,10,15,15,4,48.1,968.82,210,3.4,3.7,Atrasado,Trânsito/Rota
878,20240318,5,15,11,12,1,29.4,3567.46,590,9.5,11.1,Atrasado,Nenhuma
879,20240318,9,9,8,15,2,33.1,939.74,210,3.4,3.5,No Prazo,Nenhuma
880,20240318,5,30,16,9,1,24.4,9653.12,1960,31.6,34.0,Atrasado,Nenhuma
881,20240318,5,30,25,6,1,33.6,3325.96,800,12.9,13.2,No Prazo,Pane Mecânica
882,20240318,22,25,19,18,2,10.9,2512.59,550,8.9,9.0,No Prazo,Atraso em Carga/Descarga
883,20240318,25,29,9,9,5,9.1,9244.42,1960,31.6,31.0,No Prazo,Nenhuma
884,20240318,10,14,1,20,2,23.8,5458.02,930,15.0,14.7,No Prazo,Nenhuma
885,20240318,19,17,1,2,5,35.1,2049.64,410,6.6,6.5,No Prazo,Nenhuma
886,20240319,8,15,4,8,1,8.8,5299.66,930,15.0,14.6,No Prazo,Nenhuma
887,20240319,31,27,19,12,1,55.8,3110.65,590,9.5,10.4,Atrasado,Trânsito/Rota
888,20240319,10,14,20,2,2,24.1,1792.36,410,6.6,6.8,No Prazo,Nenhuma
889,20240319,39,36,4,9,4,20.1,10187.9,1960,31.6,31.4,No Prazo,Nenhuma
890,20240319,39,23,13,4,4,23.9,2578.57,550,8.9,8.3,No Prazo,Nenhuma
891,20240319,27,29,24,19,5,55.6,1629.68,300,4.8,4.9,No Prazo,Nenhuma
892,20240319,16,10,5,6,4,4.4,3740.89,800,12.9,12.0,No Prazo,Nenhuma
893,20240319,23,24,15,15,4,4.8,1028.82,210,3.4,3.4,No Prazo,Nenhuma
894,20240319,30,10,25,20,4,40.9,5050.22,930,15.0,20.6,Atrasado,Atraso em Carga/Descarga
895,20240319,18,5,6,1,3,35.7,2480.26,430,6.9,7.2,No Prazo,Nenhuma
896,20240319,32,32,12,17,4,26.5,419.39,100,1.6,1.6,No Prazo,Trânsito/Rota
897,20240319,13,4,21,16,3,46.1,1630.15,315,5.1,6.5,Atrasado,Nenhuma
898,20240319,42,12,22,6,5,4.4,4002.86,800,12.9,12.0,No Prazo,Trânsito/Rota
899,20240319,42,13,2,9,5,4.2,11729.51,1960,31.6,30.5,No Prazo,Nenhuma
900,20240319,19,37,5,8,5,27.0,4949.45,930,15.0,18.5,Atrasado,Nenhuma
901,20240319,31,6,28,12,1,37.2,3193.0,590,9.5,9.3,No Prazo,Atraso em Carga/Descarga
902,20240319,14,35,11,7,5,5.4,863.01,210,3.4,3.2,No Prazo,Atraso em Carga/Descarga
903,20240319,28,15,17,20,1,50.4,4507.39,930,15.0,20.0,Atrasado,Nenhuma
904,20240319,11,31,21,17,3,4.0,432.86,100,1.6,1.5,No Prazo,Nenhuma
905,20240319,14,12,11,11,5,4.0,2017.15,410,6.6,6.4,No Prazo,Nenhuma
906,20240320,41,3,6,20,3,36.6,4567.58,930,15.0,15.6,No Prazo,Nenhuma
907,20240320,20,17,12,18,5,5.9,3112.89,550,8.9,11.3,Atrasado,Nenhuma
908,20240320,37,2,13,2,1,23.2,1980.91,410,6.6,8.9,Atrasado,Problema Documental
909,20240320,38,13,24,3,5,49.4,3388.68,590,9.5,11.3,Atrasado,Nenhuma
910,20240320,10,38,25,19,2,21.4,1269.29,300,4.8,4.4,No Prazo,Nenhuma
911,20240320,17,12,2,4,5,9.6,2575.89,550,8.9,8.4,No Prazo,Nenhuma
912,20240320,19,12,19,3,5,33.8,3176.48,590,9.5,9.8,No Prazo,Nenhuma
913,20240320,34,16,10,5,2,5.9,8070.34,1370,22.1,22.1,No Prazo,Nenhuma
914,20240320,36,22,9,16,1,3.7,1671.16,315,5.1,5.0,No Prazo,Nenhuma
915,20240320,16,10,14,1,4,3.6,2000.03,430,6.9,6.9,No Prazo,Nenhuma
916,20240320,34,9,21,17,2,5.7,545.73,100,1.6,1.5,No Prazo,Nenhuma
917,20240320,38,35,16,20,5,54.7,5051.68,930,15.0,19.4,Atrasado,Nenhuma
918,20240320,24,24,17,4,4,41.1,3296.05,550,8.9,9.3,No Prazo,Nenhuma
919,20240320,3,29,23,3,5,4.5,2448.22,590,9.5,9.0,No Prazo,Nenhuma
920,20240320,36,22,19,1,1,5.0,2434.24,430,6.9,8.1,Atrasado,Nenhuma
921,20240320,7,13,17,14,5,5.6,3759.63,800,12.9,13.1,No Prazo,Nenhuma
922,20240320,32,32,19,5,4,24.7,5874.95,1370,22.1,22.2,No Prazo,Nenhuma
923,20240320,26,2,21,10,1,12.1,4169.97,930,15.0,19.7,Atrasado,Nenhuma
924,20240321,23,10,10,2,4,4.3,2349.15,410,6.6,8.5,Atrasado,Nenhuma
925,20240321,34,16,19,15,2,5.7,1107.35,210,3.4,3.2,No Prazo,Nenhuma
926,20240321,4,30,19,7,1,5.0,1157.24,210,3.4,3.3,No Prazo,Trânsito/Rota
927,20240321,4,30,17,12,1,3.9,2533.27,590,9.5,9.9,No Prazo,Nenhuma
928,20240321,40,24,22,15,4,10.0,1117.04,210,3.4,3.5,No Prazo,Nenhuma
929,20240321,33,6,7,15,1,17.2,1165.33,210,3.4,4.7,Atrasado,Nenhuma
930,20240321,38,12,26,10,5,41.1,5112.85,930,15.0,14.9,No Prazo,Pane Mecânica
931,20240321,10,38,4,5,2,16.3,6864.31,1370,22.1,21.3,No Prazo,Trânsito/Rota
932,20240321,14,13,30,13,5,3.8,5828.92,1370,22.1,22.9,No Prazo,Nenhuma
933,20240321,8,22,21,1,1,13.1,2195.4,430,6.9,7.0,No Prazo,Nenhuma
934,20240321,25,17,5,20,5,11.0,4056.15,930,15.0,18.7,Atrasado,Nenhuma
935,20240321,28,22,8,9,1,42.5,11502.96,1960,31.6,32.2,No Prazo,Nenhuma
936,20240321,24,10,17,10,4,50.4,3966.73,930,15.0,15.5,No Prazo,Nenhuma
937,20240321,25,12,9,9,5,9.7,8155.35,1960,31.6,31.9,No Prazo,Pane Mecânica
938,20240321,2,13,15,7,5,3.8,1199.24,210,3.4,3.2,No Prazo,Pane Mecânica
939,20240321,38,12,30,9,5,45.9,7906.59,1960,31.6,29.3,No Prazo,Nenhuma
940,20240321,6,35,28,13,5,12.6,7968.82,1370,22.1,22.9,No Prazo,Nenhuma
941,20240321,39,10,17,11,4,20.0,1804.59,410,6.6,9.4,Atrasado,Nenhuma
942,20240321,38,12,9,19,5,37.9,1546.93,300,4.8,4.8,No Prazo,Nenhuma
943,20240321,23,10,20,14,4,5.0,3192.5,800,12.9,12.3,No Prazo,Trânsito/Rota
944,20240321,27,29,9,11,5,46.4,2341.31,410,6.6,6.5,No Prazo,Nenhuma
945,20240321,13,3,3,11,3,42.6,2123.87,410,6.6,7.5,Atrasado,Nenhuma
946,20240321,42,37,7,20,5,4.5,4063.21,930,15.0,15.7,No Prazo,Nenhuma
947,20240322,35,20,27,12,3,4.8,2927.67,590,9.5,9.6,No Prazo,Nenhuma
948,20240322,29,15,30,11,1,11.2,1967.19,410,6.6,8.8,Atrasado,Trânsito/Rota
949,20240322,13,4,28,5,3,39.3,6983.94,1370,22.1,22.8,No Prazo,Trânsito/Rota
950,20240322,39,24,25,3,4,24.9,3424.98,590,9.5,9.6,No Prazo,Nenhuma
951,20240322,1,31,16,5,3,10.6,7087.35,1370,22.1,21.5,No Prazo,Nenhuma
952,20240322,33,2,25,3,1,26.8,3374.52,590,9.5,9.2,No Prazo,Nenhuma
953,20240322,41,5,12,13,3,25.2,7734.99,1370,22.1,21.6,No Prazo,Nenhuma
954,20240322,19,13,5,4,5,33.5,3081.46,550,8.9,12.2,Atrasado,Atraso em Carga/Descarga
955,20240322,23,10,24,4,4,4.5,3080.71,550,8.9,11.2,Atrasado,Nenhuma
956,20240322,42,17,5,3,5,4.7,2542.9,590,9.5,9.9,No Prazo,Nenhuma
957,20240322,37,6,1,15,1,24.2,1191.36,210,3.4,3.2,No Prazo,Nenhuma
958,20240323,34,9,20,7,2,4.0,1062.87,210,3.4,3.5,No Prazo,Nenhuma
959,20240323,23,24,16,8,4,5.5,4222.32,930,15.0,14.3,No Prazo,Nenhuma
960,20240323,15,27,28,10,1,53.8,4986.35,930,15.0,14.6,No Prazo,Trânsito/Rota
961,20240323,10,8,4,9,2,20.3,9067.02,1960,31.6,29.2,No Prazo,Nenhuma
962,20240323,3,28,15,3,5,5.7,2807.17,590,9.5,8.9,No Prazo,Nenhuma
963,20240324,25,17,18,2,5,12.7,2118.6,410,6.6,6.5,No Prazo,Nenhuma
964,20240324,34,14,21,7,2,4.9,878.96,210,3.4,3.4,No Prazo,Nenhuma
965,20240324,9,25,29,16,2,32.2,1711.06,315,5.1,5.1,No Prazo,Nenhuma
966,20240324,26,1,22,7,1,10.5,1193.15,210,3.4,4.4,Atrasado,Nenhuma
967,20240324,28,6,29,13,1,44.0,8126.61,1370,22.1,21.0,No Prazo,Nenhuma
968,20240324,24,23,7,20,4,41.3,4020.25,930,15.0,16.6,Atrasado,Nenhuma
969,20240325,2,37,27,2,5,4.4,2109.6,410,6.6,6.8,No Prazo,Nenhuma
970,20240325,18,5,10,8,3,50.1,5079.63,930,15.0,14.6,No Prazo,Nenhuma
971,20240325,38,34,10,3,5,52.6,2564.68,590,9.5,9.4,No Prazo,Nenhuma
972,20240325,19,12,24,17,5,27.2,518.86,100,1.6,1.6,No Prazo,Trânsito/Rota
973,20240325,40,24,20,5,4,12.8,7828.09,1370,22.1,20.5,No Prazo,Problema Documental
974,20240325,24,32,13,16,4,43.4,1456.35,315,5.1,5.3,No Prazo,Nenhuma
975,20240325,11,31,25,12,3,4.4,2558.2,590,9.5,9.0,No Prazo,Pane Mecânica
976,20240325,3,28,5,1,5,5.2,2064.54,430,6.9,6.8,No Prazo,Nenhuma
977,20240325,25,35,4,19,5,10.7,1576.57,300,4.8,5.4,Atrasado,Nenhuma
978,20240325,38,29,6,17,5,50.2,578.05,100,1.6,1.7,No Prazo,Nenhuma
979,20240325,33,15,15,4,1,21.2,3244.22,550,8.9,9.1,No Prazo,Nenhuma
980,20240325,33,2,29,7,1,22.3,1111.98,210,3.4,3.2,No Prazo,Nenhuma
981,20240325,20,12,29,4,5,5.2,2544.54,550,8.9,9.1,No Prazo,Nenhuma
982,20240325,29,11,18,8,1,9.5,4677.52,930,15.0,14.3,No Prazo,Nenhuma
983,20240325,14,17,28,12,5,4.6,2457.71,590,9.5,9.8,No Prazo,Nenhuma
984,20240325,32,32,16,10,4,22.2,4640.35,930,15.0,14.1,No Prazo,Nenhuma
985,20240325,17,17,11,14,5,9.8,4569.61,800,12.9,13.3,No Prazo,Atraso em Carga/Descarga
986,20240325,33,15,4,1,1,21.4,1834.51,430,6.9,6.9,No Prazo,Trânsito/Rota
987,20240326,31,2,6,3,1,54.6,3290.27,590,9.5,9.8,No Prazo,Trânsito/Rota
988,20240326,34,14,29,2,2,4.2,2122.32,410,6.6,6.6,No Prazo,Nenhuma
989,20240326,7,34,17,9,5,5.5,9969.92,1960,31.6,31.5,No Prazo,Nenhuma
990,20240326,36,27,1,1,1,4.4,2499.5,430,6.9,9.3,Atrasado,Atraso em Carga/Descarga
991,20240326,26,27,29,16,1,9.6,1311.21,315,5.1,5.0,No Prazo,Trânsito/Rota
992,20240326,29,22,27,6,1,8.7,4164.92,800,12.9,12.8,No Prazo,Nenhuma
993,20240326,7,13,22,8,5,4.2,4412.28,930,15.0,14.7,No Prazo,Nenhuma
994,20240326,21,27,16,10,1,26.8,5147.28,930,15.0,15.2,No Prazo,Pane Mecânica
995,20240326,35,4,20,16,3,3.7,1871.65,315,5.1,4.9,No Prazo,Nenhuma
996,20240326,16,23,8,17,4,5.3,592.18,100,1.6,1.5,No Prazo,Nenhuma
997,20240326,29,11,9,19,1,8.4,1853.38,300,4.8,5.7,Atrasado,Atraso em Carga/Descarga
998,20240326,14,13,6,16,5,5.4,1517.74,315,5.1,5.0,No Prazo,Nenhuma
999,20240326,39,24,24,16,4,25.0,1723.41,315,5.1,4.7,No Prazo,Nenhuma
1000,20240326,30,23,5,8,4,45.4,5328.24,930,15.0,14.6,No Prazo,Trânsito/Rota
1001,20240326,21,1,12,3,1,23.7,2526.96,590,9.5,9.3,No Prazo,Nenhuma
1002,20240326,12,34,11,17,5,11.5,479.93,100,1.6,2.1,Atrasado,Nenhuma
1003,20240327,22,25,18,7,2,12.8,902.62,210,3.4,3.3,No Prazo,Nenhuma
1004,20240327,7,37,5,18,5,4.0,2920.29,550,8.9,12.1,Atrasado,Trânsito/Rota
1005,20240327,11,7,29,15,3,5.2,1155.15,210,3.4,3.5,No Prazo,Nenhuma
1006,20240327,20,34,8,6,5,5.2,4669.72,800,12.9,12.6,No Prazo,Nenhuma
1007,20240327,23,24,14,9,4,5.7,11996.11,1960,31.6,33.0,No Prazo,Atraso em Carga/Descarga
1008,20240327,16,32,22,19,4,5.2,1649.42,300,4.8,5.5,Atrasado,Nenhuma
1009,20240327,36,15,17,1,1,4.0,2070.67,430,6.9,6.4,No Prazo,Nenhuma
1010,20240327,42,12,2,9,5,5.9,8622.86,1960,31.6,32.9,No Prazo,Nenhuma
1011,20240327,14,29,19,20,5,5.2,4091.57,930,15.0,15.5,No Prazo,Pane Mecânica
1012,20240327,1,7,27,12,3,10.0,2857.27,590,9.5,12.3,Atrasado,Problema Documental
1013,20240327,6,29,21,5,5,10.0,7310.68,1370,22.1,20.8,No Prazo,Nenhuma
1014,20240327,41,4,27,2,3,26.1,2246.98,410,6.6,6.7,No Prazo,Nenhuma
1015,20240327,40,10,29,1,4,8.5,1831.42,430,6.9,7.0,No Prazo,Nenhuma
1016,20240327,22,16,25,2,2,12.4,2197.36,410,6.6,6.1,No Prazo,Nenhuma
1017,20240327,40,23,16,3,4,9.7,3606.72,590,9.5,13.7,Atrasado,Nenhuma
1018,20240327,17,34,25,9,5,12.6,7966.86,1960,31.6,30.3,No Prazo,Nenhuma
1019,20240327,25,28,1,5,5,10.5,8184.44,1370,22.1,21.1,No Prazo,Nenhuma
1020,20240328,35,7,29,13,3,5.7,5828.15,1370,22.1,20.7,No Prazo,Nenhuma
1021,20240328,34,14,24,5,2,3.7,6146.21,1370,22.1,29.9,Atrasado,Atraso em Carga/Descarga
1022,20240328,16,10,7,2,4,4.3,2389.81,410,6.6,7.7,Atrasado,Nenhuma
1023,20240328,34,8,6,6,2,5.7,3934.07,800,12.9,14.4,Atrasado,Trânsito/Rota
1024,20240328,27,29,16,10,5,49.2,4986.5,930,15.0,14.2,No Prazo,Nenhuma
1025,20240328,18,33,25,4,3,40.1,2970.49,550,8.9,12.7,Atrasado,Nenhuma
1026,20240328,11,31,8,10,3,4.5,5052.95,930,15.0,15.4,No Prazo,Trânsito/Rota
1027,20240328,11,7,28,1,3,3.9,1899.09,430,6.9,6.5,No Prazo,Nenhuma
1028,20240328,39,24,17,17,4,19.1,584.01,100,1.6,1.7,No Prazo,Nenhuma
1029,20240328,25,35,7,19,5,11.6,1401.91,300,4.8,6.4,Atrasado,Trânsito/Rota
1030,20240328,35,20,14,20,3,3.7,5101.47,930,15.0,15.0,No Prazo,Atraso em Carga/Descarga
1031,20240328,24,10,13,19,4,53.3,1257.59,300,4.8,6.3,Atrasado,Nenhuma
1032,20240328,3,34,9,13,5,5.9,6799.12,1370,22.1,29.1,Atrasado,Atraso em Carga/Descarga
1033,20240328,1,7,6,10,3,10.2,5220.17,930,15.0,19.2,Atrasado,Nenhuma
1034,20240328,39,36,21,3,4,16.7,3080.86,590,9.5,8.8,No Prazo,Atraso em Carga/Descarga
1035,20240329,32,10,13,20,4,17.2,4139.55,930,15.0,18.2,Atrasado,Nenhuma
1036,20240329,20,29,19,7,5,4.1,1003.55,210,3.4,3.5,No Prazo,Nenhuma
1037,20240329,10,8,23,7,2,19.4,1207.63,210,3.4,4.8,Atrasado,Nenhuma
1038,20240329,20,34,9,15,5,4.5,883.68,210,3.4,3.3,No Prazo,Nenhuma
1039,20240329,29,30,11,1,1,9.9,2157.84,430,6.9,6.7,No Prazo,Nenhuma
1040,20240329,14,37,20,6,5,5.1,3411.31,800,12.9,17.1,Atrasado,Nenhuma
1041,20240329,1,33,18,16,3,12.4,1853.11,315,5.1,4.7,No Prazo,Nenhuma
1042,20240329,39,32,22,3,4,17.1,3249.02,590,9.5,12.6,Atrasado,Nenhuma
1043,20240329,20,12,6,8,5,4.2,4589.4,930,15.0,15.6,No Prazo,Nenhuma
1044,20240329,13,4,19,9,3,45.8,9517.32,1960,31.6,43.5,Atrasado,Nenhuma
1045,20240329,27,35,14,10,5,47.6,4916.96,930,15.0,18.6,Atrasado,Pane Mecânica
1046,20240329,37,15,4,4,1,25.3,2272.6,550,8.9,8.6,No Prazo,Nenhuma
1047,20240329,29,6,25,18,1,12.6,2802.85,550,8.9,9.3,No Prazo,Pane Mecânica
1048,20240329,11,5,3,7,3,4.1,931.17,210,3.4,3.4,No Prazo,Nenhuma
1049,20240329,29,27,1,5,1,8.5,6305.83,1370,22.1,21.7,No Prazo,Nenhuma
1050,20240329,3,28,19,9,5,5.2,11041.48,1960,31.6,32.4,No Prazo,Nenhuma
1051,20240330,17,34,27,13,5,12.2,7327.59,1370,22.1,20.7,No Prazo,Nenhuma
1052,20240330,9,9,6,7,2,23.9,903.82,210,3.4,3.9,Atrasado,Nenhuma
1053,20240330,30,24,27,15,4,49.0,1045.53,210,3.4,3.9,Atrasado,Nenhuma
1054,20240330,2,34,9,2,5,4.7,1948.09,410,6.6,6.2,No Prazo,Nenhuma
1055,20240330,25,13,2,13,5,13.8,7075.54,1370,22.1,20.9,No Prazo,Nenhuma
1056,20240330,38,13,19,5,5,53.2,5441.88,1370,22.1,22.4,No Prazo,Atraso em Carga/Descarga
1057,20240330,15,11,23,9,1,53.5,10873.8,1960,31.6,30.3,No Prazo,Nenhuma
1058,20240330,30,10,10,5,4,45.3,7223.92,1370,22.1,22.7,No Prazo,Nenhuma
1059,20240331,12,34,6,15,5,8.7,871.07,210,3.4,3.2,No Prazo,Nenhuma
1060,20240331,15,30,13,15,1,54.5,915.04,210,3.4,3.3,No Prazo,Nenhuma
1061,20240331,22,16,3,8,2,9.3,5075.46,930,15.0,14.8,No Prazo,Nenhuma
1062,20240331,34,14,6,19,2,5.2,1816.95,300,4.8,4.7,No Prazo,Trânsito/Rota
1063,20240331,1,31,17,10,3,12.4,4454.11,930,15.0,19.7,Atrasado,Nenhuma
1064,20240331,28,22,10,18,1,45.0,3158.82,550,8.9,9.0,No Prazo,Nenhuma
1065,20240331,38,28,24,17,5,45.2,426.11,100,1.6,1.6,No Prazo,Atraso em Carga/Descarga
1066,20240331,34,38,8,19,2,4.8,1366.92,300,4.8,5.8,Atrasado,Nenhuma
1067,20240401,12,35,11,5,5,9.3,8073.83,1370,22.1,20.5,No Prazo,Nenhuma
1068,20240401,31,1,13,5,1,48.3,5744.08,1370,22.1,21.3,No Prazo,Nenhuma
1069,20240401,38,12,3,5,5,35.3,7714.69,1370,22.1,22.3,No Prazo,Nenhuma
1070,20240401,32,23,20,13,4,23.4,7765.47,1370,22.1,21.6,No Prazo,Trânsito/Rota
1071,20240401,41,7,15,16,3,23.8,1364.16,315,5.1,7.3,Atrasado,Pane Mecânica
1072,20240401,19,29,17,1,5,22.8,1865.35,430,6.9,9.8,Atrasado,Nenhuma
1073,20240401,20,34,21,16,5,4.3,1553.15,315,5.1,5.6,Atrasado,Nenhuma
1074,20240401,34,9,21,14,2,4.4,3596.78,800,12.9,12.6,No Prazo,Nenhuma
1075,20240401,21,22,11,6,1,25.8,4435.33,800,12.9,12.0,No Prazo,Nenhuma
1076,20240401,26,1,4,4,1,12.6,2668.15,550,8.9,9.1,No Prazo,Nenhuma
1077,20240401,42,37,28,17,5,4.1,557.07,100,1.6,1.6,No Prazo,Trânsito/Rota
1078,20240401,24,36,17,11,4,52.3,1865.54,410,6.6,6.1,No Prazo,Pane Mecânica
1079,20240401,11,5,25,18,3,5.9,2290.31,550,8.9,10.0,Atrasado,Nenhuma
1080,20240401,28,22,7,7,1,51.5,1138.87,210,3.4,3.7,Atrasado,Nenhuma
1081,20240401,8,2,26,12,1,12.4,3161.5,590,9.5,9.2,No Prazo,Nenhuma
1082,20240401,10,14,8,4,2,22.2,2627.63,550,8.9,9.5,Atrasado,Nenhuma
1083,20240401,25,34,2,8,5,11.4,5546.88,930,15.0,14.2,No Prazo,Nenhuma
1084,20240401,21,22,14,9,1,33.9,10656.91,1960,31.6,43.1,Atrasado,Nenhuma
1085,20240401,9,25,5,1,2,25.1,1910.58,430,6.9,7.0,No Prazo,Nenhuma
1086,20240401,24,10,21,12,4,37.1,3454.56,590,9.5,9.4,No Prazo,Nenhuma
1087,20240401,1,4,19,1,3,12.6,1797.45,430,6.9,8.9,Atrasado,Nenhuma
1088,20240402,2,35,21,7,5,4.3,1027.79,210,3.4,4.7,Atrasado,Nenhuma
1089,20240402,39,10,30,2,4,21.7,1815.68,410,6.6,8.2,Atrasado,Nenhuma
1090,20240402,4,6,16,19,1,3.6,1381.8,300,4.8,6.2,Atrasado,Nenhuma
1091,20240402,33,27,28,8,1,26.3,5154.41,930,15.0,14.4,No Prazo,Nenhuma
1092,20240402,33,27,6,18,1,25.0,2746.27,550,8.9,9.0,No Prazo,Nenhuma
1093,20240402,29,27,14,19,1,11.3,1372.1,300,4.8,4.5,No Prazo,Nenhuma
1094,20240402,19,35,8,14,5,28.3,3380.11,800,12.9,12.2,No Prazo,Nenhuma
1095,20240402,38,37,1,7,5,49.6,1025.2,210,3.4,4.8,Atrasado,Nenhuma
1096,20240402,34,26,4,18,2,5.1,3358.62,550,8.9,12.0,Atrasado,Nenhuma
1097,20240402,14,13,29,11,5,4.0,2067.8,410,6.6,6.9,No Prazo,Nenhuma
1098,20240402,36,11,27,7,1,4.9,1131.74,210,3.4,3.2,No Prazo,Nenhuma
1099,20240402,29,11,30,14,1,13.6,3567.85,800,12.9,12.5,No Prazo,Nenhuma
1100,20240402,32,32,9,5,4,21.8,5784.23,1370,22.1,21.2,No Prazo,Nenhuma
1101,20240402,9,25,3,9,2,24.3,10860.72,1960,31.6,37.3,Atrasado,Nenhuma
1102,20240402,9,14,10,16,2,24.9,1646.28,315,5.1,4.7,No Prazo,Nenhuma
1103,20240402,1,7,16,13,3,11.1,6373.74,1370,22.1,21.4,No Prazo,Pane Mecânica
1104,20240402,16,10,1,17,4,5.6,417.83,100,1.6,1.6,No Prazo,Nenhuma
1105,20240402,36,22,24,3,1,4.0,3099.0,590,9.5,9.5,No Prazo,Nenhuma
1106,20240402,19,34,9,11,5,35.5,1851.56,410,6.6,6.5,No Prazo,Nenhuma
1107,20240402,24,32,9,16,4,36.2,1319.53,315,5.1,5.2,No Prazo,Nenhuma
1108,20240402,17,13,11,17,5,12.0,509.58,100,1.6,2.0,Atrasado,Nenhuma
1109,20240402,41,31,25,5,3,36.4,7136.46,1370,22.1,20.4,No Prazo,Nenhuma
1110,20240402,4,11,11,19,1,4.9,1738.31,300,4.8,4.9,No Prazo,Pane Mecânica
1111,20240403,27,12,15,5,5,44.3,7794.53,1370,22.1,20.5,No Prazo,Trânsito/Rota
1112,20240403,12,17,26,5,5,8.5,6681.81,1370,22.1,26.2,Atrasado,Nenhuma
1113,20240403,18,5,18,20,3,36.8,3839.97,930,15.0,14.3,No Prazo,Nenhuma
1114,20240403,35,4,13,16,3,4.3,1480.86,315,5.1,4.9,No Prazo,Nenhuma
1115,20240403,17,29,13,6,5,8.7,3793.43,800,12.9,12.4,No Prazo,Nenhuma
1116,20240403,36,6,13,17,1,5.6,418.4,100,1.6,2.1,Atrasado,Nenhuma
1117,20240403,33,27,20,5,1,24.3,6348.29,1370,22.1,21.7,No Prazo,Nenhuma
1118,20240403,26,6,19,4,1,11.1,2603.11,550,8.9,10.4,Atrasado,Atraso em Carga/Descarga
1119,20240403,34,19,5,14,2,5.2,3662.27,800,12.9,15.2,Atrasado,Nenhuma
1120,20240403,31,1,12,10,1,36.1,4783.5,930,15.0,18.1,Atrasado,Problema Documental
1121,20240403,2,34,28,17,5,5.5,507.31,100,1.6,2.0,Atrasado,Nenhuma
1122,20240403,20,12,17,17,5,4.7,555.28,100,1.6,1.7,Atrasado,Atraso em Carga/Descarga
1123,20240403,25,13,4,8,5,11.1,5027.01,930,15.0,14.5,No Prazo,Nenhuma
1124,20240403,8,22,28,10,1,11.7,4491.76,930,15.0,19.2,Atrasado,Nenhuma
1125,20240403,17,34,26,8,5,10.6,3869.34,930,15.0,14.3,No Prazo,Nenhuma
1126,20240403,21,27,22,1,1,31.2,2498.6,430,6.9,6.7,No Prazo,Nenhuma
1127,20240403,21,6,25,16,1,33.3,1519.39,315,5.1,6.1,Atrasado,Nenhuma
1128,20240403,31,27,14,16,1,47.9,1319.64,315,5.1,4.7,No Prazo,Nenhuma
1129,20240403,18,5,2,8,3,54.8,4952.2,930,15.0,20.0,Atrasado,Nenhuma
1130,20240403,36,15,29,5,1,4.9,7774.74,1370,22.1,20.4,No Prazo,Pane Mecânica
1131,20240404,23,32,21,16,4,4.7,1424.03,315,5.1,5.1,No Prazo,Nenhuma
1132,20240404,37,6,9,8,1,25.3,5497.78,930,15.0,14.5,No Prazo,Nenhuma
1133,20240404,8,27,4,13,1,8.5,7739.33,1370,22.1,22.4,No Prazo,Nenhuma
1134,20240404,14,12,12,5,5,5.6,7457.34,1370,22.1,23.1,No Prazo,Atraso em Carga/Descarga
1135,20240404,23,36,25,16,4,3.7,1615.57,315,5.1,4.7,No Prazo,Problema Documental
1136,20240404,40,10,26,8,4,12.0,3903.61,930,15.0,14.1,No Prazo,Nenhuma
1137,20240404,37,27,25,2,1,24.2,2224.61,410,6.6,6.6,No Prazo,Nenhuma
1138,20240404,14,35,12,7,5,3.9,1277.05,210,3.4,4.6,Atrasado,Nenhuma
1139,20240404,16,32,12,5,4,5.6,5915.87,1370,22.1,22.1,No Prazo,Nenhuma
1140,20240404,9,14,25,6,2,35.3,3243.19,800,12.9,13.0,No Prazo,Trânsito/Rota
1141,20240404,36,15,30,12,1,4.4,3332.35,590,9.5,9.4,No Prazo,Nenhuma
1142,20240404,19,12,17,7,5,29.9,893.67,210,3.4,3.5,No Prazo,Nenhuma
1143,20240404,21,11,3,13,1,26.9,6510.92,1370,22.1,30.4,Atrasado,Problema Documental
1144,20240404,22,14,20,10,2,9.7,5255.72,930,15.0,17.1,Atrasado,Nenhuma
1145,20240404,37,2,11,4,1,16.9,2767.19,550,8.9,8.2,No Prazo,Pane Mecânica
1146,20240404,31,1,1,13,1,55.5,7603.24,1370,22.1,23.1,No Prazo,Pane Mecânica
1147,20240404,32,24,9,4,4,25.1,2719.26,550,8.9,8.9,No Prazo,Nenhuma
1148,20240404,13,4,4,15,3,36.4,997.91,210,3.4,4.8,Atrasado,Nenhuma
1149,20240404,5,30,21,20,1,35.4,5174.71,930,15.0,15.4,No Prazo,Nenhuma
1150,20240404,15,11,7,11,1,48.1,1932.6,410,6.6,6.1,No Prazo,Trânsito/Rota
1151,20240404,36,11,12,4,1,4.6,2870.13,550,8.9,12.2,Atrasado,Nenhuma
1152,20240405,31,11,13,13,1,43.0,7973.04,1370,22.1,21.3,No Prazo,Atraso em Carga/Descarga
1153,20240405,28,11,28,11,1,52.1,1995.37,410,6.6,6.2,No Prazo,Nenhuma
1154,20240405,17,17,2,9,5,8.8,10631.5,1960,31.6,31.7,No Prazo,Nenhuma
1155,20240405,6,35,25,20,5,10.8,5060.11,930,15.0,15.4,No Prazo,Nenhuma
1156,20240405,10,38,8,7,2,19.6,1080.0,210,3.4,4.0,Atrasado,Trânsito/Rota
1157,20240405,31,30,20,2,1,51.9,1754.62,410,6.6,6.4,No Prazo,Nenhuma
1158,20240405,27,12,15,8,5,47.6,4783.99,930,15.0,15.4,No Prazo,Trânsito/Rota
1159,20240405,40,32,26,5,4,10.8,5920.72,1370,22.1,30.2,Atrasado,Nenhuma
1160,20240405,32,32,17,3,4,23.4,3348.19,590,9.5,9.1,No Prazo,Nenhuma
1161,20240405,33,22,1,16,1,26.6,1644.34,315,5.1,5.0,No Prazo,Pane Mecânica
1162,20240405,39,32,16,3,4,16.7,2523.94,590,9.5,9.0,No Prazo,Nenhuma
1163,20240405,12,37,4,14,5,9.7,4591.12,800,12.9,13.1,No Prazo,Nenhuma
1164,20240405,28,15,23,11,1,38.4,2418.39,410,6.6,6.1,No Prazo,Nenhuma
1165,20240405,11,20,11,10,3,4.3,4177.01,930,15.0,16.2,Atrasado,Nenhuma
1166,20240405,12,13,29,15,5,9.5,962.74,210,3.4,3.3,No Prazo,Nenhuma
1167,20240405,41,5,10,19,3,24.8,1278.77,300,4.8,5.1,Atrasado,Nenhuma
1168,20240405,13,3,1,9,3,42.8,10533.62,1960,31.6,37.3,Atrasado,Nenhuma
1169,20240406,27,29,9,13,5,49.3,8450.03,1370,22.1,31.0,Atrasado,Trânsito/Rota
1170,20240406,20,37,25,4,5,3.8,2498.17,550,8.9,10.1,Atrasado,Nenhuma
1171,20240406,40,32,24,9,4,10.5,10742.07,1960,31.6,29.3,No Prazo,Nenhuma
1172,20240406,39,24,23,9,4,18.2,10301.81,1960,31.6,29.3,No Prazo,Pane Mecânica
1173,20240406,29,30,4,13,1,13.3,8196.11,1370,22.1,25.2,Atrasado,Nenhuma
1174,20240407,11,5,6,1,3,5.5,2186.82,430,6.9,7.1,No Prazo,Nenhuma
1175,20240407,36,27,16,10,1,4.5,4569.39,930,15.0,14.8,No Prazo,Nenhuma
1176,20240407,14,29,17,12,5,5.9,2967.77,590,9.5,9.7,No Prazo,Nenhuma
1177,20240407,38,12,10,9,5,38.9,11309.97,1960,31.6,30.0,No Prazo,Nenhuma
1178,20240407,25,29,25,14,5,10.5,3625.51,800,12.9,12.0,No Prazo,Nenhuma
1179,20240407,5,27,12,12,1,26.6,2914.11,590,9.5,9.4,No Prazo,Nenhuma
1180,20240408,26,27,30,6,1,11.0,4010.67,800,12.9,12.5,No Prazo,Nenhuma
1181,20240408,12,17,5,3,5,9.7,3094.04,590,9.5,9.8,No Prazo,Nenhuma
1182,20240408,39,10,9,16,4,23.2,1835.6,315,5.1,4.7,No Prazo,Nenhuma
1183,20240408,34,9,20,1,2,4.1,1884.02,430,6.9,7.1,No Prazo,Nenhuma
1184,20240408,41,7,12,7,3,26.3,1198.15,210,3.4,4.6,Atrasado,Nenhuma
1185,20240408,20,29,24,9,5,5.8,7867.91,1960,31.6,43.1,Atrasado,Nenhuma
1186,20240408,39,24,30,16,4,20.6,1661.36,315,5.1,5.0,No Prazo,Nenhuma
1187,20240408,2,34,19,12,5,4.0,2779.46,590,9.5,11.8,Atrasado,Nenhuma
1188,20240408,27,12,23,7,5,52.1,1188.13,210,3.4,3.5,No Prazo,Nenhuma
1189,20240408,24,32,9,13,4,38.5,7766.09,1370,22.1,21.6,No Prazo,Nenhuma
1190,20240408,19,29,11,16,5,27.7,1573.73,315,5.1,5.4,Atrasado,Pane Mecânica
1191,20240408,23,32,11,14,4,5.6,3755.36,800,12.9,12.5,No Prazo,Nenhuma
1192,20240408,3,37,15,15,5,4.9,941.16,210,3.4,4.8,Atrasado,Nenhuma
1193,20240408,1,5,22,11,3,13.7,1957.87,410,6.6,6.6,No Prazo,Trânsito/Rota
1194,20240408,6,34,30,13,5,13.9,6059.74,1370,22.1,20.9,No Prazo,Nenhuma
1195,20240408,9,26,13,14,2,30.6,4113.78,800,12.9,12.0,No Prazo,Nenhuma
1196,20240408,42,37,11,13,5,3.7,7393.58,1370,22.1,20.5,No Prazo,Atraso em Carga/Descarga
1197,20240409,16,23,19,2,4,4.1,1906.6,410,6.6,6.4,No Prazo,Nenhuma
1198,20240409,25,29,7,16,5,10.2,1815.47,315,5.1,5.7,Atrasado,Nenhuma
1199,20240409,1,7,28,16,3,12.6,1581.83,315,5.1,5.3,No Prazo,Nenhuma
1200,20240409,6,28,1,3,5,13.0,3052.44,590,9.5,9.1,No Prazo,Nenhuma
1201,20240409,20,35,19,16,5,5.3,1516.16,315,5.1,6.3,Atrasado,Pane Mecânica
1202,20240409,40,36,1,18,4,11.8,2461.81,550,8.9,8.8,No Prazo,Nenhuma
1203,20240409,24,23,16,5,4,35.1,5914.52,1370,22.1,26.4,Atrasado,Trânsito/Rota
1204,20240409,12,29,4,16,5,12.8,1570.95,315,5.1,6.2,Atrasado,Nenhuma
1205,20240409,30,23,1,14,4,48.3,3882.37,800,12.9,13.0,No Prazo,Nenhuma
1206,20240409,21,27,14,9,1,32.5,8475.76,1960,31.6,32.7,No Prazo,Nenhuma
1207,20240409,27,35,28,3,5,49.4,2539.05,590,9.5,13.4,Atrasado,Nenhuma
1208,20240409,27,29,29,3,5,51.6,2511.13,590,9.5,11.9,Atrasado,Nenhuma
1209,20240409,26,30,28,15,1,10.7,896.25,210,3.4,3.1,No Prazo,Nenhuma
1210,20240409,41,33,3,10,3,32.2,4546.96,930,15.0,14.2,No Prazo,Nenhuma
1211,20240410,14,12,25,1,5,3.9,2468.17,430,6.9,8.6,Atrasado,Nenhuma
1212,20240410,29,30,26,20,1,11.5,4417.26,930,15.0,15.4,No Prazo,Trânsito/Rota
1213,20240410,29,15,14,8,1,9.4,3673.79,930,15.0,14.8,No Prazo,Nenhuma
1214,20240410,29,11,15,18,1,8.8,3104.46,550,8.9,8.6,No Prazo,Nenhuma
1215,20240410,31,6,27,12,1,35.0,3081.86,590,9.5,9.8,No Prazo,Pane Mecânica
1216,20240410,31,15,15,1,1,48.8,2439.0,430,6.9,6.6,No Prazo,Nenhuma
1217,20240410,34,18,23,10,2,3.6,5311.81,930,15.0,18.1,Atrasado,Nenhuma
1218,20240410,28,30,30,2,1,36.3,2102.84,410,6.6,6.2,No Prazo,Nenhuma
1219,20240410,11,4,29,17,3,4.1,594.54,100,1.6,1.8,Atrasado,Nenhuma
1220,20240410,13,20,20,11,3,43.7,1727.19,410,6.6,6.2,No Prazo,Nenhuma
1221,20240410,42,13,30,3,5,4.9,3339.2,590,9.5,9.2,No Prazo,Nenhuma
1222,20240410,25,12,6,2,5,10.7,1900.45,410,6.6,6.1,No Prazo,Pane Mecânica
1223,20240410,34,26,5,4,2,5.2,2519.69,550,8.9,8.5,No Prazo,Nenhuma
1224,20240410,16,32,10,6,4,6.0,3432.76,800,12.9,18.0,Atrasado,Nenhuma
1225,20240411,22,14,21,12,2,11.8,3588.03,590,9.5,9.9,No Prazo,Nenhuma
1226,20240411,28,11,1,9,1,41.8,10786.62,1960,31.6,32.6,No Prazo,Nenhuma
1227,20240411,11,20,8,12,3,4.4,3122.88,590,9.5,9.5,No Prazo,Nenhuma
1228,20240411,25,29,8,13,5,11.7,7970.46,1370,22.1,22.9,No Prazo,Nenhuma
1229,20240411,7,13,12,16,5,5.4,1764.06,315,5.1,4.9,No Prazo,Nenhuma
1230,20240411,2,13,15,16,5,4.0,1343.71,315,5.1,6.6,Atrasado,Atraso em Carga/Descarga
1231,20240411,31,2,22,11,1,51.1,1888.69,410,6.6,6.7,No Prazo,Nenhuma
1232,20240411,3,37,28,11,5,5.9,2136.76,410,6.6,6.8,No Prazo,Nenhuma
1233,20240411,23,23,23,10,4,4.2,4950.85,930,15.0,14.3,No Prazo,Nenhuma
1234,20240411,4,6,24,3,1,5.3,3059.32,590,9.5,9.3,No Prazo,Nenhuma
1235,20240411,17,12,16,20,5,13.3,3798.83,930,15.0,14.1,No Prazo,Nenhuma
1236,20240412,25,35,27,7,5,9.4,1109.92,210,3.4,3.4,No Prazo,Nenhuma
1237,20240412,34,25,4,10,2,4.7,3963.89,930,15.0,15.0,No Prazo,Nenhuma
1238,20240412,5,15,28,10,1,30.7,5357.47,930,15.0,18.7,Atrasado,Atraso em Carga/Descarga
1239,20240412,21,22,9,6,1,27.5,3832.92,800,12.9,12.9,No Prazo,Nenhuma
1240,20240412,23,36,23,5,4,4.0,8083.79,1370,22.1,27.1,Atrasado,Nenhuma
1241,20240412,26,22,23,1,1,13.5,2009.72,430,6.9,6.5,No Prazo,Nenhuma
1242,20240412,27,28,14,12,5,41.2,2744.99,590,9.5,9.2,No Prazo,Nenhuma
1243,20240412,30,23,7,19,4,38.7,1664.84,300,4.8,6.5,Atrasado,Nenhuma
1244,20240412,7,37,11,5,5,4.6,6612.96,1370,22.1,26.7,Atrasado,Nenhuma
1245,20240412,14,28,16,9,5,6.0,8583.07,1960,31.6,35.0,Atrasado,Atraso em Carga/Descarga
1246,20240412,19,13,20,3,5,24.6,3421.01,590,9.5,12.9,Atrasado,Nenhuma
1247,20240413,18,4,22,13,3,45.3,7545.99,1370,22.1,23.0,No Prazo,Nenhuma
1248,20240413,20,35,27,7,5,4.2,897.98,210,3.4,3.4,No Prazo,Nenhuma
1249,20240413,41,5,8,12,3,31.8,2691.2,590,9.5,9.1,No Prazo,Nenhuma
1250,20240413,6,34,29,17,5,13.7,541.8,100,1.6,2.1,Atrasado,Trânsito/Rota
1251,20240413,17,37,19,7,5,10.6,1136.97,210,3.4,3.2,No Prazo,Nenhuma
1252,20240413,37,27,24,1,1,25.2,1924.34,430,6.9,9.1,Atrasado,Nenhuma
1253,20240413,10,8,2,10,2,19.5,4699.85,930,15.0,16.4,Atrasado,Nenhuma
1254,20240413,27,13,18,1,5,51.9,1965.89,430,6.9,9.8,Atrasado,Nenhuma
1255,20240414,16,32,5,10,4,3.6,4091.7,930,15.0,15.3,No Prazo,Nenhuma
1256,20240414,38,37,15,16,5,43.7,1449.51,315,5.1,4.8,No Prazo,Nenhuma
1257,20240414,41,5,1,20,3,29.4,4509.0,930,15.0,14.2,No Prazo,Nenhuma
1258,20240414,1,3,1,11,3,12.6,2238.62,410,6.6,9.2,Atrasado,Nenhuma
1259,20240414,24,24,4,18,4,55.0,2391.5,550,8.9,8.3,No Prazo,Nenhuma
1260,20240415,6,12,25,6,5,10.3,4154.35,800,12.9,12.0,No Prazo,Nenhuma
1261,20240415,31,6,6,18,1,51.3,2270.2,550,8.9,9.8,Atrasado,Nenhuma
1262,20240415,28,30,8,5,1,34.4,7525.07,1370,22.1,31.5,Atrasado,Nenhuma
1263,20240415,26,27,20,4,1,10.3,2662.65,550,8.9,12.9,Atrasado,Pane Mecânica
1264,20240415,13,4,25,2,3,55.7,2169.65,410,6.6,6.4,No Prazo,Nenhuma
1265,20240415,39,32,2,2,4,17.3,2072.79,410,6.6,9.3,Atrasado,Nenhuma
1266,20240415,10,18,2,20,2,22.7,5228.2,930,15.0,15.4,No Prazo,Nenhuma
1267,20240415,27,13,24,17,5,48.3,533.18,100,1.6,1.5,No Prazo,Problema Documental
1268,20240415,14,37,12,7,5,5.9,1127.2,210,3.4,3.1,No Prazo,Pane Mecânica
1269,20240415,34,19,26,17,2,4.4,498.57,100,1.6,1.6,No Prazo,Nenhuma
1270,20240415,37,22,24,19,1,20.8,1836.39,300,4.8,6.7,Atrasado,Trânsito/Rota
1271,20240416,4,11,19,9,1,4.5,10499.63,1960,31.6,44.3,Atrasado,Pane Mecânica
1272,20240416,4,6,30,9,1,5.3,8114.58,1960,31.6,32.5,No Prazo,Problema Documental
1273,20240416,39,23,3,19,4,26.9,1552.06,300,4.8,6.0,Atrasado,Nenhuma
1274,20240416,2,37,5,19,5,4.2,1380.9,300,4.8,4.5,No Prazo,Problema Documental
1275,20240416,29,1,15,5,1,8.6,7893.87,1370,22.1,21.1,No Prazo,Nenhuma
1276,20240416,21,6,29,15,1,32.1,1261.61,210,3.4,3.5,No Prazo,Nenhuma
1277,20240416,1,20,23,13,3,11.2,7553.74,1370,22.1,22.0,No Prazo,Atraso em Carga/Descarga
1278,20240416,34,25,19,3,2,3.8,2910.69,590,9.5,12.8,Atrasado,Nenhuma
1279,20240416,6,12,24,7,5,12.8,1238.53,210,3.4,3.2,No Prazo,Nenhuma
1280,20240416,28,30,8,4,1,36.7,2627.29,550,8.9,9.3,No Prazo,Nenhuma
1281,20240416,30,24,2,8,4,37.1,4301.8,930,15.0,17.7,Atrasado,Nenhuma
1282,20240416,8,15,17,13,1,9.5,6560.14,1370,22.1,30.3,Atrasado,Atraso em Carga/Descarga
1283,20240416,21,22,9,4,1,24.1,2971.65,550,8.9,8.2,No Prazo,Trânsito/Rota
1284,20240416,33,15,23,17,1,19.6,553.23,100,1.6,1.6,No Prazo,Nenhuma
1285,20240416,27,13,10,19,5,40.7,1712.06,300,4.8,5.2,Atrasado,Nenhuma
1286,20240416,27,12,25,11,5,45.7,2164.69,410,6.6,8.5,Atrasado,Nenhuma
1287,20240416,22,18,23,13,2,9.6,6652.87,1370,22.1,22.7,No Prazo,Nenhuma
1288,20240416,19,13,17,15,5,32.8,1250.82,210,3.4,3.5,No Prazo,Atraso em Carga/Descarga
1289,20240416,20,29,27,10,5,5.5,5445.34,930,15.0,15.4,No Prazo,Trânsito/Rota
1290,20240416,15,6,22,5,1,37.8,5585.51,1370,22.1,21.7,No Prazo,Nenhuma
1291,20240416,22,14,19,20,2,10.6,4011.6,930,15.0,15.6,No Prazo,Nenhuma
1292,20240416,37,1,4,20,1,22.1,3898.1,930,15.0,21.0,Atrasado,Nenhuma
1293,20240417,28,11,1,2,1,41.1,2205.01,410,6.6,6.5,No Prazo,Trânsito/Rota
1294,20240417,12,34,24,15,5,9.6,1145.17,210,3.4,3.3,No Prazo,Trânsito/Rota
1295,20240417,27,28,12,15,5,36.5,1215.58,210,3.4,3.6,No Prazo,Nenhuma
1296,20240417,15,6,30,19,1,38.0,1238.3,300,4.8,5.0,No Prazo,Nenhuma
1297,20240417,38,17,16,2,5,46.0,1926.42,410,6.6,6.7,No Prazo,Nenhuma
1298,20240417,14,29,9,2,5,3.9,1945.87,410,6.6,6.2,No Prazo,Nenhuma
1299,20240417,3,13,11,15,5,5.5,1277.89,210,3.4,3.3,No Prazo,Pane Mecânica
1300,20240417,30,32,10,6,4,42.9,4212.02,800,12.9,12.1,No Prazo,Nenhuma
1301,20240417,25,28,16,19,5,12.0,1699.22,300,4.8,5.0,No Prazo,Nenhuma
1302,20240417,5,27,21,16,1,32.5,1354.85,315,5.1,5.4,No Prazo,Nenhuma
1303,20240417,15,6,28,3,1,41.0,2504.52,590,9.5,9.8,No Prazo,Nenhuma
1304,20240417,40,32,1,13,4,10.7,7353.89,1370,22.1,30.2,Atrasado,Nenhuma
1305,20240417,17,12,23,7,5,8.8,1198.99,210,3.4,4.5,Atrasado,Nenhuma
1306,20240417,14,37,28,18,5,4.1,2826.98,550,8.9,11.8,Atrasado,Nenhuma
1307,20240417,32,10,9,13,4,21.0,6120.62,1370,22.1,22.2,No Prazo,Nenhuma
1308,20240417,8,27,30,5,1,9.8,7256.0,1370,22.1,21.2,No Prazo,Atraso em Carga/Descarga
1309,20240417,28,15,21,7,1,38.1,1270.55,210,3.4,3.1,No Prazo,Atraso em Carga/Descarga
1310,20240417,33,30,19,20,1,26.0,4333.02,930,15.0,14.8,No Prazo,Nenhuma
1311,20240417,7,17,12,19,5,5.8,1817.25,300,4.8,4.8,No Prazo,Nenhuma
1312,20240417,25,17,7,15,5,8.7,840.38,210,3.4,3.9,Atrasado,Nenhuma
1313,20240417,15,6,15,17,1,46.8,510.01,100,1.6,2.0,Atrasado,Nenhuma
1314,20240417,13,4,21,14,3,40.1,4118.55,800,12.9,13.5,No Prazo,Nenhuma
1315,20240418,1,33,29,10,3,9.2,4212.12,930,15.0,15.0,No Prazo,Nenhuma
1316,20240418,31,30,1,4,1,50.5,2881.16,550,8.9,8.4,No Prazo,Pane Mecânica
1317,20240418,42,29,27,20,5,4.4,5138.1,930,15.0,17.3,Atrasado,Nenhuma
1318,20240418,35,33,5,7,3,4.9,1122.02,210,3.4,3.2,No Prazo,Trânsito/Rota
1319,20240418,34,21,24,9,2,5.5,8802.27,1960,31.6,29.5,No Prazo,Atraso em Carga/Descarga
1320,20240418,40,36,11,14,4,9.6,4859.56,800,12.9,12.8,No Prazo,Trânsito/Rota
1321,20240418,32,24,12,3,4,22.6,3186.81,590,9.5,9.4,No Prazo,Nenhuma
1322,20240418,31,15,29,9,1,40.4,7991.27,1960,31.6,32.2,No Prazo,Nenhuma
1323,20240418,26,27,16,9,1,12.9,10852.1,1960,31.6,32.7,No Prazo,Nenhuma
1324,20240418,21,15,14,9,1,31.0,9139.16,1960,31.6,31.8,No Prazo,Nenhuma
1325,20240418,2,28,7,4,5,5.0,2632.06,550,8.9,8.6,No Prazo,Nenhuma
1326,20240418,21,6,11,12,1,32.2,2868.82,590,9.5,9.2,No Prazo,Nenhuma
1327,20240418,2,13,6,7,5,4.3,1243.45,210,3.4,3.5,No Prazo,Nenhuma
1328,20240418,40,23,8,12,4,12.0,2456.99,590,9.5,13.2,Atrasado,Nenhuma
1329,20240418,38,35,26,3,5,35.9,2570.24,590,9.5,8.8,No Prazo,Nenhuma
1330,20240418,21,22,29,16,1,36.0,1687.28,315,5.1,6.8,Atrasado,Atraso em Carga/Descarga
1331,20240418,34,18,24,8,2,3.9,4769.98,930,15.0,14.8,No Prazo,Nenhuma
1332,20240418,12,28,22,7,5,8.5,964.42,210,3.4,3.3,No Prazo,Nenhuma
1333,20240418,41,31,3,13,3,27.3,8337.04,1370,22.1,32.0,Atrasado,Atraso em Carga/Descarga
1334,20240418,41,7,18,17,3,32.3,414.0,100,1.6,1.7,No Prazo,Nenhuma
1335,20240418,5,11,12,7,1,35.6,914.96,210,3.4,3.3,No Prazo,Nenhuma
1336,20240418,40,36,13,9,4,11.2,9044.13,1960,31.6,31.9,No Prazo,Pane Mecânica
1337,20240419,18,33,24,20,3,53.8,4305.06,930,15.0,13.8,No Prazo,Nenhuma
1338,20240419,10,25,30,11,2,20.5,2502.39,410,6.6,8.3,Atrasado,Trânsito/Rota
1339,20240419,34,19,17,17,2,5.8,599.54,100,1.6,1.5,No Prazo,Nenhuma
1340,20240419,9,14,21,8,2,26.6,3925.85,930,15.0,18.3,Atrasado,Nenhuma
1341,20240419,34,19,18,17,2,4.6,447.23,100,1.6,2.0,Atrasado,Trânsito/Rota
1342,20240419,32,10,7,6,4,16.3,4334.78,800,12.9,12.5,No Prazo,Nenhuma
1343,20240419,9,21,22,19,2,35.4,1497.64,300,4.8,6.3,Atrasado,Nenhuma
1344,20240419,19,34,11,6,5,24.3,4193.52,800,12.9,17.2,Atrasado,Nenhuma
1345,20240419,28,30,24,5,1,40.7,5894.33,1370,22.1,20.4,No Prazo,Nenhuma
1346,20240419,15,2,26,12,1,55.8,3663.1,590,9.5,9.3,No Prazo,Nenhuma
1347,20240419,7,29,22,10,5,5.2,4122.93,930,15.0,18.2,Atrasado,Nenhuma
1348,20240419,25,28,2,17,5,12.6,545.64,100,1.6,2.2,Atrasado,Nenhuma
1349,20240419,27,35,24,9,5,42.0,8196.6,1960,31.6,32.5,No Prazo,Nenhuma
1350,20240419,1,33,27,11,3,11.7,1675.79,410,6.6,6.1,No Prazo,Nenhuma
1351,20240419,34,8,24,10,2,5.1,4936.95,930,15.0,14.0,No Prazo,Nenhuma
1352,20240419,36,15,11,11,1,5.3,2181.77,410,6.6,6.7,No Prazo,Nenhuma
1353,20240419,31,11,18,2,1,50.9,2086.8,410,6.6,8.6,Atrasado,Nenhuma
1354,20240419,17,35,8,7,5,9.1,995.56,210,3.4,3.2,No Prazo,Nenhuma
1355,20240419,29,11,14,13,1,9.5,7769.11,1370,22.1,22.3,No Prazo,Problema Documental
1356,20240419,16,24,17,2,4,4.1,1920.12,410,6.6,6.1,No Prazo,Nenhuma
1357,20240419,25,13,11,16,5,10.4,1894.79,315,5.1,5.3,No Prazo,Nenhuma
1358,20240419,39,23,21,6,4,16.2,4202.11,800,12.9,12.3,No Prazo,Nenhuma
1359,20240419,35,31,17,10,3,4.6,4241.14,930,15.0,14.0,No Prazo,Nenhuma
1360,20240420,40,24,13,3,4,11.5,3326.53,590,9.5,11.4,Atrasado,Nenhuma
1361,20240420,22,38,7,9,2,11.4,9536.34,1960,31.6,30.6,No Prazo,Trânsito/Rota
1362,20240420,31,2,7,2,1,37.2,2171.66,410,6.6,6.9,No Prazo,Nenhuma
1363,20240420,41,3,15,19,3,25.0,1699.24,300,4.8,4.8,No Prazo,Nenhuma
1364,20240420,39,10,15,8,4,24.0,5395.78,930,15.0,16.2,Atrasado,Nenhuma
1365,20240420,14,35,28,11,5,4.9,1942.16,410,6.6,9.3,Atrasado,Atraso em Carga/Descarga
1366,20240420,24,32,1,11,4,54.6,2069.87,410,6.6,7.2,Atrasado,Nenhuma
1367,20240420,41,7,3,1,3,36.0,2066.62,430,6.9,7.0,No Prazo,Nenhuma
1368,20240421,22,8,30,11,2,13.8,1801.95,410,6.6,6.8,No Prazo,Nenhuma
1369,20240421,10,9,3,15,2,22.0,1018.62,210,3.4,3.4,No Prazo,Nenhuma
1370,20240421,14,17,1,8,5,4.5,4735.67,930,15.0,14.9,No Prazo,Nenhuma
1371,20240422,7,28,19,15,5,5.7,1170.35,210,3.4,3.4,No Prazo,Nenhuma
1372,20240422,1,5,16,20,3,9.6,5085.44,930,15.0,13.9,No Prazo,Nenhuma
1373,20240422,17,29,8,19,5,8.6,1359.55,300,4.8,5.6,Atrasado,Pane Mecânica
1374,20240422,34,26,19,15,2,5.1,988.16,210,3.4,3.1,No Prazo,Nenhuma
1375,20240422,20,35,2,11,5,5.1,1881.54,410,6.6,6.5,No Prazo,Nenhuma
1376,20240422,7,35,7,1,5,4.6,2219.62,430,6.9,7.1,No Prazo,Pane Mecânica
1377,20240422,17,28,7,5,5,9.6,7865.77,1370,22.1,28.1,Atrasado,Atraso em Carga/Descarga
1378,20240422,24,23,20,14,4,51.9,4287.23,800,12.9,15.6,Atrasado,Nenhuma
1379,20240422,35,20,23,19,3,5.7,1597.45,300,4.8,5.5,Atrasado,Nenhuma
1380,20240422,18,4,18,7,3,47.5,1212.38,210,3.4,3.2,No Prazo,Nenhuma
1381,20240423,2,35,4,11,5,4.0,2049.05,410,6.6,6.8,No Prazo,Nenhuma
1382,20240423,11,33,8,18,3,5.0,3136.63,550,8.9,8.5,No Prazo,Trânsito/Rota
1383,20240423,29,15,19,9,1,13.0,10253.13,1960,31.6,30.8,No Prazo,Nenhuma
1384,20240423,42,37,30,18,5,5.1,2728.91,550,8.9,9.1,No Prazo,Nenhuma
1385,20240423,23,23,4,11,4,3.8,1898.06,410,6.6,6.8,No Prazo,Atraso em Carga/Descarga
1386,20240423,24,32,1,15,4,37.2,1140.19,210,3.4,4.4,Atrasado,Pane Mecânica
1387,20240423,7,13,6,15,5,3.6,1180.98,210,3.4,4.7,Atrasado,Nenhuma
1388,20240423,10,14,30,12,2,17.7,3395.98,590,9.5,11.2,Atrasado,Nenhuma
1389,20240423,22,9,27,11,2,9.8,2051.81,410,6.6,6.1,No Prazo,Nenhuma
1390,20240423,27,28,16,6,5,46.6,3553.77,800,12.9,11.9,No Prazo,Nenhuma
1391,20240423,2,13,9,9,5,4.1,9308.49,1960,31.6,32.9,No Prazo,Nenhuma
1392,20240423,21,27,28,2,1,32.4,2325.31,410,6.6,6.9,No Prazo,Nenhuma
1393,20240423,34,19,13,6,2,5.9,3540.23,800,12.9,12.5,No Prazo,Atraso em Carga/Descarga
1394,20240423,7,28,1,13,5,3.8,5504.62,1370,22.1,21.3,No Prazo,Nenhuma
1395,20240423,17,29,25,17,5,10.8,590.32,100,1.6,1.5,No Prazo,Trânsito/Rota
1396,20240424,1,7,17,9,3,13.5,10940.99,1960,31.6,42.3,Atrasado,Nenhuma
1397,20240424,10,16,18,13,2,16.2,7761.38,1370,22.1,21.3,No Prazo,Nenhuma
1398,20240424,6,17,29,9,5,12.4,10929.34,1960,31.6,31.4,No Prazo,Atraso em Carga/Descarga
1399,20240424,39,10,17,18,4,19.2,2455.26,550,8.9,8.6,No Prazo,Nenhuma
1400,20240424,18,20,4,14,3,43.9,4291.84,800,12.9,15.4,Atrasado,Pane Mecânica
1401,20240424,5,11,12,4,1,31.9,2483.31,550,8.9,8.8,No Prazo,Nenhuma
1402,20240424,16,36,17,7,4,5.6,1020.07,210,3.4,3.4,No Prazo,Nenhuma
1403,20240424,23,24,19,5,4,5.4,7242.03,1370,22.1,23.2,No Prazo,Nenhuma
1404,20240424,13,33,8,17,3,46.9,616.77,100,1.6,1.5,No Prazo,Trânsito/Rota
1405,20240424,15,1,19,1,1,54.0,2380.67,430,6.9,7.1,No Prazo,Atraso em Carga/Descarga
1406,20240424,20,17,13,6,5,5.8,3755.69,800,12.9,12.1,No Prazo,Atraso em Carga/Descarga
1407,20240424,28,6,27,18,1,50.3,2517.43,550,8.9,10.7,Atrasado,Nenhuma
1408,20240424,17,34,6,1,5,12.1,1876.56,430,6.9,7.4,Atrasado,Nenhuma
1409,20240424,24,32,15,8,4,36.0,3959.21,930,15.0,16.8,Atrasado,Nenhuma
1410,20240425,4,1,2,10,1,3.9,4948.76,930,15.0,15.2,No Prazo,Nenhuma
1411,20240425,16,32,26,8,4,5.1,3669.57,930,15.0,15.1,No Prazo,Nenhuma
1412,20240425,1,7,5,13,3,9.4,5949.1,1370,22.1,23.1,No Prazo,Nenhuma
1413,20240425,4,30,20,11,1,5.3,1889.46,410,6.6,6.3,No Prazo,Atraso em Carga/Descarga
1414,20240425,12,28,6,5,5,9.9,5760.03,1370,22.1,29.8,Atrasado,Nenhuma
1415,20240425,23,24,1,2,4,3.7,2045.52,410,6.6,8.6,Atrasado,Nenhuma
1416,20240425,28,11,3,2,1,50.0,2079.9,410,6.6,6.4,No Prazo,Nenhuma
1417,20240425,39,24,21,16,4,20.2,1506.3,315,5.1,4.9,No Prazo,Nenhuma
1418,20240425,27,35,10,19,5,41.8,1316.04,300,4.8,4.5,No Prazo,Nenhuma
1419,20240425,32,23,14,9,4,26.0,8443.72,1960,31.6,36.5,Atrasado,Nenhuma
1420,20240425,9,25,19,7,2,30.6,917.46,210,3.4,3.1,No Prazo,Nenhuma
1421,20240425,22,26,18,11,2,10.1,2506.21,410,6.6,8.3,Atrasado,Nenhuma
1422,20240425,13,31,12,11,3,43.1,1880.56,410,6.6,6.4,No Prazo,Trânsito/Rota
1423,20240425,26,11,22,16,1,11.2,1632.62,315,5.1,5.2,No Prazo,Nenhuma
1424,20240425,3,37,4,10,5,5.7,3730.39,930,15.0,14.0,No Prazo,Nenhuma
1425,20240425,39,23,16,14,4,26.5,3516.76,800,12.9,12.1,No Prazo,Nenhuma
1426,20240425,20,29,25,5,5,6.0,7249.18,1370,22.1,21.8,No Prazo,Nenhuma
1427,20240425,12,12,3,1,5,10.9,1823.76,430,6.9,7.2,No Prazo,Nenhuma
1428,20240425,22,19,28,15,2,12.4,1102.6,210,3.4,4.4,Atrasado,Atraso em Carga/Descarga
1429,20240425,15,22,7,17,1,47.1,574.81,100,1.6,1.6,No Prazo,Nenhuma
1430,20240425,20,34,7,8,5,5.7,5424.4,930,15.0,14.7,No Prazo,Nenhuma
1431,20240425,33,30,13,4,1,19.4,2333.7,550,8.9,8.3,No Prazo,Nenhuma
1432,20240426,15,11,5,16,1,40.1,1533.09,315,5.1,6.7,Atrasado,Nenhuma
1433,20240426,26,2,19,8,1,9.1,4588.48,930,15.0,18.2,Atrasado,Trânsito/Rota
1434,20240426,6,28,10,6,5,13.5,3415.98,800,12.9,18.5,Atrasado,Nenhuma
1435,20240426,17,28,30,6,5,12.2,3945.28,800,12.9,17.1,Atrasado,Nenhuma
1436,20240426,9,21,24,14,2,31.7,4289.9,800,12.9,13.7,Atrasado,Trânsito/Rota
1437,20240426,15,30,10,10,1,40.8,4035.83,930,15.0,14.6,No Prazo,Nenhuma
1438,20240426,34,38,13,12,2,3.8,2976.76,590,9.5,11.8,Atrasado,Nenhuma
1439,20240426,19,29,6,8,5,33.0,5662.14,930,15.0,17.1,Atrasado,Nenhuma
1440,20240426,34,26,18,18,2,4.4,3291.72,550,8.9,8.7,No Prazo,Nenhuma
1441,20240426,36,6,4,7,1,3.7,916.83,210,3.4,3.3,No Prazo,Nenhuma
1442,20240426,9,21,28,2,2,31.1,2058.24,410,6.6,6.4,No Prazo,Nenhuma
1443,20240426,16,32,15,9,4,3.7,11773.16,1960,31.6,30.2,No Prazo,Nenhuma
1444,20240426,20,37,24,19,5,3.8,1251.89,300,4.8,4.9,No Prazo,Trânsito/Rota
1445,20240426,23,23,30,19,4,4.9,1570.99,300,4.8,5.3,Atrasado,Trânsito/Rota
1446,20240426,18,31,28,13,3,42.0,7316.78,1370,22.1,21.5,No Prazo,Nenhuma
1447,20240426,10,26,6,6,2,23.6,3579.87,800,12.9,13.0,No Prazo,Nenhuma
1448,20240426,38,35,13,8,5,34.4,5243.09,930,15.0,15.1,No Prazo,Nenhuma
1449,20240426,14,28,13,10,5,4.4,5799.53,930,15.0,20.2,Atrasado,Nenhuma
1450,20240427,27,12,14,6,5,54.6,4698.09,800,12.9,13.2,No Prazo,Nenhuma
1451,20240427,30,24,15,3,4,40.2,3382.88,590,9.5,13.2,Atrasado,Nenhuma
1452,20240427,24,32,5,16,4,48.8,1559.22,315,5.1,5.8,Atrasado,Nenhuma
1453,20240427,11,4,23,6,3,5.5,4068.19,800,12.9,12.2,No Prazo,Nenhuma
1454,20240428,11,31,22,12,3,4.5,2763.47,590,9.5,9.8,No Prazo,Nenhuma
1455,20240428,41,3,20,8,3,29.6,5530.36,930,15.0,15.4,No Prazo,Nenhuma
1456,20240428,5,15,28,4,1,36.6,2709.43,550,8.9,8.6,No Prazo,Nenhuma
1457,20240429,39,32,21,11,4,22.1,2041.26,410,6.6,6.4,No Prazo,Nenhuma
1458,20240429,28,6,14,8,1,48.3,5640.75,930,15.0,20.6,Atrasado,Nenhuma
1459,20240429,9,18,27,15,2,31.8,1095.47,210,3.4,3.5,No Prazo,Atraso em Carga/Descarga
1460,20240429,40,36,3,9,4,9.0,9746.59,1960,31.6,30.3,No Prazo,Nenhuma
1461,20240429,9,25,13,6,2,25.5,3915.19,800,12.9,12.7,No Prazo,Nenhuma
1462,20240429,35,4,7,8,3,5.9,5379.24,930,15.0,20.0,Atrasado,Nenhuma
1463,20240429,42,28,30,17,5,3.6,466.68,100,1.6,1.7,No Prazo,Nenhuma
1464,20240429,39,10,13,16,4,25.3,1751.04,315,5.1,5.3,No Prazo,Nenhuma
1465,20240429,34,21,7,2,2,3.6,1771.01,410,6.6,9.1,Atrasado,Nenhuma
1466,20240429,8,27,15,11,1,10.3,2547.5,410,6.6,6.9,No Prazo,Nenhuma
1467,20240429,38,17,18,4,5,48.9,3212.93,550,8.9,8.3,No Prazo,Nenhuma
1468,20240429,11,4,7,6,3,5.9,3673.54,800,12.9,12.6,No Prazo,Nenhuma
1469,20240430,21,1,6,20,1,24.1,4036.58,930,15.0,15.3,No Prazo,Trânsito/Rota
1470,20240430,9,9,20,2,2,34.6,1766.07,410,6.6,6.1,No Prazo,Nenhuma
1471,20240430,29,27,30,18,1,12.7,2434.03,550,8.9,9.3,No Prazo,Nenhuma
1472,20240430,9,26,20,4,2,22.6,3165.24,550,8.9,9.1,No Prazo,Nenhuma
1473,20240430,24,36,3,6,4,49.1,3494.25,800,12.9,17.3,Atrasado,Pane Mecânica
1474,20240430,6,28,22,1,5,10.5,1881.17,430,6.9,6.5,No Prazo,Nenhuma
1475,20240430,14,13,13,6,5,6.0,4416.82,800,12.9,14.3,Atrasado,Nenhuma
1476,20240430,34,19,15,19,2,4.2,1271.92,300,4.8,6.8,Atrasado,Nenhuma
1477,20240430,13,33,16,4,3,36.5,3057.39,550,8.9,8.9,No Prazo,Nenhuma
1478,20240430,11,33,11,3,3,4.6,3460.68,590,9.5,8.9,No Prazo,Nenhuma
1479,20240430,14,35,29,3,5,5.8,3195.86,590,9.5,10.5,Atrasado,Nenhuma
1480,20240430,16,32,25,17,4,4.4,605.01,100,1.6,1.6,No Prazo,Nenhuma
1481,20240430,33,30,16,4,1,17.5,2894.42,550,8.9,9.1,No Prazo,Nenhuma
1482,20240430,35,3,8,9,3,4.5,10842.96,1960,31.6,29.4,No Prazo,Nenhuma
1483,20240430,19,28,29,6,5,24.1,3573.54,800,12.9,13.1,No Prazo,Nenhuma
1484,20240430,26,6,1,16,1,11.0,1763.14,315,5.1,7.2,Atrasado,Nenhuma
1485,20240430,26,6,22,5,1,9.5,7984.91,1370,22.1,24.3,Atrasado,Pane Mecânica
1486,20240430,25,13,10,16,5,11.7,1344.63,315,5.1,6.3,Atrasado,Nenhuma
1487,20240430,27,13,25,8,5,47.8,4201.93,930,15.0,14.5,No Prazo,Nenhuma
1488,20240430,15,11,7,7,1,42.2,1257.75,210,3.4,3.5,No Prazo,Atraso em Carga/Descarga
1489,20240430,32,10,20,9,4,18.9,9638.08,1960,31.6,45.2,Atrasado,Nenhuma
1490,20240430,40,23,8,15,4,10.6,930.93,210,3.4,3.2,No Prazo,Nenhuma
1491,20240430,7,29,18,18,5,4.1,2542.89,550,8.9,8.2,No Prazo,Nenhuma
1492,20240501,2,12,26,16,5,4.4,1612.91,315,5.1,6.5,Atrasado,Nenhuma
1493,20240501,8,6,10,11,1,11.8,2004.96,410,6.6,6.6,No Prazo,Trânsito/Rota
1494,20240501,20,12,23,2,5,5.7,1799.7,410,6.6,6.7,No Prazo,Nenhuma
1495,20240501,14,13,20,15,5,4.4,964.62,210,3.4,3.6,No Prazo,Nenhuma
1496,20240501,7,35,12,8,5,3.9,4029.01,930,15.0,14.9,No Prazo,Nenhuma
1497,20240501,4,2,20,7,1,5.1,1260.63,210,3.4,4.0,Atrasado,Trânsito/Rota
1498,20240501,32,10,12,7,4,20.6,1268.92,210,3.4,3.4,No Prazo,Nenhuma
1499,20240501,9,38,3,15,2,23.6,1206.73,210,3.4,3.5,No Prazo,Nenhuma
1500,20240501,38,28,12,3,5,46.9,2792.99,590,9.5,9.6,No Prazo,Nenhuma
1501,20240501,23,23,20,9,4,5.6,11195.85,1960,31.6,31.6,No Prazo,Nenhuma
1502,20240501,42,28,23,9,5,3.7,7718.61,1960,31.6,31.9,No Prazo,Nenhuma
1503,20240501,37,1,4,4,1,18.0,2544.26,550,8.9,9.2,No Prazo,Problema Documental
1504,20240501,10,25,3,16,2,26.3,1766.67,315,5.1,5.6,Atrasado,Atraso em Carga/Descarga
1505,20240501,8,11,30,6,1,8.8,3812.35,800,12.9,15.0,Atrasado,Nenhuma
1506,20240501,17,37,15,7,5,9.2,1003.59,210,3.4,4.6,Atrasado,Trânsito/Rota
1507,20240501,13,20,14,17,3,56.2,484.76,100,1.6,1.6,No Prazo,Nenhuma
1508,20240501,30,36,26,19,4,49.3,1754.56,300,4.8,5.5,Atrasado,Nenhuma
1509,20240501,16,10,26,16,4,4.3,1343.09,315,5.1,6.7,Atrasado,Nenhuma
1510,20240501,17,37,4,11,5,9.6,1816.03,410,6.6,6.1,No Prazo,Nenhuma
1511,20240501,5,11,7,7,1,34.3,895.69,210,3.4,3.4,No Prazo,Nenhuma
1512,20240501,39,23,4,3,4,25.5,3207.17,590,9.5,8.9,No Prazo,Nenhuma
1513,20240501,34,8,26,10,2,5.8,4128.0,930,15.0,21.0,Atrasado,Nenhuma
1514,20240502,28,11,3,4,1,43.3,2298.67,550,8.9,9.3,No Prazo,Nenhuma
1515,20240502,30,23,5,11,4,36.5,1955.7,410,6.6,6.1,No Prazo,Nenhuma
1516,20240502,31,22,22,2,1,40.3,2054.02,410,6.6,6.2,No Prazo,Nenhuma
1517,20240502,37,1,8,12,1,20.0,2620.14,590,9.5,9.2,No Prazo,Nenhuma
1518,20240502,6,37,3,3,5,10.5,2433.93,590,9.5,10.8,Atrasado,Nenhuma
1519,20240502,12,12,29,20,5,9.4,4333.16,930,15.0,14.0,No Prazo,Nenhuma
1520,20240502,26,27,10,9,1,9.8,8091.01,1960,31.6,40.6,Atrasado,Nenhuma
1521,20240502,22,26,23,2,2,11.4,1961.94,410,6.6,6.4,No Prazo,Nenhuma
1522,20240502,26,6,27,7,1,9.6,1211.86,210,3.4,3.2,No Prazo,Nenhuma
1523,20240502,29,11,19,10,1,12.0,4947.6,930,15.0,14.2,No Prazo,Trânsito/Rota
1524,20240502,9,14,19,16,2,31.4,1793.27,315,5.1,4.8,No Prazo,Nenhuma
1525,20240502,15,2,25,14,1,38.0,3757.29,800,12.9,17.0,Atrasado,Nenhuma
1526,20240502,5,6,5,4,1,22.5,3397.72,550,8.9,9.1,No Prazo,Nenhuma
1527,20240502,17,37,7,17,5,10.4,474.08,100,1.6,2.0,Atrasado,Nenhuma
1528,20240502,21,15,3,5,1,22.5,7223.93,1370,22.1,21.8,No Prazo,Nenhuma
1529,20240502,15,30,30,20,1,51.9,4093.68,930,15.0,14.8,No Prazo,Nenhuma
1530,20240502,24,23,28,2,4,46.6,2140.94,410,6.6,6.8,No Prazo,Nenhuma
1531,20240502,22,8,19,6,2,10.3,4125.94,800,12.9,17.9,Atrasado,Nenhuma
1532,20240502,25,17,26,7,5,9.9,1081.09,210,3.4,3.3,No Prazo,Nenhuma
1533,20240502,11,3,27,10,3,6.0,4224.29,930,15.0,15.2,No Prazo,Nenhuma
1534,20240502,40,23,30,8,4,9.6,4120.12,930,15.0,14.0,No Prazo,Nenhuma
1535,20240502,26,15,15,5,1,11.9,7312.57,1370,22.1,31.0,Atrasado,Nenhuma
1536,20240502,8,22,30,1,1,13.5,2007.93,430,6.9,7.2,No Prazo,Nenhuma
1537,20240503,36,1,9,20,1,3.7,4649.03,930,15.0,14.6,No Prazo,Nenhuma
1538,20240503,21,6,19,2,1,36.5,2247.94,410,6.6,8.3,Atrasado,Nenhuma
1539,20240503,16,23,2,6,4,4.7,3657.84,800,12.9,13.0,No Prazo,Nenhuma
1540,20240503,32,36,20,16,4,19.3,1683.22,315,5.1,4.9,No Prazo,Nenhuma
1541,20240503,34,8,3,8,2,3.7,4310.23,930,15.0,13.8,No Prazo,Nenhuma
1542,20240503,36,22,24,17,1,4.4,478.99,100,1.6,1.6,No Prazo,Nenhuma
1543,20240503,16,32,24,12,4,3.8,2848.4,590,9.5,9.5,No Prazo,Nenhuma
1544,20240503,25,29,4,2,5,9.6,2015.55,410,6.6,8.6,Atrasado,Nenhuma
1545,20240503,42,17,27,2,5,5.9,1708.27,410,6.6,6.3,No Prazo,Nenhuma
1546,20240503,2,12,11,7,5,5.2,994.54,210,3.4,3.2,No Prazo,Nenhuma
1547,20240503,38,35,23,11,5,46.8,1830.65,410,6.6,6.6,No Prazo,Nenhuma
1548,20240503,14,37,11,13,5,4.5,7843.81,1370,22.1,21.6,No Prazo,Nenhuma
1549,20240503,33,6,12,18,1,26.3,2987.03,550,8.9,8.7,No Prazo,Nenhuma
1550,20240504,16,32,21,8,4,5.8,3944.06,930,15.0,14.1,No Prazo,Trânsito/Rota
1551,20240504,42,12,1,9,5,5.5,10051.49,1960,31.6,32.8,No Prazo,Trânsito/Rota
1552,20240504,39,23,15,13,4,16.8,7520.33,1370,22.1,21.7,No Prazo,Nenhuma
1553,20240505,21,11,21,16,1,29.0,1259.37,315,5.1,6.7,Atrasado,Nenhuma
1554,20240505,25,29,3,7,5,8.9,972.16,210,3.4,3.2,No Prazo,Nenhuma
1555,20240505,9,25,8,6,2,32.2,4203.01,800,12.9,12.1,No Prazo,Nenhuma
1556,20240505,34,19,18,20,2,4.8,4267.23,930,15.0,17.7,Atrasado,Nenhuma
1557,20240505,34,16,10,2,2,6.0,1675.35,410,6.6,6.2,No Prazo,Nenhuma
1558,20240505,2,17,18,16,5,5.0,1303.64,315,5.1,5.0,No Prazo,Pane Mecânica
1559,20240505,7,28,26,20,5,4.7,3746.52,930,15.0,15.7,No Prazo,Pane Mecânica
1560,20240506,30,32,13,9,4,40.1,10240.03,1960,31.6,29.6,No Prazo,Nenhuma
1561,20240506,37,1,1,1,1,16.4,1917.15,430,6.9,6.8,No Prazo,Nenhuma
1562,20240506,28,22,6,20,1,38.8,4554.37,930,15.0,14.9,No Prazo,Nenhuma
1563,20240506,6,13,18,15,5,9.9,1042.72,210,3.4,3.5,No Prazo,Nenhuma
1564,20240506,13,5,14,2,3,40.7,1747.82,410,6.6,6.1,No Prazo,Nenhuma
1565,20240506,31,27,15,15,1,49.2,1078.29,210,3.4,3.2,No Prazo,Trânsito/Rota
1566,20240506,40,32,26,15,4,11.0,831.08,210,3.4,3.5,No Prazo,Nenhuma
1567,20240506,32,10,28,8,4,25.9,4738.11,930,15.0,14.1,No Prazo,Nenhuma
1568,20240506,4,11,18,1,1,5.0,2210.28,430,6.9,7.1,No Prazo,Nenhuma
1569,20240506,19,29,12,7,5,35.9,914.31,210,3.4,3.6,No Prazo,Nenhuma
1570,20240506,9,18,24,1,2,24.9,2340.97,430,6.9,6.6,No Prazo,Nenhuma
1571,20240506,40,32,3,9,4,11.7,10268.22,1960,31.6,34.3,Atrasado,Nenhuma
1572,20240506,39,24,27,18,4,24.1,2529.81,550,8.9,9.0,No Prazo,Nenhuma
1573,20240506,20,12,13,18,5,4.2,3186.6,550,8.9,9.8,Atrasado,Trânsito/Rota
1574,20240506,28,22,21,14,1,50.8,4036.37,800,12.9,14.0,Atrasado,Nenhuma
1575,20240506,10,26,8,10,2,16.6,5103.47,930,15.0,15.0,No Prazo,Nenhuma
1576,20240506,4,6,4,10,1,4.0,3966.51,930,15.0,15.0,No Prazo,Nenhuma
1577,20240506,27,28,29,6,5,38.7,4090.2,800,12.9,13.1,No Prazo,Nenhuma
1578,20240506,41,33,18,2,3,30.0,2199.7,410,6.6,6.9,No Prazo,Nenhuma
1579,20240507,18,33,24,3,3,52.7,3371.1,590,9.5,9.4,No Prazo,Nenhuma
1580,20240507,41,5,14,9,3,24.9,11185.41,1960,31.6,31.1,No Prazo,Pane Mecânica
1581,20240507,16,23,8,3,4,5.0,2900.31,590,9.5,9.4,No Prazo,Nenhuma
1582,20240507,30,23,28,19,4,35.7,1452.03,300,4.8,4.5,No Prazo,Pane Mecânica
1583,20240507,12,37,7,14,5,10.1,3352.32,800,12.9,12.4,No Prazo,Nenhuma
1584,20240507,9,8,7,5,2,36.1,7816.27,1370,22.1,20.5,No Prazo,Trânsito/Rota
1585,20240507,35,5,22,8,3,5.9,3957.52,930,15.0,21.4,Atrasado,Nenhuma
1586,20240507,25,35,27,7,5,10.6,897.02,210,3.4,3.3,No Prazo,Trânsito/Rota
1587,20240507,11,3,11,17,3,4.2,407.05,100,1.6,1.5,No Prazo,Nenhuma
1588,20240507,38,37,26,6,5,37.4,4200.32,800,12.9,17.0,Atrasado,Trânsito/Rota
1589,20240508,25,35,19,6,5,11.2,4530.24,800,12.9,13.3,No Prazo,Pane Mecânica
1590,20240508,24,23,29,5,4,42.1,5727.36,1370,22.1,31.4,Atrasado,Trânsito/Rota
1591,20240508,39,36,30,13,4,21.4,6062.58,1370,22.1,21.8,No Prazo,Nenhuma
1592,20240508,7,13,6,9,5,4.4,10069.82,1960,31.6,36.3,Atrasado,Atraso em Carga/Descarga
1593,20240508,10,38,10,2,2,16.5,2218.73,410,6.6,6.4,No Prazo,Nenhuma
1594,20240508,33,1,10,12,1,16.4,2920.07,590,9.5,8.9,No Prazo,Nenhuma
1595,20240508,11,3,8,6,3,4.9,3310.07,800,12.9,13.4,No Prazo,Nenhuma
1596,20240508,42,28,26,1,5,4.4,2446.58,430,6.9,6.4,No Prazo,Nenhuma
1597,20240508,42,34,2,16,5,5.4,1780.14,315,5.1,5.2,No Prazo,Trânsito/Rota
1598,20240508,7,29,28,7,5,4.2,840.73,210,3.4,3.3,No Prazo,Nenhuma
1599,20240508,42,35,26,18,5,5.0,3342.89,550,8.9,8.6,No Prazo,Nenhuma
1600,20240508,27,17,5,9,5,49.2,8647.38,1960,31.6,32.0,No Prazo,Pane Mecânica
1601,20240508,38,37,9,15,5,54.7,1196.26,210,3.4,3.3,No Prazo,Nenhuma
1602,20240509,10,16,30,20,2,18.8,5291.29,930,15.0,14.0,No Prazo,Nenhuma
1603,20240509,9,8,12,17,2,28.3,589.69,100,1.6,1.7,No Prazo,Trânsito/Rota
1604,20240509,33,27,27,2,1,21.8,1922.98,410,6.6,6.7,No Prazo,Pane Mecânica
1605,20240509,29,1,4,4,1,8.6,2477.39,550,8.9,12.7,Atrasado,Nenhuma
1606,20240509,10,8,4,7,2,25.2,974.31,210,3.4,3.6,No Prazo,Nenhuma
1607,20240509,25,35,11,9,5,13.2,8987.34,1960,31.6,30.9,No Prazo,Nenhuma
1608,20240509,10,19,9,13,2,20.3,7349.27,1370,22.1,20.4,No Prazo,Nenhuma
1609,20240509,14,34,21,18,5,5.8,3286.58,550,8.9,9.1,No Prazo,Nenhuma
1610,20240509,21,2,20,6,1,33.3,3426.62,800,12.9,16.8,Atrasado,Trânsito/Rota
1611,20240509,6,34,8,3,5,12.8,3546.39,590,9.5,12.1,Atrasado,Atraso em Carga/Descarga
1612,20240509,16,10,10,2,4,5.8,1992.28,410,6.6,6.4,No Prazo,Nenhuma
1613,20240509,17,12,9,6,5,12.7,3832.15,800,12.9,13.5,No Prazo,Nenhuma
1614,20240509,34,14,11,11,2,5.8,1928.35,410,6.6,6.9,No Prazo,Nenhuma
1615,20240509,33,11,27,9,1,19.4,9677.77,1960,31.6,30.2,No Prazo,Nenhuma
1616,20240509,14,34,29,2,5,5.2,2168.98,410,6.6,6.6,No Prazo,Pane Mecânica
1617,20240509,21,2,16,14,1,34.7,3755.22,800,12.9,11.9,No Prazo,Nenhuma
1618,20240509,31,11,3,6,1,48.7,4081.31,800,12.9,12.0,No Prazo,Trânsito/Rota
1619,20240509,15,6,5,13,1,46.8,8048.92,1370,22.1,22.6,No Prazo,Nenhuma
1620,20240509,26,2,25,19,1,11.2,1310.89,300,4.8,6.3,Atrasado,Nenhuma
1621,20240509,39,36,6,3,4,23.3,2617.68,590,9.5,9.1,No Prazo,Nenhuma
1622,20240509,28,22,15,2,1,39.4,2541.14,410,6.6,7.0,Atrasado,Trânsito/Rota
1623,20240510,26,15,5,1,1,11.4,1743.81,430,6.9,6.8,No Prazo,Nenhuma
1624,20240510,13,5,30,19,3,36.0,1350.97,300,4.8,6.4,Atrasado,Nenhuma
1625,20240510,18,31,24,13,3,43.9,6033.16,1370,22.1,21.4,No Prazo,Atraso em Carga/Descarga
1626,20240510,20,13,23,18,5,5.8,2756.5,550,8.9,8.2,No Prazo,Nenhuma
1627,20240510,6,37,16,18,5,10.0,2424.38,550,8.9,8.4,No Prazo,Nenhuma
1628,20240510,31,2,18,12,1,50.5,3339.85,590,9.5,9.9,No Prazo,Nenhuma
1629,20240510,21,11,16,10,1,30.8,4793.81,930,15.0,19.7,Atrasado,Atraso em Carga/Descarga
1630,20240510,27,28,18,18,5,56.1,3313.42,550,8.9,11.6,Atrasado,Nenhuma
1631,20240510,13,20,8,8,3,46.5,4162.69,930,15.0,19.5,Atrasado,Nenhuma
1632,20240510,6,28,25,2,5,11.3,1863.67,410,6.6,6.9,No Prazo,Nenhuma
1633,20240510,40,32,4,4,4,12.9,3188.05,550,8.9,9.3,No Prazo,Nenhuma
1634,20240510,40,36,13,14,4,10.9,4692.24,800,12.9,12.8,No Prazo,Nenhuma
1635,20240510,30,24,4,12,4,42.5,2875.95,590,9.5,10.9,Atrasado,Pane Mecânica
1636,20240510,36,22,13,17,1,6.0,570.8,100,1.6,2.1,Atrasado,Nenhuma
1637,20240510,25,35,12,1,5,11.8,2373.25,430,6.9,6.7,No Prazo,Nenhuma
1638,20240510,37,6,11,14,1,17.8,4176.55,800,12.9,12.2,No Prazo,Nenhuma
1639,20240511,28,6,7,19,1,37.0,1383.21,300,4.8,6.5,Atrasado,Nenhuma
1640,20240511,8,11,26,13,1,8.6,6852.2,1370,22.1,24.6,Atrasado,Trânsito/Rota
1641,20240511,17,35,7,19,5,13.5,1719.44,300,4.8,4.8,No Prazo,Nenhuma
1642,20240511,13,20,2,3,3,36.9,3560.19,590,9.5,9.5,No Prazo,Problema Documental
1643,20240512,20,13,2,13,5,3.8,8371.92,1370,22.1,28.9,Atrasado,Nenhuma
1644,20240512,15,30,7,10,1,44.1,5250.28,930,15.0,20.1,Atrasado,Nenhuma
1645,20240512,21,15,11,15,1,34.3,1025.24,210,3.4,3.4,No Prazo,Nenhuma
1646,20240513,35,20,6,11,3,4.5,2019.8,410,6.6,6.9,No Prazo,Nenhuma
1647,20240513,20,37,11,5,5,4.3,6528.48,1370,22.1,28.4,Atrasado,Trânsito/Rota
1648,20240513,11,4,2,8,3,4.6,4291.5,930,15.0,14.1,No Prazo,Pane Mecânica
1649,20240513,36,27,30,3,1,5.4,3425.71,590,9.5,9.5,No Prazo,Nenhuma
1650,20240513,9,8,17,7,2,23.7,934.57,210,3.4,3.3,No Prazo,Trânsito/Rota
1651,20240513,16,32,3,3,4,4.3,3615.24,590,9.5,13.5,Atrasado,Nenhuma
1652,20240513,20,37,24,3,5,3.9,2731.0,590,9.5,10.2,Atrasado,Trânsito/Rota
1653,20240513,39,24,11,9,4,26.6,10328.13,1960,31.6,32.5,No Prazo,Nenhuma
1654,20240513,5,6,29,3,1,25.2,3498.8,590,9.5,12.0,Atrasado,Pane Mecânica
1655,20240513,9,21,18,14,2,26.6,3503.19,800,12.9,15.9,Atrasado,Nenhuma
1656,20240513,19,12,3,15,5,26.1,1264.8,210,3.4,3.8,Atrasado,Nenhuma
1657,20240513,24,10,15,20,4,36.0,5329.43,930,15.0,14.8,No Prazo,Nenhuma
1658,20240513,12,37,22,9,5,11.9,10201.75,1960,31.6,30.4,No Prazo,Atraso em Carga/Descarga
1659,20240513,18,7,17,13,3,44.1,8278.7,1370,22.1,22.7,No Prazo,Nenhuma
1660,20240513,9,26,7,2,2,35.2,1723.73,410,6.6,6.2,No Prazo,Nenhuma
1661,20240513,18,33,7,16,3,55.7,1652.72,315,5.1,5.2,No Prazo,Nenhuma
1662,20240513,17,13,7,7,5,10.0,972.08,210,3.4,4.7,Atrasado,Nenhuma
1663,20240513,4,2,19,5,1,3.6,5799.82,1370,22.1,20.8,No Prazo,Nenhuma
1664,20240514,6,12,13,8,5,11.8,4790.61,930,15.0,14.8,No Prazo,Atraso em Carga/Descarga
1665,20240514,42,28,14,13,5,5.7,8093.52,1370,22.1,21.7,No Prazo,Nenhuma
1666,20240514,17,29,7,18,5,11.7,2760.2,550,8.9,9.3,No Prazo,Trânsito/Rota
1667,20240514,10,14,3,6,2,24.5,3887.85,800,12.9,12.6,No Prazo,Nenhuma
1668,20240514,41,33,16,13,3,36.4,7215.59,1370,22.1,20.7,No Prazo,Trânsito/Rota
1669,20240514,31,15,9,8,1,53.4,5391.11,930,15.0,13.9,No Prazo,Nenhuma
1670,20240514,3,17,30,3,5,4.1,3340.52,590,9.5,9.1,No Prazo,Nenhuma
1671,20240514,17,13,23,19,5,10.7,1677.36,300,4.8,4.5,No Prazo,Nenhuma
1672,20240514,13,7,2,20,3,39.2,4706.49,930,15.0,14.2,No Prazo,Trânsito/Rota
1673,20240514,29,6,22,8,1,11.4,4984.26,930,15.0,19.5,Atrasado,Nenhuma
1674,20240514,30,32,27,19,4,46.5,1686.53,300,4.8,4.9,No Prazo,Nenhuma
1675,20240514,41,4,25,14,3,27.4,4246.75,800,12.9,12.2,No Prazo,Nenhuma
1676,20240514,15,1,18,12,1,56.7,3321.59,590,9.5,9.1,No Prazo,Nenhuma
1677,20240514,19,37,14,12,5,27.7,2890.72,590,9.5,8.8,No Prazo,Trânsito/Rota
1678,20240514,35,4,28,18,3,5.4,2800.46,550,8.9,9.6,Atrasado,Nenhuma
1679,20240515,17,37,8,7,5,9.7,1138.72,210,3.4,3.2,No Prazo,Pane Mecânica
1680,20240515,28,22,21,17,1,49.1,443.61,100,1.6,1.5,No Prazo,Nenhuma
1681,20240515,35,5,20,3,3,5.3,3243.15,590,9.5,9.8,No Prazo,Nenhuma
1682,20240515,7,13,3,5,5,4.0,7745.45,1370,22.1,22.1,No Prazo,Nenhuma
1683,20240515,21,6,28,8,1,27.0,4484.83,930,15.0,14.2,No Prazo,Nenhuma
1684,20240515,14,37,15,16,5,5.2,1537.52,315,5.1,5.3,No Prazo,Nenhuma
1685,20240515,31,2,21,11,1,45.2,2395.24,410,6.6,6.1,No Prazo,Nenhuma
1686,20240515,38,29,3,19,5,43.2,1445.4,300,4.8,4.6,No Prazo,Atraso em Carga/Descarga
1687,20240515,32,24,23,11,4,20.5,1831.37,410,6.6,6.6,No Prazo,Nenhuma
1688,20240515,40,24,25,18,4,12.9,3141.97,550,8.9,9.2,No Prazo,Nenhuma
1689,20240516,7,29,28,15,5,3.8,1053.83,210,3.4,3.5,No Prazo,Nenhuma
1690,20240516,22,8,27,4,2,8.7,2740.68,550,8.9,12.3,Atrasado,Nenhuma
1691,20240516,10,14,15,19,2,23.6,1627.14,300,4.8,4.5,No Prazo,Nenhuma
1692,20240516,32,32,25,14,4,21.5,4216.96,800,12.9,12.6,No Prazo,Nenhuma
1693,20240516,30,10,5,10,4,46.8,5234.4,930,15.0,18.4,Atrasado,Nenhuma
1694,20240516,8,11,15,15,1,9.1,864.01,210,3.4,3.2,No Prazo,Trânsito/Rota
1695,20240516,6,28,19,14,5,9.0,4621.91,800,12.9,12.7,No Prazo,Nenhuma
1696,20240516,34,25,20,11,2,5.7,1903.72,410,6.6,6.9,No Prazo,Nenhuma
1697,20240516,9,9,20,12,2,35.2,2666.1,590,9.5,12.2,Atrasado,Nenhuma
1698,20240516,38,17,28,17,5,40.8,555.86,100,1.6,1.9,Atrasado,Nenhuma
1699,20240516,1,3,25,9,3,11.0,8640.13,1960,31.6,45.8,Atrasado,Atraso em Carga/Descarga
1700,20240516,4,11,29,7,1,4.0,1142.13,210,3.4,3.2,No Prazo,Nenhuma
1701,20240516,18,3,19,7,3,56.8,876.37,210,3.4,3.2,No Prazo,Nenhuma
1702,20240516,17,12,8,7,5,8.9,1119.26,210,3.4,3.4,No Prazo,Trânsito/Rota
1703,20240517,30,36,8,4,4,48.5,3151.17,550,8.9,12.4,Atrasado,Nenhuma
1704,20240517,27,17,2,13,5,41.2,7162.33,1370,22.1,21.9,No Prazo,Nenhuma
1705,20240517,26,22,17,2,1,8.8,1834.14,410,6.6,6.3,No Prazo,Nenhuma
1706,20240517,14,34,10,11,5,5.5,2191.94,410,6.6,6.7,No Prazo,Nenhuma
1707,20240517,24,10,1,18,4,40.5,3211.49,550,8.9,8.7,No Prazo,Nenhuma
1708,20240517,23,24,3,19,4,5.5,1720.41,300,4.8,5.4,Atrasado,Nenhuma
1709,20240517,37,1,17,5,1,25.6,6695.11,1370,22.1,21.8,No Prazo,Nenhuma
1710,20240517,35,7,4,16,3,5.2,1483.08,315,5.1,5.1,No Prazo,Nenhuma
1711,20240517,8,11,7,19,1,10.6,1469.11,300,4.8,4.7,No Prazo,Trânsito/Rota
1712,20240517,11,3,20,11,3,5.6,2532.88,410,6.6,8.8,Atrasado,Pane Mecânica
1713,20240517,35,4,20,7,3,4.9,1084.87,210,3.4,3.4,No Prazo,Nenhuma
1714,20240517,2,37,13,3,5,4.4,2403.14,590,9.5,9.6,No Prazo,Nenhuma
1715,20240517,11,4,10,20,3,4.1,5032.66,930,15.0,18.1,Atrasado,Nenhuma
1716,20240517,27,35,10,2,5,51.2,1671.46,410,6.6,6.1,No Prazo,Nenhuma
1717,20240517,28,30,16,20,1,36.3,4343.4,930,15.0,19.4,Atrasado,Nenhuma
1718,20240517,15,27,2,10,1,40.5,4437.19,930,15.0,14.3,No Prazo,Nenhuma
1719,20240518,39,36,17,6,4,25.1,4786.1,800,12.9,16.9,Atrasado,Nenhuma
1720,20240518,24,23,17,4,4,45.0,3247.32,550,8.9,9.6,Atrasado,Nenhuma
1721,20240518,35,31,18,17,3,5.7,447.74,100,1.6,1.8,Atrasado,Nenhuma
1722,20240518,23,10,8,6,4,5.6,3396.15,800,12.9,12.0,No Prazo,Nenhuma
1723,20240518,2,34,3,20,5,6.0,4188.34,930,15.0,15.4,No Prazo,Trânsito/Rota
1724,20240518,4,27,26,18,1,4.4,3114.46,550,8.9,9.3,No Prazo,Nenhuma
1725,20240518,3,28,16,20,5,5.9,4666.76,930,15.0,13.9,No Prazo,Pane Mecânica
1726,20240519,14,35,18,6,5,4.0,3553.28,800,12.9,12.9,No Prazo,Nenhuma
1727,20240519,20,28,16,13,5,4.6,7509.1,1370,22.1,26.1,Atrasado,Nenhuma
1728,20240519,1,5,26,20,3,9.1,4782.45,930,15.0,15.6,No Prazo,Nenhuma
1729,20240519,31,15,28,8,1,55.1,3949.87,930,15.0,15.0,No Prazo,Nenhuma
1730,20240519,7,12,19,18,5,4.0,2286.13,550,8.9,9.2,No Prazo,Atraso em Carga/Descarga
1731,20240519,9,8,30,19,2,26.8,1687.73,300,4.8,6.5,Atrasado,Nenhuma
1732,20240519,10,18,21,16,2,19.6,1482.36,315,5.1,5.1,No Prazo,Nenhuma
1733,20240520,27,29,29,1,5,40.4,2010.85,430,6.9,6.7,No Prazo,Nenhuma
1734,20240520,38,17,7,11,5,42.3,2012.39,410,6.6,6.8,No Prazo,Nenhuma
1735,20240520,23,24,21,8,4,4.0,5536.91,930,15.0,14.9,No Prazo,Problema Documental
1736,20240520,20,13,20,1,5,4.6,2329.39,430,6.9,6.7,No Prazo,Atraso em Carga/Descarga
1737,20240520,31,15,5,15,1,46.8,1129.71,210,3.4,3.2,No Prazo,Nenhuma
1738,20240520,9,8,18,16,2,26.1,1845.92,315,5.1,5.0,No Prazo,Nenhuma
1739,20240520,11,4,27,6,3,4.4,4195.33,800,12.9,15.3,Atrasado,Nenhuma
1740,20240520,3,17,16,6,5,4.5,4489.36,800,12.9,12.4,No Prazo,Trânsito/Rota
1741,20240520,28,30,10,17,1,38.5,460.66,100,1.6,1.6,No Prazo,Nenhuma
1742,20240520,1,20,9,6,3,11.9,4256.95,800,12.9,16.1,Atrasado,Nenhuma
1743,20240520,9,14,27,3,2,32.9,3082.56,590,9.5,8.8,No Prazo,Atraso em Carga/Descarga
1744,20240520,23,24,15,4,4,4.2,3369.03,550,8.9,8.7,No Prazo,Nenhuma
1745,20240520,12,35,7,5,5,11.6,6909.42,1370,22.1,21.2,No Prazo,Nenhuma
1746,20240520,20,28,26,1,5,5.3,2285.83,430,6.9,6.5,No Prazo,Nenhuma
1747,20240521,1,7,6,16,3,13.8,1836.35,315,5.1,7.0,Atrasado,Nenhuma
1748,20240521,24,10,5,14,4,38.0,3150.19,800,12.9,15.2,Atrasado,Nenhuma
1749,20240521,34,21,18,10,2,4.2,3987.07,930,15.0,15.1,No Prazo,Trânsito/Rota
1750,20240521,19,34,12,6,5,27.7,3935.13,800,12.9,13.0,No Prazo,Nenhuma
1751,20240521,20,34,10,8,5,5.8,5153.24,930,15.0,15.3,No Prazo,Nenhuma
1752,20240521,24,32,23,4,4,37.1,2938.01,550,8.9,12.6,Atrasado,Pane Mecânica
1753,20240521,8,15,2,16,1,12.5,1525.63,315,5.1,5.0,No Prazo,Nenhuma
1754,20240521,21,2,22,10,1,30.9,4235.73,930,15.0,18.1,Atrasado,Nenhuma
1755,20240521,15,2,10,8,1,53.0,5007.57,930,15.0,19.7,Atrasado,Nenhuma
1756,20240521,40,10,10,4,4,9.5,2451.12,550,8.9,8.9,No Prazo,Nenhuma
1757,20240521,25,37,24,12,5,10.0,2936.8,590,9.5,9.9,No Prazo,Nenhuma
1758,20240521,5,27,25,11,1,24.6,2283.8,410,6.6,6.1,No Prazo,Nenhuma
1759,20240521,3,29,23,5,5,3.8,8096.77,1370,22.1,21.2,No Prazo,Nenhuma
1760,20240521,20,34,4,11,5,4.5,2027.92,410,6.6,8.0,Atrasado,Nenhuma
1761,20240521,20,35,23,15,5,4.3,973.98,210,3.4,3.5,No Prazo,Nenhuma
1762,20240521,20,29,16,15,5,4.5,1030.45,210,3.4,3.3,No Prazo,Pane Mecânica
1763,20240521,39,23,5,18,4,26.8,2772.8,550,8.9,8.4,No Prazo,Nenhuma
1764,20240521,4,27,16,10,1,5.8,4701.57,930,15.0,20.2,Atrasado,Nenhuma
1765,20240521,24,36,6,8,4,35.3,4134.79,930,15.0,14.5,No Prazo,Trânsito/Rota
1766,20240521,18,31,18,4,3,49.8,2469.65,550,8.9,9.1,No Prazo,Nenhuma
1767,20240521,28,1,14,10,1,38.3,4217.84,930,15.0,15.0,No Prazo,Nenhuma
1768,20240521,10,14,30,16,2,20.1,1338.55,315,5.1,4.7,No Prazo,Nenhuma
1769,20240521,22,21,20,14,2,12.5,4206.98,800,12.9,13.5,No Prazo,Nenhuma
1770,20240522,29,2,11,14,1,13.5,4852.99,800,12.9,16.5,Atrasado,Nenhuma
1771,20240522,32,10,6,20,4,19.7,3905.01,930,15.0,20.7,Atrasado,Nenhuma
1772,20240522,19,12,13,3,5,29.8,3176.55,590,9.5,9.1,No Prazo,Nenhuma
1773,20240522,25,12,7,14,5,9.4,4508.78,800,12.9,14.1,Atrasado,Trânsito/Rota
1774,20240522,29,15,8,16,1,13.8,1777.71,315,5.1,6.6,Atrasado,Nenhuma
1775,20240522,39,10,21,11,4,24.8,2119.19,410,6.6,6.3,No Prazo,Atraso em Carga/Descarga
1776,20240522,33,15,15,15,1,19.2,1098.89,210,3.4,3.1,No Prazo,Nenhuma
1777,20240522,23,23,18,12,4,4.0,2594.83,590,9.5,9.7,No Prazo,Nenhuma
1778,20240522,26,15,1,4,1,9.9,2811.65,550,8.9,8.3,No Prazo,Nenhuma
1779,20240522,26,1,30,6,1,12.4,3643.68,800,12.9,16.7,Atrasado,Nenhuma
1780,20240522,27,29,13,18,5,43.8,2884.47,550,8.9,8.8,No Prazo,Nenhuma
1781,20240522,21,11,14,13,1,26.9,7483.45,1370,22.1,27.7,Atrasado,Nenhuma
1782,20240522,25,29,22,10,5,9.4,4447.3,930,15.0,14.9,No Prazo,Nenhuma
1783,20240522,40,10,27,4,4,11.1,3147.19,550,8.9,11.3,Atrasado,Nenhuma
1784,20240523,20,35,17,7,5,4.4,1075.66,210,3.4,3.2,No Prazo,Nenhuma
1785,20240523,32,24,9,13,4,20.9,7817.79,1370,22.1,28.2,Atrasado,Nenhuma
1786,20240523,7,28,11,1,5,4.2,2422.3,430,6.9,7.1,No Prazo,Nenhuma
1787,20240523,8,27,24,15,1,9.6,1265.72,210,3.4,3.2,No Prazo,Nenhuma
1788,20240523,15,1,30,17,1,50.9,480.58,100,1.6,2.0,Atrasado,Nenhuma
1789,20240523,1,33,25,4,3,10.2,2523.89,550,8.9,12.8,Atrasado,Nenhuma
1790,20240523,25,37,14,11,5,10.2,2071.86,410,6.6,8.3,Atrasado,Nenhuma
1791,20240523,34,14,12,10,2,5.6,4791.82,930,15.0,14.4,No Prazo,Nenhuma
1792,20240523,20,35,12,4,5,4.4,2644.41,550,8.9,10.8,Atrasado,Nenhuma
1793,20240523,24,32,6,19,4,56.4,1480.25,300,4.8,4.5,No Prazo,Nenhuma
1794,20240523,30,24,22,12,4,57.0,3158.04,590,9.5,11.3,Atrasado,Nenhuma
1795,20240523,26,22,10,19,1,11.6,1434.64,300,4.8,4.9,No Prazo,Trânsito/Rota
1796,20240523,26,30,14,1,1,12.1,2290.5,430,6.9,7.7,Atrasado,Nenhuma
1797,20240523,8,30,20,2,1,13.3,1889.88,410,6.6,7.8,Atrasado,Nenhuma
1798,20240523,40,10,13,5,4,13.4,6110.3,1370,22.1,22.1,No Prazo,Problema Documental
1799,20240523,33,6,30,4,1,24.8,3271.35,550,8.9,8.9,No Prazo,Nenhuma
1800,20240523,8,1,2,18,1,13.6,2403.07,550,8.9,9.5,Atrasado,Nenhuma
1801,20240523,24,32,21,5,4,49.6,8260.32,1370,22.1,24.0,Atrasado,Nenhuma
1802,20240523,37,2,27,3,1,19.0,3096.28,590,9.5,12.5,Atrasado,Nenhuma
1803,20240523,28,11,13,8,1,34.7,4758.1,930,15.0,14.6,No Prazo,Pane Mecânica
1804,20240523,9,19,10,5,2,33.6,6687.21,1370,22.1,22.2,No Prazo,Nenhuma
1805,20240523,5,2,29,1,1,24.0,1830.39,430,6.9,9.3,Atrasado,Nenhuma
1806,20240523,13,33,5,17,3,38.1,479.47,100,1.6,2.2,Atrasado,Nenhuma
1807,20240524,27,29,3,11,5,41.7,2209.63,410,6.6,6.7,No Prazo,Nenhuma
1808,20240524,9,21,2,15,2,27.3,1115.47,210,3.4,3.2,No Prazo,Nenhuma
1809,20240524,36,22,29,7,1,3.7,915.25,210,3.4,3.5,No Prazo,Nenhuma
1810,20240524,31,30,13,6,1,50.5,3815.65,800,12.9,12.4,No Prazo,Nenhuma
1811,20240524,33,2,11,10,1,23.5,4194.39,930,15.0,15.0,No Prazo,Trânsito/Rota
1812,20240524,8,2,14,17,1,9.8,467.61,100,1.6,1.5,No Prazo,Nenhuma
1813,20240524,16,10,1,15,4,4.5,1101.18,210,3.4,3.3,No Prazo,Trânsito/Rota
1814,20240524,27,29,22,14,5,56.4,4290.01,800,12.9,12.7,No Prazo,Nenhuma
1815,20240524,14,29,2,13,5,5.8,7565.58,1370,22.1,21.7,No Prazo,Nenhuma
1816,20240524,1,7,1,15,3,12.1,858.61,210,3.4,3.2,No Prazo,Nenhuma
1817,20240524,5,2,23,16,1,33.0,1316.39,315,5.1,5.1,No Prazo,Nenhuma
1818,20240525,12,34,2,4,5,13.1,3225.92,550,8.9,8.5,No Prazo,Nenhuma
1819,20240525,4,11,19,17,1,5.2,465.07,100,1.6,1.5,No Prazo,Nenhuma
1820,20240525,9,38,3,8,2,30.1,5308.69,930,15.0,16.2,Atrasado,Nenhuma
1821,20240526,6,34,3,12,5,9.8,3205.3,590,9.5,13.2,Atrasado,Nenhuma
1822,20240526,19,34,4,1,5,32.8,1992.01,430,6.9,6.6,No Prazo,Nenhuma
1823,20240526,42,28,24,6,5,5.4,4863.03,800,12.9,12.4,No Prazo,Nenhuma
1824,20240526,20,13,14,3,5,4.2,3262.6,590,9.5,9.8,No Prazo,Nenhuma
1825,20240527,16,23,24,18,4,5.1,2357.39,550,8.9,8.4,No Prazo,Nenhuma
1826,20240527,25,34,4,12,5,9.6,2979.65,590,9.5,9.8,No Prazo,Nenhuma
1827,20240527,8,6,16,4,1,13.4,2971.39,550,8.9,11.6,Atrasado,Nenhuma
1828,20240527,1,5,26,10,3,8.4,5193.86,930,15.0,14.1,No Prazo,Nenhuma
1829,20240527,30,36,9,18,4,45.9,3183.62,550,8.9,10.3,Atrasado,Nenhuma
1830,20240527,29,30,11,16,1,11.5,1463.14,315,5.1,7.3,Atrasado,Nenhuma
1831,20240527,42,17,4,7,5,4.4,1245.97,210,3.4,3.2,No Prazo,Nenhuma
1832,20240527,41,31,19,12,3,26.7,3435.75,590,9.5,9.4,No Prazo,Nenhuma
1833,20240527,1,7,21,18,3,12.8,2962.12,550,8.9,8.6,No Prazo,Nenhuma
1834,20240527,25,28,20,14,5,9.0,3765.69,800,12.9,12.1,No Prazo,Nenhuma
1835,20240527,37,2,12,20,1,24.5,5380.68,930,15.0,14.1,No Prazo,Atraso em Carga/Descarga
1836,20240527,14,35,17,11,5,6.0,2250.38,410,6.6,7.7,Atrasado,Atraso em Carga/Descarga
1837,20240527,7,35,12,19,5,4.7,1683.47,300,4.8,4.6,No Prazo,Nenhuma
1838,20240527,16,24,25,16,4,5.4,1545.55,315,5.1,5.0,No Prazo,Nenhuma
1839,20240527,22,18,1,19,2,10.7,1755.87,300,4.8,6.9,Atrasado,Nenhuma
1840,20240527,16,32,15,15,4,3.6,1107.55,210,3.4,3.3,No Prazo,Nenhuma
1841,20240527,24,23,17,8,4,41.5,5115.91,930,15.0,14.2,No Prazo,Nenhuma
1842,20240527,39,10,6,1,4,21.6,2364.67,430,6.9,6.6,No Prazo,Nenhuma
1843,20240527,20,37,1,17,5,5.3,521.69,100,1.6,1.6,No Prazo,Nenhuma
1844,20240527,25,35,11,14,5,13.5,3923.89,800,12.9,12.5,No Prazo,Nenhuma
1845,20240527,8,22,24,7,1,12.0,955.46,210,3.4,3.8,Atrasado,Nenhuma
1846,20240527,12,35,17,4,5,12.6,2657.92,550,8.9,8.4,No Prazo,Nenhuma
1847,20240527,28,27,2,18,1,41.0,2354.04,550,8.9,8.9,No Prazo,Nenhuma
1848,20240528,11,33,10,6,3,4.9,4605.06,800,12.9,13.2,No Prazo,Trânsito/Rota
1849,20240528,21,6,19,4,1,32.5,3162.72,550,8.9,9.1,No Prazo,Nenhuma
1850,20240528,42,13,15,15,5,4.1,959.48,210,3.4,3.2,No Prazo,Atraso em Carga/Descarga
1851,20240528,17,17,24,12,5,9.9,3224.72,590,9.5,9.5,No Prazo,Nenhuma
1852,20240528,27,35,21,16,5,52.6,1826.53,315,5.1,5.3,No Prazo,Nenhuma
1853,20240528,6,13,9,11,5,11.6,2569.53,410,6.6,7.8,Atrasado,Nenhuma
1854,20240528,8,22,21,17,1,10.0,451.64,100,1.6,1.5,No Prazo,Nenhuma
1855,20240528,9,21,29,9,2,23.9,8603.83,1960,31.6,40.6,Atrasado,Nenhuma
1856,20240528,7,12,2,8,5,5.2,3958.71,930,15.0,15.4,No Prazo,Nenhuma
1857,20240528,34,25,27,18,2,5.7,3179.47,550,8.9,8.4,No Prazo,Nenhuma
1858,20240528,27,37,2,10,5,44.6,5313.41,930,15.0,21.1,Atrasado,Nenhuma
1859,20240528,36,11,18,10,1,4.3,4854.05,930,15.0,14.4,No Prazo,Nenhuma
1860,20240528,13,3,9,17,3,53.7,534.13,100,1.6,1.6,No Prazo,Nenhuma
1861,20240528,3,12,6,1,5,5.6,2617.41,430,6.9,6.9,No Prazo,Nenhuma
1862,20240528,7,17,3,13,5,4.0,6145.56,1370,22.1,23.0,No Prazo,Nenhuma
1863,20240529,15,1,18,13,1,46.5,7960.97,1370,22.1,21.0,No Prazo,Nenhuma
1864,20240529,7,13,23,2,5,4.3,1960.86,410,6.6,7.6,Atrasado,Nenhuma
1865,20240529,23,24,30,6,4,3.9,4616.64,800,12.9,15.6,Atrasado,Nenhuma
1866,20240529,24,32,17,10,4,51.2,5054.41,930,15.0,14.6,No Prazo,Nenhuma
1867,20240529,9,26,23,16,2,27.8,1705.43,315,5.1,5.3,No Prazo,Nenhuma
1868,20240529,31,1,19,16,1,37.0,1676.63,315,5.1,5.1,No Prazo,Nenhuma
1869,20240529,33,11,29,3,1,19.6,2750.83,590,9.5,11.4,Atrasado,Nenhuma
1870,20240529,3,17,27,1,5,3.9,2026.62,430,6.9,8.4,Atrasado,Trânsito/Rota
1871,20240529,30,10,9,20,4,42.3,5667.62,930,15.0,15.5,No Prazo,Nenhuma
1872,20240529,24,32,22,12,4,57.0,2538.8,590,9.5,9.3,No Prazo,Atraso em Carga/Descarga
1873,20240529,6,12,15,17,5,9.9,522.89,100,1.6,1.5,No Prazo,Nenhuma
1874,20240529,33,30,26,4,1,17.6,2455.46,550,8.9,9.6,Atrasado,Pane Mecânica
1875,20240529,7,17,27,5,5,5.7,7234.15,1370,22.1,20.8,No Prazo,Nenhuma
1876,20240530,6,37,7,5,5,13.8,7775.29,1370,22.1,22.9,No Prazo,Nenhuma
1877,20240530,6,13,28,11,5,9.3,2024.44,410,6.6,6.9,No Prazo,Nenhuma
1878,20240530,9,21,27,10,2,27.0,5105.55,930,15.0,16.1,Atrasado,Trânsito/Rota
1879,20240530,10,21,15,20,2,26.1,3829.75,930,15.0,14.8,No Prazo,Nenhuma
1880,20240530,32,36,1,20,4,16.4,5176.31,930,15.0,16.6,Atrasado,Nenhuma
1881,20240530,32,24,20,18,4,26.8,3159.65,550,8.9,8.9,No Prazo,Nenhuma
1882,20240530,25,29,25,19,5,10.1,1554.63,300,4.8,4.8,No Prazo,Nenhuma
1883,20240530,8,27,28,1,1,11.8,2340.58,430,6.9,9.6,Atrasado,Nenhuma
1884,20240530,5,15,9,19,1,25.4,1356.21,300,4.8,4.5,No Prazo,Nenhuma
1885,20240530,36,15,1,14,1,4.6,4443.67,800,12.9,12.2,No Prazo,Nenhuma
1886,20240530,28,22,13,1,1,41.7,2601.57,430,6.9,6.9,No Prazo,Trânsito/Rota
1887,20240530,27,35,24,17,5,51.5,429.91,100,1.6,1.6,No Prazo,Atraso em Carga/Descarga
1888,20240530,29,30,10,2,1,8.6,2358.58,410,6.6,6.2,No Prazo,Nenhuma
1889,20240530,4,2,2,5,1,3.9,5846.74,1370,22.1,21.3,No Prazo,Nenhuma
1890,20240530,30,32,11,17,4,45.2,480.13,100,1.6,2.1,Atrasado,Nenhuma
1891,20240530,21,6,18,18,1,25.4,2913.41,550,8.9,8.5,No Prazo,Nenhuma
1892,20240530,10,16,24,19,2,26.2,1473.93,300,4.8,4.9,No Prazo,Nenhuma
1893,20240530,16,10,2,6,4,4.9,4354.7,800,12.9,12.7,No Prazo,Nenhuma
1894,20240530,32,10,22,2,4,20.1,2279.66,410,6.6,6.3,No Prazo,Nenhuma
1895,20240531,36,27,3,9,1,3.9,10279.75,1960,31.6,30.9,No Prazo,Nenhuma
1896,20240531,35,5,6,1,3,5.9,2672.55,430,6.9,7.1,No Prazo,Trânsito/Rota
1897,20240531,14,28,24,3,5,4.8,2614.09,590,9.5,10.8,Atrasado,Nenhuma
1898,20240531,30,24,26,20,4,46.2,5219.67,930,15.0,13.9,No Prazo,Nenhuma
1899,20240531,23,24,8,10,4,4.9,5283.29,930,15.0,14.1,No Prazo,Nenhuma
1900,20240531,37,11,27,4,1,23.1,3064.78,550,8.9,11.9,Atrasado,Nenhuma
1901,20240531,16,32,15,4,4,5.9,2611.6,550,8.9,9.3,No Prazo,Nenhuma
1902,20240531,26,6,20,15,1,10.6,1058.77,210,3.4,3.3,No Prazo,Nenhuma
1903,20240531,18,3,24,10,3,41.0,4009.93,930,15.0,14.2,No Prazo,Nenhuma
1904,20240531,13,7,7,20,3,47.7,4013.57,930,15.0,14.7,No Prazo,Nenhuma
1905,20240531,5,22,20,6,1,36.6,4991.71,800,12.9,12.1,No Prazo,Nenhuma
1906,20240601,32,24,28,5,4,18.3,7449.91,1370,22.1,25.8,Atrasado,Trânsito/Rota
1907,20240601,8,6,24,12,1,9.1,3389.27,590,9.5,9.3,No Prazo,Nenhuma
1908,20240601,8,22,3,9,1,12.7,7729.73,1960,31.6,29.5,No Prazo,Nenhuma
1909,20240601,27,37,29,16,5,44.9,1650.73,315,5.1,5.2,No Prazo,Nenhuma
1910,20240601,30,36,13,13,4,35.8,8499.91,1370,22.1,21.1,No Prazo,Problema Documental
1911,20240601,24,23,18,17,4,42.9,556.67,100,1.6,1.6,No Prazo,Trânsito/Rota
1912,20240601,15,6,7,6,1,50.0,4600.18,800,12.9,12.0,No Prazo,Problema Documental
1913,20240601,14,37,28,3,5,5.0,3043.39,590,9.5,12.5,Atrasado,Pane Mecânica
1914,20240602,31,1,18,12,1,43.8,3244.29,590,9.5,9.6,No Prazo,Nenhuma
1915,20240602,19,37,2,16,5,25.9,1579.54,315,5.1,7.4,Atrasado,Nenhuma
1916,20240602,8,1,15,9,1,9.0,10746.16,1960,31.6,31.5,No Prazo,Nenhuma
1917,20240602,18,33,14,20,3,36.6,5297.02,930,15.0,15.4,No Prazo,Nenhuma
1918,20240602,20,17,17,6,5,4.8,4630.16,800,12.9,12.9,No Prazo,Pane Mecânica
1919,20240602,15,2,1,5,1,56.0,6831.99,1370,22.1,26.5,Atrasado,Nenhuma
1920,20240602,32,10,6,12,4,26.0,2854.39,590,9.5,11.4,Atrasado,Pane Mecânica
1921,20240603,40,24,2,12,4,11.6,3131.42,590,9.5,12.4,Atrasado,Nenhuma
1922,20240603,25,37,2,8,5,12.1,3865.89,930,15.0,15.6,No Prazo,Nenhuma
1923,20240603,35,33,5,7,3,5.8,1207.16,210,3.4,3.9,Atrasado,Pane Mecânica
1924,20240603,21,11,27,4,1,27.3,3189.87,550,8.9,8.2,No Prazo,Nenhuma
1925,20240603,30,23,5,12,4,56.8,2784.76,590,9.5,9.7,No Prazo,Nenhuma
1926,20240603,39,23,5,15,4,19.7,1003.18,210,3.4,4.7,Atrasado,Trânsito/Rota
1927,20240603,20,29,6,12,5,4.4,3179.95,590,9.5,10.9,Atrasado,Pane Mecânica
1928,20240603,17,17,10,4,5,9.0,3048.29,550,8.9,8.8,No Prazo,Nenhuma
1929,20240603,14,28,17,5,5,4.5,6416.18,1370,22.1,22.6,No Prazo,Trânsito/Rota
1930,20240603,16,32,25,10,4,5.4,5409.73,930,15.0,14.9,No Prazo,Trânsito/Rota
1931,20240603,6,17,23,18,5,12.3,2908.69,550,8.9,8.6,No Prazo,Nenhuma
1932,20240603,31,30,10,14,1,38.7,3436.41,800,12.9,15.7,Atrasado,Nenhuma
1933,20240603,19,17,11,12,5,32.8,2979.7,590,9.5,10.5,Atrasado,Atraso em Carga/Descarga
1934,20240603,38,13,2,14,5,52.8,4531.77,800,12.9,12.0,No Prazo,Problema Documental
1935,20240603,7,37,11,9,5,4.7,8189.35,1960,31.6,30.2,No Prazo,Nenhuma
1936,20240603,32,32,12,7,4,25.2,1221.34,210,3.4,3.4,No Prazo,Nenhuma
1937,20240603,8,6,20,8,1,8.5,4026.83,930,15.0,15.4,No Prazo,Nenhuma
1938,20240603,8,22,16,4,1,11.5,2818.96,550,8.9,11.5,Atrasado,Nenhuma
1939,20240603,4,11,28,3,1,5.7,3603.14,590,9.5,10.0,No Prazo,Pane Mecânica
1940,20240603,2,29,30,8,5,4.2,4633.72,930,15.0,17.8,Atrasado,Nenhuma
1941,20240603,4,11,10,5,1,5.9,6157.3,1370,22.1,25.6,Atrasado,Nenhuma
1942,20240604,5,11,3,4,1,23.6,3368.84,550,8.9,8.8,No Prazo,Nenhuma
1943,20240604,26,30,2,3,1,13.0,2624.86,590,9.5,9.9,No Prazo,Pane Mecânica
1944,20240604,14,35,28,17,5,4.1,475.15,100,1.6,1.6,No Prazo,Nenhuma
1945,20240604,39,24,25,20,4,16.9,5306.18,930,15.0,15.1,No Prazo,Trânsito/Rota
1946,20240604,10,18,17,16,2,21.3,1637.68,315,5.1,5.3,No Prazo,Nenhuma
1947,20240604,1,3,22,11,3,9.8,2266.18,410,6.6,6.4,No Prazo,Nenhuma
1948,20240604,26,2,7,13,1,9.1,6739.19,1370,22.1,22.3,No Prazo,Nenhuma
1949,20240604,22,14,23,6,2,9.7,4493.94,800,12.9,13.2,No Prazo,Problema Documental
1950,20240604,9,9,30,8,2,30.9,5586.11,930,15.0,15.3,No Prazo,Nenhuma
1951,20240604,8,30,26,15,1,12.7,846.79,210,3.4,3.2,No Prazo,Nenhuma
1952,20240604,16,23,20,11,4,6.0,2393.6,410,6.6,7.1,Atrasado,Atraso em Carga/Descarga
1953,20240604,41,4,23,15,3,33.0,950.38,210,3.4,3.4,No Prazo,Nenhuma
1954,20240604,27,28,23,10,5,52.6,4463.78,930,15.0,17.0,Atrasado,Nenhuma
1955,20240604,27,17,6,18,5,38.2,2631.54,550,8.9,8.5,No Prazo,Nenhuma
1956,20240604,32,23,30,8,4,20.0,4742.96,930,15.0,14.0,No Prazo,Nenhuma
1957,20240605,21,27,19,16,1,23.1,1651.79,315,5.1,4.7,No Prazo,Problema Documental
1958,20240605,41,33,14,12,3,22.4,2723.66,590,9.5,12.2,Atrasado,Nenhuma
1959,20240605,33,6,11,15,1,16.9,938.95,210,3.4,3.4,No Prazo,Atraso em Carga/Descarga
1960,20240605,38,13,25,6,5,36.4,4164.41,800,12.9,12.2,No Prazo,Nenhuma
1961,20240605,13,20,20,13,3,53.5,7625.81,1370,22.1,27.3,Atrasado,Nenhuma
1962,20240605,29,15,18,10,1,13.6,5538.42,930,15.0,15.6,No Prazo,Atraso em Carga/Descarga
1963,20240605,30,32,26,15,4,36.7,1142.4,210,3.4,3.2,No Prazo,Nenhuma
1964,20240605,39,10,17,5,4,17.9,7085.42,1370,22.1,22.2,No Prazo,Pane Mecânica
1965,20240605,38,37,22,9,5,52.1,11744.15,1960,31.6,30.1,No Prazo,Nenhuma
1966,20240605,36,15,27,8,1,5.9,4808.06,930,15.0,13.9,No Prazo,Problema Documental
1967,20240605,42,17,14,4,5,4.8,3184.89,550,8.9,11.5,Atrasado,Trânsito/Rota
1968,20240605,26,22,12,7,1,8.9,1166.98,210,3.4,3.4,No Prazo,Nenhuma
1969,20240605,27,12,17,4,5,51.5,2859.66,550,8.9,9.1,No Prazo,Nenhuma
1970,20240605,6,29,16,13,5,11.9,6571.12,1370,22.1,21.7,No Prazo,Nenhuma
1971,20240605,26,1,26,8,1,11.1,4487.59,930,15.0,17.6,Atrasado,Nenhuma
1972,20240605,39,10,15,5,4,16.8,7533.58,1370,22.1,22.9,No Prazo,Nenhuma
1973,20240605,29,1,3,18,1,11.6,2381.84,550,8.9,8.2,No Prazo,Atraso em Carga/Descarga
1974,20240605,32,36,29,8,4,20.4,4439.21,930,15.0,19.9,Atrasado,Nenhuma
1975,20240605,35,3,15,15,3,4.8,1200.25,210,3.4,3.1,No Prazo,Nenhuma
1976,20240605,14,35,15,10,5,4.7,4011.11,930,15.0,15.2,No Prazo,Nenhuma
1977,20240605,21,27,12,4,1,30.7,2759.86,550,8.9,9.2,No Prazo,Nenhuma
1978,20240605,25,28,18,3,5,10.0,3486.47,590,9.5,11.3,Atrasado,Nenhuma
1979,20240605,35,4,12,13,3,4.5,6448.81,1370,22.1,20.8,No Prazo,Nenhuma
1980,20240606,11,7,18,14,3,5.2,4583.03,800,12.9,13.3,No Prazo,Nenhuma
1981,20240606,38,28,2,8,5,38.9,5490.29,930,15.0,15.1,No Prazo,Nenhuma
1982,20240606,27,17,19,13,5,43.6,6574.6,1370,22.1,27.6,Atrasado,Nenhuma
1983,20240606,3,17,11,2,5,5.1,2023.0,410,6.6,6.6,No Prazo,Nenhuma
1984,20240606,30,23,25,13,4,48.7,6129.85,1370,22.1,20.9,No Prazo,Nenhuma
1985,20240606,20,35,11,5,5,5.9,6377.62,1370,22.1,26.9,Atrasado,Nenhuma
1986,20240606,13,33,8,8,3,40.7,4623.98,930,15.0,15.4,No Prazo,Trânsito/Rota
1987,20240606,37,15,12,15,1,26.5,1080.26,210,3.4,3.6,No Prazo,Nenhuma
1988,20240606,10,8,24,3,2,17.4,2755.02,590,9.5,9.7,No Prazo,Pane Mecânica
1989,20240606,3,28,5,11,5,4.2,2143.83,410,6.6,6.6,No Prazo,Nenhuma
1990,20240606,22,8,13,11,2,13.6,2205.61,410,6.6,6.3,No Prazo,Nenhuma
1991,20240606,22,9,17,12,2,13.7,2919.72,590,9.5,11.4,Atrasado,Nenhuma
1992,20240606,3,17,8,4,5,5.1,2565.05,550,8.9,8.3,No Prazo,Nenhuma
1993,20240606,9,38,22,20,2,25.1,4938.97,930,15.0,16.3,Atrasado,Nenhuma
1994,20240606,38,34,22,5,5,46.3,6802.76,1370,22.1,23.9,Atrasado,Nenhuma
1995,20240606,19,34,22,14,5,28.3,4133.08,800,12.9,13.4,No Prazo,Nenhuma
1996,20240606,9,16,10,6,2,24.3,3332.25,800,12.9,12.8,No Prazo,Pane Mecânica
1997,20240606,4,30,7,8,1,5.4,3897.62,930,15.0,14.9,No Prazo,Nenhuma
1998,20240606,19,29,22,17,5,31.8,608.36,100,1.6,1.5,No Prazo,Nenhuma
1999,20240606,41,33,4,11,3,28.9,2303.04,410,6.6,6.4,No Prazo,Problema Documental
2000,20240606,28,6,6,7,1,44.6,1184.94,210,3.4,3.3,No Prazo,Nenhuma
2001,20240606,8,6,12,15,1,12.0,970.43,210,3.4,4.8,Atrasado,Nenhuma
2002,20240606,11,31,2,20,3,3.7,5046.32,930,15.0,15.2,No Prazo,Nenhuma
2003,20240607,10,9,21,19,2,26.9,1312.41,300,4.8,4.7,No Prazo,Trânsito/Rota
2004,20240607,8,1,5,2,1,11.0,2120.64,410,6.6,6.4,No Prazo,Nenhuma
2005,20240607,18,33,13,20,3,37.2,4620.25,930,15.0,14.9,No Prazo,Atraso em Carga/Descarga
2006,20240607,5,1,3,14,1,33.0,4407.39,800,12.9,13.3,No Prazo,Pane Mecânica
2007,20240607,18,31,18,16,3,42.7,1455.05,315,5.1,5.1,No Prazo,Nenhuma
2008,20240607,22,8,16,9,2,13.5,12022.5,1960,31.6,29.9,No Prazo,Nenhuma
2009,20240607,22,25,3,4,2,13.4,3069.13,550,8.9,9.3,No Prazo,Nenhuma
2010,20240607,26,27,24,5,1,9.6,6850.02,1370,22.1,29.3,Atrasado,Nenhuma
2011,20240607,19,37,30,11,5,31.7,2189.44,410,6.6,6.3,No Prazo,Nenhuma
2012,20240607,36,1,5,13,1,5.4,7585.48,1370,22.1,22.5,No Prazo,Nenhuma
2013,20240607,29,1,23,16,1,11.9,1253.9,315,5.1,4.7,No Prazo,Atraso em Carga/Descarga
2014,20240607,35,3,5,10,3,5.7,4206.48,930,15.0,18.0,Atrasado,Nenhuma
2015,20240607,25,35,23,14,5,13.8,3574.26,800,12.9,12.4,No Prazo,Trânsito/Rota
2016,20240607,5,27,17,5,1,28.8,6269.84,1370,22.1,22.6,No Prazo,Nenhuma
2017,20240607,17,34,19,17,5,13.3,422.58,100,1.6,2.0,Atrasado,Nenhuma
2018,20240607,8,1,19,2,1,11.9,2175.08,410,6.6,7.6,Atrasado,Nenhuma
2019,20240608,34,19,24,10,2,5.8,3784.96,930,15.0,18.7,Atrasado,Nenhuma
2020,20240608,23,23,30,9,4,5.4,10700.36,1960,31.6,30.9,No Prazo,Nenhuma
2021,20240608,25,34,18,5,5,10.9,5637.19,1370,22.1,21.3,No Prazo,Nenhuma
2022,20240608,23,24,17,4,4,3.8,2549.65,550,8.9,9.0,No Prazo,Trânsito/Rota
2023,20240608,5,22,14,9,1,23.8,12045.69,1960,31.6,31.7,No Prazo,Nenhuma
2024,20240609,13,33,5,19,3,42.3,1789.6,300,4.8,4.8,No Prazo,Problema Documental
2025,20240609,2,34,6,7,5,4.5,959.98,210,3.4,4.8,Atrasado,Nenhuma
2026,20240609,1,33,1,19,3,10.2,1339.85,300,4.8,4.6,No Prazo,Problema Documental
2027,20240610,14,13,14,1,5,3.7,2435.26,430,6.9,6.4,No Prazo,Nenhuma
2028,20240610,25,35,16,20,5,9.1,5609.97,930,15.0,16.0,Atrasado,Nenhuma
2029,20240610,41,4,21,7,3,35.6,963.16,210,3.4,3.4,No Prazo,Nenhuma
2030,20240610,14,35,17,17,5,5.5,588.15,100,1.6,1.5,No Prazo,Atraso em Carga/Descarga
2031,20240610,10,18,13,18,2,24.0,2824.16,550,8.9,9.2,No Prazo,Trânsito/Rota
2032,20240610,29,27,9,18,1,8.9,2894.07,550,8.9,8.3,No Prazo,Pane Mecânica
2033,20240610,38,29,2,8,5,52.6,3815.93,930,15.0,14.1,No Prazo,Pane Mecânica
2034,20240610,17,35,2,12,5,12.8,3219.57,590,9.5,9.7,No Prazo,Trânsito/Rota
2035,20240610,16,23,6,20,4,5.1,4124.77,930,15.0,18.6,Atrasado,Trânsito/Rota
2036,20240610,29,1,10,3,1,12.8,2431.56,590,9.5,9.0,No Prazo,Nenhuma
2037,20240610,2,37,7,1,5,3.8,1912.72,430,6.9,7.1,No Prazo,Nenhuma
2038,20240610,14,34,20,17,5,3.7,415.65,100,1.6,1.6,No Prazo,Nenhuma
2039,20240610,26,2,17,11,1,13.9,2081.94,410,6.6,6.7,No Prazo,Trânsito/Rota
2040,20240610,36,6,2,7,1,3.7,885.38,210,3.4,3.2,No Prazo,Nenhuma
2041,20240610,42,17,14,8,5,4.9,5641.9,930,15.0,13.9,No Prazo,Nenhuma
2042,20240610,19,35,25,11,5,27.0,2370.86,410,6.6,6.6,No Prazo,Nenhuma
2043,20240610,31,11,30,15,1,45.8,964.73,210,3.4,4.6,Atrasado,Nenhuma
2044,20240610,28,27,8,20,1,49.1,5385.95,930,15.0,16.3,Atrasado,Nenhuma
2045,20240611,25,13,1,10,5,13.5,4002.02,930,15.0,15.1,No Prazo,Trânsito/Rota
2046,20240611,37,30,19,11,1,21.0,2484.64,410,6.6,6.7,No Prazo,Trânsito/Rota
2047,20240611,1,5,29,13,3,12.3,7512.21,1370,22.1,22.4,No Prazo,Nenhuma
2048,20240611,18,3,1,20,3,42.4,5174.54,930,15.0,14.8,No Prazo,Nenhuma
2049,20240611,22,8,27,8,2,12.6,4063.29,930,15.0,14.6,No Prazo,Trânsito/Rota
2050,20240611,2,12,21,13,5,4.4,8026.16,1370,22.1,22.8,No Prazo,Nenhuma
2051,20240611,37,2,10,19,1,17.8,1630.14,300,4.8,6.7,Atrasado,Pane Mecânica
2052,20240611,4,11,17,14,1,4.5,4439.4,800,12.9,12.6,No Prazo,Pane Mecânica
2053,20240611,33,22,3,2,1,26.0,1871.62,410,6.6,6.1,No Prazo,Nenhuma
2054,20240611,34,19,21,10,2,4.3,4146.4,930,15.0,15.4,No Prazo,Trânsito/Rota
2055,20240611,33,2,5,3,1,19.2,2650.38,590,9.5,9.3,No Prazo,Trânsito/Rota
2056,20240611,33,11,8,1,1,21.5,2270.29,430,6.9,7.2,No Prazo,Nenhuma
2057,20240611,27,29,12,16,5,48.1,1373.34,315,5.1,4.8,No Prazo,Nenhuma
2058,20240611,11,33,1,4,3,5.9,2863.89,550,8.9,8.9,No Prazo,Nenhuma
2059,20240611,10,19,20,17,2,22.7,501.59,100,1.6,1.6,No Prazo,Nenhuma
2060,20240611,34,38,10,1,2,5.0,2041.87,430,6.9,6.6,No Prazo,Atraso em Carga/Descarga
2061,20240611,25,37,9,17,5,12.3,606.21,100,1.6,1.7,No Prazo,Nenhuma
2062,20240611,24,23,21,3,4,40.6,2875.28,590,9.5,9.9,No Prazo,Atraso em Carga/Descarga
2063,20240612,36,22,23,19,1,5.1,1735.03,300,4.8,4.6,No Prazo,Pane Mecânica
2064,20240612,7,37,11,7,5,4.8,995.92,210,3.4,3.2,No Prazo,Nenhuma
2065,20240612,15,6,17,19,1,48.4,1269.68,300,4.8,5.0,No Prazo,Atraso em Carga/Descarga
2066,20240612,15,1,27,11,1,40.3,2082.86,410,6.6,7.7,Atrasado,Nenhuma
2067,20240612,3,35,25,8,5,5.6,3800.96,930,15.0,14.4,No Prazo,Pane Mecânica
2068,20240612,26,1,25,14,1,11.1,3409.17,800,12.9,13.5,No Prazo,Nenhuma
2069,20240612,6,35,4,5,5,11.4,7870.54,1370,22.1,28.6,Atrasado,Nenhuma
2070,20240612,17,28,8,3,5,12.5,3141.52,590,9.5,11.1,Atrasado,Pane Mecânica
2071,20240612,36,11,24,12,1,4.6,3171.41,590,9.5,8.9,No Prazo,Nenhuma
2072,20240612,25,17,15,15,5,12.0,1115.14,210,3.4,3.5,No Prazo,Nenhuma
2073,20240612,16,32,21,16,4,5.1,1636.24,315,5.1,5.6,Atrasado,Nenhuma
2074,20240612,19,34,5,11,5,26.3,2218.4,410,6.6,6.2,No Prazo,Atraso em Carga/Descarga
2075,20240612,38,12,14,10,5,37.0,5371.93,930,15.0,14.4,No Prazo,Nenhuma
2076,20240612,34,18,7,11,2,4.9,2199.58,410,6.6,6.4,No Prazo,Pane Mecânica
2077,20240612,40,24,19,20,4,8.6,4327.77,930,15.0,15.5,No Prazo,Nenhuma
2078,20240612,40,10,14,16,4,12.4,1305.42,315,5.1,4.8,No Prazo,Nenhuma
2079,20240612,37,15,5,9,1,26.4,9107.37,1960,31.6,37.7,Atrasado,Nenhuma
2080,20240612,12,17,10,6,5,12.6,4038.55,800,12.9,12.9,No Prazo,Nenhuma
2081,20240612,38,13,8,6,5,37.7,4670.23,800,12.9,12.1,No Prazo,Trânsito/Rota
2082,20240612,41,31,25,15,3,26.1,967.07,210,3.4,3.2,No Prazo,Trânsito/Rota
2083,20240612,1,20,7,6,3,9.7,3235.57,800,12.9,12.1,No Prazo,Trânsito/Rota
2084,20240612,8,22,5,3,1,11.2,2844.02,590,9.5,8.8,No Prazo,Nenhuma
2085,20240612,15,27,6,11,1,45.4,2243.31,410,6.6,6.1,No Prazo,Nenhuma
2086,20240612,4,30,29,6,1,4.1,3954.11,800,12.9,12.8,No Prazo,Nenhuma
2087,20240612,42,37,18,17,5,5.8,426.9,100,1.6,1.7,No Prazo,Nenhuma
2088,20240612,21,27,17,11,1,26.4,2112.99,410,6.6,6.2,No Prazo,Nenhuma
2089,20240612,27,34,28,2,5,41.8,1884.0,410,6.6,6.3,No Prazo,Nenhuma
2090,20240613,7,28,23,19,5,5.9,1654.48,300,4.8,4.5,No Prazo,Nenhuma
2091,20240613,35,4,26,4,3,3.9,3134.26,550,8.9,12.0,Atrasado,Nenhuma
2092,20240613,29,27,8,17,1,12.3,453.34,100,1.6,1.6,No Prazo,Nenhuma
2093,20240613,36,30,21,1,1,4.2,2574.88,430,6.9,6.4,No Prazo,Nenhuma
2094,20240613,42,29,18,12,5,5.6,3282.51,590,9.5,11.5,Atrasado,Nenhuma
2095,20240613,22,16,18,14,2,13.9,4048.18,800,12.9,12.8,No Prazo,Nenhuma
2096,20240613,34,14,30,11,2,6.0,2288.67,410,6.6,6.8,No Prazo,Trânsito/Rota
2097,20240613,40,24,27,4,4,11.9,3289.87,550,8.9,10.5,Atrasado,Nenhuma
2098,20240613,11,7,7,1,3,5.0,1801.87,430,6.9,6.5,No Prazo,Nenhuma
2099,20240613,3,17,20,6,5,5.7,3352.99,800,12.9,13.2,No Prazo,Trânsito/Rota
2100,20240613,19,34,15,19,5,26.7,1434.49,300,4.8,6.6,Atrasado,Nenhuma
2101,20240613,30,36,3,2,4,55.2,2299.75,410,6.6,6.9,No Prazo,Nenhuma
2102,20240613,36,2,23,3,1,3.6,2438.3,590,9.5,12.2,Atrasado,Nenhuma
2103,20240613,40,36,6,20,4,9.9,5039.22,930,15.0,16.8,Atrasado,Nenhuma
2104,20240613,38,13,30,8,5,49.7,3846.79,930,15.0,18.3,Atrasado,Atraso em Carga/Descarga
2105,20240613,26,22,25,14,1,11.6,3186.05,800,12.9,15.1,Atrasado,Nenhuma
2106,20240613,16,24,10,12,4,4.8,3157.95,590,9.5,9.8,No Prazo,Nenhuma
2107,20240613,37,15,3,3,1,21.0,2445.59,590,9.5,13.2,Atrasado,Nenhuma
2108,20240613,10,21,1,7,2,26.5,1025.48,210,3.4,3.7,Atrasado,Nenhuma
2109,20240613,3,37,1,15,5,5.0,1037.9,210,3.4,3.4,No Prazo,Nenhuma
2110,20240613,12,37,27,17,5,11.5,446.23,100,1.6,1.5,No Prazo,Nenhuma
2111,20240613,28,15,14,18,1,44.9,2556.7,550,8.9,12.0,Atrasado,Nenhuma
2112,20240613,27,37,16,3,5,46.6,2796.15,590,9.5,9.8,No Prazo,Nenhuma
2113,20240614,10,25,10,13,2,23.2,6801.87,1370,22.1,22.9,No Prazo,Nenhuma
2114,20240614,8,27,9,8,1,13.5,5352.17,930,15.0,15.0,No Prazo,Nenhuma
2115,20240614,24,10,19,15,4,53.6,1140.04,210,3.4,4.7,Atrasado,Nenhuma
2116,20240614,34,8,3,12,2,5.6,3571.89,590,9.5,9.4,No Prazo,Nenhuma
2117,20240614,38,35,24,2,5,40.0,2199.26,410,6.6,8.8,Atrasado,Pane Mecânica
2118,20240614,4,2,6,17,1,4.8,486.32,100,1.6,1.7,No Prazo,Nenhuma
2119,20240614,6,37,30,20,5,13.0,4123.27,930,15.0,15.3,No Prazo,Nenhuma
2120,20240614,14,29,26,10,5,5.1,4758.39,930,15.0,17.0,Atrasado,Nenhuma
2121,20240614,15,30,21,13,1,52.3,6645.39,1370,22.1,20.5,No Prazo,Atraso em Carga/Descarga
2122,20240614,41,7,4,4,3,25.8,2759.79,550,8.9,8.3,No Prazo,Pane Mecânica
2123,20240614,9,14,18,14,2,22.5,3186.27,800,12.9,13.2,No Prazo,Nenhuma
2124,20240614,9,16,17,8,2,26.0,5449.64,930,15.0,14.6,No Prazo,Nenhuma
2125,20240614,19,35,20,4,5,26.6,2576.1,550,8.9,8.9,No Prazo,Nenhuma
2126,20240614,37,27,9,18,1,22.8,2286.24,550,8.9,8.6,No Prazo,Nenhuma
2127,20240614,29,6,30,15,1,12.3,1190.03,210,3.4,3.2,No Prazo,Nenhuma
2128,20240614,12,29,22,13,5,11.9,6820.01,1370,22.1,20.4,No Prazo,Nenhuma
2129,20240614,17,28,13,5,5,11.1,7952.38,1370,22.1,20.6,No Prazo,Nenhuma
2130,20240614,6,17,24,19,5,12.4,1747.3,300,4.8,5.5,Atrasado,Problema Documental
2131,20240615,20,12,27,17,5,4.4,524.59,100,1.6,1.6,No Prazo,Nenhuma
2132,20240615,6,12,23,17,5,12.2,531.08,100,1.6,1.6,No Prazo,Nenhuma
2133,20240615,15,27,24,11,1,38.3,1901.36,410,6.6,8.4,Atrasado,Nenhuma
2134,20240616,39,32,19,11,4,22.5,2220.46,410,6.6,7.8,Atrasado,Nenhuma
2135,20240616,37,30,3,10,1,19.3,4214.97,930,15.0,15.4,No Prazo,Nenhuma
2136,20240616,38,37,19,3,5,45.3,2480.2,590,9.5,13.4,Atrasado,Nenhuma
2137,20240616,24,10,1,2,4,35.2,1787.55,410,6.6,6.8,No Prazo,Nenhuma
2138,20240616,40,36,18,17,4,10.9,564.88,100,1.6,1.5,No Prazo,Nenhuma
2139,20240616,29,22,30,8,1,13.7,4769.57,930,15.0,15.2,No Prazo,Nenhuma
2140,20240617,16,23,1,7,4,5.8,1009.67,210,3.4,3.1,No Prazo,Nenhuma
2141,20240617,9,21,13,15,2,32.6,847.31,210,3.4,4.5,Atrasado,Nenhuma
2142,20240617,11,3,15,19,3,4.8,1422.47,300,4.8,4.4,No Prazo,Nenhuma
2143,20240617,9,38,15,4,2,25.0,2490.71,550,8.9,8.8,No Prazo,Nenhuma
2144,20240617,24,10,28,12,4,56.3,3176.49,590,9.5,8.8,No Prazo,Nenhuma
2145,20240617,14,29,11,5,5,4.3,7471.01,1370,22.1,21.8,No Prazo,Nenhuma
2146,20240617,31,6,1,9,1,46.2,9024.85,1960,31.6,32.4,No Prazo,Nenhuma
2147,20240617,30,10,8,3,4,39.8,2866.85,590,9.5,9.3,No Prazo,Nenhuma
2148,20240617,16,10,6,11,4,4.0,2134.93,410,6.6,7.2,Atrasado,Nenhuma
2149,20240617,36,2,5,11,1,5.7,1833.82,410,6.6,6.9,No Prazo,Nenhuma
2150,20240617,17,17,27,4,5,9.3,2880.91,550,8.9,9.3,No Prazo,Pane Mecânica
2151,20240617,6,37,12,2,5,10.7,2161.53,410,6.6,6.4,No Prazo,Nenhuma
2152,20240617,20,34,16,7,5,5.3,1002.41,210,3.4,3.9,Atrasado,Trânsito/Rota
2153,20240617,4,30,22,6,1,4.8,4726.77,800,12.9,13.3,No Prazo,Nenhuma
2154,20240617,24,24,15,19,4,39.7,1523.81,300,4.8,4.8,No Prazo,Nenhuma
2155,20240617,25,13,15,18,5,11.5,3070.7,550,8.9,9.6,Atrasado,Nenhuma
2156,20240617,3,17,11,15,5,4.3,1173.4,210,3.4,3.5,No Prazo,Nenhuma
2157,20240617,26,15,9,9,1,13.5,11182.02,1960,31.6,32.2,No Prazo,Pane Mecânica
2158,20240617,22,8,24,13,2,11.7,7191.8,1370,22.1,22.6,No Prazo,Nenhuma
2159,20240617,23,32,16,18,4,4.4,3115.48,550,8.9,8.9,No Prazo,Nenhuma
2160,20240617,8,30,9,10,1,11.9,5667.14,930,15.0,14.2,No Prazo,Atraso em Carga/Descarga
2161,20240617,42,12,17,2,5,4.4,1803.8,410,6.6,7.5,Atrasado,Nenhuma
2162,20240618,37,11,7,13,1,20.6,6235.94,1370,22.1,22.5,No Prazo,Trânsito/Rota
2163,20240618,8,22,2,1,1,9.2,2341.04,430,6.9,6.7,No Prazo,Nenhuma
2164,20240618,39,24,4,11,4,19.7,2319.82,410,6.6,6.7,No Prazo,Trânsito/Rota
2165,20240618,4,2,2,19,1,5.1,1381.43,300,4.8,5.4,Atrasado,Nenhuma
2166,20240618,11,4,15,15,3,4.8,954.34,210,3.4,3.4,No Prazo,Nenhuma
2167,20240618,30,10,1,1,4,37.5,2198.9,430,6.9,9.5,Atrasado,Problema Documental
2168,20240618,3,17,19,4,5,3.6,2549.59,550,8.9,11.0,Atrasado,Problema Documental
2169,20240618,20,37,1,20,5,5.0,4318.11,930,15.0,13.9,No Prazo,Nenhuma
2170,20240618,10,21,12,7,2,26.8,1094.22,210,3.4,3.2,No Prazo,Nenhuma
2171,20240618,33,2,24,6,1,20.1,4294.55,800,12.9,15.1,Atrasado,Nenhuma
2172,20240618,11,31,14,7,3,4.2,1222.79,210,3.4,3.2,No Prazo,Trânsito/Rota
2173,20240618,32,24,25,3,4,22.3,2379.09,590,9.5,9.1,No Prazo,Nenhuma
2174,20240618,24,10,6,15,4,39.5,1113.91,210,3.4,3.4,No Prazo,Trânsito/Rota
2175,20240618,33,11,4,7,1,17.8,1060.26,210,3.4,3.5,No Prazo,Pane Mecânica
2176,20240618,7,28,28,2,5,4.1,2256.02,410,6.6,6.7,No Prazo,Atraso em Carga/Descarga
2177,20240618,29,2,29,8,1,9.9,4474.14,930,15.0,17.2,Atrasado,Nenhuma
2178,20240618,39,10,15,19,4,18.0,1286.94,300,4.8,4.6,No Prazo,Nenhuma
2179,20240618,32,32,11,12,4,22.5,3051.59,590,9.5,8.9,No Prazo,Nenhuma
2180,20240618,19,37,5,10,5,32.7,4694.22,930,15.0,15.0,No Prazo,Nenhuma
2181,20240618,36,11,28,12,1,4.9,2818.67,590,9.5,9.7,No Prazo,Nenhuma
2182,20240618,9,19,13,1,2,27.0,2191.45,430,6.9,8.9,Atrasado,Nenhuma
2183,20240618,34,14,28,20,2,5.3,4964.29,930,15.0,15.3,No Prazo,Nenhuma
2184,20240618,14,28,9,20,5,4.4,4404.25,930,15.0,14.3,No Prazo,Nenhuma
2185,20240618,19,28,23,1,5,29.2,1851.68,430,6.9,7.0,No Prazo,Nenhuma
2186,20240618,7,28,18,9,5,5.5,9313.74,1960,31.6,31.1,No Prazo,Nenhuma
2187,20240619,12,37,6,2,5,8.9,1822.62,410,6.6,6.9,No Prazo,Nenhuma
2188,20240619,24,24,9,16,4,38.0,1827.61,315,5.1,5.2,No Prazo,Trânsito/Rota
2189,20240619,35,31,30,9,3,5.9,9613.01,1960,31.6,32.8,No Prazo,Nenhuma
2190,20240619,15,11,12,11,1,50.1,1640.17,410,6.6,8.2,Atrasado,Nenhuma
2191,20240619,14,34,24,7,5,5.7,1009.41,210,3.4,3.3,No Prazo,Nenhuma
2192,20240619,38,17,18,6,5,39.5,3253.2,800,12.9,13.2,No Prazo,Atraso em Carga/Descarga
2193,20240619,42,37,19,16,5,5.9,1398.28,315,5.1,7.2,Atrasado,Nenhuma
2194,20240619,14,17,28,14,5,5.5,3639.86,800,12.9,12.0,No Prazo,Pane Mecânica
2195,20240619,6,34,19,2,5,9.4,1763.89,410,6.6,8.9,Atrasado,Nenhuma
2196,20240619,4,30,20,12,1,5.8,2553.54,590,9.5,12.9,Atrasado,Nenhuma
2197,20240619,13,5,17,12,3,34.7,2846.71,590,9.5,8.8,No Prazo,Nenhuma
2198,20240619,13,3,9,19,3,37.2,1777.84,300,4.8,4.6,No Prazo,Nenhuma
2199,20240619,1,4,14,15,3,9.4,878.41,210,3.4,3.5,No Prazo,Nenhuma
2200,20240619,20,34,17,18,5,4.5,2235.8,550,8.9,11.8,Atrasado,Nenhuma
2201,20240619,11,20,27,17,3,4.9,486.76,100,1.6,2.3,Atrasado,Nenhuma
2202,20240619,27,28,22,19,5,48.0,1678.61,300,4.8,6.1,Atrasado,Nenhuma
2203,20240619,9,26,5,7,2,29.6,1090.55,210,3.4,3.4,No Prazo,Nenhuma
2204,20240619,25,12,14,7,5,10.1,1090.85,210,3.4,3.3,No Prazo,Nenhuma
2205,20240619,33,11,19,7,1,18.3,857.7,210,3.4,3.2,No Prazo,Trânsito/Rota
2206,20240619,26,22,18,18,1,12.8,3080.43,550,8.9,8.5,No Prazo,Nenhuma
2207,20240620,34,25,11,18,2,5.8,2485.78,550,8.9,8.6,No Prazo,Nenhuma
2208,20240620,14,12,4,8,5,3.9,5367.64,930,15.0,15.0,No Prazo,Nenhuma
2209,20240620,24,10,9,2,4,42.7,2028.54,410,6.6,9.2,Atrasado,Nenhuma
2210,20240620,9,38,2,18,2,26.6,3127.13,550,8.9,9.3,No Prazo,Trânsito/Rota
2211,20240620,3,29,6,11,5,3.8,1897.04,410,6.6,6.1,No Prazo,Nenhuma
2212,20240620,9,14,24,5,2,33.2,6755.79,1370,22.1,22.1,No Prazo,Nenhuma
2213,20240620,34,18,14,3,2,4.7,2817.06,590,9.5,9.1,No Prazo,Nenhuma
2214,20240620,35,7,13,17,3,5.5,540.4,100,1.6,2.0,Atrasado,Nenhuma
2215,20240620,10,26,2,13,2,23.4,7206.06,1370,22.1,23.2,No Prazo,Nenhuma
2216,20240620,12,28,27,5,5,13.0,6596.41,1370,22.1,28.9,Atrasado,Nenhuma
2217,20240620,27,28,22,3,5,51.6,2660.34,590,9.5,9.0,No Prazo,Nenhuma
2218,20240620,18,3,29,18,3,34.5,2364.92,550,8.9,9.1,No Prazo,Trânsito/Rota
2219,20240620,13,4,25,9,3,43.9,10632.05,1960,31.6,33.1,No Prazo,Nenhuma
2220,20240620,3,37,24,11,5,3.7,2309.72,410,6.6,6.9,No Prazo,Nenhuma
2221,20240620,42,37,16,8,5,5.2,4066.12,930,15.0,17.9,Atrasado,Nenhuma
2222,20240620,6,35,1,12,5,10.5,3072.54,590,9.5,9.4,No Prazo,Trânsito/Rota
2223,20240621,4,2,18,20,1,4.4,4995.03,930,15.0,15.4,No Prazo,Nenhuma
2224,20240621,29,27,4,10,1,12.2,5379.59,930,15.0,15.4,No Prazo,Nenhuma
2225,20240621,14,28,7,5,5,4.3,7901.24,1370,22.1,32.0,Atrasado,Nenhuma
2226,20240621,5,2,13,2,1,31.0,2248.04,410,6.6,8.4,Atrasado,Trânsito/Rota
2227,20240621,33,27,30,10,1,18.6,5482.13,930,15.0,14.0,No Prazo,Nenhuma
2228,20240621,4,11,27,19,1,4.5,1638.36,300,4.8,4.5,No Prazo,Nenhuma
2229,20240621,16,23,13,3,4,4.8,3308.9,590,9.5,9.8,No Prazo,Nenhuma
2230,20240621,27,37,29,1,5,52.8,1876.53,430,6.9,7.2,No Prazo,Nenhuma
2231,20240621,16,10,5,17,4,4.2,576.32,100,1.6,2.1,Atrasado,Nenhuma
2232,20240621,32,23,26,17,4,25.4,468.12,100,1.6,1.5,No Prazo,Nenhuma
2233,20240621,11,3,2,17,3,4.5,406.2,100,1.6,1.7,Atrasado,Nenhuma
2234,20240621,5,1,24,10,1,29.5,4145.35,930,15.0,19.7,Atrasado,Problema Documental
2235,20240621,40,32,9,20,4,8.4,3960.78,930,15.0,18.0,Atrasado,Nenhuma
2236,20240621,31,11,17,14,1,53.1,3840.19,800,12.9,13.4,No Prazo,Nenhuma
2237,20240621,38,13,9,15,5,35.1,1145.11,210,3.4,3.5,No Prazo,Nenhuma
2238,20240621,29,27,12,7,1,9.4,1064.45,210,3.4,3.4,No Prazo,Nenhuma
2239,20240621,10,14,9,9,2,21.9,10887.19,1960,31.6,31.6,No Prazo,Nenhuma
2240,20240621,18,7,7,5,3,48.9,7130.62,1370,22.1,22.3,No Prazo,Nenhuma
2241,20240621,4,27,2,4,1,5.6,3003.67,550,8.9,10.7,Atrasado,Nenhuma
2242,20240621,36,11,21,15,1,4.3,1130.03,210,3.4,3.9,Atrasado,Problema Documental
2243,20240621,29,1,29,4,1,10.1,2521.76,550,8.9,8.4,No Prazo,Nenhuma
2244,20240621,23,10,20,13,4,5.0,5667.8,1370,22.1,20.8,No Prazo,Nenhuma
2245,20240621,40,23,13,2,4,12.7,2231.73,410,6.6,6.4,No Prazo,Nenhuma
2246,20240621,8,15,6,14,1,12.0,4736.36,800,12.9,13.4,No Prazo,Nenhuma
2247,20240621,31,22,22,9,1,45.0,7845.09,1960,31.6,29.3,No Prazo,Nenhuma
2248,20240621,33,2,10,6,1,25.4,3536.9,800,12.9,13.0,No Prazo,Nenhuma
2249,20240622,11,4,27,19,3,5.7,1529.81,300,4.8,6.4,Atrasado,Nenhuma
2250,20240622,10,14,21,8,2,26.5,5325.39,930,15.0,15.5,No Prazo,Nenhuma
2251,20240622,27,37,28,19,5,39.9,1325.67,300,4.8,4.4,No Prazo,Nenhuma
2252,20240622,39,32,19,9,4,21.7,9641.88,1960,31.6,29.8,No Prazo,Nenhuma
2253,20240622,29,1,24,19,1,8.5,1409.29,300,4.8,4.6,No Prazo,Nenhuma
2254,20240622,15,11,12,3,1,51.8,3400.64,590,9.5,9.6,No Prazo,Trânsito/Rota
2255,20240622,29,1,27,2,1,12.6,1867.42,410,6.6,6.6,No Prazo,Atraso em Carga/Descarga
2256,20240622,5,30,15,11,1,25.1,2331.42,410,6.6,6.9,No Prazo,Nenhuma
2257,20240622,31,15,10,5,1,40.8,8175.78,1370,22.1,20.4,No Prazo,Nenhuma
2258,20240622,13,4,11,15,3,56.2,911.19,210,3.4,3.3,No Prazo,Trânsito/Rota
2259,20240623,42,35,24,5,5,4.2,6476.99,1370,22.1,21.2,No Prazo,Nenhuma
2260,20240623,24,23,10,6,4,35.1,3762.71,800,12.9,12.3,No Prazo,Nenhuma
2261,20240623,13,3,9,15,3,35.1,1234.35,210,3.4,3.3,No Prazo,Atraso em Carga/Descarga
2262,20240623,27,13,18,12,5,52.5,2802.61,590,9.5,9.3,No Prazo,Nenhuma
2263,20240623,3,28,21,17,5,5.9,568.42,100,1.6,1.6,No Prazo,Nenhuma
2264,20240623,41,5,19,19,3,36.8,1368.65,300,4.8,4.5,No Prazo,Nenhuma
2265,20240623,24,32,23,4,4,56.8,2787.54,550,8.9,8.4,No Prazo,Nenhuma
2266,20240623,13,4,10,3,3,36.0,3280.17,590,9.5,8.9,No Prazo,Nenhuma
2267,20240624,18,4,12,6,3,38.1,3622.81,800,12.9,12.6,No Prazo,Nenhuma
2268,20240624,18,5,16,9,3,42.4,10646.27,1960,31.6,42.0,Atrasado,Nenhuma
2269,20240624,42,13,19,12,5,3.8,2485.63,590,9.5,13.6,Atrasado,Nenhuma
2270,20240624,30,24,20,5,4,51.8,7410.21,1370,22.1,22.5,No Prazo,Nenhuma
2271,20240624,26,27,20,5,1,11.2,7813.42,1370,22.1,21.7,No Prazo,Nenhuma
2272,20240624,38,13,7,15,5,52.1,959.63,210,3.4,3.5,No Prazo,Nenhuma
2273,20240624,27,12,22,3,5,39.9,2528.33,590,9.5,13.0,Atrasado,Nenhuma
2274,20240624,40,32,9,1,4,8.8,1811.1,430,6.9,8.8,Atrasado,Nenhuma
2275,20240624,8,11,30,4,1,13.6,2774.06,550,8.9,12.2,Atrasado,Nenhuma
2276,20240624,23,23,28,4,4,5.5,3033.43,550,8.9,8.9,No Prazo,Nenhuma
2277,20240624,40,36,8,6,4,11.7,4541.55,800,12.9,17.9,Atrasado,Atraso em Carga/Descarga
2278,20240624,3,28,3,16,5,5.5,1615.51,315,5.1,4.9,No Prazo,Trânsito/Rota
2279,20240624,13,33,30,16,3,35.0,1408.88,315,5.1,5.1,No Prazo,Nenhuma
2280,20240624,21,6,28,8,1,27.2,4880.28,930,15.0,14.7,No Prazo,Nenhuma
2281,20240624,9,19,12,15,2,23.6,1095.06,210,3.4,3.3,No Prazo,Nenhuma
2282,20240624,5,30,16,1,1,30.4,2292.54,430,6.9,9.4,Atrasado,Nenhuma
2283,20240624,12,35,1,8,5,9.8,4718.07,930,15.0,14.0,No Prazo,Atraso em Carga/Descarga
2284,20240625,23,23,4,9,4,5.9,8306.3,1960,31.6,29.7,No Prazo,Nenhuma
2285,20240625,18,4,14,5,3,43.6,5803.21,1370,22.1,21.2,No Prazo,Nenhuma
2286,20240625,33,2,20,7,1,16.4,1230.87,210,3.4,3.5,No Prazo,Atraso em Carga/Descarga
2287,20240625,28,6,26,5,1,47.9,7721.94,1370,22.1,21.1,No Prazo,Nenhuma
2288,20240625,29,30,20,9,1,13.4,8434.2,1960,31.6,36.3,Atrasado,Nenhuma
2289,20240625,16,36,28,16,4,5.6,1624.65,315,5.1,7.0,Atrasado,Nenhuma
2290,20240625,14,35,3,3,5,5.0,3124.7,590,9.5,9.1,No Prazo,Trânsito/Rota
2291,20240625,39,36,5,7,4,24.3,909.8,210,3.4,3.4,No Prazo,Nenhuma
2292,20240625,18,33,27,11,3,35.4,1804.45,410,6.6,6.2,No Prazo,Nenhuma
2293,20240625,23,24,3,3,4,4.7,2828.1,590,9.5,9.5,No Prazo,Nenhuma
2294,20240625,26,2,27,13,1,12.8,5612.8,1370,22.1,22.0,No Prazo,Trânsito/Rota
2295,20240625,9,19,30,12,2,31.5,2357.96,590,9.5,8.9,No Prazo,Atraso em Carga/Descarga
2296,20240625,7,28,29,1,5,5.7,2281.7,430,6.9,6.8,No Prazo,Nenhuma
2297,20240625,29,30,20,19,1,12.9,1618.91,300,4.8,4.5,No Prazo,Nenhuma
2298,20240625,8,27,23,2,1,12.1,1829.38,410,6.6,6.4,No Prazo,Nenhuma
2299,20240625,3,13,10,20,5,5.8,4199.93,930,15.0,16.6,Atrasado,Nenhuma
2300,20240625,4,30,17,12,1,5.2,3112.93,590,9.5,9.0,No Prazo,Nenhuma
2301,20240625,27,12,1,10,5,37.1,4181.66,930,15.0,15.1,No Prazo,Nenhuma
2302,20240625,21,22,7,5,1,22.8,8416.29,1370,22.1,29.3,Atrasado,Nenhuma
2303,20240625,12,12,14,17,5,9.6,596.62,100,1.6,1.6,No Prazo,Pane Mecânica
2304,20240625,40,36,6,8,4,8.5,3868.34,930,15.0,15.2,No Prazo,Pane Mecânica
2305,20240625,32,23,2,18,4,25.6,2564.32,550,8.9,9.0,No Prazo,Nenhuma
2306,20240625,33,2,10,8,1,18.4,4783.84,930,15.0,15.5,No Prazo,Trânsito/Rota
2307,20240625,12,28,9,13,5,12.1,7187.2,1370,22.1,21.1,No Prazo,Nenhuma
2308,20240625,38,29,15,3,5,37.8,3402.22,590,9.5,12.0,Atrasado,Nenhuma
2309,20240626,1,3,19,13,3,13.3,5828.18,1370,22.1,20.4,No Prazo,Pane Mecânica
2310,20240626,16,24,24,5,4,4.9,7023.77,1370,22.1,21.6,No Prazo,Nenhuma
2311,20240626,5,30,4,7,1,26.3,1037.58,210,3.4,3.2,No Prazo,Trânsito/Rota
2312,20240626,5,15,13,10,1,22.5,4207.04,930,15.0,15.6,No Prazo,Nenhuma
2313,20240626,35,20,8,2,3,5.8,1798.18,410,6.6,6.7,No Prazo,Nenhuma
2314,20240626,13,3,8,2,3,49.2,2358.86,410,6.6,6.6,No Prazo,Trânsito/Rota
2315,20240626,39,23,28,12,4,18.8,2812.05,590,9.5,12.5,Atrasado,Nenhuma
2316,20240626,34,14,15,17,2,5.1,563.09,100,1.6,1.6,No Prazo,Nenhuma
2317,20240626,18,7,12,3,3,37.6,2494.6,590,9.5,11.6,Atrasado,Nenhuma
2318,20240626,33,2,9,8,1,21.4,4225.02,930,15.0,18.4,Atrasado,Nenhuma
2319,20240626,13,20,14,18,3,40.4,2430.57,550,8.9,11.5,Atrasado,Nenhuma
2320,20240626,37,1,20,9,1,17.2,9475.66,1960,31.6,29.3,No Prazo,Nenhuma
2321,20240626,38,28,8,6,5,44.9,3573.89,800,12.9,13.5,No Prazo,Nenhuma
2322,20240627,34,19,15,13,2,3.8,7732.73,1370,22.1,25.2,Atrasado,Nenhuma
2323,20240627,8,22,25,20,1,14.0,3995.05,930,15.0,18.5,Atrasado,Nenhuma
2324,20240627,6,29,1,16,5,12.5,1360.19,315,5.1,5.3,No Prazo,Nenhuma
2325,20240627,20,37,19,15,5,6.0,1159.57,210,3.4,3.7,Atrasado,Atraso em Carga/Descarga
2326,20240627,36,22,27,3,1,5.1,2450.38,590,9.5,9.7,No Prazo,Atraso em Carga/Descarga
2327,20240627,6,12,27,4,5,9.8,2685.44,550,8.9,9.1,No Prazo,Nenhuma
2328,20240627,32,10,18,9,4,26.2,10323.41,1960,31.6,44.4,Atrasado,Nenhuma
2329,20240627,21,6,16,11,1,29.7,1867.35,410,6.6,6.7,No Prazo,Atraso em Carga/Descarga
2330,20240627,30,36,27,16,4,51.4,1567.2,315,5.1,7.4,Atrasado,Nenhuma
2331,20240627,27,37,17,11,5,49.4,1883.17,410,6.6,6.1,No Prazo,Nenhuma
2332,20240627,2,17,29,4,5,5.6,2402.43,550,8.9,8.7,No Prazo,Nenhuma
2333,20240627,11,7,6,13,3,3.7,7666.61,1370,22.1,22.5,No Prazo,Nenhuma
2334,20240627,19,28,6,3,5,34.6,2950.8,590,9.5,10.7,Atrasado,Nenhuma
2335,20240628,2,37,2,18,5,4.5,2858.65,550,8.9,9.8,Atrasado,Nenhuma
2336,20240628,9,38,7,14,2,25.3,3363.09,800,12.9,13.2,No Prazo,Nenhuma
2337,20240628,2,12,30,19,5,4.8,1571.02,300,4.8,6.8,Atrasado,Trânsito/Rota
2338,20240628,2,29,10,6,5,5.8,4960.59,800,12.9,13.5,No Prazo,Nenhuma
2339,20240628,19,29,21,18,5,30.6,3226.6,550,8.9,9.1,No Prazo,Nenhuma
2340,20240628,29,11,5,12,1,9.9,2711.64,590,9.5,10.1,Atrasado,Nenhuma
2341,20240628,25,37,23,5,5,10.5,7297.03,1370,22.1,24.4,Atrasado,Nenhuma
2342,20240628,40,23,6,7,4,13.4,968.44,210,3.4,3.8,Atrasado,Nenhuma
2343,20240628,16,32,9,16,4,5.8,1675.27,315,5.1,5.0,No Prazo,Nenhuma
2344,20240628,9,21,5,12,2,25.6,2654.47,590,9.5,9.5,No Prazo,Trânsito/Rota
2345,20240628,30,10,9,4,4,39.7,2781.72,550,8.9,8.5,No Prazo,Nenhuma
2346,20240628,25,13,2,4,5,9.2,2414.71,550,8.9,10.1,Atrasado,Pane Mecânica
2347,20240628,21,11,6,19,1,25.5,1593.34,300,4.8,4.5,No Prazo,Nenhuma
2348,20240628,31,11,28,6,1,46.7,4318.83,800,12.9,12.3,No Prazo,Trânsito/Rota
2349,20240628,38,34,29,2,5,34.9,2339.11,410,6.6,8.8,Atrasado,Trânsito/Rota
2350,20240629,19,13,17,15,5,22.6,1012.25,210,3.4,4.4,Atrasado,Nenhuma
2351,20240629,15,22,9,10,1,38.5,5275.43,930,15.0,19.1,Atrasado,Nenhuma
2352,20240629,5,1,7,11,1,33.9,2285.72,410,6.6,6.9,No Prazo,Nenhuma
2353,20240629,38,13,18,1,5,49.5,2411.46,430,6.9,6.6,No Prazo,Nenhuma
2354,20240629,39,10,25,17,4,22.1,443.74,100,1.6,1.5,No Prazo,Nenhuma
2355,20240629,1,20,9,15,3,12.7,947.27,210,3.4,3.4,No Prazo,Nenhuma
2356,20240629,32,36,7,8,4,20.3,3841.26,930,15.0,15.0,No Prazo,Nenhuma
2357,20240629,42,37,28,19,5,4.2,1344.36,300,4.8,4.6,No Prazo,Nenhuma
2358,20240629,28,6,9,5,1,46.3,6697.32,1370,22.1,20.8,No Prazo,Nenhuma
2359,20240629,22,16,30,5,2,9.7,6539.47,1370,22.1,22.7,No Prazo,Pane Mecânica
2360,20240630,36,27,29,7,1,5.4,1029.86,210,3.4,3.3,No Prazo,Nenhuma
2361,20240630,22,19,17,10,2,11.8,4871.58,930,15.0,15.7,No Prazo,Nenhuma
2362,20240630,15,30,13,10,1,52.0,5692.02,930,15.0,14.0,No Prazo,Nenhuma
2363,20240630,12,35,12,8,5,12.9,5650.81,930,15.0,14.8,No Prazo,Trânsito/Rota
2364,20240630,36,11,6,8,1,5.8,4991.18,930,15.0,21.5,Atrasado,Nenhuma
2365,20240630,16,24,14,15,4,4.9,1087.64,210,3.4,3.2,No Prazo,Nenhuma
2366,20240630,6,28,16,1,5,9.5,2266.22,430,6.9,7.0,No Prazo,Nenhuma
2367,20240701,9,19,11,11,2,31.4,1842.44,410,6.6,6.6,No Prazo,Nenhuma
2368,20240701,15,6,4,12,1,43.5,2520.3,590,9.5,9.6,No Prazo,Nenhuma
2369,20240701,7,17,5,18,5,5.3,2721.74,550,8.9,9.1,No Prazo,Nenhuma
2370,20240701,17,37,27,18,5,13.3,3047.22,550,8.9,10.8,Atrasado,Nenhuma
2371,20240701,40,36,22,19,4,12.6,1721.23,300,4.8,4.7,No Prazo,Nenhuma
2372,20240701,39,36,9,10,4,23.5,4482.01,930,15.0,15.7,No Prazo,Trânsito/Rota
2373,20240701,2,28,21,8,5,3.7,3897.05,930,15.0,14.3,No Prazo,Nenhuma
2374,20240701,18,5,23,15,3,47.3,1185.91,210,3.4,4.6,Atrasado,Nenhuma
2375,20240701,19,35,14,4,5,27.7,2831.51,550,8.9,9.3,No Prazo,Nenhuma
2376,20240701,12,12,13,10,5,13.8,4779.39,930,15.0,15.1,No Prazo,Nenhuma
2377,20240701,5,6,28,8,1,32.4,4034.67,930,15.0,15.6,No Prazo,Nenhuma
2378,20240701,30,36,18,12,4,51.6,2901.71,590,9.5,9.1,No Prazo,Nenhuma
2379,20240701,21,27,4,7,1,28.0,912.33,210,3.4,3.2,No Prazo,Nenhuma
2380,20240701,19,12,9,15,5,30.0,1180.59,210,3.4,3.4,No Prazo,Nenhuma
2381,20240701,1,5,26,20,3,11.7,4772.27,930,15.0,14.6,No Prazo,Nenhuma
2382,20240701,8,2,14,11,1,9.7,2451.41,410,6.6,9.5,Atrasado,Trânsito/Rota
2383,20240701,7,37,22,10,5,5.1,4817.27,930,15.0,14.6,No Prazo,Nenhuma
2384,20240701,17,37,30,15,5,11.2,1026.35,210,3.4,4.8,Atrasado,Nenhuma
2385,20240701,2,35,10,2,5,4.0,2433.87,410,6.6,6.2,No Prazo,Nenhuma
2386,20240701,20,17,16,20,5,3.9,4061.89,930,15.0,17.3,Atrasado,Nenhuma
2387,20240702,8,15,4,15,1,12.0,1081.57,210,3.4,4.4,Atrasado,Atraso em Carga/Descarga
2388,20240702,31,15,7,5,1,54.9,8306.67,1370,22.1,21.5,No Prazo,Nenhuma
2389,20240702,7,28,23,10,5,4.4,5148.42,930,15.0,15.4,No Prazo,Trânsito/Rota
2390,20240702,7,17,8,6,5,5.1,3985.03,800,12.9,12.3,No Prazo,Nenhuma
2391,20240702,7,17,30,14,5,4.4,3185.32,800,12.9,14.7,Atrasado,Pane Mecânica
2392,20240702,39,32,27,7,4,17.9,953.35,210,3.4,3.2,No Prazo,Nenhuma
2393,20240702,35,3,27,19,3,4.4,1237.15,300,4.8,4.9,No Prazo,Nenhuma
2394,20240702,13,5,2,5,3,37.2,7308.23,1370,22.1,21.4,No Prazo,Nenhuma
2395,20240702,9,38,17,12,2,33.9,2792.99,590,9.5,9.9,No Prazo,Nenhuma
2396,20240702,15,27,7,5,1,46.0,5986.0,1370,22.1,22.8,No Prazo,Atraso em Carga/Descarga
2397,20240702,4,6,15,20,1,5.9,5118.34,930,15.0,18.0,Atrasado,Nenhuma
2398,20240702,31,22,11,1,1,48.0,2493.72,430,6.9,7.0,No Prazo,Nenhuma
2399,20240702,28,30,6,14,1,55.6,3753.54,800,12.9,15.0,Atrasado,Nenhuma
2400,20240702,26,30,29,9,1,8.7,9662.55,1960,31.6,29.5,No Prazo,Nenhuma
2401,20240702,33,15,4,4,1,21.4,3093.75,550,8.9,8.4,No Prazo,Nenhuma
2402,20240702,3,35,20,2,5,4.2,2158.92,410,6.6,6.8,No Prazo,Nenhuma
2403,20240702,29,2,19,7,1,11.4,1005.47,210,3.4,3.3,No Prazo,Nenhuma
2404,20240702,38,29,27,16,5,46.7,1759.36,315,5.1,4.8,No Prazo,Nenhuma
2405,20240702,21,6,18,1,1,32.9,1828.53,430,6.9,7.0,No Prazo,Nenhuma
2406,20240702,23,32,3,11,4,3.7,1975.33,410,6.6,6.8,No Prazo,Nenhuma
2407,20240702,34,38,2,7,2,4.0,905.92,210,3.4,4.4,Atrasado,Nenhuma
2408,20240703,17,28,29,19,5,11.7,1622.7,300,4.8,4.8,No Prazo,Pane Mecânica
2409,20240703,42,17,22,14,5,5.7,4413.92,800,12.9,13.1,No Prazo,Nenhuma
2410,20240703,6,29,13,10,5,12.2,5335.93,930,15.0,14.8,No Prazo,Nenhuma
2411,20240703,20,28,27,10,5,5.5,4894.81,930,15.0,14.1,No Prazo,Nenhuma
2412,20240703,10,38,7,7,2,19.4,1213.44,210,3.4,3.5,No Prazo,Trânsito/Rota
2413,20240703,31,2,12,19,1,55.9,1668.92,300,4.8,6.6,Atrasado,Nenhuma
2414,20240703,39,23,9,11,4,24.6,2267.86,410,6.6,6.9,No Prazo,Nenhuma
2415,20240703,4,6,16,9,1,5.1,8130.01,1960,31.6,31.7,No Prazo,Nenhuma
2416,20240703,23,24,16,3,4,4.6,3465.72,590,9.5,9.0,No Prazo,Nenhuma
2417,20240703,9,26,22,2,2,36.9,1872.14,410,6.6,6.6,No Prazo,Trânsito/Rota
2418,20240703,17,28,7,13,5,12.0,7969.14,1370,22.1,21.9,No Prazo,Nenhuma
2419,20240703,23,10,21,5,4,5.6,6023.5,1370,22.1,21.5,No Prazo,Nenhuma
2420,20240703,1,3,29,15,3,13.9,1228.68,210,3.4,3.1,No Prazo,Pane Mecânica
2421,20240703,29,15,1,2,1,12.8,2045.01,410,6.6,6.2,No Prazo,Nenhuma
2422,20240703,36,27,9,13,1,3.8,7089.25,1370,22.1,22.1,No Prazo,Atraso em Carga/Descarga
2423,20240703,42,28,4,10,5,4.1,4945.66,930,15.0,15.4,No Prazo,Trânsito/Rota
2424,20240703,35,31,3,16,3,5.4,1740.37,315,5.1,5.3,No Prazo,Nenhuma
2425,20240703,35,5,1,1,3,5.6,2371.79,430,6.9,6.9,No Prazo,Nenhuma
2426,20240703,30,32,22,5,4,53.6,6556.37,1370,22.1,30.6,Atrasado,Nenhuma
2427,20240703,35,33,30,17,3,5.4,415.03,100,1.6,1.6,No Prazo,Trânsito/Rota
2428,20240703,24,36,14,11,4,43.1,2364.55,410,6.6,8.0,Atrasado,Nenhuma
2429,20240703,41,4,30,18,3,23.4,2475.55,550,8.9,12.3,Atrasado,Nenhuma
2430,20240703,22,19,26,5,2,13.7,6284.5,1370,22.1,20.6,No Prazo,Nenhuma
2431,20240703,41,20,23,14,3,23.3,4201.18,800,12.9,12.2,No Prazo,Nenhuma
2432,20240703,13,7,10,1,3,38.7,2222.61,430,6.9,6.5,No Prazo,Nenhuma
2433,20240703,7,29,18,16,5,4.1,1384.15,315,5.1,5.0,No Prazo,Nenhuma
2434,20240703,9,16,18,3,2,24.6,3199.98,590,9.5,9.2,No Prazo,Trânsito/Rota
2435,20240703,12,13,6,6,5,12.2,4114.96,800,12.9,12.0,No Prazo,Trânsito/Rota
2436,20240704,3,13,20,12,5,5.1,2910.29,590,9.5,8.9,No Prazo,Nenhuma
2437,20240704,35,31,4,16,3,5.0,1708.97,315,5.1,5.0,No Prazo,Nenhuma
2438,20240704,12,13,21,14,5,8.8,3457.96,800,12.9,13.4,No Prazo,Atraso em Carga/Descarga
2439,20240704,28,27,10,19,1,41.4,1582.02,300,4.8,5.0,No Prazo,Nenhuma
2440,20240704,1,4,7,6,3,11.5,3219.9,800,12.9,18.2,Atrasado,Nenhuma
2441,20240704,35,33,21,11,3,3.8,2040.15,410,6.6,6.7,No Prazo,Nenhuma
2442,20240704,36,6,29,5,1,4.8,7080.75,1370,22.1,22.0,No Prazo,Nenhuma
2443,20240704,13,4,12,6,3,37.0,3446.03,800,12.9,12.4,No Prazo,Nenhuma
2444,20240704,14,35,20,11,5,3.7,2518.06,410,6.6,6.2,No Prazo,Nenhuma
2445,20240704,15,15,18,18,1,45.8,3138.91,550,8.9,9.3,No Prazo,Nenhuma
2446,20240704,12,37,22,13,5,9.5,5998.64,1370,22.1,20.6,No Prazo,Nenhuma
2447,20240704,39,24,6,5,4,21.2,7798.38,1370,22.1,20.9,No Prazo,Nenhuma
2448,20240704,18,33,23,16,3,37.9,1339.87,315,5.1,6.5,Atrasado,Nenhuma
2449,20240704,40,10,17,15,4,11.9,1003.5,210,3.4,3.4,No Prazo,Nenhuma
2450,20240704,10,21,11,3,2,25.2,3357.32,590,9.5,9.7,No Prazo,Trânsito/Rota
2451,20240704,30,32,19,7,4,39.5,1157.91,210,3.4,3.4,No Prazo,Nenhuma
2452,20240704,25,12,2,12,5,14.0,2823.51,590,9.5,9.3,No Prazo,Nenhuma
2453,20240704,1,3,20,12,3,11.2,3217.64,590,9.5,9.2,No Prazo,Atraso em Carga/Descarga
2454,20240704,32,10,16,7,4,17.5,1003.59,210,3.4,4.3,Atrasado,Trânsito/Rota
2455,20240704,41,33,10,1,3,29.9,2508.35,430,6.9,7.0,No Prazo,Nenhuma
2456,20240704,4,27,26,7,1,3.9,1085.54,210,3.4,3.3,No Prazo,Nenhuma
2457,20240704,15,2,21,20,1,36.2,4664.71,930,15.0,15.3,No Prazo,Nenhuma
2458,20240704,24,23,11,6,4,44.4,3344.61,800,12.9,13.1,No Prazo,Nenhuma
2459,20240704,2,34,23,7,5,5.4,971.7,210,3.4,3.4,No Prazo,Atraso em Carga/Descarga
2460,20240704,29,27,18,16,1,12.6,1873.43,315,5.1,5.1,No Prazo,Nenhuma
2461,20240704,29,30,10,2,1,11.9,2158.84,410,6.6,9.4,Atrasado,Nenhuma
2462,20240705,13,20,20,3,3,53.6,3461.1,590,9.5,9.0,No Prazo,Trânsito/Rota
2463,20240705,9,14,29,17,2,28.6,557.92,100,1.6,1.7,No Prazo,Nenhuma
2464,20240705,15,30,25,13,1,41.0,7431.18,1370,22.1,21.9,No Prazo,Nenhuma
2465,20240705,26,1,23,5,1,8.9,6583.73,1370,22.1,23.1,No Prazo,Nenhuma
2466,20240705,31,6,17,2,1,35.0,2098.93,410,6.6,7.6,Atrasado,Nenhuma
2467,20240705,9,16,7,17,2,28.8,501.66,100,1.6,1.8,Atrasado,Atraso em Carga/Descarga
2468,20240705,28,30,24,8,1,44.5,4284.93,930,15.0,15.2,No Prazo,Nenhuma
2469,20240705,19,37,27,19,5,29.0,1574.42,300,4.8,5.0,No Prazo,Nenhuma
2470,20240705,20,28,14,13,5,4.6,7135.82,1370,22.1,24.5,Atrasado,Nenhuma
2471,20240705,20,35,18,8,5,4.1,5312.41,930,15.0,14.4,No Prazo,Nenhuma
2472,20240705,18,5,24,13,3,43.3,6155.59,1370,22.1,20.5,No Prazo,Nenhuma
2473,20240705,18,31,20,2,3,34.9,2343.93,410,6.6,8.0,Atrasado,Nenhuma
2474,20240706,16,24,30,18,4,4.7,2323.99,550,8.9,9.2,No Prazo,Nenhuma
2475,20240706,19,37,9,11,5,33.2,2289.57,410,6.6,6.5,No Prazo,Nenhuma
2476,20240706,28,11,20,20,1,43.2,4177.07,930,15.0,14.2,No Prazo,Nenhuma
2477,20240706,26,11,19,7,1,13.7,1159.5,210,3.4,4.7,Atrasado,Pane Mecânica
2478,20240706,41,4,15,16,3,25.5,1862.64,315,5.1,6.5,Atrasado,Nenhuma
2479,20240706,27,35,25,10,5,43.4,4338.54,930,15.0,17.0,Atrasado,Nenhuma
2480,20240706,41,20,27,19,3,32.9,1704.21,300,4.8,5.8,Atrasado,Atraso em Carga/Descarga
2481,20240706,27,35,28,11,5,38.1,2350.25,410,6.6,6.4,No Prazo,Nenhuma
2482,20240706,21,15,26,19,1,32.4,1329.12,300,4.8,5.3,Atrasado,Nenhuma
2483,20240706,29,6,12,12,1,10.5,2471.79,590,9.5,9.9,No Prazo,Atraso em Carga/Descarga
2484,20240707,41,7,26,6,3,27.0,4308.32,800,12.9,15.1,Atrasado,Nenhuma
2485,20240707,7,17,26,7,5,3.6,992.51,210,3.4,4.8,Atrasado,Pane Mecânica
2486,20240707,2,35,3,20,5,3.8,5499.29,930,15.0,14.1,No Prazo,Nenhuma
2487,20240707,33,1,23,17,1,25.2,459.59,100,1.6,1.7,Atrasado,Nenhuma
2488,20240707,42,12,12,11,5,4.5,1706.29,410,6.6,6.8,No Prazo,Nenhuma
2489,20240707,19,17,28,17,5,25.4,446.58,100,1.6,1.6,No Prazo,Nenhuma
2490,20240707,21,22,10,19,1,36.3,1318.34,300,4.8,4.6,No Prazo,Nenhuma
2491,20240707,22,18,1,3,2,11.9,3364.32,590,9.5,13.0,Atrasado,Nenhuma
2492,20240708,29,27,21,12,1,12.8,2411.3,590,9.5,9.5,No Prazo,Atraso em Carga/Descarga
2493,20240708,31,22,23,4,1,37.0,2861.09,550,8.9,9.0,No Prazo,Nenhuma
2494,20240708,19,34,4,11,5,29.3,1816.82,410,6.6,8.4,Atrasado,Trânsito/Rota
2495,20240708,12,35,19,18,5,10.4,2328.17,550,8.9,9.1,No Prazo,Pane Mecânica
2496,20240708,29,27,16,7,1,10.8,864.88,210,3.4,4.3,Atrasado,Pane Mecânica
2497,20240708,39,24,23,14,4,21.1,3863.82,800,12.9,12.7,No Prazo,Nenhuma
2498,20240708,2,29,22,18,5,4.4,3077.53,550,8.9,8.6,No Prazo,Nenhuma
2499,20240708,8,6,10,13,1,13.8,7544.6,1370,22.1,22.1,No Prazo,Nenhuma
2500,20240708,2,37,1,11,5,3.9,2526.56,410,6.6,9.1,Atrasado,Nenhuma
2501,20240708,37,15,26,2,1,19.8,1842.44,410,6.6,7.1,Atrasado,Pane Mecânica
2502,20240708,34,8,16,11,2,4.5,1880.83,410,6.6,6.9,No Prazo,Nenhuma
2503,20240708,10,16,1,16,2,25.7,1878.79,315,5.1,7.1,Atrasado,Nenhuma
2504,20240708,33,6,3,12,1,16.3,2662.09,590,9.5,9.5,No Prazo,Nenhuma
2505,20240708,23,36,25,5,4,4.0,5738.45,1370,22.1,27.9,Atrasado,Nenhuma
2506,20240708,14,35,5,8,5,5.0,5566.03,930,15.0,15.5,No Prazo,Problema Documental
2507,20240708,3,12,21,2,5,4.1,2054.08,410,6.6,6.9,No Prazo,Nenhuma
2508,20240708,42,17,21,15,5,4.0,847.88,210,3.4,3.5,No Prazo,Nenhuma
2509,20240708,3,13,20,10,5,4.5,4359.04,930,15.0,15.4,No Prazo,Nenhuma
2510,20240708,6,37,8,9,5,11.4,11331.3,1960,31.6,29.3,No Prazo,Nenhuma
2511,20240708,40,32,27,5,4,9.2,7417.62,1370,22.1,20.6,No Prazo,Nenhuma
2512,20240708,41,33,13,4,3,22.3,2279.18,550,8.9,8.4,No Prazo,Nenhuma
2513,20240708,23,10,23,14,4,4.7,3190.64,800,12.9,12.7,No Prazo,Nenhuma
2514,20240708,23,32,12,1,4,4.7,2500.21,430,6.9,6.6,No Prazo,Nenhuma
2515,20240708,39,23,19,2,4,20.1,2163.45,410,6.6,6.8,No Prazo,Atraso em Carga/Descarga
2516,20240708,7,13,29,14,5,4.4,4218.79,800,12.9,17.0,Atrasado,Nenhuma
2517,20240708,20,12,14,4,5,5.8,2893.75,550,8.9,8.8,No Prazo,Nenhuma
2518,20240708,34,21,10,7,2,4.7,902.73,210,3.4,3.4,No Prazo,Nenhuma
2519,20240708,32,24,6,3,4,24.7,3369.85,590,9.5,9.9,No Prazo,Atraso em Carga/Descarga
2520,20240709,16,32,4,12,4,4.4,2622.61,590,9.5,9.5,No Prazo,Nenhuma
2521,20240709,6,13,15,13,5,13.3,8291.16,1370,22.1,29.1,Atrasado,Nenhuma
2522,20240709,12,17,3,7,5,12.0,956.89,210,3.4,3.2,No Prazo,Nenhuma
2523,20240709,18,3,29,15,3,50.2,962.81,210,3.4,3.9,Atrasado,Nenhuma
2524,20240709,8,11,28,5,1,10.1,6681.49,1370,22.1,22.4,No Prazo,Trânsito/Rota
2525,20240709,17,17,2,18,5,9.6,3032.41,550,8.9,11.4,Atrasado,Nenhuma
2526,20240709,41,3,5,19,3,26.0,1737.49,300,4.8,4.9,No Prazo,Nenhuma
2527,20240709,9,26,1,20,2,28.8,5457.23,930,15.0,14.2,No Prazo,Nenhuma
2528,20240709,15,11,7,11,1,35.8,1672.93,410,6.6,8.2,Atrasado,Nenhuma
2529,20240709,25,13,1,1,5,11.2,1845.5,430,6.9,8.2,Atrasado,Nenhuma
2530,20240709,21,30,9,19,1,30.5,1706.03,300,4.8,4.9,No Prazo,Nenhuma
2531,20240709,10,14,10,1,2,17.3,2384.51,430,6.9,9.6,Atrasado,Nenhuma
2532,20240710,5,6,12,6,1,22.8,3419.27,800,12.9,13.2,No Prazo,Nenhuma
2533,20240710,41,31,28,10,3,29.1,4864.04,930,15.0,15.1,No Prazo,Nenhuma
2534,20240710,42,29,15,4,5,5.3,3224.79,550,8.9,8.5,No Prazo,Nenhuma
2535,20240710,30,23,21,13,4,55.3,8015.44,1370,22.1,30.4,Atrasado,Nenhuma
2536,20240710,17,12,2,3,5,8.5,3422.37,590,9.5,8.8,No Prazo,Nenhuma
2537,20240710,18,5,24,2,3,52.3,1917.62,410,6.6,6.8,No Prazo,Atraso em Carga/Descarga
2538,20240710,20,17,15,14,5,5.7,4317.74,800,12.9,13.2,No Prazo,Nenhuma
2539,20240710,7,28,20,7,5,4.0,1284.88,210,3.4,4.5,Atrasado,Nenhuma
2540,20240710,31,6,28,3,1,38.7,2821.3,590,9.5,8.8,No Prazo,Pane Mecânica
2541,20240710,19,37,15,11,5,35.7,2231.33,410,6.6,6.7,No Prazo,Nenhuma
2542,20240710,9,21,2,2,2,31.2,1745.44,410,6.6,6.7,No Prazo,Nenhuma
2543,20240710,33,22,2,18,1,17.9,3293.22,550,8.9,10.9,Atrasado,Nenhuma
2544,20240710,10,16,13,2,2,17.7,1811.31,410,6.6,6.2,No Prazo,Nenhuma
2545,20240710,39,23,8,2,4,17.3,2282.16,410,6.6,6.1,No Prazo,Nenhuma
2546,20240710,3,12,26,11,5,4.4,2263.94,410,6.6,6.3,No Prazo,Atraso em Carga/Descarga
2547,20240711,19,35,7,8,5,33.0,3888.26,930,15.0,14.5,No Prazo,Nenhuma
2548,20240711,24,23,24,8,4,49.3,4781.1,930,15.0,20.4,Atrasado,Nenhuma
2549,20240711,26,22,10,4,1,12.7,2440.28,550,8.9,9.1,No Prazo,Nenhuma
2550,20240711,2,37,24,17,5,5.1,427.91,100,1.6,1.6,No Prazo,Problema Documental
2551,20240711,2,37,15,6,5,4.0,3566.89,800,12.9,16.6,Atrasado,Nenhuma
2552,20240711,20,17,16,1,5,4.5,2609.89,430,6.9,7.5,Atrasado,Nenhuma
2553,20240711,25,12,13,16,5,12.1,1721.71,315,5.1,5.1,No Prazo,Nenhuma
2554,20240711,2,29,1,14,5,5.3,3832.26,800,12.9,13.5,No Prazo,Nenhuma
2555,20240711,22,26,7,6,2,9.9,3859.86,800,12.9,12.5,No Prazo,Nenhuma
2556,20240711,24,23,6,17,4,55.3,427.48,100,1.6,2.3,Atrasado,Nenhuma
2557,20240711,8,1,15,3,1,8.5,3680.59,590,9.5,9.2,No Prazo,Nenhuma
2558,20240711,25,29,19,18,5,9.7,2644.93,550,8.9,8.3,No Prazo,Nenhuma
2559,20240711,25,35,3,11,5,13.8,2085.09,410,6.6,6.3,No Prazo,Nenhuma
2560,20240711,37,1,19,10,1,19.2,5153.97,930,15.0,14.3,No Prazo,Trânsito/Rota
2561,20240711,13,5,16,4,3,53.1,3008.92,550,8.9,9.0,No Prazo,Nenhuma
2562,20240711,12,28,13,10,5,9.8,4063.71,930,15.0,18.3,Atrasado,Nenhuma
2563,20240711,16,23,29,11,4,5.8,2147.87,410,6.6,7.8,Atrasado,Nenhuma
2564,20240711,42,37,20,11,5,4.7,2315.65,410,6.6,6.4,No Prazo,Nenhuma
2565,20240711,21,2,15,8,1,25.8,4467.68,930,15.0,17.4,Atrasado,Nenhuma
2566,20240711,28,2,19,15,1,36.7,1109.64,210,3.4,4.3,Atrasado,Nenhuma
2567,20240711,12,28,17,5,5,8.5,8220.77,1370,22.1,20.6,No Prazo,Nenhuma
2568,20240711,22,26,5,3,2,12.7,2424.29,590,9.5,9.4,No Prazo,Nenhuma
2569,20240711,36,1,23,19,1,5.5,1601.62,300,4.8,4.4,No Prazo,Nenhuma
2570,20240711,41,4,2,14,3,36.6,4329.93,800,12.9,11.9,No Prazo,Nenhuma
2571,20240711,13,5,8,1,3,39.8,2077.94,430,6.9,6.4,No Prazo,Trânsito/Rota
2572,20240711,19,35,25,8,5,27.5,4635.57,930,15.0,15.4,No Prazo,Nenhuma
2573,20240712,42,17,16,13,5,4.1,5598.87,1370,22.1,22.8,No Prazo,Nenhuma
2574,20240712,27,37,6,1,5,44.4,2357.59,430,6.9,6.5,No Prazo,Nenhuma
2575,20240712,15,6,17,3,1,41.8,3647.21,590,9.5,12.3,Atrasado,Nenhuma
2576,20240712,2,35,11,1,5,5.5,2636.16,430,6.9,9.7,Atrasado,Nenhuma
2577,20240712,13,5,6,18,3,37.6,2502.93,550,8.9,8.3,No Prazo,Trânsito/Rota
2578,20240712,4,2,4,15,1,3.6,859.42,210,3.4,3.2,No Prazo,Atraso em Carga/Descarga
2579,20240712,35,20,2,20,3,5.1,3673.01,930,15.0,14.7,No Prazo,Nenhuma
2580,20240712,1,33,29,17,3,11.0,556.48,100,1.6,1.9,Atrasado,Nenhuma
2581,20240712,36,2,29,19,1,5.4,1591.4,300,4.8,4.9,No Prazo,Nenhuma
2582,20240712,28,15,22,20,1,50.1,4730.5,930,15.0,15.2,No Prazo,Nenhuma
2583,20240712,18,7,5,18,3,38.1,2541.19,550,8.9,8.9,No Prazo,Nenhuma
2584,20240712,13,20,18,6,3,47.8,4193.4,800,12.9,16.3,Atrasado,Nenhuma
2585,20240712,2,12,17,17,5,4.1,418.96,100,1.6,1.5,No Prazo,Nenhuma
2586,20240712,41,7,20,20,3,31.1,4929.15,930,15.0,21.5,Atrasado,Nenhuma
2587,20240712,34,21,29,1,2,4.8,2537.02,430,6.9,6.6,No Prazo,Pane Mecânica
2588,20240712,6,35,24,18,5,12.7,2627.16,550,8.9,8.8,No Prazo,Nenhuma
2589,20240712,40,36,1,1,4,10.0,2137.87,430,6.9,7.1,No Prazo,Nenhuma
2590,20240712,29,15,7,8,1,13.0,4429.57,930,15.0,21.5,Atrasado,Nenhuma
2591,20240712,11,3,18,4,3,4.1,2288.81,550,8.9,12.4,Atrasado,Nenhuma
2592,20240712,14,35,14,20,5,4.6,5381.28,930,15.0,15.0,No Prazo,Nenhuma
2593,20240712,27,28,10,19,5,40.1,1782.25,300,4.8,5.0,No Prazo,Nenhuma
2594,20240712,12,35,21,2,5,10.5,2250.91,410,6.6,6.5,No Prazo,Problema Documental
2595,20240712,40,10,20,8,4,11.7,5617.66,930,15.0,14.7,No Prazo,Nenhuma
2596,20240712,29,1,27,9,1,13.1,9978.84,1960,31.6,31.8,No Prazo,Nenhuma
2597,20240712,18,20,4,7,3,52.9,889.4,210,3.4,3.2,No Prazo,Nenhuma
2598,20240712,42,28,9,9,5,4.0,8826.82,1960,31.6,39.9,Atrasado,Nenhuma
2599,20240713,11,3,12,19,3,5.0,1478.66,300,4.8,4.4,No Prazo,Nenhuma
2600,20240713,6,17,16,8,5,12.9,4064.81,930,15.0,14.7,No Prazo,Nenhuma
2601,20240713,9,9,6,12,2,34.7,3320.9,590,9.5,9.5,No Prazo,Nenhuma
2602,20240713,7,12,28,15,5,5.2,860.21,210,3.4,4.5,Atrasado,Nenhuma
2603,20240713,16,10,9,13,4,5.5,7112.73,1370,22.1,24.7,Atrasado,Nenhuma
2604,20240714,38,17,28,17,5,47.4,625.62,100,1.6,1.6,No Prazo,Nenhuma
2605,20240714,34,38,30,9,2,5.0,8521.32,1960,31.6,34.6,Atrasado,Nenhuma
2606,20240714,40,23,21,13,4,9.0,6709.39,1370,22.1,21.0,No Prazo,Nenhuma
2607,20240714,25,12,3,15,5,12.2,1189.07,210,3.4,3.4,No Prazo,Nenhuma
2608,20240714,18,3,5,2,3,52.0,2095.72,410,6.6,8.7,Atrasado,Nenhuma
2609,20240714,36,2,24,3,1,4.3,2484.12,590,9.5,9.5,No Prazo,Pane Mecânica
2610,20240714,13,5,1,13,3,42.8,7182.76,1370,22.1,27.1,Atrasado,Nenhuma
2611,20240715,16,23,15,18,4,4.3,2199.45,550,8.9,8.3,No Prazo,Nenhuma
2612,20240715,23,23,28,15,4,6.0,1026.18,210,3.4,4.1,Atrasado,Nenhuma
2613,20240715,11,5,17,15,3,3.9,1067.25,210,3.4,3.9,Atrasado,Nenhuma
2614,20240715,10,14,12,7,2,22.0,1071.21,210,3.4,3.8,Atrasado,Nenhuma
2615,20240715,40,10,13,15,4,11.1,1287.98,210,3.4,3.4,No Prazo,Nenhuma
2616,20240715,42,34,23,9,5,5.1,8070.63,1960,31.6,32.5,No Prazo,Nenhuma
2617,20240715,9,21,6,4,2,33.4,2966.55,550,8.9,11.5,Atrasado,Pane Mecânica
2618,20240715,2,13,23,2,5,6.0,2410.81,410,6.6,6.3,No Prazo,Nenhuma
2619,20240715,13,5,11,15,3,54.6,1042.43,210,3.4,3.2,No Prazo,Nenhuma
2620,20240715,36,27,11,2,1,3.8,1998.36,410,6.6,6.2,No Prazo,Trânsito/Rota
2621,20240715,5,1,17,18,1,26.3,2471.93,550,8.9,8.3,No Prazo,Nenhuma
2622,20240715,35,33,1,10,3,3.7,4052.19,930,15.0,14.9,No Prazo,Nenhuma
2623,20240715,27,29,7,19,5,35.6,1656.61,300,4.8,6.5,Atrasado,Nenhuma
2624,20240715,13,33,29,14,3,37.1,3675.35,800,12.9,16.8,Atrasado,Nenhuma
2625,20240715,27,12,8,7,5,56.0,1193.09,210,3.4,3.4,No Prazo,Nenhuma
2626,20240715,9,26,16,10,2,23.4,4285.33,930,15.0,20.5,Atrasado,Pane Mecânica
2627,20240715,18,5,19,9,3,48.4,11600.64,1960,31.6,40.2,Atrasado,Nenhuma
2628,20240715,39,10,30,12,4,22.0,3235.53,590,9.5,11.5,Atrasado,Nenhuma
2629,20240715,23,36,4,20,4,4.7,5390.73,930,15.0,15.5,No Prazo,Nenhuma
2630,20240715,4,11,12,2,1,4.4,1843.41,410,6.6,6.2,No Prazo,Nenhuma
2631,20240715,35,33,11,2,3,5.3,2110.27,410,6.6,6.5,No Prazo,Nenhuma
2632,20240715,27,37,27,12,5,50.1,2894.65,590,9.5,8.8,No Prazo,Nenhuma
2633,20240715,13,31,13,18,3,49.8,2386.12,550,8.9,9.1,No Prazo,Pane Mecânica
2634,20240716,33,27,11,14,1,20.7,3819.27,800,12.9,12.0,No Prazo,Nenhuma
2635,20240716,31,6,3,3,1,41.7,3048.96,590,9.5,8.8,No Prazo,Nenhuma
2636,20240716,11,5,6,8,3,5.0,5129.99,930,15.0,17.4,Atrasado,Nenhuma
2637,20240716,34,8,25,17,2,5.8,610.68,100,1.6,1.7,No Prazo,Trânsito/Rota
2638,20240716,20,29,3,15,5,5.1,1021.49,210,3.4,3.3,No Prazo,Nenhuma
2639,20240716,16,23,24,14,4,5.6,4607.65,800,12.9,16.1,Atrasado,Nenhuma
2640,20240716,42,34,7,2,5,4.9,1687.4,410,6.6,9.0,Atrasado,Atraso em Carga/Descarga
2641,20240716,35,20,11,10,3,4.1,4749.7,930,15.0,14.3,No Prazo,Pane Mecânica
2642,20240716,1,33,4,6,3,9.8,3839.08,800,12.9,12.9,No Prazo,Nenhuma
2643,20240716,38,29,17,6,5,41.9,3562.98,800,12.9,12.9,No Prazo,Nenhuma
2644,20240716,34,8,18,5,2,5.8,5856.15,1370,22.1,22.8,No Prazo,Nenhuma
2645,20240716,16,32,13,6,4,4.0,3634.9,800,12.9,13.5,No Prazo,Nenhuma
2646,20240716,27,28,30,6,5,49.2,3604.31,800,12.9,12.0,No Prazo,Nenhuma
2647,20240716,10,26,29,13,2,17.1,6634.54,1370,22.1,22.9,No Prazo,Trânsito/Rota
2648,20240716,12,12,12,7,5,13.0,986.53,210,3.4,3.6,No Prazo,Nenhuma
2649,20240716,2,28,14,7,5,5.8,1031.22,210,3.4,3.6,No Prazo,Nenhuma
2650,20240717,13,33,6,11,3,56.8,1839.88,410,6.6,6.6,No Prazo,Atraso em Carga/Descarga
2651,20240717,38,12,17,4,5,44.3,2924.09,550,8.9,11.0,Atrasado,Problema Documental
2652,20240717,15,22,8,20,1,43.5,4121.0,930,15.0,16.3,Atrasado,Nenhuma
2653,20240717,20,34,30,1,5,5.8,1803.72,430,6.9,7.0,No Prazo,Nenhuma
2654,20240717,35,4,7,18,3,4.1,2632.23,550,8.9,9.1,No Prazo,Nenhuma
2655,20240717,29,1,10,4,1,11.5,3316.59,550,8.9,8.5,No Prazo,Nenhuma
2656,20240717,21,27,30,19,1,26.8,1302.53,300,4.8,6.0,Atrasado,Trânsito/Rota
2657,20240717,42,13,26,2,5,4.5,2367.04,410,6.6,6.7,No Prazo,Nenhuma
2658,20240717,32,10,30,7,4,19.5,1020.24,210,3.4,3.2,No Prazo,Nenhuma
2659,20240717,32,23,25,15,4,25.7,941.8,210,3.4,3.4,No Prazo,Nenhuma
2660,20240717,8,22,9,11,1,12.7,2207.75,410,6.6,8.8,Atrasado,Nenhuma
2661,20240717,36,30,9,5,1,5.6,5777.02,1370,22.1,30.0,Atrasado,Nenhuma
2662,20240717,23,23,12,2,4,4.3,2230.56,410,6.6,6.1,No Prazo,Trânsito/Rota
2663,20240717,37,22,10,10,1,22.2,4324.34,930,15.0,14.7,No Prazo,Nenhuma
2664,20240717,39,23,13,18,4,23.3,2388.23,550,8.9,8.6,No Prazo,Nenhuma
2665,20240717,24,10,9,1,4,35.2,2053.4,430,6.9,6.9,No Prazo,Pane Mecânica
2666,20240717,13,4,4,8,3,39.4,5080.12,930,15.0,15.0,No Prazo,Nenhuma
2667,20240717,22,14,8,4,2,13.1,3019.47,550,8.9,12.4,Atrasado,Pane Mecânica
2668,20240717,38,12,23,6,5,51.1,4141.82,800,12.9,12.7,No Prazo,Nenhuma
2669,20240717,10,26,30,18,2,26.0,3085.28,550,8.9,8.5,No Prazo,Trânsito/Rota
2670,20240717,33,11,26,16,1,26.5,1432.98,315,5.1,5.8,Atrasado,Nenhuma
2671,20240718,1,20,22,18,3,12.3,2778.54,550,8.9,9.1,No Prazo,Nenhuma
2672,20240718,1,33,18,11,3,12.0,2274.87,410,6.6,7.8,Atrasado,Nenhuma
2673,20240718,27,29,29,3,5,37.0,3153.89,590,9.5,9.1,No Prazo,Nenhuma
2674,20240718,1,20,5,15,3,10.6,1116.41,210,3.4,4.3,Atrasado,Nenhuma
2675,20240718,42,13,25,15,5,5.7,1176.5,210,3.4,3.6,No Prazo,Nenhuma
2676,20240718,25,34,27,5,5,12.3,7484.51,1370,22.1,29.3,Atrasado,Nenhuma
2677,20240718,17,17,7,5,5,9.7,8000.19,1370,22.1,28.1,Atrasado,Atraso em Carga/Descarga
2678,20240718,25,34,28,3,5,12.4,2509.64,590,9.5,9.4,No Prazo,Nenhuma
2679,20240718,32,23,11,15,4,21.1,1039.13,210,3.4,3.8,Atrasado,Nenhuma
2680,20240718,38,35,29,10,5,48.9,4551.52,930,15.0,16.8,Atrasado,Trânsito/Rota
2681,20240718,11,33,15,15,3,4.1,960.3,210,3.4,4.5,Atrasado,Nenhuma
2682,20240718,24,23,18,1,4,39.0,1789.36,430,6.9,6.5,No Prazo,Nenhuma
2683,20240718,5,30,17,10,1,22.2,3915.55,930,15.0,14.5,No Prazo,Nenhuma
2684,20240718,10,19,7,16,2,16.5,1811.38,315,5.1,7.2,Atrasado,Nenhuma
2685,20240718,41,33,10,5,3,32.8,5937.94,1370,22.1,25.1,Atrasado,Nenhuma
2686,20240718,25,37,25,19,5,8.9,1287.82,300,4.8,5.6,Atrasado,Nenhuma
2687,20240718,27,34,22,18,5,39.8,3269.28,550,8.9,12.2,Atrasado,Nenhuma
2688,20240718,32,24,15,15,4,24.7,1171.69,210,3.4,3.3,No Prazo,Nenhuma
2689,20240718,24,32,28,1,4,56.6,2051.14,430,6.9,6.4,No Prazo,Nenhuma
2690,20240719,6,37,25,13,5,11.0,7881.37,1370,22.1,22.7,No Prazo,Nenhuma
2691,20240719,23,36,13,7,4,4.4,1142.09,210,3.4,4.0,Atrasado,Trânsito/Rota
2692,20240719,39,36,26,6,4,16.7,4084.79,800,12.9,12.3,No Prazo,Nenhuma
2693,20240719,16,24,18,17,4,5.8,477.22,100,1.6,2.1,Atrasado,Nenhuma
2694,20240719,14,12,22,9,5,5.7,12105.92,1960,31.6,30.9,No Prazo,Nenhuma
2695,20240719,1,20,21,6,3,10.6,4708.55,800,12.9,12.9,No Prazo,Nenhuma
2696,20240719,34,8,11,17,2,5.1,481.47,100,1.6,1.6,No Prazo,Nenhuma
2697,20240719,36,6,12,11,1,4.9,2014.75,410,6.6,6.4,No Prazo,Nenhuma
2698,20240719,24,24,12,19,4,44.7,1200.1,300,4.8,4.8,No Prazo,Trânsito/Rota
2699,20240719,42,17,11,19,5,5.0,1570.21,300,4.8,4.7,No Prazo,Nenhuma
2700,20240719,42,13,18,13,5,4.5,6625.45,1370,22.1,21.6,No Prazo,Nenhuma
2701,20240719,10,8,20,4,2,21.1,2693.22,550,8.9,8.2,No Prazo,Nenhuma
2702,20240720,29,30,8,2,1,13.3,2242.04,410,6.6,8.6,Atrasado,Nenhuma
2703,20240720,1,33,27,20,3,13.1,3927.57,930,15.0,19.1,Atrasado,Nenhuma
2704,20240720,36,30,11,1,1,5.9,2462.43,430,6.9,6.4,No Prazo,Nenhuma
2705,20240720,15,11,14,14,1,41.9,3918.21,800,12.9,12.6,No Prazo,Nenhuma
2706,20240720,16,23,6,14,4,5.2,3405.29,800,12.9,13.2,No Prazo,Nenhuma
2707,20240720,30,10,12,17,4,49.5,571.2,100,1.6,1.6,No Prazo,Nenhuma
2708,20240720,16,36,20,6,4,5.9,3806.27,800,12.9,13.4,No Prazo,Nenhuma
2709,20240721,29,2,10,6,1,8.8,3415.32,800,12.9,18.1,Atrasado,Nenhuma
2710,20240721,25,35,22,20,5,10.5,5216.08,930,15.0,15.1,No Prazo,Nenhuma
2711,20240721,8,27,24,3,1,13.1,2442.64,590,9.5,8.7,No Prazo,Nenhuma
2712,20240721,21,11,12,10,1,24.1,5345.6,930,15.0,14.9,No Prazo,Atraso em Carga/Descarga
2713,20240721,39,36,1,7,4,16.7,1080.49,210,3.4,3.3,No Prazo,Nenhuma
2714,20240721,1,7,10,10,3,8.7,4235.16,930,15.0,15.5,No Prazo,Problema Documental
2715,20240721,17,29,2,9,5,11.2,11584.43,1960,31.6,44.4,Atrasado,Nenhuma
2716,20240721,22,8,12,9,2,8.7,9973.01,1960,31.6,39.9,Atrasado,Nenhuma
2717,20240722,10,25,20,4,2,23.9,2406.97,550,8.9,8.6,No Prazo,Atraso em Carga/Descarga
2718,20240722,14,13,8,17,5,5.8,553.5,100,1.6,1.5,No Prazo,Nenhuma
2719,20240722,26,1,3,2,1,11.5,2322.01,410,6.6,6.6,No Prazo,Atraso em Carga/Descarga
2720,20240722,11,4,20,9,3,5.1,11603.49,1960,31.6,32.4,No Prazo,Nenhuma
2721,20240722,24,10,26,10,4,38.4,4088.52,930,15.0,17.2,Atrasado,Pane Mecânica
2722,20240722,29,22,13,9,1,12.8,8254.13,1960,31.6,29.2,No Prazo,Nenhuma
2723,20240722,38,12,27,2,5,44.0,1826.74,410,6.6,7.7,Atrasado,Nenhuma
2724,20240722,39,23,26,19,4,26.9,1274.43,300,4.8,6.1,Atrasado,Nenhuma
2725,20240722,27,35,6,8,5,40.9,5053.77,930,15.0,14.7,No Prazo,Nenhuma
2726,20240722,40,24,1,18,4,11.6,3129.91,550,8.9,8.5,No Prazo,Atraso em Carga/Descarga
2727,20240722,39,10,2,18,4,24.5,2742.95,550,8.9,12.2,Atrasado,Nenhuma
2728,20240722,15,15,16,19,1,37.4,1542.73,300,4.8,5.2,Atrasado,Trânsito/Rota
2729,20240722,1,33,20,20,3,12.5,3825.73,930,15.0,14.5,No Prazo,Nenhuma
2730,20240722,31,30,4,20,1,48.1,4057.65,930,15.0,14.4,No Prazo,Atraso em Carga/Descarga
2731,20240722,38,29,30,11,5,52.1,2232.21,410,6.6,6.8,No Prazo,Nenhuma
2732,20240722,10,8,1,13,2,25.6,6005.73,1370,22.1,21.1,No Prazo,Nenhuma
2733,20240722,31,30,15,18,1,35.1,2614.7,550,8.9,9.3,No Prazo,Problema Documental
2734,20240722,32,32,21,18,4,25.8,3228.17,550,8.9,9.3,No Prazo,Nenhuma
2735,20240723,1,33,9,3,3,10.5,3662.41,590,9.5,11.2,Atrasado,Trânsito/Rota
2736,20240723,38,12,3,6,5,46.5,3603.59,800,12.9,18.3,Atrasado,Nenhuma
2737,20240723,16,24,10,14,4,4.5,3888.63,800,12.9,13.5,No Prazo,Nenhuma
2738,20240723,13,7,17,9,3,47.1,10214.29,1960,31.6,32.9,No Prazo,Trânsito/Rota
2739,20240723,24,10,8,13,4,41.6,5774.92,1370,22.1,20.4,No Prazo,Problema Documental
2740,20240723,16,24,14,13,4,3.8,6483.81,1370,22.1,27.4,Atrasado,Nenhuma
2741,20240723,22,38,3,19,2,10.6,1599.5,300,4.8,4.9,No Prazo,Nenhuma
2742,20240723,35,4,28,11,3,4.7,2016.03,410,6.6,6.6,No Prazo,Nenhuma
2743,20240723,30,24,28,14,4,48.4,4589.71,800,12.9,15.0,Atrasado,Atraso em Carga/Descarga
2744,20240723,41,33,11,20,3,32.3,5795.96,930,15.0,14.2,No Prazo,Trânsito/Rota
2745,20240723,33,15,25,8,1,24.7,5324.56,930,15.0,16.0,Atrasado,Trânsito/Rota
2746,20240723,41,20,12,5,3,33.4,7096.15,1370,22.1,21.3,No Prazo,Trânsito/Rota
2747,20240723,42,37,26,19,5,5.8,1719.44,300,4.8,6.4,Atrasado,Nenhuma
2748,20240723,20,29,20,7,5,4.7,1196.41,210,3.4,3.1,No Prazo,Pane Mecânica
2749,20240723,1,7,15,15,3,9.0,1003.43,210,3.4,3.4,No Prazo,Nenhuma
2750,20240723,19,37,29,7,5,27.4,1176.57,210,3.4,3.5,No Prazo,Nenhuma
2751,20240724,39,10,4,19,4,16.7,1751.98,300,4.8,4.6,No Prazo,Nenhuma
2752,20240724,33,15,14,5,1,24.0,6367.56,1370,22.1,21.1,No Prazo,Nenhuma
2753,20240724,12,37,20,8,5,8.6,3987.61,930,15.0,15.7,No Prazo,Nenhuma
2754,20240724,23,24,23,9,4,3.8,9228.86,1960,31.6,30.0,No Prazo,Nenhuma
2755,20240724,21,27,10,15,1,35.2,1069.41,210,3.4,3.3,No Prazo,Nenhuma
2756,20240724,5,2,16,17,1,35.7,531.11,100,1.6,1.6,No Prazo,Nenhuma
2757,20240724,41,33,7,13,3,28.2,7173.01,1370,22.1,20.4,No Prazo,Nenhuma
2758,20240724,39,10,22,7,4,26.4,1229.05,210,3.4,3.3,No Prazo,Nenhuma
2759,20240724,38,37,17,10,5,40.2,5389.12,930,15.0,18.8,Atrasado,Nenhuma
2760,20240724,19,34,3,16,5,24.1,1771.88,315,5.1,5.3,No Prazo,Nenhuma
2761,20240724,6,34,10,4,5,12.3,3404.71,550,8.9,8.6,No Prazo,Nenhuma
2762,20240724,38,12,10,17,5,51.5,561.07,100,1.6,1.5,No Prazo,Nenhuma
2763,20240724,26,1,5,10,1,8.5,4902.03,930,15.0,14.1,No Prazo,Nenhuma
2764,20240724,25,34,7,14,5,10.0,3872.26,800,12.9,12.9,No Prazo,Nenhuma
2765,20240725,8,27,5,13,1,12.3,6155.78,1370,22.1,22.8,No Prazo,Nenhuma
2766,20240725,7,28,12,5,5,5.4,5412.56,1370,22.1,27.1,Atrasado,Nenhuma
2767,20240725,6,17,3,6,5,10.4,3359.13,800,12.9,13.4,No Prazo,Nenhuma
2768,20240725,34,26,10,7,2,4.2,954.85,210,3.4,3.3,No Prazo,Nenhuma
2769,20240725,36,2,15,19,1,3.9,1719.85,300,4.8,5.0,No Prazo,Atraso em Carga/Descarga
2770,20240725,29,2,29,6,1,11.0,4641.87,800,12.9,13.5,No Prazo,Nenhuma
2771,20240725,10,25,13,17,2,25.5,549.62,100,1.6,1.6,No Prazo,Nenhuma
2772,20240725,21,6,11,4,1,24.7,2396.96,550,8.9,9.0,No Prazo,Trânsito/Rota
2773,20240725,20,12,11,16,5,5.5,1755.03,315,5.1,5.0,No Prazo,Nenhuma
2774,20240725,22,26,27,15,2,11.0,994.02,210,3.4,3.1,No Prazo,Nenhuma
2775,20240725,36,22,9,19,1,3.8,1374.23,300,4.8,4.8,No Prazo,Nenhuma
2776,20240725,34,25,26,19,2,4.6,1704.28,300,4.8,6.4,Atrasado,Nenhuma
2777,20240725,28,1,16,2,1,42.2,2457.72,410,6.6,6.9,No Prazo,Nenhuma
2778,20240725,42,35,24,18,5,5.2,2822.39,550,8.9,11.2,Atrasado,Nenhuma
2779,20240725,33,15,19,16,1,20.2,1550.28,315,5.1,4.9,No Prazo,Nenhuma
2780,20240725,24,10,12,10,4,49.9,4728.96,930,15.0,14.9,No Prazo,Nenhuma
2781,20240725,4,15,12,7,1,3.7,1236.79,210,3.4,3.4,No Prazo,Pane Mecânica
2782,20240725,32,24,20,14,4,22.7,3612.77,800,12.9,13.4,No Prazo,Nenhuma
2783,20240725,17,17,6,9,5,11.7,11726.36,1960,31.6,33.0,No Prazo,Nenhuma
2784,20240725,13,5,21,11,3,35.4,1750.78,410,6.6,6.7,No Prazo,Nenhuma
2785,20240725,36,27,23,20,1,3.7,4833.6,930,15.0,15.0,No Prazo,Pane Mecânica
2786,20240725,2,35,10,19,5,4.1,1550.28,300,4.8,4.6,No Prazo,Nenhuma
2787,20240725,34,16,14,3,2,4.3,2549.22,590,9.5,12.0,Atrasado,Nenhuma
2788,20240725,9,38,5,12,2,28.4,3438.45,590,9.5,9.0,No Prazo,Nenhuma
2789,20240726,19,29,6,2,5,33.1,2167.38,410,6.6,6.9,No Prazo,Nenhuma
2790,20240726,34,8,27,17,2,5.3,452.05,100,1.6,1.6,No Prazo,Nenhuma
2791,20240726,2,37,27,5,5,5.8,7124.56,1370,22.1,20.9,No Prazo,Trânsito/Rota
2792,20240726,36,15,5,11,1,5.4,2052.05,410,6.6,8.0,Atrasado,Nenhuma
2793,20240726,25,12,2,6,5,8.4,4564.61,800,12.9,12.9,No Prazo,Atraso em Carga/Descarga
2794,20240726,16,36,7,11,4,4.7,2013.82,410,6.6,6.6,No Prazo,Nenhuma
2795,20240726,34,19,16,2,2,5.4,2244.63,410,6.6,7.2,Atrasado,Nenhuma
2796,20240726,14,17,2,16,5,5.6,1796.91,315,5.1,5.3,No Prazo,Nenhuma
2797,20240726,30,36,4,10,4,55.7,5054.0,930,15.0,15.6,No Prazo,Nenhuma
2798,20240726,20,17,15,2,5,4.2,2442.76,410,6.6,6.6,No Prazo,Nenhuma
2799,20240726,17,34,12,10,5,9.2,4084.54,930,15.0,18.4,Atrasado,Nenhuma
2800,20240726,1,4,29,13,3,8.7,6913.35,1370,22.1,27.0,Atrasado,Atraso em Carga/Descarga
2801,20240726,25,37,7,20,5,10.6,5705.23,930,15.0,14.3,No Prazo,Nenhuma
2802,20240726,27,13,23,7,5,37.7,1119.81,210,3.4,3.2,No Prazo,Nenhuma
2803,20240726,4,11,26,1,1,5.5,2353.13,430,6.9,7.2,No Prazo,Nenhuma
2804,20240727,18,31,2,6,3,49.8,4062.18,800,12.9,12.6,No Prazo,Nenhuma
2805,20240727,42,28,3,5,5,5.2,6550.55,1370,22.1,20.8,No Prazo,Nenhuma
2806,20240727,11,7,1,10,3,5.7,3922.28,930,15.0,14.2,No Prazo,Nenhuma
2807,20240727,23,10,1,12,4,3.9,3293.65,590,9.5,9.6,No Prazo,Nenhuma
2808,20240727,8,11,18,18,1,9.2,3064.9,550,8.9,9.3,No Prazo,Nenhuma
2809,20240728,1,4,27,8,3,13.7,4946.17,930,15.0,15.0,No Prazo,Nenhuma
2810,20240728,20,12,25,3,5,5.1,3359.26,590,9.5,9.6,No Prazo,Nenhuma
2811,20240728,36,27,23,4,1,4.5,2491.75,550,8.9,12.5,Atrasado,Nenhuma
2812,20240728,1,20,15,7,3,13.8,966.6,210,3.4,4.8,Atrasado,Nenhuma
2813,20240728,28,22,11,10,1,42.5,4108.26,930,15.0,21.5,Atrasado,Nenhuma
2814,20240728,11,20,21,7,3,5.3,906.4,210,3.4,3.4,No Prazo,Nenhuma
2815,20240728,39,36,5,1,4,16.5,2503.89,430,6.9,9.4,Atrasado,Nenhuma
2816,20240729,4,15,30,18,1,5.0,2484.84,550,8.9,8.9,No Prazo,Trânsito/Rota
2817,20240729,5,6,25,14,1,34.0,3776.05,800,12.9,16.9,Atrasado,Atraso em Carga/Descarga
2818,20240729,36,11,25,20,1,4.5,4168.22,930,15.0,15.5,No Prazo,Nenhuma
2819,20240729,42,17,9,16,5,5.8,1645.3,315,5.1,5.5,Atrasado,Nenhuma
2820,20240729,14,28,3,4,5,4.3,2291.03,550,8.9,8.8,No Prazo,Trânsito/Rota
2821,20240729,28,2,7,12,1,47.3,3606.32,590,9.5,11.2,Atrasado,Nenhuma
2822,20240729,25,29,29,1,5,10.3,2405.06,430,6.9,7.2,No Prazo,Nenhuma
2823,20240729,33,30,18,9,1,20.5,10818.21,1960,31.6,36.4,Atrasado,Nenhuma
2824,20240729,42,35,27,2,5,6.0,1756.91,410,6.6,6.9,No Prazo,Nenhuma
2825,20240729,22,19,29,17,2,10.6,574.59,100,1.6,2.3,Atrasado,Nenhuma
2826,20240729,11,4,25,7,3,5.0,994.72,210,3.4,4.7,Atrasado,Nenhuma
2827,20240729,18,20,5,20,3,41.4,4440.97,930,15.0,14.9,No Prazo,Nenhuma
2828,20240729,8,6,8,1,1,12.7,2030.48,430,6.9,6.4,No Prazo,Nenhuma
2829,20240729,5,27,18,13,1,32.4,6170.61,1370,22.1,31.4,Atrasado,Nenhuma
2830,20240729,19,29,22,6,5,24.0,3848.56,800,12.9,13.4,No Prazo,Nenhuma
2831,20240729,9,16,9,17,2,24.5,500.07,100,1.6,1.7,No Prazo,Nenhuma
2832,20240729,26,11,25,17,1,13.5,547.64,100,1.6,2.1,Atrasado,Nenhuma
2833,20240729,2,29,30,3,5,3.7,3012.87,590,9.5,9.5,No Prazo,Pane Mecânica
2834,20240729,33,27,7,8,1,16.5,4879.62,930,15.0,20.7,Atrasado,Nenhuma
2835,20240729,13,5,6,9,3,44.3,9776.4,1960,31.6,30.4,No Prazo,Nenhuma
2836,20240729,9,25,13,5,2,29.1,6124.62,1370,22.1,20.5,No Prazo,Nenhuma
2837,20240729,38,13,21,15,5,50.2,1222.71,210,3.4,3.7,Atrasado,Atraso em Carga/Descarga
2838,20240729,15,15,24,3,1,42.6,3192.22,590,9.5,8.8,No Prazo,Nenhuma
2839,20240729,21,1,25,20,1,34.9,3959.58,930,15.0,14.4,No Prazo,Nenhuma
2840,20240729,39,36,25,19,4,26.4,1231.84,300,4.8,5.0,No Prazo,Nenhuma
2841,20240729,10,8,3,17,2,17.5,599.72,100,1.6,1.6,No Prazo,Nenhuma
2842,20240729,17,34,22,20,5,14.0,5253.17,930,15.0,15.0,No Prazo,Nenhuma
2843,20240730,21,11,27,2,1,29.9,2060.91,410,6.6,6.6,No Prazo,Nenhuma
2844,20240730,30,36,15,3,4,48.6,2881.15,590,9.5,9.2,No Prazo,Nenhuma
2845,20240730,35,20,6,10,3,5.6,5427.14,930,15.0,16.8,Atrasado,Nenhuma
2846,20240730,37,22,11,20,1,23.7,5105.71,930,15.0,15.5,No Prazo,Nenhuma
2847,20240730,6,13,18,13,5,9.4,6569.3,1370,22.1,22.7,No Prazo,Pane Mecânica
2848,20240730,14,13,18,5,5,4.1,6279.07,1370,22.1,20.6,No Prazo,Nenhuma
2849,20240730,37,6,22,17,1,16.6,503.97,100,1.6,1.6,No Prazo,Nenhuma
2850,20240730,23,24,6,18,4,4.5,2897.01,550,8.9,12.2,Atrasado,Pane Mecânica
2851,20240730,24,36,24,17,4,38.8,395.22,100,1.6,1.6,No Prazo,Nenhuma
2852,20240730,38,35,1,9,5,53.5,11155.77,1960,31.6,40.4,Atrasado,Nenhuma
2853,20240730,23,32,8,9,4,5.9,11147.92,1960,31.6,32.3,No Prazo,Nenhuma
2854,20240730,10,8,4,14,2,26.2,4449.64,800,12.9,12.5,No Prazo,Nenhuma
2855,20240730,7,17,22,3,5,4.7,2608.76,590,9.5,13.6,Atrasado,Problema Documental
2856,20240730,6,29,27,20,5,13.9,3910.25,930,15.0,13.8,No Prazo,Nenhuma
2857,20240730,9,19,9,14,2,31.2,3527.34,800,12.9,13.0,No Prazo,Nenhuma
2858,20240731,27,28,22,6,5,50.6,4364.87,800,12.9,14.6,Atrasado,Atraso em Carga/Descarga
2859,20240731,22,19,1,14,2,10.7,3966.5,800,12.9,13.5,No Prazo,Nenhuma
2860,20240731,24,36,18,10,4,49.2,5262.59,930,15.0,20.5,Atrasado,Nenhuma
2861,20240731,17,37,21,20,5,12.9,3971.27,930,15.0,14.3,No Prazo,Nenhuma
2862,20240731,12,34,12,8,5,11.2,3876.09,930,15.0,14.4,No Prazo,Trânsito/Rota
2863,20240731,33,6,28,9,1,26.5,11069.66,1960,31.6,29.1,No Prazo,Nenhuma
2864,20240731,10,26,1,19,2,18.6,1431.7,300,4.8,4.9,No Prazo,Nenhuma
2865,20240731,8,1,30,1,1,9.7,2431.68,430,6.9,6.4,No Prazo,Nenhuma
2866,20240731,37,30,24,20,1,24.7,3804.45,930,15.0,15.4,No Prazo,Atraso em Carga/Descarga
2867,20240731,13,7,5,3,3,49.2,2804.09,590,9.5,10.3,Atrasado,Nenhuma
2868,20240731,12,13,22,3,5,13.5,2774.82,590,9.5,9.9,No Prazo,Nenhuma
2869,20240731,19,35,8,2,5,32.9,2077.45,410,6.6,6.5,No Prazo,Nenhuma
2870,20240731,25,28,15,3,5,9.4,2800.5,590,9.5,9.1,No Prazo,Nenhuma
2871,20240731,16,36,20,15,4,4.0,873.4,210,3.4,3.2,No Prazo,Nenhuma
2872,20240731,24,23,30,12,4,36.2,2876.98,590,9.5,9.7,No Prazo,Nenhuma
2873,20240801,13,31,13,2,3,43.4,2122.38,410,6.6,6.6,No Prazo,Nenhuma
2874,20240801,29,1,28,18,1,9.6,2415.93,550,8.9,8.3,No Prazo,Nenhuma
2875,20240801,41,5,9,4,3,33.6,2419.47,550,8.9,8.2,No Prazo,Atraso em Carga/Descarga
2876,20240801,41,4,25,3,3,32.5,3511.2,590,9.5,9.4,No Prazo,Nenhuma
2877,20240801,21,30,18,3,1,34.6,3620.28,590,9.5,9.9,No Prazo,Nenhuma
2878,20240801,32,36,6,19,4,19.5,1237.72,300,4.8,5.7,Atrasado,Nenhuma
2879,20240801,38,35,12,19,5,55.9,1657.16,300,4.8,4.5,No Prazo,Nenhuma
2880,20240801,34,38,15,17,2,3.7,412.67,100,1.6,2.2,Atrasado,Nenhuma
2881,20240801,26,1,5,17,1,10.5,602.47,100,1.6,1.7,No Prazo,Nenhuma
2882,20240801,11,3,5,4,3,5.3,2227.49,550,8.9,8.6,No Prazo,Nenhuma
2883,20240801,24,36,29,16,4,49.4,1533.1,315,5.1,5.1,No Prazo,Atraso em Carga/Descarga
2884,20240801,41,7,4,8,3,35.3,4078.38,930,15.0,14.5,No Prazo,Nenhuma
2885,20240801,19,34,18,11,5,22.7,2238.49,410,6.6,6.4,No Prazo,Nenhuma
2886,20240801,26,22,27,12,1,11.0,2508.41,590,9.5,12.2,Atrasado,Nenhuma
2887,20240801,36,22,4,18,1,5.9,2604.38,550,8.9,8.9,No Prazo,Nenhuma
2888,20240801,19,17,2,11,5,32.5,1793.79,410,6.6,6.6,No Prazo,Nenhuma
2889,20240801,39,10,19,3,4,18.1,2708.52,590,9.5,9.3,No Prazo,Nenhuma
2890,20240801,19,37,4,18,5,26.6,3402.87,550,8.9,9.2,No Prazo,Nenhuma
2891,20240801,17,12,4,15,5,11.5,1068.71,210,3.4,3.5,No Prazo,Nenhuma
2892,20240801,11,5,20,3,3,4.6,2698.82,590,9.5,9.9,No Prazo,Atraso em Carga/Descarga
2893,20240801,29,22,14,11,1,12.6,1868.33,410,6.6,6.8,No Prazo,Nenhuma
2894,20240802,30,24,15,4,4,47.2,2807.68,550,8.9,9.2,No Prazo,Atraso em Carga/Descarga
2895,20240802,21,2,22,13,1,26.0,6957.99,1370,22.1,21.1,No Prazo,Nenhuma
2896,20240802,35,33,6,10,3,3.6,5323.23,930,15.0,14.1,No Prazo,Nenhuma
2897,20240802,34,19,28,13,2,5.0,6649.43,1370,22.1,29.7,Atrasado,Nenhuma
2898,20240802,40,23,13,10,4,11.6,5329.15,930,15.0,19.3,Atrasado,Atraso em Carga/Descarga
2899,20240802,35,5,4,9,3,3.8,8991.69,1960,31.6,42.9,Atrasado,Nenhuma
2900,20240802,30,36,2,10,4,35.6,4251.82,930,15.0,18.7,Atrasado,Nenhuma
2901,20240802,42,28,12,18,5,5.6,2555.62,550,8.9,8.7,No Prazo,Nenhuma
2902,20240802,25,34,18,13,5,12.9,6101.47,1370,22.1,20.4,No Prazo,Nenhuma
2903,20240802,32,24,29,6,4,22.3,4512.8,800,12.9,13.1,No Prazo,Nenhuma
2904,20240802,28,6,22,14,1,35.4,3437.39,800,12.9,14.2,Atrasado,Nenhuma
2905,20240802,5,27,19,11,1,25.2,2313.55,410,6.6,6.4,No Prazo,Nenhuma
2906,20240802,39,36,12,8,4,20.4,4313.71,930,15.0,14.7,No Prazo,Nenhuma
2907,20240802,15,27,9,5,1,55.6,7800.4,1370,22.1,21.0,No Prazo,Nenhuma
2908,20240802,9,19,11,2,2,32.6,2042.25,410,6.6,6.4,No Prazo,Nenhuma
2909,20240802,14,29,15,13,5,3.8,8088.66,1370,22.1,20.9,No Prazo,Trânsito/Rota
2910,20240802,4,1,28,1,1,4.1,2181.23,430,6.9,7.4,Atrasado,Nenhuma
2911,20240803,42,37,25,8,5,4.7,4082.86,930,15.0,13.8,No Prazo,Nenhuma
2912,20240803,7,17,23,18,5,4.7,2857.16,550,8.9,9.1,No Prazo,Nenhuma
2913,20240803,24,10,20,2,4,52.9,2218.36,410,6.6,9.5,Atrasado,Nenhuma
2914,20240803,38,34,9,9,5,50.4,11451.66,1960,31.6,32.2,No Prazo,Atraso em Carga/Descarga
2915,20240803,11,3,16,5,3,4.0,7390.12,1370,22.1,21.7,No Prazo,Trânsito/Rota
2916,20240804,11,5,17,20,3,4.7,3939.64,930,15.0,14.4,No Prazo,Nenhuma
2917,20240804,26,6,13,15,1,11.4,1160.2,210,3.4,3.2,No Prazo,Nenhuma
2918,20240804,24,23,4,11,4,55.7,1972.68,410,6.6,6.4,No Prazo,Trânsito/Rota
2919,20240805,19,29,27,16,5,24.6,1409.65,315,5.1,5.2,No Prazo,Nenhuma
2920,20240805,6,35,30,5,5,8.5,6505.67,1370,22.1,20.9,No Prazo,Nenhuma
2921,20240805,38,28,8,12,5,34.7,2606.54,590,9.5,9.6,No Prazo,Nenhuma
2922,20240805,13,33,3,4,3,54.7,3029.78,550,8.9,11.0,Atrasado,Nenhuma
2923,20240805,5,1,3,2,1,33.7,2119.88,410,6.6,7.6,Atrasado,Nenhuma
2924,20240805,29,11,24,5,1,9.4,7067.06,1370,22.1,22.9,No Prazo,Trânsito/Rota
2925,20240805,5,27,4,1,1,33.1,2160.04,430,6.9,6.6,No Prazo,Nenhuma
2926,20240805,19,28,6,3,5,32.8,3355.94,590,9.5,9.1,No Prazo,Nenhuma
2927,20240805,20,17,12,19,5,5.9,1596.59,300,4.8,6.5,Atrasado,Nenhuma
2928,20240805,17,13,27,15,5,12.4,1263.03,210,3.4,3.2,No Prazo,Nenhuma
2929,20240805,17,28,2,12,5,10.9,3373.16,590,9.5,12.5,Atrasado,Nenhuma
2930,20240805,27,13,16,7,5,50.8,1284.48,210,3.4,3.4,No Prazo,Nenhuma
2931,20240805,19,13,18,2,5,34.4,2023.08,410,6.6,9.4,Atrasado,Nenhuma
2932,20240805,35,31,11,3,3,4.2,2884.6,590,9.5,9.8,No Prazo,Nenhuma
2933,20240805,4,2,12,18,1,5.5,2643.1,550,8.9,9.3,No Prazo,Nenhuma
2934,20240805,33,30,20,5,1,19.6,5954.66,1370,22.1,26.4,Atrasado,Nenhuma
2935,20240805,34,21,20,15,2,4.9,1191.59,210,3.4,3.8,Atrasado,Nenhuma
2936,20240805,7,35,7,3,5,4.2,2638.97,590,9.5,13.0,Atrasado,Nenhuma
2937,20240805,30,23,22,9,4,36.1,11237.37,1960,31.6,31.2,No Prazo,Nenhuma
2938,20240805,13,33,9,14,3,42.1,4284.99,800,12.9,16.8,Atrasado,Nenhuma
2939,20240805,25,12,13,4,5,13.4,3178.58,550,8.9,9.1,No Prazo,Nenhuma
2940,20240805,7,35,12,11,5,3.7,2108.66,410,6.6,6.2,No Prazo,Atraso em Carga/Descarga
2941,20240805,3,13,19,11,5,5.1,2148.05,410,6.6,6.8,No Prazo,Nenhuma
2942,20240805,3,28,21,14,5,4.8,3402.9,800,12.9,12.5,No Prazo,Nenhuma
2943,20240806,34,16,9,14,2,4.9,3373.67,800,12.9,14.4,Atrasado,Nenhuma
2944,20240806,13,33,18,6,3,38.2,4386.86,800,12.9,13.3,No Prazo,Nenhuma
2945,20240806,16,10,4,2,4,5.9,2445.51,410,6.6,6.5,No Prazo,Nenhuma
2946,20240806,23,24,8,19,4,5.9,1385.62,300,4.8,5.1,Atrasado,Nenhuma
2947,20240806,35,33,30,9,3,4.8,9990.06,1960,31.6,30.2,No Prazo,Nenhuma
2948,20240806,8,27,22,7,1,9.3,1217.33,210,3.4,3.4,No Prazo,Nenhuma
2949,20240806,2,28,6,13,5,5.1,7646.04,1370,22.1,21.8,No Prazo,Nenhuma
2950,20240806,20,17,20,6,5,5.8,3926.36,800,12.9,13.5,No Prazo,Nenhuma
2951,20240806,14,12,29,6,5,4.4,3508.05,800,12.9,16.1,Atrasado,Pane Mecânica
2952,20240806,10,18,9,4,2,17.9,2531.93,550,8.9,9.2,No Prazo,Nenhuma
2953,20240806,9,38,21,20,2,23.4,5048.01,930,15.0,14.9,No Prazo,Atraso em Carga/Descarga
2954,20240806,26,2,4,14,1,9.2,3544.31,800,12.9,18.5,Atrasado,Nenhuma
2955,20240806,25,35,5,18,5,9.6,2360.31,550,8.9,11.9,Atrasado,Nenhuma
2956,20240806,6,28,24,15,5,10.8,1066.57,210,3.4,3.3,No Prazo,Pane Mecânica
2957,20240807,39,24,9,4,4,19.4,2953.07,550,8.9,8.3,No Prazo,Nenhuma
2958,20240807,31,27,27,7,1,48.4,882.36,210,3.4,3.2,No Prazo,Nenhuma
2959,20240807,23,10,16,17,4,4.1,529.32,100,1.6,1.6,No Prazo,Trânsito/Rota
2960,20240807,28,2,28,17,1,39.3,547.33,100,1.6,1.5,No Prazo,Nenhuma
2961,20240807,34,19,22,10,2,5.9,3929.26,930,15.0,18.9,Atrasado,Trânsito/Rota
2962,20240807,34,14,5,5,2,3.9,6341.87,1370,22.1,21.5,No Prazo,Nenhuma
2963,20240807,28,1,3,19,1,43.4,1669.87,300,4.8,4.7,No Prazo,Nenhuma
2964,20240807,42,29,19,10,5,4.9,4709.3,930,15.0,20.8,Atrasado,Nenhuma
2965,20240807,29,11,8,18,1,8.6,2672.59,550,8.9,9.3,No Prazo,Nenhuma
2966,20240807,32,24,5,17,4,21.9,446.48,100,1.6,1.6,No Prazo,Nenhuma
2967,20240807,12,13,15,11,5,10.6,2392.94,410,6.6,6.7,No Prazo,Nenhuma
2968,20240807,6,12,8,6,5,12.5,3655.44,800,12.9,12.1,No Prazo,Atraso em Carga/Descarga
2969,20240807,30,36,11,7,4,52.6,900.5,210,3.4,3.4,No Prazo,Nenhuma
2970,20240807,14,35,5,13,5,4.0,6077.88,1370,22.1,25.9,Atrasado,Nenhuma
2971,20240807,17,29,2,13,5,11.3,8119.67,1370,22.1,20.7,No Prazo,Nenhuma
2972,20240807,28,11,12,19,1,48.2,1346.54,300,4.8,4.8,No Prazo,Nenhuma
2973,20240807,7,12,2,17,5,5.0,516.88,100,1.6,1.5,No Prazo,Nenhuma
2974,20240807,19,35,28,19,5,22.5,1341.16,300,4.8,4.9,No Prazo,Nenhuma
2975,20240807,21,6,5,15,1,32.7,868.53,210,3.4,3.2,No Prazo,Nenhuma
2976,20240807,20,28,30,20,5,4.9,3964.33,930,15.0,13.9,No Prazo,Pane Mecânica
2977,20240807,18,3,8,6,3,40.4,4809.97,800,12.9,11.9,No Prazo,Nenhuma
2978,20240807,28,15,17,12,1,49.9,3573.25,590,9.5,9.6,No Prazo,Nenhuma
2979,20240807,19,29,27,9,5,31.2,8137.47,1960,31.6,29.7,No Prazo,Nenhuma
2980,20240808,40,23,21,7,4,13.6,1163.85,210,3.4,3.5,No Prazo,Trânsito/Rota
2981,20240808,27,12,3,18,5,45.6,3242.15,550,8.9,10.1,Atrasado,Pane Mecânica
2982,20240808,10,9,26,14,2,20.6,4413.86,800,12.9,13.3,No Prazo,Atraso em Carga/Descarga
2983,20240808,1,33,25,15,3,13.5,1190.28,210,3.4,3.3,No Prazo,Nenhuma
2984,20240808,26,1,29,8,1,11.5,5301.81,930,15.0,17.0,Atrasado,Nenhuma
2985,20240808,4,6,29,3,1,5.5,2562.73,590,9.5,8.9,No Prazo,Nenhuma
2986,20240808,33,27,5,2,1,21.7,2400.31,410,6.6,6.7,No Prazo,Nenhuma
2987,20240808,27,13,16,3,5,35.6,3008.78,590,9.5,13.6,Atrasado,Nenhuma
2988,20240808,32,10,15,4,4,26.5,2721.8,550,8.9,8.7,No Prazo,Nenhuma
2989,20240808,11,4,25,18,3,4.5,2717.46,550,8.9,11.3,Atrasado,Nenhuma
2990,20240808,29,15,19,6,1,12.1,3772.49,800,12.9,12.7,No Prazo,Nenhuma
2991,20240808,10,8,9,3,2,20.6,2929.95,590,9.5,9.9,No Prazo,Nenhuma
2992,20240808,25,13,8,18,5,13.2,2935.26,550,8.9,9.0,No Prazo,Nenhuma
2993,20240808,18,3,27,7,3,49.6,1296.68,210,3.4,3.3,No Prazo,Nenhuma
2994,20240808,20,28,28,5,5,5.9,6563.09,1370,22.1,22.8,No Prazo,Nenhuma
2995,20240808,9,9,26,3,2,23.6,2691.79,590,9.5,9.5,No Prazo,Trânsito/Rota
2996,20240808,19,13,29,1,5,24.6,2044.38,430,6.9,6.9,No Prazo,Nenhuma
2997,20240808,31,6,22,9,1,44.3,8786.29,1960,31.6,33.8,Atrasado,Nenhuma
2998,20240809,25,29,21,4,5,9.2,2873.63,550,8.9,10.5,Atrasado,Nenhuma
2999,20240809,34,19,5,1,2,5.0,1982.05,430,6.9,7.0,No Prazo,Nenhuma
3000,20240809,10,38,9,12,2,23.6,2988.94,590,9.5,9.8,No Prazo,Nenhuma
3001,20240809,36,2,8,10,1,4.3,5328.7,930,15.0,14.8,No Prazo,Nenhuma
3002,20240809,38,37,1,12,5,43.6,2772.83,590,9.5,9.5,No Prazo,Nenhuma
3003,20240809,17,29,11,9,5,12.5,10048.78,1960,31.6,37.1,Atrasado,Nenhuma
3004,20240809,8,27,27,16,1,8.6,1389.01,315,5.1,5.1,No Prazo,Nenhuma
3005,20240809,32,24,25,10,4,20.5,3989.31,930,15.0,15.5,No Prazo,Nenhuma
3006,20240809,42,37,7,4,5,4.6,3108.79,550,8.9,8.8,No Prazo,Trânsito/Rota
3007,20240809,41,20,1,14,3,22.5,4006.07,800,12.9,15.5,Atrasado,Nenhuma
3008,20240809,38,34,11,15,5,39.2,1085.38,210,3.4,3.5,No Prazo,Pane Mecânica
3009,20240809,34,25,28,14,2,4.4,3850.17,800,12.9,12.9,No Prazo,Nenhuma
3010,20240809,24,32,22,13,4,40.2,8225.4,1370,22.1,21.5,No Prazo,Trânsito/Rota
3011,20240809,5,22,21,11,1,22.4,2388.61,410,6.6,6.1,No Prazo,Nenhuma
3012,20240809,36,27,16,5,1,3.7,6425.64,1370,22.1,20.6,No Prazo,Trânsito/Rota
3013,20240809,16,24,3,6,4,5.5,3697.59,800,12.9,18.5,Atrasado,Nenhuma
3014,20240809,18,33,8,15,3,36.4,968.34,210,3.4,4.9,Atrasado,Nenhuma
3015,20240809,18,7,15,19,3,54.7,1386.32,300,4.8,4.9,No Prazo,Trânsito/Rota
3016,20240809,27,37,25,8,5,55.0,4976.81,930,15.0,15.5,No Prazo,Pane Mecânica
3017,20240810,6,28,20,11,5,9.0,2246.94,410,6.6,7.3,Atrasado,Nenhuma
3018,20240810,42,28,26,13,5,5.8,6686.14,1370,22.1,22.0,No Prazo,Nenhuma
3019,20240810,20,37,10,16,5,4.8,1764.28,315,5.1,5.3,No Prazo,Pane Mecânica
3020,20240811,26,1,6,1,1,9.3,2499.55,430,6.9,7.7,Atrasado,Nenhuma
3021,20240811,15,22,19,9,1,42.0,10626.13,1960,31.6,32.9,No Prazo,Nenhuma
3022,20240811,22,9,15,14,2,9.4,4405.74,800,12.9,12.3,No Prazo,Atraso em Carga/Descarga
3023,20240811,25,13,17,19,5,12.0,1434.72,300,4.8,4.6,No Prazo,Trânsito/Rota
3024,20240811,1,31,29,9,3,10.1,9342.04,1960,31.6,30.0,No Prazo,Nenhuma
3025,20240812,31,30,30,3,1,36.4,3251.12,590,9.5,8.7,No Prazo,Pane Mecânica
3026,20240812,37,22,25,20,1,26.7,4406.2,930,15.0,14.1,No Prazo,Pane Mecânica
3027,20240812,11,31,6,3,3,5.8,2530.6,590,9.5,9.6,No Prazo,Atraso em Carga/Descarga
3028,20240812,6,29,17,6,5,13.6,3441.57,800,12.9,13.4,No Prazo,Nenhuma
3029,20240812,35,3,28,16,3,5.1,1511.73,315,5.1,6.5,Atrasado,Nenhuma
3030,20240812,18,33,13,10,3,39.8,4334.12,930,15.0,14.9,No Prazo,Nenhuma
3031,20240812,25,37,22,2,5,11.7,1947.79,410,6.6,6.7,No Prazo,Nenhuma
3032,20240812,31,22,28,4,1,43.5,3219.79,550,8.9,8.3,No Prazo,Nenhuma
3033,20240812,4,11,1,11,1,4.4,1774.19,410,6.6,6.3,No Prazo,Nenhuma
3034,20240812,4,30,22,2,1,4.7,1909.24,410,6.6,8.6,Atrasado,Nenhuma
3035,20240812,27,28,10,5,5,37.4,6762.17,1370,22.1,29.7,Atrasado,Nenhuma
3036,20240812,17,37,28,18,5,12.8,2691.86,550,8.9,9.1,No Prazo,Nenhuma
3037,20240812,9,9,29,9,2,25.2,9450.43,1960,31.6,30.4,No Prazo,Nenhuma
3038,20240813,7,28,16,16,5,3.7,1407.47,315,5.1,5.3,No Prazo,Nenhuma
3039,20240813,17,29,29,16,5,9.5,1788.24,315,5.1,4.8,No Prazo,Atraso em Carga/Descarga
3040,20240813,26,2,16,19,1,11.3,1574.52,300,4.8,6.1,Atrasado,Nenhuma
3041,20240813,23,32,15,9,4,4.0,9736.41,1960,31.6,31.4,No Prazo,Nenhuma
3042,20240813,21,2,9,18,1,32.3,2477.74,550,8.9,8.7,No Prazo,Pane Mecânica
3043,20240813,17,12,27,14,5,9.6,3663.89,800,12.9,17.6,Atrasado,Nenhuma
3044,20240813,36,30,12,3,1,4.8,3336.68,590,9.5,9.0,No Prazo,Nenhuma
3045,20240813,7,29,24,13,5,4.5,5807.97,1370,22.1,31.5,Atrasado,Nenhuma
3046,20240813,34,26,21,13,2,4.6,8433.08,1370,22.1,22.7,No Prazo,Nenhuma
3047,20240813,25,12,17,10,5,11.8,4200.5,930,15.0,17.4,Atrasado,Trânsito/Rota
3048,20240813,27,34,22,19,5,35.4,1575.84,300,4.8,4.4,No Prazo,Nenhuma
3049,20240813,1,20,3,8,3,11.7,4282.22,930,15.0,15.6,No Prazo,Pane Mecânica
3050,20240813,24,24,11,20,4,49.8,4223.98,930,15.0,15.0,No Prazo,Nenhuma
3051,20240813,13,3,8,9,3,40.8,9215.36,1960,31.6,32.1,No Prazo,Nenhuma
3052,20240813,22,38,29,6,2,11.3,4400.29,800,12.9,16.8,Atrasado,Nenhuma
3053,20240813,31,27,29,18,1,42.7,2523.85,550,8.9,9.1,No Prazo,Nenhuma
3054,20240813,21,30,20,1,1,31.6,2282.42,430,6.9,6.8,No Prazo,Nenhuma
3055,20240813,12,13,15,1,5,11.7,1820.78,430,6.9,8.6,Atrasado,Nenhuma
3056,20240813,31,1,5,1,1,49.3,2331.62,430,6.9,6.5,No Prazo,Nenhuma
3057,20240813,8,11,3,15,1,9.5,1141.78,210,3.4,4.2,Atrasado,Atraso em Carga/Descarga
3058,20240814,12,28,1,12,5,11.7,2874.02,590,9.5,13.1,Atrasado,Pane Mecânica
3059,20240814,11,33,24,9,3,5.5,8769.22,1960,31.6,39.9,Atrasado,Nenhuma
3060,20240814,9,9,24,8,2,29.9,4031.76,930,15.0,14.2,No Prazo,Nenhuma
3061,20240814,18,4,13,9,3,51.3,10759.56,1960,31.6,30.1,No Prazo,Problema Documental
3062,20240814,17,17,10,5,5,11.2,6849.2,1370,22.1,28.4,Atrasado,Trânsito/Rota
3063,20240814,39,36,20,20,4,16.4,5295.52,930,15.0,20.8,Atrasado,Nenhuma
3064,20240814,12,12,9,18,5,13.1,3106.97,550,8.9,8.6,No Prazo,Nenhuma
3065,20240814,10,18,12,3,2,25.5,3484.03,590,9.5,9.7,No Prazo,Nenhuma
3066,20240814,9,16,24,8,2,34.5,4355.44,930,15.0,20.3,Atrasado,Nenhuma
3067,20240814,16,32,4,14,4,5.4,4519.97,800,12.9,13.0,No Prazo,Nenhuma
3068,20240814,33,11,1,9,1,24.2,8236.5,1960,31.6,29.1,No Prazo,Atraso em Carga/Descarga
3069,20240814,6,12,8,3,5,11.4,3536.81,590,9.5,9.5,No Prazo,Nenhuma
3070,20240814,38,29,4,10,5,37.0,4853.48,930,15.0,14.8,No Prazo,Pane Mecânica
3071,20240814,21,30,1,1,1,34.0,2514.21,430,6.9,6.6,No Prazo,Trânsito/Rota
3072,20240814,33,1,24,15,1,19.4,1111.35,210,3.4,3.3,No Prazo,Nenhuma
3073,20240814,6,29,23,2,5,12.8,2038.46,410,6.6,6.9,No Prazo,Nenhuma
3074,20240814,20,12,5,7,5,5.3,1072.87,210,3.4,3.2,No Prazo,Nenhuma
3075,20240814,28,15,26,14,1,48.3,4400.86,800,12.9,13.5,No Prazo,Atraso em Carga/Descarga
3076,20240814,37,15,3,17,1,25.3,484.06,100,1.6,2.0,Atrasado,Nenhuma
3077,20240814,40,36,30,2,4,12.0,2425.71,410,6.6,6.5,No Prazo,Nenhuma
3078,20240814,29,15,14,16,1,10.3,1743.34,315,5.1,5.0,No Prazo,Nenhuma
3079,20240814,17,34,10,16,5,8.6,1367.36,315,5.1,5.0,No Prazo,Nenhuma
3080,20240814,24,36,6,6,4,53.7,4068.61,800,12.9,15.6,Atrasado,Nenhuma
3081,20240814,34,14,29,15,2,5.8,977.81,210,3.4,3.2,No Prazo,Nenhuma
3082,20240815,34,21,28,9,2,5.2,8610.69,1960,31.6,31.9,No Prazo,Atraso em Carga/Descarga
3083,20240815,2,17,14,18,5,4.4,3132.94,550,8.9,11.6,Atrasado,Nenhuma
3084,20240815,20,37,5,1,5,5.6,1767.1,430,6.9,6.5,No Prazo,Nenhuma
3085,20240815,21,22,19,16,1,22.2,1536.56,315,5.1,5.0,No Prazo,Nenhuma
3086,20240815,23,23,7,2,4,3.9,2435.02,410,6.6,6.3,No Prazo,Nenhuma
3087,20240815,1,3,19,19,3,9.0,1614.06,300,4.8,4.5,No Prazo,Nenhuma
3088,20240815,38,28,3,18,5,43.6,3060.75,550,8.9,9.0,No Prazo,Trânsito/Rota
3089,20240815,40,32,13,6,4,12.1,4391.26,800,12.9,16.5,Atrasado,Nenhuma
3090,20240815,19,13,25,16,5,30.1,1883.35,315,5.1,5.2,No Prazo,Trânsito/Rota
3091,20240815,1,20,14,13,3,12.6,6743.44,1370,22.1,22.7,No Prazo,Nenhuma
3092,20240815,42,29,22,15,5,5.4,1075.68,210,3.4,3.2,No Prazo,Nenhuma
3093,20240815,36,27,16,4,1,5.1,2706.82,550,8.9,8.3,No Prazo,Nenhuma
3094,20240815,24,32,2,16,4,42.9,1747.5,315,5.1,7.1,Atrasado,Nenhuma
3095,20240815,10,14,14,6,2,26.4,4279.69,800,12.9,16.2,Atrasado,Nenhuma
3096,20240815,4,11,27,12,1,4.7,3101.36,590,9.5,9.6,No Prazo,Nenhuma
3097,20240815,28,1,19,1,1,40.7,2042.14,430,6.9,6.6,No Prazo,Nenhuma
3098,20240815,3,35,16,16,5,3.6,1918.7,315,5.1,5.0,No Prazo,Nenhuma
3099,20240815,16,32,13,6,4,4.6,3314.46,800,12.9,12.5,No Prazo,Pane Mecânica
3100,20240815,33,2,11,18,1,26.7,3080.42,550,8.9,12.4,Atrasado,Nenhuma
3101,20240815,39,32,26,9,4,17.1,8251.8,1960,31.6,29.6,No Prazo,Nenhuma
3102,20240815,1,33,21,3,3,10.0,2479.85,590,9.5,9.5,No Prazo,Nenhuma
3103,20240815,15,27,5,11,1,36.5,1799.88,410,6.6,7.6,Atrasado,Nenhuma
3104,20240815,2,17,13,15,5,3.8,1131.1,210,3.4,3.6,No Prazo,Atraso em Carga/Descarga
3105,20240816,12,34,6,18,5,12.6,2808.76,550,8.9,9.0,No Prazo,Nenhuma
3106,20240816,10,9,10,15,2,24.2,1298.94,210,3.4,3.2,No Prazo,Nenhuma
3107,20240816,19,29,5,10,5,23.4,4585.79,930,15.0,14.4,No Prazo,Nenhuma
3108,20240816,21,27,27,9,1,35.4,10128.43,1960,31.6,29.5,No Prazo,Pane Mecânica
3109,20240816,22,19,26,18,2,8.7,2418.46,550,8.9,9.0,No Prazo,Nenhuma
3110,20240816,38,37,20,19,5,45.0,1296.82,300,4.8,4.5,No Prazo,Atraso em Carga/Descarga
3111,20240816,3,34,27,16,5,4.0,1318.81,315,5.1,5.9,Atrasado,Trânsito/Rota
3112,20240816,10,8,29,15,2,20.7,917.94,210,3.4,3.6,No Prazo,Nenhuma
3113,20240816,32,23,20,6,4,16.3,4019.74,800,12.9,12.0,No Prazo,Nenhuma
3114,20240816,16,10,21,4,4,4.4,3230.37,550,8.9,8.7,No Prazo,Nenhuma
3115,20240816,12,12,6,19,5,8.9,1580.38,300,4.8,4.5,No Prazo,Nenhuma
3116,20240816,21,15,8,10,1,30.2,4268.88,930,15.0,15.5,No Prazo,Nenhuma
3117,20240816,14,37,30,1,5,4.8,1817.04,430,6.9,8.2,Atrasado,Atraso em Carga/Descarga
3118,20240817,28,27,18,14,1,51.2,4704.56,800,12.9,12.1,No Prazo,Pane Mecânica
3119,20240817,27,13,18,8,5,56.2,4411.59,930,15.0,14.3,No Prazo,Nenhuma
3120,20240817,1,4,10,13,3,13.9,7961.24,1370,22.1,22.6,No Prazo,Trânsito/Rota
3121,20240817,1,4,8,16,3,9.4,1392.73,315,5.1,4.9,No Prazo,Nenhuma
3122,20240817,21,2,26,1,1,30.9,2292.85,430,6.9,9.8,Atrasado,Nenhuma
3123,20240818,38,17,8,20,5,40.4,5091.55,930,15.0,21.1,Atrasado,Nenhuma
3124,20240818,34,9,7,19,2,3.7,1599.66,300,4.8,4.6,No Prazo,Nenhuma
3125,20240818,24,36,23,17,4,37.2,493.9,100,1.6,1.5,No Prazo,Nenhuma
3126,20240818,9,8,25,4,2,36.6,2891.09,550,8.9,9.0,No Prazo,Nenhuma
3127,20240818,28,15,1,9,1,42.2,9087.57,1960,31.6,31.8,No Prazo,Nenhuma
3128,20240818,13,33,5,7,3,55.4,1128.51,210,3.4,3.3,No Prazo,Trânsito/Rota
3129,20240818,2,29,22,11,5,6.0,2278.06,410,6.6,9.3,Atrasado,Nenhuma
3130,20240819,9,9,22,13,2,28.5,8281.0,1370,22.1,20.7,No Prazo,Nenhuma
3131,20240819,11,3,28,4,3,6.0,3202.76,550,8.9,8.7,No Prazo,Nenhuma
3132,20240819,34,14,16,5,2,5.4,6848.66,1370,22.1,31.8,Atrasado,Nenhuma
3133,20240819,27,12,7,1,5,34.9,2064.23,430,6.9,6.7,No Prazo,Nenhuma
3134,20240819,42,17,15,18,5,4.6,3102.06,550,8.9,12.1,Atrasado,Atraso em Carga/Descarga
3135,20240819,20,37,12,11,5,4.1,2200.92,410,6.6,6.2,No Prazo,Nenhuma
3136,20240819,14,17,4,9,5,4.2,10040.07,1960,31.6,33.0,No Prazo,Nenhuma
3137,20240819,40,32,15,8,4,9.3,4389.61,930,15.0,14.3,No Prazo,Nenhuma
3138,20240819,8,27,22,3,1,12.4,2313.25,590,9.5,9.7,No Prazo,Nenhuma
3139,20240819,21,6,10,16,1,36.1,1308.2,315,5.1,5.4,Atrasado,Nenhuma
3140,20240819,9,18,12,6,2,25.4,3195.85,800,12.9,12.3,No Prazo,Nenhuma
3141,20240819,40,32,21,17,4,12.4,472.78,100,1.6,1.5,No Prazo,Nenhuma
3142,20240819,34,26,12,2,2,5.0,2399.46,410,6.6,6.2,No Prazo,Pane Mecânica
3143,20240819,19,29,27,10,5,22.5,5692.25,930,15.0,15.3,No Prazo,Nenhuma
3144,20240819,42,35,5,15,5,5.6,912.29,210,3.4,4.6,Atrasado,Nenhuma
3145,20240819,42,34,21,16,5,4.9,1792.66,315,5.1,6.6,Atrasado,Nenhuma
3146,20240819,23,32,29,9,4,4.9,10540.54,1960,31.6,45.2,Atrasado,Atraso em Carga/Descarga
3147,20240819,7,13,28,1,5,5.7,2202.1,430,6.9,6.6,No Prazo,Nenhuma
3148,20240819,6,13,25,16,5,13.6,1862.71,315,5.1,5.1,No Prazo,Nenhuma
3149,20240819,37,6,3,7,1,17.5,925.84,210,3.4,3.7,Atrasado,Nenhuma
3150,20240820,9,9,23,1,2,26.9,2313.8,430,6.9,6.6,No Prazo,Nenhuma
3151,20240820,17,12,15,13,5,12.7,7967.19,1370,22.1,25.1,Atrasado,Nenhuma
3152,20240820,20,17,3,9,5,5.6,7931.94,1960,31.6,30.1,No Prazo,Nenhuma
3153,20240820,16,24,6,19,4,3.7,1471.77,300,4.8,4.6,No Prazo,Nenhuma
3154,20240820,34,21,13,14,2,5.3,4558.68,800,12.9,12.0,No Prazo,Nenhuma
3155,20240820,21,22,21,4,1,24.2,3244.75,550,8.9,11.9,Atrasado,Nenhuma
3156,20240820,31,2,11,6,1,36.3,4212.8,800,12.9,12.7,No Prazo,Nenhuma
3157,20240820,25,35,19,7,5,12.7,1203.42,210,3.4,3.8,Atrasado,Nenhuma
3158,20240820,31,27,10,13,1,45.6,5636.43,1370,22.1,20.7,No Prazo,Nenhuma
3159,20240820,14,29,9,5,5,5.8,7042.31,1370,22.1,23.1,No Prazo,Nenhuma
3160,20240820,5,2,11,12,1,36.9,2377.07,590,9.5,8.9,No Prazo,Nenhuma
3161,20240820,6,37,28,1,5,13.7,2172.73,430,6.9,7.0,No Prazo,Atraso em Carga/Descarga
3162,20240821,1,4,12,3,3,9.4,3068.71,590,9.5,9.1,No Prazo,Trânsito/Rota
3163,20240821,18,5,30,11,3,43.3,2264.19,410,6.6,6.3,No Prazo,Nenhuma
3164,20240821,10,8,28,13,2,20.6,5517.75,1370,22.1,20.7,No Prazo,Nenhuma
3165,20240821,41,7,20,4,3,23.5,3301.43,550,8.9,9.2,No Prazo,Nenhuma
3166,20240821,9,19,21,20,2,36.9,4702.25,930,15.0,13.9,No Prazo,Trânsito/Rota
3167,20240821,29,22,23,11,1,13.7,2126.69,410,6.6,8.1,Atrasado,Nenhuma
3168,20240821,32,32,13,5,4,26.5,7795.67,1370,22.1,25.7,Atrasado,Nenhuma
3169,20240821,16,23,27,15,4,3.7,1228.49,210,3.4,4.9,Atrasado,Nenhuma
3170,20240821,3,35,13,7,5,4.1,1099.4,210,3.4,3.7,Atrasado,Nenhuma
3171,20240821,23,10,28,14,4,4.2,3909.96,800,12.9,18.6,Atrasado,Atraso em Carga/Descarga
3172,20240821,22,8,2,18,2,10.1,3061.24,550,8.9,9.3,No Prazo,Nenhuma
3173,20240821,26,27,6,6,1,14.0,3947.79,800,12.9,12.0,No Prazo,Nenhuma
3174,20240821,13,33,7,3,3,53.0,3063.9,590,9.5,8.7,No Prazo,Nenhuma
3175,20240821,13,3,6,4,3,43.7,3233.33,550,8.9,12.2,Atrasado,Atraso em Carga/Descarga
3176,20240821,15,6,17,4,1,53.7,2428.16,550,8.9,12.5,Atrasado,Trânsito/Rota
3177,20240821,11,4,21,9,3,4.6,10061.36,1960,31.6,43.2,Atrasado,Nenhuma
3178,20240821,12,28,4,15,5,11.0,859.0,210,3.4,3.2,No Prazo,Nenhuma
3179,20240821,7,13,28,12,5,4.6,3569.79,590,9.5,9.4,No Prazo,Problema Documental
3180,20240821,41,4,8,17,3,36.6,424.03,100,1.6,1.5,No Prazo,Nenhuma
3181,20240821,38,17,6,5,5,50.8,8101.55,1370,22.1,23.1,No Prazo,Nenhuma
3182,20240821,13,31,3,20,3,41.9,5101.59,930,15.0,15.3,No Prazo,Nenhuma
3183,20240821,10,14,21,1,2,19.0,2287.02,430,6.9,7.0,No Prazo,Pane Mecânica
3184,20240822,6,28,2,10,5,13.0,4956.95,930,15.0,14.8,No Prazo,Nenhuma
3185,20240822,17,17,6,10,5,11.5,4725.64,930,15.0,15.1,No Prazo,Nenhuma
3186,20240822,21,30,9,15,1,25.5,1162.48,210,3.4,3.5,No Prazo,Pane Mecânica
3187,20240822,17,29,13,20,5,12.5,4632.08,930,15.0,19.0,Atrasado,Problema Documental
3188,20240822,2,12,6,19,5,4.6,1639.92,300,4.8,6.6,Atrasado,Problema Documental
3189,20240822,34,14,14,4,2,4.0,2505.3,550,8.9,8.9,No Prazo,Nenhuma
3190,20240822,40,23,24,20,4,12.9,4277.3,930,15.0,14.6,No Prazo,Nenhuma
3191,20240822,30,32,5,13,4,51.2,6632.18,1370,22.1,27.7,Atrasado,Nenhuma
3192,20240822,11,20,28,11,3,5.4,2332.35,410,6.6,7.5,Atrasado,Nenhuma
3193,20240822,33,6,25,5,1,23.7,5834.63,1370,22.1,28.8,Atrasado,Trânsito/Rota
3194,20240822,24,10,4,17,4,35.3,415.65,100,1.6,1.8,Atrasado,Trânsito/Rota
3195,20240822,28,15,11,1,1,45.0,1778.06,430,6.9,7.0,No Prazo,Nenhuma
3196,20240822,13,5,9,5,3,44.8,7243.09,1370,22.1,24.3,Atrasado,Nenhuma
3197,20240822,17,34,14,8,5,10.6,5592.22,930,15.0,19.9,Atrasado,Nenhuma
3198,20240822,19,35,17,12,5,33.3,2466.7,590,9.5,9.5,No Prazo,Trânsito/Rota
3199,20240822,36,11,13,15,1,5.1,1167.66,210,3.4,3.1,No Prazo,Nenhuma
3200,20240822,20,17,5,20,5,4.1,4449.15,930,15.0,15.2,No Prazo,Nenhuma
3201,20240822,26,27,1,2,1,13.6,2149.32,410,6.6,8.3,Atrasado,Nenhuma
3202,20240822,30,36,29,16,4,37.3,1609.08,315,5.1,5.0,No Prazo,Atraso em Carga/Descarga
3203,20240822,3,13,10,10,5,3.9,3916.61,930,15.0,15.0,No Prazo,Atraso em Carga/Descarga
3204,20240822,1,4,25,10,3,9.3,5485.62,930,15.0,19.3,Atrasado,Problema Documental
3205,20240822,5,11,13,18,1,25.9,2657.09,550,8.9,8.6,No Prazo,Nenhuma
3206,20240823,19,28,21,20,5,35.2,4604.87,930,15.0,17.0,Atrasado,Nenhuma
3207,20240823,28,15,6,1,1,34.5,2362.67,430,6.9,8.6,Atrasado,Atraso em Carga/Descarga
3208,20240823,22,19,27,20,2,8.6,3997.83,930,15.0,17.0,Atrasado,Nenhuma
3209,20240823,1,5,27,20,3,9.6,4358.97,930,15.0,16.6,Atrasado,Nenhuma
3210,20240823,6,13,21,13,5,12.8,6712.34,1370,22.1,21.3,No Prazo,Nenhuma
3211,20240823,30,32,19,10,4,43.3,4585.98,930,15.0,15.1,No Prazo,Nenhuma
3212,20240823,14,29,17,18,5,5.1,2387.52,550,8.9,12.7,Atrasado,Nenhuma
3213,20240823,25,35,7,20,5,13.7,5253.86,930,15.0,14.0,No Prazo,Nenhuma
3214,20240823,10,16,20,8,2,19.4,3880.44,930,15.0,13.8,No Prazo,Nenhuma
3215,20240823,26,22,25,16,1,8.7,1912.44,315,5.1,4.9,No Prazo,Pane Mecânica
3216,20240823,12,13,27,7,5,10.0,965.6,210,3.4,3.4,No Prazo,Nenhuma
3217,20240823,21,27,5,5,1,24.2,6869.51,1370,22.1,20.4,No Prazo,Nenhuma
3218,20240823,27,29,27,7,5,36.6,1060.0,210,3.4,3.1,No Prazo,Trânsito/Rota
3219,20240823,40,36,26,1,4,8.7,1913.37,430,6.9,7.0,No Prazo,Nenhuma
3220,20240823,2,17,24,4,5,5.3,3353.76,550,8.9,9.1,No Prazo,Nenhuma
3221,20240823,32,32,1,8,4,25.6,4808.43,930,15.0,14.0,No Prazo,Nenhuma
3222,20240823,26,15,16,1,1,8.5,1900.58,430,6.9,8.4,Atrasado,Nenhuma
3223,20240823,24,10,21,12,4,37.7,3071.8,590,9.5,13.2,Atrasado,Nenhuma
3224,20240823,33,1,7,10,1,21.3,4694.13,930,15.0,21.0,Atrasado,Nenhuma
3225,20240824,23,32,2,17,4,5.8,572.33,100,1.6,1.5,No Prazo,Nenhuma
3226,20240824,29,30,24,12,1,11.6,2933.89,590,9.5,9.2,No Prazo,Atraso em Carga/Descarga
3227,20240824,14,17,11,14,5,3.7,4337.68,800,12.9,13.1,No Prazo,Nenhuma
3228,20240825,9,26,11,10,2,33.8,4680.24,930,15.0,20.4,Atrasado,Nenhuma
3229,20240825,37,6,19,19,1,21.2,1286.89,300,4.8,4.4,No Prazo,Nenhuma
3230,20240825,19,29,14,10,5,34.4,4558.69,930,15.0,20.3,Atrasado,Nenhuma
3231,20240825,20,12,2,7,5,6.0,1158.08,210,3.4,3.9,Atrasado,Nenhuma
3232,20240825,12,29,2,13,5,10.1,5890.41,1370,22.1,21.6,No Prazo,Pane Mecânica
3233,20240826,36,11,25,19,1,4.8,1405.03,300,4.8,4.4,No Prazo,Nenhuma
3234,20240826,3,28,10,17,5,4.4,550.08,100,1.6,1.7,No Prazo,Trânsito/Rota
3235,20240826,7,17,5,4,5,4.0,2733.39,550,8.9,8.7,No Prazo,Nenhuma
3236,20240826,37,11,20,5,1,16.3,7216.78,1370,22.1,21.7,No Prazo,Nenhuma
3237,20240826,1,20,3,17,3,13.1,440.41,100,1.6,2.3,Atrasado,Nenhuma
3238,20240826,12,12,28,20,5,10.7,4083.39,930,15.0,14.8,No Prazo,Nenhuma
3239,20240826,19,34,29,3,5,34.6,3066.28,590,9.5,8.8,No Prazo,Nenhuma
3240,20240826,39,24,2,14,4,26.1,4024.44,800,12.9,12.2,No Prazo,Nenhuma
3241,20240826,9,38,9,14,2,33.7,4350.99,800,12.9,11.9,No Prazo,Nenhuma
3242,20240826,21,27,30,2,1,34.5,2274.65,410,6.6,6.7,No Prazo,Atraso em Carga/Descarga
3243,20240826,41,33,5,20,3,27.0,5281.13,930,15.0,13.8,No Prazo,Nenhuma
3244,20240826,23,32,15,4,4,5.2,2570.82,550,8.9,11.2,Atrasado,Trânsito/Rota
3245,20240826,34,19,1,10,2,4.8,4291.79,930,15.0,14.0,No Prazo,Nenhuma
3246,20240826,41,7,10,1,3,22.6,2447.2,430,6.9,6.5,No Prazo,Nenhuma
3247,20240826,1,4,25,16,3,10.7,1783.61,315,5.1,4.7,No Prazo,Nenhuma
3248,20240827,20,37,10,10,5,4.0,4082.91,930,15.0,20.8,Atrasado,Nenhuma
3249,20240827,22,25,9,11,2,11.1,2251.22,410,6.6,6.2,No Prazo,Nenhuma
3250,20240827,31,2,25,5,1,37.8,7811.03,1370,22.1,22.7,No Prazo,Nenhuma
3251,20240827,34,14,3,14,2,4.9,3206.28,800,12.9,12.6,No Prazo,Nenhuma
3252,20240827,8,15,12,14,1,9.6,4432.62,800,12.9,12.2,No Prazo,Nenhuma
3253,20240827,30,24,4,1,4,56.1,2234.9,430,6.9,7.2,No Prazo,Nenhuma
3254,20240827,13,4,26,1,3,49.7,2041.17,430,6.9,6.8,No Prazo,Trânsito/Rota
3255,20240827,30,10,1,20,4,44.5,5511.44,930,15.0,20.6,Atrasado,Nenhuma
3256,20240827,25,13,20,12,5,13.6,2993.14,590,9.5,12.6,Atrasado,Atraso em Carga/Descarga
3257,20240827,4,15,11,4,1,4.3,2376.05,550,8.9,10.1,Atrasado,Trânsito/Rota
3258,20240827,5,27,7,6,1,27.8,3468.3,800,12.9,14.5,Atrasado,Nenhuma
3259,20240827,5,27,11,10,1,28.8,5772.8,930,15.0,14.2,No Prazo,Nenhuma
3260,20240827,22,16,15,1,2,12.6,2337.14,430,6.9,7.1,No Prazo,Nenhuma
3261,20240827,36,30,17,13,1,5.1,8041.67,1370,22.1,21.0,No Prazo,Nenhuma
3262,20240827,4,1,14,10,1,3.9,5293.49,930,15.0,14.9,No Prazo,Nenhuma
3263,20240827,8,11,22,14,1,13.4,3406.34,800,12.9,11.9,No Prazo,Atraso em Carga/Descarga
3264,20240827,14,17,22,2,5,5.0,1935.38,410,6.6,6.4,No Prazo,Nenhuma
3265,20240827,36,27,4,11,1,4.4,1873.55,410,6.6,6.3,No Prazo,Atraso em Carga/Descarga
3266,20240827,38,34,27,10,5,47.6,4373.4,930,15.0,13.8,No Prazo,Nenhuma
3267,20240827,41,31,27,2,3,29.7,2060.94,410,6.6,6.7,No Prazo,Problema Documental
3268,20240827,11,3,7,8,3,5.4,5052.11,930,15.0,13.8,No Prazo,Nenhuma
3269,20240827,5,30,8,5,1,23.7,8393.83,1370,22.1,20.8,No Prazo,Nenhuma
3270,20240828,23,10,2,14,4,5.5,4894.9,800,12.9,11.9,No Prazo,Nenhuma
3271,20240828,31,15,26,14,1,47.3,3225.97,800,12.9,15.4,Atrasado,Nenhuma
3272,20240828,8,15,28,4,1,9.6,2176.15,550,8.9,8.2,No Prazo,Pane Mecânica
3273,20240828,37,6,27,16,1,26.0,1744.64,315,5.1,5.6,Atrasado,Trânsito/Rota
3274,20240828,39,24,8,3,4,18.6,2741.86,590,9.5,9.8,No Prazo,Nenhuma
3275,20240828,38,34,2,4,5,43.4,2791.63,550,8.9,9.0,No Prazo,Nenhuma
3276,20240828,40,24,23,2,4,9.5,2213.32,410,6.6,6.8,No Prazo,Nenhuma
3277,20240828,4,2,18,15,1,4.0,978.17,210,3.4,3.3,No Prazo,Nenhuma
3278,20240828,19,35,3,20,5,30.2,4759.56,930,15.0,20.5,Atrasado,Nenhuma
3279,20240828,10,38,12,17,2,17.2,551.38,100,1.6,2.2,Atrasado,Nenhuma
3280,20240828,4,15,20,18,1,5.8,2923.16,550,8.9,9.8,Atrasado,Nenhuma
3281,20240828,18,5,12,16,3,45.5,1402.35,315,5.1,4.9,No Prazo,Nenhuma
3282,20240828,13,20,14,10,3,54.9,4522.64,930,15.0,19.6,Atrasado,Nenhuma
3283,20240828,1,31,4,19,3,13.4,1489.99,300,4.8,4.5,No Prazo,Nenhuma
3284,20240828,24,32,1,6,4,35.9,3609.22,800,12.9,12.5,No Prazo,Atraso em Carga/Descarga
3285,20240828,10,19,25,19,2,25.4,1356.78,300,4.8,4.7,No Prazo,Trânsito/Rota
3286,20240828,16,10,7,15,4,4.2,934.73,210,3.4,3.5,No Prazo,Nenhuma
3287,20240829,14,35,14,7,5,5.5,901.94,210,3.4,3.4,No Prazo,Trânsito/Rota
3288,20240829,9,19,13,10,2,35.6,4199.59,930,15.0,14.1,No Prazo,Nenhuma
3289,20240829,8,27,13,10,1,10.4,4134.86,930,15.0,14.0,No Prazo,Nenhuma
3290,20240829,39,10,7,18,4,24.5,2382.85,550,8.9,9.0,No Prazo,Nenhuma
3291,20240829,22,18,24,16,2,13.2,1593.01,315,5.1,4.9,No Prazo,Nenhuma
3292,20240829,39,32,25,9,4,17.6,10338.87,1960,31.6,33.1,No Prazo,Nenhuma
3293,20240829,6,12,22,2,5,9.7,2346.96,410,6.6,6.7,No Prazo,Nenhuma
3294,20240829,26,30,27,16,1,9.0,1453.89,315,5.1,5.2,No Prazo,Nenhuma
3295,20240829,24,10,29,17,4,35.1,496.68,100,1.6,1.7,No Prazo,Trânsito/Rota
3296,20240829,24,23,8,6,4,51.5,4371.23,800,12.9,12.0,No Prazo,Trânsito/Rota
3297,20240829,30,24,21,18,4,55.7,2411.3,550,8.9,8.5,No Prazo,Nenhuma
3298,20240829,11,33,15,17,3,3.7,514.73,100,1.6,1.9,Atrasado,Nenhuma
3299,20240829,28,11,18,14,1,38.6,4254.45,800,12.9,17.2,Atrasado,Nenhuma
3300,20240829,32,32,14,20,4,21.4,4368.54,930,15.0,17.5,Atrasado,Nenhuma
3301,20240829,39,32,24,1,4,23.3,2364.49,430,6.9,9.6,Atrasado,Nenhuma
3302,20240829,2,17,5,20,5,4.4,4588.31,930,15.0,14.9,No Prazo,Nenhuma
3303,20240829,17,12,7,6,5,13.3,3148.22,800,12.9,13.1,No Prazo,Nenhuma
3304,20240829,9,25,6,7,2,31.6,959.94,210,3.4,3.2,No Prazo,Nenhuma
3305,20240829,13,4,30,16,3,47.6,1391.62,315,5.1,5.3,No Prazo,Nenhuma
3306,20240830,34,14,22,11,2,4.2,1847.99,410,6.6,6.6,No Prazo,Pane Mecânica
3307,20240830,40,36,24,7,4,11.8,1109.11,210,3.4,4.2,Atrasado,Nenhuma
3308,20240830,36,22,9,19,1,4.6,1420.59,300,4.8,4.9,No Prazo,Atraso em Carga/Descarga
3309,20240830,28,1,5,14,1,42.4,3407.96,800,12.9,16.9,Atrasado,Nenhuma
3310,20240830,17,13,18,6,5,9.7,3459.19,800,12.9,12.2,No Prazo,Nenhuma
3311,20240830,20,12,1,11,5,4.1,2081.26,410,6.6,6.5,No Prazo,Nenhuma
3312,20240830,4,15,27,1,1,5.0,1967.74,430,6.9,7.2,No Prazo,Atraso em Carga/Descarga
3313,20240830,26,11,9,8,1,9.2,4446.22,930,15.0,14.6,No Prazo,Atraso em Carga/Descarga
3314,20240830,22,26,23,10,2,12.6,5043.22,930,15.0,21.0,Atrasado,Nenhuma
3315,20240830,21,1,12,14,1,25.4,4250.41,800,12.9,12.8,No Prazo,Nenhuma
3316,20240830,1,3,27,17,3,9.4,441.25,100,1.6,2.1,Atrasado,Trânsito/Rota
3317,20240830,33,30,10,2,1,23.5,1902.03,410,6.6,6.4,No Prazo,Nenhuma
3318,20240830,20,28,23,10,5,5.8,4790.31,930,15.0,14.6,No Prazo,Nenhuma
3319,20240831,9,19,12,6,2,32.8,3775.15,800,12.9,14.3,Atrasado,Nenhuma
3320,20240831,28,30,3,9,1,44.7,9897.04,1960,31.6,30.6,No Prazo,Atraso em Carga/Descarga
3321,20240831,19,28,12,12,5,35.4,3233.7,590,9.5,9.7,No Prazo,Nenhuma
3322,20240831,22,8,12,7,2,9.4,1289.63,210,3.4,4.7,Atrasado,Nenhuma
3323,20240901,31,30,1,2,1,36.5,2004.99,410,6.6,6.8,No Prazo,Nenhuma
3324,20240901,10,18,10,19,2,22.3,1349.44,300,4.8,4.5,No Prazo,Nenhuma
3325,20240901,41,3,6,19,3,28.8,1345.51,300,4.8,5.4,Atrasado,Nenhuma
3326,20240901,38,13,7,19,5,44.0,1374.07,300,4.8,6.2,Atrasado,Nenhuma
3327,20240901,12,29,23,17,5,12.7,404.29,100,1.6,1.6,No Prazo,Nenhuma
3328,20240901,9,16,10,15,2,27.8,1154.12,210,3.4,3.3,No Prazo,Nenhuma
3329,20240902,13,5,5,5,3,46.0,7344.36,1370,22.1,23.1,No Prazo,Nenhuma
3330,20240902,26,6,14,8,1,10.3,4612.41,930,15.0,18.7,Atrasado,Atraso em Carga/Descarga
3331,20240902,9,8,5,11,2,24.8,1936.59,410,6.6,6.6,No Prazo,Nenhuma
3332,20240902,2,29,27,13,5,5.5,6920.24,1370,22.1,21.1,No Prazo,Nenhuma
3333,20240902,25,34,23,11,5,10.1,2370.71,410,6.6,7.8,Atrasado,Nenhuma
3334,20240902,9,38,22,3,2,36.4,2931.91,590,9.5,9.2,No Prazo,Nenhuma
3335,20240902,7,12,29,19,5,4.9,1506.52,300,4.8,6.7,Atrasado,Nenhuma
3336,20240902,2,35,13,3,5,4.6,2989.31,590,9.5,9.0,No Prazo,Nenhuma
3337,20240902,18,5,4,20,3,52.6,5278.12,930,15.0,15.5,No Prazo,Nenhuma
3338,20240902,4,1,16,7,1,4.5,1077.07,210,3.4,3.2,No Prazo,Nenhuma
3339,20240902,14,28,1,16,5,5.8,1433.73,315,5.1,5.0,No Prazo,Nenhuma
3340,20240902,39,36,1,7,4,23.7,1156.58,210,3.4,3.3,No Prazo,Nenhuma
3341,20240902,11,7,22,10,3,4.6,5119.21,930,15.0,17.2,Atrasado,Nenhuma
3342,20240902,15,11,9,12,1,40.3,2891.08,590,9.5,9.2,No Prazo,Nenhuma
3343,20240902,1,20,6,8,3,12.1,3797.54,930,15.0,15.5,No Prazo,Nenhuma
3344,20240902,13,31,29,10,3,55.5,3990.76,930,15.0,15.5,No Prazo,Trânsito/Rota
3345,20240902,30,36,14,3,4,48.8,3323.93,590,9.5,11.7,Atrasado,Nenhuma
3346,20240903,15,15,30,18,1,41.7,2727.21,550,8.9,9.1,No Prazo,Nenhuma
3347,20240903,42,28,13,3,5,5.4,2965.54,590,9.5,8.9,No Prazo,Nenhuma
3348,20240903,30,10,5,9,4,48.3,11473.63,1960,31.6,33.8,Atrasado,Trânsito/Rota
3349,20240903,19,28,12,6,5,34.0,4391.22,800,12.9,16.9,Atrasado,Nenhuma
3350,20240903,26,6,16,9,1,9.2,8403.03,1960,31.6,32.6,No Prazo,Nenhuma
3351,20240903,33,6,13,11,1,23.8,1797.18,410,6.6,6.5,No Prazo,Nenhuma
3352,20240903,23,23,8,7,4,4.1,1226.43,210,3.4,3.2,No Prazo,Atraso em Carga/Descarga
3353,20240903,2,12,24,15,5,5.2,1208.4,210,3.4,4.4,Atrasado,Nenhuma
3354,20240903,37,30,10,12,1,25.2,3216.96,590,9.5,13.1,Atrasado,Atraso em Carga/Descarga
3355,20240903,4,30,15,13,1,4.8,7010.02,1370,22.1,22.9,No Prazo,Nenhuma
3356,20240903,10,21,13,5,2,24.9,6780.28,1370,22.1,23.5,Atrasado,Nenhuma
3357,20240903,11,20,23,20,3,5.6,4724.53,930,15.0,14.1,No Prazo,Nenhuma
3358,20240903,5,30,20,4,1,32.5,2937.02,550,8.9,9.2,No Prazo,Nenhuma
3359,20240903,37,1,19,10,1,18.8,4459.9,930,15.0,15.2,No Prazo,Nenhuma
3360,20240903,2,13,23,12,5,4.5,3193.7,590,9.5,10.0,No Prazo,Nenhuma
3361,20240903,1,4,3,13,3,8.8,6508.91,1370,22.1,21.4,No Prazo,Problema Documental
3362,20240903,26,11,30,8,1,11.4,5380.27,930,15.0,14.8,No Prazo,Nenhuma
3363,20240903,2,37,15,3,5,5.2,2565.47,590,9.5,9.8,No Prazo,Nenhuma
3364,20240903,35,31,4,15,3,5.4,1048.71,210,3.4,3.3,No Prazo,Atraso em Carga/Descarga
3365,20240903,15,1,8,19,1,43.0,1461.4,300,4.8,4.8,No Prazo,Nenhuma
3366,20240903,11,3,20,18,3,5.1,2929.38,550,8.9,9.6,Atrasado,Nenhuma
3367,20240904,36,22,3,5,1,5.7,7276.17,1370,22.1,22.8,No Prazo,Nenhuma
3368,20240904,17,28,11,19,5,10.2,1332.17,300,4.8,4.7,No Prazo,Atraso em Carga/Descarga
3369,20240904,3,13,6,10,5,5.9,4439.18,930,15.0,13.9,No Prazo,Nenhuma
3370,20240904,41,33,2,10,3,31.5,3904.7,930,15.0,20.9,Atrasado,Nenhuma
3371,20240904,16,36,4,4,4,4.6,2830.5,550,8.9,8.4,No Prazo,Trânsito/Rota
3372,20240904,9,19,6,2,2,26.6,1913.36,410,6.6,7.1,Atrasado,Trânsito/Rota
3373,20240904,41,4,19,9,3,29.0,10098.7,1960,31.6,45.2,Atrasado,Nenhuma
3374,20240904,35,31,7,10,3,5.2,4719.36,930,15.0,13.8,No Prazo,Atraso em Carga/Descarga
3375,20240904,42,12,7,13,5,5.2,7769.17,1370,22.1,20.6,No Prazo,Pane Mecânica
3376,20240904,29,1,17,7,1,10.7,915.43,210,3.4,3.5,No Prazo,Nenhuma
3377,20240904,21,11,9,3,1,24.0,2535.18,590,9.5,9.9,No Prazo,Nenhuma
3378,20240904,6,28,24,2,5,13.4,1837.67,410,6.6,6.6,No Prazo,Nenhuma
3379,20240904,32,36,4,11,4,18.2,1965.31,410,6.6,6.8,No Prazo,Trânsito/Rota
3380,20240904,8,11,22,10,1,8.9,3907.92,930,15.0,21.3,Atrasado,Nenhuma
3381,20240904,35,7,20,16,3,4.0,1763.8,315,5.1,5.1,No Prazo,Atraso em Carga/Descarga
3382,20240904,11,20,3,7,3,4.0,933.79,210,3.4,3.4,No Prazo,Nenhuma
3383,20240904,14,34,17,17,5,4.7,590.16,100,1.6,1.6,No Prazo,Nenhuma
3384,20240904,40,24,3,16,4,10.9,1399.65,315,5.1,4.9,No Prazo,Trânsito/Rota
3385,20240905,32,10,3,20,4,19.5,4299.99,930,15.0,17.4,Atrasado,Nenhuma
3386,20240905,15,15,22,5,1,50.2,7957.88,1370,22.1,25.8,Atrasado,Nenhuma
3387,20240905,27,35,6,1,5,39.7,2126.78,430,6.9,9.7,Atrasado,Nenhuma
3388,20240905,7,12,26,20,5,3.9,5392.98,930,15.0,17.4,Atrasado,Nenhuma
3389,20240905,5,6,19,10,1,36.1,4351.97,930,15.0,14.0,No Prazo,Nenhuma
3390,20240905,15,1,8,6,1,42.9,4550.22,800,12.9,12.8,No Prazo,Nenhuma
3391,20240905,24,32,6,3,4,35.9,2775.9,590,9.5,13.7,Atrasado,Trânsito/Rota
3392,20240905,28,1,23,20,1,49.4,4207.43,930,15.0,17.0,Atrasado,Nenhuma
3393,20240905,18,20,16,1,3,38.4,2564.23,430,6.9,6.7,No Prazo,Nenhuma
3394,20240905,25,29,30,7,5,13.8,1247.86,210,3.4,3.2,No Prazo,Nenhuma
3395,20240905,21,15,20,10,1,31.2,5036.84,930,15.0,15.4,No Prazo,Nenhuma
3396,20240905,33,30,13,17,1,24.2,573.0,100,1.6,1.5,No Prazo,Nenhuma
3397,20240905,19,37,28,18,5,29.3,3289.31,550,8.9,8.8,No Prazo,Nenhuma
3398,20240905,14,29,17,2,5,4.5,2176.04,410,6.6,6.3,No Prazo,Nenhuma
3399,20240905,38,29,27,13,5,46.1,7674.39,1370,22.1,21.0,No Prazo,Nenhuma
3400,20240905,1,33,4,1,3,11.8,2483.17,430,6.9,6.5,No Prazo,Nenhuma
3401,20240905,35,4,2,20,3,3.6,3637.46,930,15.0,15.1,No Prazo,Nenhuma
3402,20240905,22,26,24,6,2,11.0,4008.54,800,12.9,18.4,Atrasado,Atraso em Carga/Descarga
3403,20240905,24,32,17,19,4,41.2,1555.89,300,4.8,4.6,No Prazo,Atraso em Carga/Descarga
3404,20240905,2,12,15,6,5,3.8,3545.53,800,12.9,12.8,No Prazo,Nenhuma
3405,20240905,13,7,4,11,3,54.7,2329.9,410,6.6,6.6,No Prazo,Nenhuma
3406,20240905,10,19,3,6,2,19.7,4208.07,800,12.9,17.0,Atrasado,Nenhuma
3407,20240905,16,23,19,5,4,4.3,5687.52,1370,22.1,20.8,No Prazo,Nenhuma
3408,20240905,10,18,12,12,2,18.7,3192.21,590,9.5,13.8,Atrasado,Nenhuma
3409,20240905,33,27,4,7,1,26.4,937.86,210,3.4,3.4,No Prazo,Nenhuma
3410,20240905,20,28,4,20,5,5.9,5652.29,930,15.0,15.7,No Prazo,Pane Mecânica
3411,20240905,21,27,4,19,1,31.8,1701.03,300,4.8,4.4,No Prazo,Nenhuma
3412,20240906,17,28,20,9,5,9.8,11457.08,1960,31.6,29.5,No Prazo,Nenhuma
3413,20240906,26,6,5,7,1,11.6,1207.77,210,3.4,4.8,Atrasado,Nenhuma
3414,20240906,10,19,12,18,2,24.5,2986.21,550,8.9,9.3,No Prazo,Nenhuma
3415,20240906,7,12,3,1,5,3.9,1837.42,430,6.9,6.5,No Prazo,Nenhuma
3416,20240906,39,24,30,19,4,19.6,1386.11,300,4.8,4.7,No Prazo,Nenhuma
3417,20240906,20,34,16,1,5,3.8,2533.54,430,6.9,6.4,No Prazo,Nenhuma
3418,20240906,1,31,3,13,3,12.1,7843.24,1370,22.1,22.1,No Prazo,Pane Mecânica
3419,20240906,32,36,28,6,4,22.7,3271.26,800,12.9,12.2,No Prazo,Nenhuma
3420,20240906,16,10,16,17,4,4.3,434.16,100,1.6,1.9,Atrasado,Nenhuma
3421,20240906,7,37,15,3,5,4.9,2352.15,590,9.5,9.3,No Prazo,Atraso em Carga/Descarga
3422,20240906,23,23,17,7,4,4.6,883.74,210,3.4,4.8,Atrasado,Trânsito/Rota
3423,20240906,33,15,5,1,1,23.7,2104.51,430,6.9,9.0,Atrasado,Pane Mecânica
3424,20240906,26,11,20,7,1,11.9,1274.44,210,3.4,4.9,Atrasado,Nenhuma
3425,20240906,30,24,8,14,4,50.0,4582.01,800,12.9,12.5,No Prazo,Nenhuma
3426,20240906,40,23,24,18,4,10.5,3118.62,550,8.9,11.4,Atrasado,Nenhuma
3427,20240906,14,28,1,2,5,3.6,1992.5,410,6.6,9.1,Atrasado,Nenhuma
3428,20240906,17,37,19,11,5,13.1,1918.92,410,6.6,6.6,No Prazo,Nenhuma
3429,20240906,34,16,19,4,2,5.2,3071.66,550,8.9,8.7,No Prazo,Nenhuma
3430,20240906,21,15,30,2,1,22.4,1927.7,410,6.6,6.3,No Prazo,Trânsito/Rota
3431,20240907,31,11,12,19,1,46.5,1879.76,300,4.8,5.0,No Prazo,Nenhuma
3432,20240907,23,36,12,11,4,4.0,1743.79,410,6.6,6.6,No Prazo,Nenhuma
3433,20240907,17,29,22,3,5,9.3,3552.1,590,9.5,9.2,No Prazo,Pane Mecânica
3434,20240908,36,27,16,17,1,4.6,597.69,100,1.6,1.5,No Prazo,Nenhuma
3435,20240908,16,32,15,15,4,4.9,901.54,210,3.4,3.3,No Prazo,Atraso em Carga/Descarga
3436,20240908,41,5,3,8,3,27.9,5135.4,930,15.0,14.2,No Prazo,Nenhuma
3437,20240908,32,32,16,18,4,24.0,2277.6,550,8.9,9.3,No Prazo,Nenhuma
3438,20240908,6,28,13,1,5,13.2,2171.36,430,6.9,7.0,No Prazo,Nenhuma
3439,20240908,8,11,28,6,1,8.6,4415.6,800,12.9,13.5,No Prazo,Nenhuma
3440,20240908,38,37,25,17,5,35.1,517.87,100,1.6,1.5,No Prazo,Pane Mecânica
3441,20240908,29,27,14,9,1,13.0,10861.16,1960,31.6,34.5,Atrasado,Nenhuma
3442,20240908,10,16,13,16,2,25.4,1357.92,315,5.1,4.9,No Prazo,Nenhuma
3443,20240909,5,22,20,17,1,30.5,488.07,100,1.6,1.6,No Prazo,Nenhuma
3444,20240909,3,37,17,6,5,5.2,3477.45,800,12.9,17.1,Atrasado,Nenhuma
3445,20240909,36,15,20,14,1,3.6,3757.21,800,12.9,12.7,No Prazo,Atraso em Carga/Descarga
3446,20240909,7,35,29,20,5,4.5,4283.24,930,15.0,15.3,No Prazo,Trânsito/Rota
3447,20240909,24,24,7,6,4,49.7,4150.72,800,12.9,12.2,No Prazo,Nenhuma
3448,20240909,37,15,17,17,1,16.9,462.36,100,1.6,1.5,No Prazo,Nenhuma
3449,20240909,26,11,15,10,1,9.9,5351.75,930,15.0,14.6,No Prazo,Trânsito/Rota
3450,20240909,26,2,1,12,1,9.4,2849.22,590,9.5,8.7,No Prazo,Nenhuma
3451,20240909,42,13,21,4,5,3.6,2905.6,550,8.9,8.2,No Prazo,Nenhuma
3452,20240909,4,15,8,5,1,5.6,7581.88,1370,22.1,27.9,Atrasado,Nenhuma
3453,20240909,3,37,10,20,5,5.8,3784.53,930,15.0,14.3,No Prazo,Pane Mecânica
3454,20240909,31,1,9,10,1,42.7,4037.66,930,15.0,15.1,No Prazo,Nenhuma
3455,20240909,21,30,4,1,1,34.6,2289.36,430,6.9,6.5,No Prazo,Nenhuma
3456,20240909,23,36,28,4,4,3.9,2492.02,550,8.9,8.2,No Prazo,Nenhuma
3457,20240909,3,17,6,20,5,3.7,4117.0,930,15.0,15.6,No Prazo,Nenhuma
3458,20240909,40,23,28,4,4,11.6,2939.38,550,8.9,11.4,Atrasado,Pane Mecânica
3459,20240909,9,26,2,13,2,36.5,5769.44,1370,22.1,20.5,No Prazo,Trânsito/Rota
3460,20240909,23,24,17,10,4,4.7,5675.31,930,15.0,19.8,Atrasado,Nenhuma
3461,20240909,37,15,27,15,1,19.2,1161.07,210,3.4,3.3,No Prazo,Nenhuma
3462,20240910,39,32,29,11,4,19.2,1865.02,410,6.6,6.2,No Prazo,Nenhuma
3463,20240910,13,3,9,19,3,47.0,1653.38,300,4.8,4.6,No Prazo,Nenhuma
3464,20240910,39,10,6,17,4,25.8,585.24,100,1.6,1.6,No Prazo,Trânsito/Rota
3465,20240910,9,16,28,14,2,31.0,4166.07,800,12.9,12.7,No Prazo,Nenhuma
3466,20240910,16,32,10,12,4,4.6,2534.54,590,9.5,9.7,No Prazo,Trânsito/Rota
3467,20240910,28,1,20,11,1,41.3,1995.33,410,6.6,6.8,No Prazo,Nenhuma
3468,20240910,7,34,28,19,5,4.6,1669.86,300,4.8,4.9,No Prazo,Nenhuma
3469,20240910,1,33,20,12,3,11.2,2407.38,590,9.5,8.7,No Prazo,Nenhuma
3470,20240910,8,27,18,2,1,12.2,2083.48,410,6.6,6.2,No Prazo,Nenhuma
3471,20240910,37,6,27,18,1,19.9,2590.0,550,8.9,8.5,No Prazo,Nenhuma
3472,20240910,22,9,22,20,2,9.8,4351.97,930,15.0,15.2,No Prazo,Atraso em Carga/Descarga
3473,20240910,19,12,21,19,5,33.0,1376.65,300,4.8,6.4,Atrasado,Problema Documental
3474,20240910,17,35,29,2,5,11.0,1753.84,410,6.6,6.9,No Prazo,Nenhuma
3475,20240910,6,17,6,8,5,12.0,4767.09,930,15.0,15.7,No Prazo,Atraso em Carga/Descarga
3476,20240910,33,15,17,14,1,25.4,3774.68,800,12.9,13.4,No Prazo,Nenhuma
3477,20240910,35,3,18,3,3,4.1,2802.01,590,9.5,9.6,No Prazo,Nenhuma
3478,20240910,17,12,13,18,5,11.5,2293.33,550,8.9,8.4,No Prazo,Nenhuma
3479,20240910,29,6,5,1,1,12.6,2143.68,430,6.9,8.8,Atrasado,Nenhuma
3480,20240910,28,30,18,13,1,34.3,7325.68,1370,22.1,22.1,No Prazo,Nenhuma
3481,20240910,23,24,19,10,4,4.2,4264.22,930,15.0,15.0,No Prazo,Nenhuma
3482,20240910,31,22,28,3,1,52.1,2574.92,590,9.5,11.1,Atrasado,Nenhuma
3483,20240910,10,26,11,4,2,25.6,3159.95,550,8.9,12.3,Atrasado,Atraso em Carga/Descarga
3484,20240910,19,28,26,8,5,35.5,4670.27,930,15.0,14.2,No Prazo,Nenhuma
3485,20240910,21,1,5,5,1,29.2,6481.39,1370,22.1,22.4,No Prazo,Trânsito/Rota
3486,20240910,20,28,26,16,5,5.2,1279.09,315,5.1,5.1,No Prazo,Nenhuma
3487,20240911,24,23,11,6,4,35.7,4096.91,800,12.9,16.3,Atrasado,Nenhuma
3488,20240911,28,27,8,5,1,39.0,6472.45,1370,22.1,21.8,No Prazo,Trânsito/Rota
3489,20240911,7,37,4,18,5,3.6,2904.53,550,8.9,8.3,No Prazo,Trânsito/Rota
3490,20240911,23,32,13,2,4,5.3,1752.97,410,6.6,8.1,Atrasado,Nenhuma
3491,20240911,11,31,2,17,3,5.3,511.76,100,1.6,1.8,Atrasado,Nenhuma
3492,20240911,10,25,8,17,2,25.2,586.53,100,1.6,1.5,No Prazo,Nenhuma
3493,20240911,39,23,24,5,4,20.9,7436.6,1370,22.1,27.7,Atrasado,Nenhuma
3494,20240911,39,10,16,15,4,18.6,1224.89,210,3.4,4.5,Atrasado,Nenhuma
3495,20240911,32,36,16,17,4,20.5,599.78,100,1.6,1.6,No Prazo,Nenhuma
3496,20240911,30,10,21,16,4,46.9,1300.86,315,5.1,5.1,No Prazo,Nenhuma
3497,20240911,26,11,23,17,1,11.2,472.48,100,1.6,1.6,No Prazo,Nenhuma
3498,20240911,31,22,12,1,1,52.2,1910.75,430,6.9,8.0,Atrasado,Nenhuma
3499,20240911,4,15,18,19,1,5.7,1535.29,300,4.8,4.7,No Prazo,Nenhuma
3500,20240912,24,10,21,1,4,47.2,1831.21,430,6.9,7.4,Atrasado,Nenhuma
3501,20240912,10,8,22,9,2,23.8,8722.52,1960,31.6,41.3,Atrasado,Pane Mecânica
3502,20240912,7,13,18,9,5,5.9,11654.31,1960,31.6,42.5,Atrasado,Nenhuma
3503,20240912,23,36,23,12,4,4.7,2760.15,590,9.5,8.9,No Prazo,Atraso em Carga/Descarga
3504,20240912,37,2,8,13,1,26.8,7480.75,1370,22.1,22.0,No Prazo,Nenhuma
3505,20240912,34,8,7,3,2,4.3,3639.32,590,9.5,9.9,No Prazo,Nenhuma
3506,20240912,22,19,5,4,2,8.6,3143.15,550,8.9,9.5,Atrasado,Nenhuma
3507,20240912,21,11,6,8,1,32.6,4798.49,930,15.0,15.5,No Prazo,Nenhuma
3508,20240912,3,28,6,15,5,3.9,1212.32,210,3.4,3.3,No Prazo,Nenhuma
3509,20240912,18,33,12,18,3,37.8,2880.3,550,8.9,12.2,Atrasado,Nenhuma
3510,20240912,28,2,2,2,1,54.0,1775.27,410,6.6,6.4,No Prazo,Nenhuma
3511,20240912,6,34,3,7,5,8.4,902.73,210,3.4,3.4,No Prazo,Trânsito/Rota
3512,20240912,28,2,7,16,1,37.9,1893.45,315,5.1,6.8,Atrasado,Nenhuma
3513,20240912,5,6,4,15,1,29.6,962.49,210,3.4,3.3,No Prazo,Nenhuma
3514,20240912,17,12,27,9,5,12.6,10153.66,1960,31.6,31.1,No Prazo,Nenhuma
3515,20240912,16,10,12,13,4,5.9,6144.76,1370,22.1,21.7,No Prazo,Nenhuma
3516,20240912,2,28,12,5,5,4.9,7481.42,1370,22.1,21.4,No Prazo,Nenhuma
3517,20240912,15,27,11,10,1,50.9,4917.3,930,15.0,14.6,No Prazo,Nenhuma
3518,20240912,40,32,2,2,4,13.9,2246.02,410,6.6,8.0,Atrasado,Nenhuma
3519,20240913,33,27,17,17,1,21.8,546.51,100,1.6,1.6,No Prazo,Nenhuma
3520,20240913,3,29,15,6,5,5.2,3454.46,800,12.9,13.4,No Prazo,Nenhuma
3521,20240913,30,10,7,19,4,43.2,1336.61,300,4.8,5.0,No Prazo,Nenhuma
3522,20240913,29,22,4,14,1,10.6,3328.32,800,12.9,13.4,No Prazo,Nenhuma
3523,20240913,5,15,10,13,1,32.3,6510.51,1370,22.1,23.0,No Prazo,Atraso em Carga/Descarga
3524,20240913,1,20,14,3,3,10.2,3212.5,590,9.5,8.9,No Prazo,Atraso em Carga/Descarga
3525,20240913,9,25,1,13,2,26.0,6390.87,1370,22.1,21.8,No Prazo,Nenhuma
3526,20240913,22,19,25,12,2,12.8,2886.13,590,9.5,9.6,No Prazo,Nenhuma
3527,20240913,12,12,9,19,5,10.7,1402.31,300,4.8,5.0,No Prazo,Trânsito/Rota
3528,20240913,38,12,7,7,5,40.1,1177.56,210,3.4,3.3,No Prazo,Nenhuma
3529,20240913,13,33,4,6,3,53.5,3584.3,800,12.9,18.7,Atrasado,Nenhuma
3530,20240913,17,37,25,10,5,12.7,5457.58,930,15.0,20.2,Atrasado,Nenhuma
3531,20240913,18,3,16,11,3,56.0,1903.52,410,6.6,6.8,No Prazo,Nenhuma
3532,20240913,3,35,19,18,5,5.8,2760.67,550,8.9,9.1,No Prazo,Nenhuma
3533,20240913,27,17,2,20,5,35.3,4903.17,930,15.0,15.0,No Prazo,Trânsito/Rota
3534,20240913,27,37,11,16,5,51.2,1437.52,315,5.1,5.2,No Prazo,Nenhuma
3535,20240913,41,20,4,16,3,34.4,1570.47,315,5.1,7.0,Atrasado,Nenhuma
3536,20240913,42,34,20,11,5,4.8,2296.46,410,6.6,6.3,No Prazo,Nenhuma
3537,20240913,1,3,24,12,3,10.6,2581.3,590,9.5,8.8,No Prazo,Nenhuma
3538,20240914,6,34,28,14,5,12.6,4216.05,800,12.9,13.7,Atrasado,Nenhuma
3539,20240914,12,29,27,17,5,12.0,595.36,100,1.6,1.7,No Prazo,Nenhuma
3540,20240914,2,35,20,5,5,5.1,6779.48,1370,22.1,23.4,Atrasado,Nenhuma
3541,20240914,4,15,28,17,1,4.2,452.48,100,1.6,2.2,Atrasado,Atraso em Carga/Descarga
3542,20240914,16,24,28,16,4,4.4,1682.29,315,5.1,5.0,No Prazo,Nenhuma
3543,20240914,39,36,8,11,4,25.6,2112.03,410,6.6,6.3,No Prazo,Nenhuma
3544,20240914,11,4,1,6,3,4.7,3885.23,800,12.9,12.5,No Prazo,Nenhuma
3545,20240915,38,13,10,9,5,49.2,8577.16,1960,31.6,45.7,Atrasado,Nenhuma
3546,20240915,6,17,7,12,5,12.4,2635.65,590,9.5,10.5,Atrasado,Nenhuma
3547,20240915,27,34,11,7,5,52.1,1055.42,210,3.4,3.5,No Prazo,Nenhuma
3548,20240916,18,7,15,8,3,37.8,4810.47,930,15.0,18.4,Atrasado,Nenhuma
3549,20240916,13,33,25,6,3,42.4,4195.59,800,12.9,14.5,Atrasado,Nenhuma
3550,20240916,16,36,3,13,4,4.8,7797.79,1370,22.1,27.2,Atrasado,Nenhuma
3551,20240916,13,20,11,7,3,43.0,938.5,210,3.4,3.4,No Prazo,Nenhuma
3552,20240916,6,28,2,2,5,10.5,2452.86,410,6.6,9.0,Atrasado,Nenhuma
3553,20240916,34,21,22,2,2,4.8,1837.64,410,6.6,6.4,No Prazo,Nenhuma
3554,20240916,21,6,10,1,1,26.8,2289.89,430,6.9,6.7,No Prazo,Nenhuma
3555,20240916,28,2,14,3,1,37.2,3138.03,590,9.5,9.3,No Prazo,Nenhuma
3556,20240916,34,19,22,9,2,5.0,12136.04,1960,31.6,31.9,No Prazo,Nenhuma
3557,20240916,26,22,15,17,1,8.6,578.84,100,1.6,1.6,No Prazo,Trânsito/Rota
3558,20240916,42,35,25,11,5,5.3,2155.65,410,6.6,6.5,No Prazo,Pane Mecânica
3559,20240916,34,25,28,9,2,6.0,10389.92,1960,31.6,32.3,No Prazo,Nenhuma
3560,20240916,12,37,11,11,5,10.2,1836.78,410,6.6,9.3,Atrasado,Nenhuma
3561,20240916,42,34,15,17,5,5.1,413.66,100,1.6,1.6,No Prazo,Nenhuma
3562,20240916,38,37,18,17,5,35.7,480.65,100,1.6,1.5,No Prazo,Problema Documental
3563,20240916,31,27,24,7,1,51.6,1072.8,210,3.4,3.9,Atrasado,Nenhuma
3564,20240916,18,31,10,6,3,45.9,3905.12,800,12.9,18.5,Atrasado,Nenhuma
3565,20240916,36,27,16,6,1,4.6,3528.59,800,12.9,12.2,No Prazo,Atraso em Carga/Descarga
3566,20240916,18,7,11,9,3,52.1,10400.14,1960,31.6,29.4,No Prazo,Trânsito/Rota
3567,20240916,24,32,11,4,4,46.7,2423.5,550,8.9,11.2,Atrasado,Nenhuma
3568,20240916,6,35,8,20,5,12.1,5161.31,930,15.0,15.4,No Prazo,Nenhuma
3569,20240917,4,22,21,20,1,3.6,4608.96,930,15.0,19.4,Atrasado,Trânsito/Rota
3570,20240917,36,2,21,3,1,3.7,2985.01,590,9.5,12.3,Atrasado,Nenhuma
3571,20240917,15,1,16,9,1,46.8,11045.47,1960,31.6,39.8,Atrasado,Atraso em Carga/Descarga
3572,20240917,23,32,16,5,4,4.6,6645.59,1370,22.1,25.5,Atrasado,Nenhuma
3573,20240917,6,34,22,3,5,10.8,2781.71,590,9.5,9.4,No Prazo,Nenhuma
3574,20240917,41,4,16,5,3,25.5,8020.89,1370,22.1,20.4,No Prazo,Nenhuma
3575,20240917,34,8,19,14,2,4.2,3307.41,800,12.9,18.2,Atrasado,Nenhuma
3576,20240917,33,15,19,13,1,19.7,6188.09,1370,22.1,26.2,Atrasado,Nenhuma
3577,20240917,18,33,3,4,3,34.9,2281.45,550,8.9,8.9,No Prazo,Trânsito/Rota
3578,20240917,3,29,27,14,5,4.1,3803.34,800,12.9,12.4,No Prazo,Problema Documental
3579,20240917,9,14,4,13,2,30.2,5616.46,1370,22.1,22.9,No Prazo,Atraso em Carga/Descarga
3580,20240917,33,15,17,20,1,23.2,5174.57,930,15.0,21.6,Atrasado,Pane Mecânica
3581,20240917,27,28,14,20,5,53.6,4163.59,930,15.0,14.4,No Prazo,Nenhuma
3582,20240917,7,13,22,5,5,5.6,7709.61,1370,22.1,28.4,Atrasado,Nenhuma
3583,20240917,5,2,2,3,1,35.1,3118.89,590,9.5,10.6,Atrasado,Nenhuma
3584,20240917,22,8,6,1,2,10.1,2340.86,430,6.9,6.6,No Prazo,Nenhuma
3585,20240917,18,5,28,4,3,45.0,2952.27,550,8.9,10.2,Atrasado,Nenhuma
3586,20240917,23,24,27,5,4,5.3,6578.0,1370,22.1,21.6,No Prazo,Atraso em Carga/Descarga
3587,20240917,42,17,17,13,5,5.1,7028.61,1370,22.1,20.9,No Prazo,Nenhuma
3588,20240917,32,32,30,1,4,22.5,2155.55,430,6.9,8.9,Atrasado,Nenhuma
3589,20240917,33,1,2,16,1,17.8,1489.48,315,5.1,5.1,No Prazo,Nenhuma
3590,20240917,37,27,26,18,1,23.9,2467.14,550,8.9,8.6,No Prazo,Nenhuma
3591,20240918,20,13,7,9,5,5.1,11423.78,1960,31.6,29.4,No Prazo,Trânsito/Rota
3592,20240918,8,30,5,18,1,12.5,2281.38,550,8.9,11.3,Atrasado,Nenhuma
3593,20240918,39,23,9,13,4,24.8,5633.74,1370,22.1,21.2,No Prazo,Nenhuma
3594,20240918,36,22,9,14,1,4.7,3536.9,800,12.9,13.1,No Prazo,Nenhuma
3595,20240918,2,37,21,20,5,4.9,5164.5,930,15.0,15.2,No Prazo,Atraso em Carga/Descarga
3596,20240918,29,15,24,11,1,11.8,1995.47,410,6.6,6.9,No Prazo,Trânsito/Rota
3597,20240918,19,35,17,18,5,23.3,2917.48,550,8.9,8.9,No Prazo,Atraso em Carga/Descarga
3598,20240918,2,37,25,11,5,5.7,1801.01,410,6.6,6.3,No Prazo,Nenhuma
3599,20240918,4,1,20,17,1,5.3,423.05,100,1.6,1.8,Atrasado,Nenhuma
3600,20240918,9,14,25,4,2,28.9,2383.98,550,8.9,9.0,No Prazo,Nenhuma
3601,20240918,23,36,24,12,4,4.6,3316.9,590,9.5,12.9,Atrasado,Nenhuma
3602,20240918,3,29,19,5,5,4.0,8228.51,1370,22.1,29.9,Atrasado,Nenhuma
3603,20240918,29,27,3,9,1,12.0,9745.05,1960,31.6,32.7,No Prazo,Nenhuma
3604,20240918,12,29,17,16,5,10.9,1393.14,315,5.1,6.2,Atrasado,Atraso em Carga/Descarga
3605,20240918,8,6,8,18,1,8.4,3378.55,550,8.9,10.4,Atrasado,Pane Mecânica
3606,20240918,30,32,19,6,4,55.2,3591.61,800,12.9,13.0,No Prazo,Atraso em Carga/Descarga
3607,20240918,10,18,21,16,2,19.1,1565.5,315,5.1,5.8,Atrasado,Nenhuma
3608,20240918,33,30,20,17,1,20.8,446.82,100,1.6,1.6,No Prazo,Nenhuma
3609,20240919,23,23,5,4,4,5.1,2624.87,550,8.9,8.7,No Prazo,Nenhuma
3610,20240919,7,17,17,11,5,3.7,1756.17,410,6.6,7.2,Atrasado,Nenhuma
3611,20240919,7,37,6,16,5,4.5,1560.6,315,5.1,5.2,No Prazo,Pane Mecânica
3612,20240919,31,27,6,2,1,36.7,1972.82,410,6.6,6.3,No Prazo,Nenhuma
3613,20240919,3,35,20,14,5,5.5,3966.13,800,12.9,12.9,No Prazo,Nenhuma
3614,20240919,34,26,15,12,2,5.0,2504.07,590,9.5,9.2,No Prazo,Trânsito/Rota
3615,20240919,11,33,1,5,3,5.5,6085.04,1370,22.1,22.8,No Prazo,Pane Mecânica
3616,20240919,25,37,25,5,5,13.0,6744.7,1370,22.1,26.3,Atrasado,Nenhuma
3617,20240919,42,35,26,3,5,5.3,2758.6,590,9.5,13.0,Atrasado,Atraso em Carga/Descarga
3618,20240919,25,13,28,4,5,9.8,2818.75,550,8.9,9.2,No Prazo,Nenhuma
3619,20240919,6,17,21,9,5,8.4,9508.45,1960,31.6,30.1,No Prazo,Nenhuma
3620,20240919,4,15,15,17,1,4.5,526.98,100,1.6,1.5,No Prazo,Pane Mecânica
3621,20240919,9,14,20,8,2,24.4,3865.34,930,15.0,18.6,Atrasado,Nenhuma
3622,20240919,8,6,7,13,1,11.7,6142.61,1370,22.1,23.5,Atrasado,Nenhuma
3623,20240919,38,29,9,19,5,41.5,1363.86,300,4.8,4.5,No Prazo,Nenhuma
3624,20240919,19,34,1,14,5,32.5,4500.47,800,12.9,13.1,No Prazo,Nenhuma
3625,20240919,25,37,14,6,5,13.8,3295.96,800,12.9,12.0,No Prazo,Nenhuma
3626,20240919,24,10,24,18,4,39.4,2728.27,550,8.9,9.3,No Prazo,Nenhuma
3627,20240919,2,37,27,12,5,5.5,2484.17,590,9.5,9.6,No Prazo,Nenhuma
3628,20240919,18,3,4,17,3,41.5,457.94,100,1.6,1.5,No Prazo,Nenhuma
3629,20240919,20,29,6,3,5,5.2,2497.46,590,9.5,12.5,Atrasado,Nenhuma
3630,20240919,24,10,26,19,4,52.6,1321.48,300,4.8,4.9,No Prazo,Nenhuma
3631,20240920,11,20,4,8,3,3.7,4012.52,930,15.0,15.5,No Prazo,Atraso em Carga/Descarga
3632,20240920,15,1,11,16,1,50.0,1516.96,315,5.1,5.3,No Prazo,Nenhuma
3633,20240920,23,10,5,5,4,4.3,5717.92,1370,22.1,21.5,No Prazo,Nenhuma
3634,20240920,36,15,10,19,1,3.8,1244.58,300,4.8,4.5,No Prazo,Nenhuma
3635,20240920,23,36,21,13,4,5.7,6538.23,1370,22.1,27.9,Atrasado,Nenhuma
3636,20240920,19,28,21,6,5,34.8,3517.9,800,12.9,13.3,No Prazo,Nenhuma
3637,20240920,34,26,7,5,2,4.0,5975.6,1370,22.1,20.4,No Prazo,Atraso em Carga/Descarga
3638,20240920,18,5,6,11,3,51.1,2348.61,410,6.6,6.3,No Prazo,Nenhuma
3639,20240920,38,34,30,19,5,39.0,1507.86,300,4.8,4.6,No Prazo,Nenhuma
3640,20240920,16,23,29,10,4,5.9,3888.65,930,15.0,15.0,No Prazo,Nenhuma
3641,20240920,28,27,29,9,1,53.8,10377.08,1960,31.6,29.8,No Prazo,Nenhuma
3642,20240920,35,5,20,14,3,5.5,3700.33,800,12.9,14.5,Atrasado,Nenhuma
3643,20240920,28,22,10,18,1,44.0,2368.31,550,8.9,9.1,No Prazo,Atraso em Carga/Descarga
3644,20240921,7,12,22,15,5,4.6,1057.46,210,3.4,3.5,No Prazo,Nenhuma
3645,20240921,29,11,29,11,1,12.1,2132.22,410,6.6,6.5,No Prazo,Nenhuma
3646,20240921,7,35,19,18,5,4.6,3011.12,550,8.9,8.6,No Prazo,Atraso em Carga/Descarga
3647,20240921,38,35,23,14,5,42.7,3905.75,800,12.9,13.1,No Prazo,Nenhuma
3648,20240921,22,18,14,9,2,9.3,11368.55,1960,31.6,31.6,No Prazo,Nenhuma
3649,20240922,12,35,25,6,5,9.0,4186.68,800,12.9,12.5,No Prazo,Nenhuma
3650,20240922,6,37,13,14,5,10.5,3685.53,800,12.9,15.0,Atrasado,Nenhuma
3651,20240922,21,6,4,2,1,28.6,1871.68,410,6.6,6.6,No Prazo,Nenhuma
3652,20240922,3,34,29,7,5,5.8,920.27,210,3.4,4.3,Atrasado,Nenhuma
3653,20240922,33,6,8,18,1,18.9,2646.09,550,8.9,9.3,No Prazo,Nenhuma
3654,20240922,11,33,27,2,3,5.0,1876.48,410,6.6,6.6,No Prazo,Trânsito/Rota
3655,20240923,10,9,22,3,2,26.3,3569.73,590,9.5,9.0,No Prazo,Nenhuma
3656,20240923,34,19,1,2,2,5.9,1907.64,410,6.6,6.4,No Prazo,Nenhuma
3657,20240923,26,1,18,13,1,8.5,7572.25,1370,22.1,21.2,No Prazo,Nenhuma
3658,20240923,36,1,1,5,1,5.1,7391.41,1370,22.1,30.2,Atrasado,Nenhuma
3659,20240923,34,18,7,20,2,3.8,5423.46,930,15.0,14.0,No Prazo,Trânsito/Rota
3660,20240923,36,15,1,15,1,4.8,932.56,210,3.4,3.1,No Prazo,Pane Mecânica
3661,20240923,31,6,9,18,1,45.0,2637.26,550,8.9,9.1,No Prazo,Nenhuma
3662,20240923,7,17,5,7,5,3.8,1064.84,210,3.4,3.4,No Prazo,Nenhuma
3663,20240923,14,35,8,9,5,4.9,8721.09,1960,31.6,29.6,No Prazo,Atraso em Carga/Descarga
3664,20240923,15,2,3,12,1,56.5,2771.56,590,9.5,13.0,Atrasado,Nenhuma
3665,20240923,3,29,26,18,5,4.0,3021.3,550,8.9,12.9,Atrasado,Nenhuma
3666,20240923,21,30,6,5,1,28.0,7321.86,1370,22.1,23.0,No Prazo,Nenhuma
3667,20240923,31,22,28,3,1,36.7,2674.77,590,9.5,12.3,Atrasado,Trânsito/Rota
3668,20240923,19,29,10,4,5,22.4,2680.89,550,8.9,9.0,No Prazo,Problema Documental
3669,20240923,21,27,4,14,1,23.8,4336.23,800,12.9,12.4,No Prazo,Nenhuma
3670,20240923,18,3,12,2,3,48.3,2063.15,410,6.6,6.8,No Prazo,Nenhuma
3671,20240923,7,13,6,6,5,4.4,3990.2,800,12.9,14.2,Atrasado,Nenhuma
3672,20240923,7,35,14,15,5,5.5,859.34,210,3.4,3.4,No Prazo,Nenhuma
3673,20240923,8,2,27,20,1,11.7,4938.19,930,15.0,14.3,No Prazo,Nenhuma
3674,20240923,14,17,2,5,5,4.7,7585.77,1370,22.1,20.9,No Prazo,Nenhuma
3675,20240923,30,24,11,9,4,46.4,7994.04,1960,31.6,32.3,No Prazo,Nenhuma
3676,20240923,20,13,20,9,5,5.3,12013.74,1960,31.6,30.0,No Prazo,Nenhuma
3677,20240923,11,33,20,20,3,4.2,4577.61,930,15.0,14.4,No Prazo,Nenhuma
3678,20240923,39,24,23,14,4,22.6,4390.33,800,12.9,12.4,No Prazo,Trânsito/Rota
3679,20240923,42,34,3,19,5,4.0,1688.09,300,4.8,5.0,No Prazo,Trânsito/Rota
3680,20240923,40,36,29,5,4,13.6,6682.27,1370,22.1,23.1,No Prazo,Trânsito/Rota
3681,20240923,26,27,15,13,1,11.8,6016.03,1370,22.1,30.1,Atrasado,Nenhuma
3682,20240924,13,31,2,12,3,55.5,2684.04,590,9.5,8.8,No Prazo,Nenhuma
3683,20240924,16,36,1,19,4,3.8,1256.59,300,4.8,5.3,Atrasado,Pane Mecânica
3684,20240924,31,2,27,6,1,55.4,3560.91,800,12.9,12.0,No Prazo,Pane Mecânica
3685,20240924,16,32,6,10,4,3.8,4838.93,930,15.0,14.2,No Prazo,Nenhuma
3686,20240924,16,32,5,6,4,5.3,4080.17,800,12.9,13.8,Atrasado,Nenhuma
3687,20240924,27,13,5,8,5,54.9,4741.68,930,15.0,18.9,Atrasado,Pane Mecânica
3688,20240924,4,27,1,5,1,3.8,5617.34,1370,22.1,22.8,No Prazo,Nenhuma
3689,20240924,5,1,20,7,1,24.2,1072.93,210,3.4,4.4,Atrasado,Atraso em Carga/Descarga
3690,20240924,42,35,17,12,5,4.7,2982.29,590,9.5,9.3,No Prazo,Nenhuma
3691,20240924,30,36,21,12,4,39.6,3161.82,590,9.5,11.9,Atrasado,Nenhuma
3692,20240924,42,29,8,14,5,3.9,4597.74,800,12.9,12.3,No Prazo,Nenhuma
3693,20240924,26,2,15,13,1,9.2,6751.16,1370,22.1,21.0,No Prazo,Atraso em Carga/Descarga
3694,20240924,9,26,1,18,2,25.4,2320.53,550,8.9,9.0,No Prazo,Nenhuma
3695,20240924,16,23,19,16,4,4.6,1416.0,315,5.1,4.9,No Prazo,Nenhuma
3696,20240924,27,34,8,14,5,45.5,3584.0,800,12.9,12.5,No Prazo,Nenhuma
3697,20240924,15,6,11,20,1,52.6,5444.3,930,15.0,15.2,No Prazo,Nenhuma
3698,20240924,1,33,17,4,3,11.3,3181.03,550,8.9,8.8,No Prazo,Problema Documental
3699,20240924,18,7,28,4,3,47.8,3126.15,550,8.9,9.3,No Prazo,Nenhuma
3700,20240924,28,11,18,10,1,42.0,4802.45,930,15.0,17.1,Atrasado,Nenhuma
3701,20240924,24,23,14,6,4,45.7,4788.39,800,12.9,12.9,No Prazo,Nenhuma
3702,20240924,37,15,5,6,1,17.9,3986.03,800,12.9,12.5,No Prazo,Nenhuma
3703,20240924,31,2,9,1,1,54.1,2182.81,430,6.9,7.1,No Prazo,Nenhuma
3704,20240924,3,35,6,13,5,4.3,7410.23,1370,22.1,27.8,Atrasado,Atraso em Carga/Descarga
3705,20240924,18,20,7,4,3,43.8,2322.27,550,8.9,8.7,No Prazo,Pane Mecânica
3706,20240924,32,32,8,13,4,25.7,5675.98,1370,22.1,27.0,Atrasado,Nenhuma
3707,20240924,23,24,8,11,4,5.2,2525.32,410,6.6,6.2,No Prazo,Nenhuma
3708,20240924,1,20,24,13,3,11.0,6033.73,1370,22.1,21.3,No Prazo,Pane Mecânica
3709,20240925,19,34,17,1,5,24.3,1806.43,430,6.9,6.5,No Prazo,Nenhuma
3710,20240925,33,15,20,12,1,19.2,2681.67,590,9.5,10.0,No Prazo,Nenhuma
3711,20240925,12,17,18,20,5,10.1,3641.9,930,15.0,19.1,Atrasado,Nenhuma
3712,20240925,1,33,7,11,3,12.9,1924.64,410,6.6,6.2,No Prazo,Nenhuma
3713,20240925,26,22,21,2,1,12.1,2426.6,410,6.6,6.3,No Prazo,Nenhuma
3714,20240925,1,3,18,15,3,10.9,939.88,210,3.4,3.2,No Prazo,Pane Mecânica
3715,20240925,38,12,21,3,5,52.2,2790.92,590,9.5,9.6,No Prazo,Atraso em Carga/Descarga
3716,20240925,12,37,19,5,5,11.5,5844.93,1370,22.1,20.4,No Prazo,Atraso em Carga/Descarga
3717,20240925,31,2,22,4,1,34.6,2412.53,550,8.9,8.5,No Prazo,Trânsito/Rota
3718,20240925,10,26,9,1,2,26.4,1872.03,430,6.9,7.0,No Prazo,Pane Mecânica
3719,20240925,12,28,4,20,5,11.3,5645.51,930,15.0,14.7,No Prazo,Nenhuma
3720,20240925,40,24,18,14,4,10.9,4446.07,800,12.9,12.2,No Prazo,Nenhuma
3721,20240925,36,11,17,2,1,5.2,2335.54,410,6.6,6.7,No Prazo,Nenhuma
3722,20240925,20,28,14,11,5,5.8,2280.53,410,6.6,6.3,No Prazo,Nenhuma
3723,20240925,40,10,10,6,4,12.7,4116.77,800,12.9,16.8,Atrasado,Trânsito/Rota
3724,20240926,32,36,13,5,4,18.9,7795.1,1370,22.1,28.6,Atrasado,Nenhuma
3725,20240926,28,2,9,18,1,52.8,2956.94,550,8.9,12.2,Atrasado,Nenhuma
3726,20240926,14,17,9,11,5,4.3,2287.68,410,6.6,6.6,No Prazo,Nenhuma
3727,20240926,26,27,15,1,1,13.1,2236.24,430,6.9,7.0,No Prazo,Nenhuma
3728,20240926,31,27,6,2,1,37.7,2160.51,410,6.6,6.1,No Prazo,Nenhuma
3729,20240926,21,1,9,16,1,27.1,1521.57,315,5.1,6.1,Atrasado,Trânsito/Rota
3730,20240926,18,20,5,12,3,36.1,2752.37,590,9.5,9.0,No Prazo,Nenhuma
3731,20240926,34,8,21,4,2,3.8,2879.51,550,8.9,8.4,No Prazo,Nenhuma
3732,20240926,9,9,9,11,2,26.3,2028.99,410,6.6,6.6,No Prazo,Trânsito/Rota
3733,20240926,37,2,27,2,1,19.4,1962.29,410,6.6,6.9,No Prazo,Nenhuma
3734,20240926,22,9,11,17,2,13.3,400.82,100,1.6,1.6,No Prazo,Trânsito/Rota
3735,20240926,34,19,22,14,2,4.0,3542.5,800,12.9,12.0,No Prazo,Nenhuma
3736,20240926,30,36,26,18,4,41.2,2957.01,550,8.9,10.8,Atrasado,Nenhuma
3737,20240926,23,10,6,18,4,4.9,2520.75,550,8.9,12.7,Atrasado,Nenhuma
3738,20240926,5,30,29,3,1,34.5,3008.18,590,9.5,8.9,No Prazo,Nenhuma
3739,20240926,1,4,4,2,3,9.7,2210.06,410,6.6,6.8,No Prazo,Nenhuma
3740,20240926,17,13,29,18,5,10.0,2367.79,550,8.9,8.9,No Prazo,Atraso em Carga/Descarga
3741,20240926,22,19,25,15,2,9.2,966.82,210,3.4,3.5,No Prazo,Nenhuma
3742,20240926,4,1,14,4,1,4.5,3260.33,550,8.9,8.7,No Prazo,Nenhuma
3743,20240926,39,10,18,14,4,19.4,3378.52,800,12.9,12.4,No Prazo,Nenhuma
3744,20240926,3,12,22,1,5,4.9,2486.18,430,6.9,6.6,No Prazo,Nenhuma
3745,20240926,16,10,4,2,4,4.6,2142.96,410,6.6,7.0,Atrasado,Nenhuma
3746,20240927,5,30,19,19,1,34.3,1734.95,300,4.8,4.6,No Prazo,Nenhuma
3747,20240927,31,27,2,19,1,35.2,1597.19,300,4.8,4.5,No Prazo,Nenhuma
3748,20240927,22,38,16,7,2,8.9,1049.66,210,3.4,3.2,No Prazo,Nenhuma
3749,20240927,41,5,4,18,3,25.5,2762.35,550,8.9,8.3,No Prazo,Nenhuma
3750,20240927,42,17,1,16,5,5.3,1665.44,315,5.1,4.8,No Prazo,Nenhuma
3751,20240927,10,19,21,15,2,23.9,1152.37,210,3.4,3.5,No Prazo,Nenhuma
3752,20240927,24,36,10,3,4,47.9,2397.81,590,9.5,13.1,Atrasado,Nenhuma
3753,20240927,28,30,17,12,1,34.2,3255.01,590,9.5,10.9,Atrasado,Nenhuma
3754,20240927,11,5,19,1,3,3.8,2098.74,430,6.9,7.0,No Prazo,Nenhuma
3755,20240927,16,32,27,3,4,4.3,2817.39,590,9.5,9.0,No Prazo,Nenhuma
3756,20240927,10,14,8,19,2,24.2,1648.43,300,4.8,4.8,No Prazo,Nenhuma
3757,20240927,27,12,16,2,5,36.6,1727.55,410,6.6,6.9,No Prazo,Nenhuma
3758,20240927,6,13,24,8,5,10.3,4479.76,930,15.0,15.3,No Prazo,Nenhuma
3759,20240927,6,34,10,11,5,8.5,2137.26,410,6.6,8.7,Atrasado,Nenhuma
3760,20240927,16,36,14,17,4,3.7,551.04,100,1.6,1.5,No Prazo,Nenhuma
3761,20240928,9,26,29,18,2,23.9,2762.2,550,8.9,9.5,Atrasado,Nenhuma
3762,20240928,4,15,26,14,1,4.7,3856.18,800,12.9,12.2,No Prazo,Nenhuma
3763,20240928,19,17,29,4,5,30.2,2739.95,550,8.9,9.1,No Prazo,Nenhuma
3764,20240928,27,13,28,7,5,40.7,1054.35,210,3.4,3.7,Atrasado,Nenhuma
3765,20240928,13,4,20,11,3,37.7,1826.3,410,6.6,6.7,No Prazo,Nenhuma
3766,20240928,3,28,15,3,5,4.4,3460.14,590,9.5,9.9,No Prazo,Nenhuma
3767,20240928,13,33,8,5,3,39.7,7206.37,1370,22.1,21.3,No Prazo,Nenhuma
3768,20240928,18,20,11,13,3,45.7,6663.61,1370,22.1,21.7,No Prazo,Atraso em Carga/Descarga
3769,20240928,26,30,29,10,1,12.4,4042.13,930,15.0,15.1,No Prazo,Nenhuma
3770,20240928,32,23,23,6,4,22.4,4545.82,800,12.9,12.7,No Prazo,Nenhuma
3771,20240929,3,28,5,20,5,5.5,4751.76,930,15.0,14.5,No Prazo,Nenhuma
3772,20240929,40,24,16,20,4,10.6,4100.3,930,15.0,17.2,Atrasado,Trânsito/Rota
3773,20240929,21,22,4,2,1,23.1,1729.93,410,6.6,6.9,No Prazo,Nenhuma
3774,20240930,6,13,30,9,5,13.5,10166.01,1960,31.6,30.4,No Prazo,Nenhuma
3775,20240930,42,29,10,2,5,5.1,2383.66,410,6.6,6.3,No Prazo,Nenhuma
3776,20240930,10,14,2,12,2,18.0,3355.35,590,9.5,9.8,No Prazo,Nenhuma
3777,20240930,5,2,27,4,1,28.2,2271.72,550,8.9,8.3,No Prazo,Nenhuma
3778,20240930,10,26,20,10,2,19.7,4668.71,930,15.0,15.4,No Prazo,Nenhuma
3779,20240930,27,34,19,3,5,43.8,2536.92,590,9.5,9.3,No Prazo,Nenhuma
3780,20240930,38,13,8,19,5,39.5,1340.74,300,4.8,4.9,No Prazo,Nenhuma
3781,20240930,28,22,12,1,1,54.2,2364.29,430,6.9,6.6,No Prazo,Trânsito/Rota
3782,20240930,32,10,2,15,4,23.3,1181.79,210,3.4,4.0,Atrasado,Nenhuma
3783,20240930,32,32,27,8,4,22.1,5556.3,930,15.0,15.2,No Prazo,Nenhuma
3784,20240930,32,10,9,9,4,26.0,11916.37,1960,31.6,32.7,No Prazo,Nenhuma
3785,20240930,19,34,11,1,5,35.0,2025.91,430,6.9,6.5,No Prazo,Nenhuma
3786,20240930,2,35,7,3,5,4.9,2501.37,590,9.5,9.9,No Prazo,Problema Documental
3787,20240930,27,17,17,5,5,37.5,6194.39,1370,22.1,24.8,Atrasado,Nenhuma
3788,20240930,7,34,18,1,5,5.0,2292.12,430,6.9,6.7,No Prazo,Nenhuma
3789,20240930,18,4,29,12,3,50.8,2347.2,590,9.5,9.6,No Prazo,Trânsito/Rota
3790,20240930,21,22,13,13,1,33.8,7658.16,1370,22.1,20.5,No Prazo,Nenhuma
3791,20240930,42,34,27,9,5,5.5,8842.72,1960,31.6,44.5,Atrasado,Nenhuma
3792,20240930,38,29,30,20,5,46.0,4584.55,930,15.0,14.3,No Prazo,Atraso em Carga/Descarga
3793,20240930,36,30,8,10,1,4.9,4264.85,930,15.0,14.7,No Prazo,Nenhuma
3794,20240930,35,5,23,12,3,3.7,3191.93,590,9.5,12.1,Atrasado,Nenhuma
3795,20240930,37,22,8,17,1,24.0,540.99,100,1.6,1.6,No Prazo,Nenhuma
3796,20240930,15,27,2,20,1,40.0,5644.65,930,15.0,19.4,Atrasado,Nenhuma
3797,20240930,16,10,28,8,4,6.0,5312.65,930,15.0,13.9,No Prazo,Trânsito/Rota
3798,20240930,30,10,20,4,4,37.5,2976.9,550,8.9,8.8,No Prazo,Nenhuma
3799,20240930,15,22,4,15,1,35.3,1163.81,210,3.4,3.2,No Prazo,Nenhuma
3800,20240930,11,5,19,16,3,4.5,1617.74,315,5.1,5.2,No Prazo,Nenhuma
3801,20240930,9,26,23,19,2,23.1,1680.61,300,4.8,4.7,No Prazo,Nenhuma
3802,20240930,33,11,11,7,1,24.1,849.88,210,3.4,3.3,No Prazo,Nenhuma
3803,20241001,28,22,27,17,1,42.1,482.35,100,1.6,1.5,No Prazo,Nenhuma
3804,20241001,37,2,13,1,1,21.8,2243.02,430,6.9,6.8,No Prazo,Nenhuma
3805,20241001,17,13,11,15,5,10.4,836.78,210,3.4,3.2,No Prazo,Nenhuma
3806,20241001,1,33,18,10,3,13.6,4451.94,930,15.0,15.4,No Prazo,Nenhuma
3807,20241001,38,28,17,10,5,35.0,5571.91,930,15.0,14.7,No Prazo,Trânsito/Rota
3808,20241001,37,15,1,10,1,17.3,5411.53,930,15.0,15.2,No Prazo,Nenhuma
3809,20241001,34,38,6,7,2,3.8,882.46,210,3.4,4.2,Atrasado,Pane Mecânica
3810,20241001,15,30,14,16,1,56.5,1362.74,315,5.1,5.2,No Prazo,Nenhuma
3811,20241001,31,2,24,2,1,47.4,2167.34,410,6.6,6.4,No Prazo,Nenhuma
3812,20241001,7,35,22,13,5,3.7,6129.95,1370,22.1,28.0,Atrasado,Nenhuma
3813,20241001,25,37,6,12,5,9.8,3000.49,590,9.5,9.1,No Prazo,Nenhuma
3814,20241001,37,22,15,13,1,22.1,6521.0,1370,22.1,28.4,Atrasado,Nenhuma
3815,20241001,11,4,14,17,3,5.4,424.34,100,1.6,1.5,No Prazo,Nenhuma
3816,20241001,20,29,25,11,5,5.5,2064.44,410,6.6,6.4,No Prazo,Pane Mecânica
3817,20241002,22,9,13,19,2,10.8,1558.76,300,4.8,5.0,No Prazo,Nenhuma
3818,20241002,9,14,8,2,2,24.4,2017.13,410,6.6,8.2,Atrasado,Nenhuma
3819,20241002,42,34,8,18,5,4.5,2958.99,550,8.9,8.6,No Prazo,Nenhuma
3820,20241002,11,3,9,1,3,5.5,2262.17,430,6.9,6.8,No Prazo,Atraso em Carga/Descarga
3821,20241002,42,28,18,2,5,4.6,2314.35,410,6.6,6.8,No Prazo,Atraso em Carga/Descarga
3822,20241002,11,31,21,2,3,3.6,2495.42,410,6.6,6.7,No Prazo,Nenhuma
3823,20241002,40,24,11,15,4,11.0,1197.53,210,3.4,3.2,No Prazo,Nenhuma
3824,20241002,23,24,7,10,4,4.7,4722.2,930,15.0,16.6,Atrasado,Nenhuma
3825,20241002,28,6,6,1,1,40.9,2056.8,430,6.9,6.8,No Prazo,Nenhuma
3826,20241002,1,4,5,15,3,8.4,1045.7,210,3.4,3.8,Atrasado,Nenhuma
3827,20241002,15,6,16,18,1,37.4,3036.44,550,8.9,8.5,No Prazo,Nenhuma
3828,20241002,31,30,25,5,1,49.7,5862.7,1370,22.1,22.7,No Prazo,Nenhuma
3829,20241002,27,35,19,16,5,56.7,1357.99,315,5.1,6.8,Atrasado,Nenhuma
3830,20241002,34,9,25,17,2,3.9,526.09,100,1.6,1.5,No Prazo,Nenhuma
3831,20241002,30,36,26,1,4,42.2,2139.8,430,6.9,6.4,No Prazo,Nenhuma
3832,20241002,37,11,11,5,1,23.6,6782.99,1370,22.1,21.1,No Prazo,Nenhuma
3833,20241002,31,15,24,20,1,50.5,4243.78,930,15.0,21.4,Atrasado,Problema Documental
3834,20241002,8,2,27,17,1,10.5,528.28,100,1.6,1.5,No Prazo,Nenhuma
3835,20241002,20,37,16,6,5,3.9,3255.38,800,12.9,13.5,No Prazo,Nenhuma
3836,20241002,35,33,29,17,3,4.7,467.19,100,1.6,1.6,No Prazo,Nenhuma
3837,20241002,21,2,26,15,1,27.2,1184.95,210,3.4,3.5,No Prazo,Nenhuma
3838,20241003,16,24,26,9,4,3.8,8429.82,1960,31.6,38.7,Atrasado,Nenhuma
3839,20241003,31,1,13,18,1,34.9,2683.95,550,8.9,9.0,No Prazo,Trânsito/Rota
3840,20241003,5,30,7,13,1,35.7,7422.61,1370,22.1,25.2,Atrasado,Nenhuma
3841,20241003,4,11,21,3,1,4.8,3170.1,590,9.5,12.3,Atrasado,Nenhuma
3842,20241003,20,13,18,11,5,5.0,1960.8,410,6.6,6.3,No Prazo,Trânsito/Rota
3843,20241003,39,24,30,11,4,21.7,2024.73,410,6.6,8.7,Atrasado,Nenhuma
3844,20241003,21,6,16,16,1,24.5,1741.23,315,5.1,6.4,Atrasado,Nenhuma
3845,20241003,35,7,15,9,3,5.2,9250.46,1960,31.6,30.3,No Prazo,Nenhuma
3846,20241003,23,23,6,16,4,4.2,1896.06,315,5.1,6.4,Atrasado,Nenhuma
3847,20241003,38,35,11,10,5,34.3,5341.43,930,15.0,19.7,Atrasado,Nenhuma
3848,20241003,37,30,2,13,1,20.4,5608.14,1370,22.1,30.2,Atrasado,Nenhuma
3849,20241003,42,37,11,12,5,5.0,2991.69,590,9.5,8.9,No Prazo,Trânsito/Rota
3850,20241003,38,29,18,2,5,43.3,2236.01,410,6.6,8.8,Atrasado,Nenhuma
3851,20241003,10,21,5,17,2,18.7,600.56,100,1.6,1.9,Atrasado,Nenhuma
3852,20241003,34,8,19,14,2,5.6,3398.36,800,12.9,14.0,Atrasado,Nenhuma
3853,20241003,36,15,12,7,1,3.7,1198.26,210,3.4,3.3,No Prazo,Nenhuma
3854,20241003,17,13,22,10,5,8.4,5667.34,930,15.0,13.9,No Prazo,Nenhuma
3855,20241003,28,22,16,8,1,56.6,4289.95,930,15.0,14.5,No Prazo,Trânsito/Rota
3856,20241003,21,15,15,16,1,31.1,1419.39,315,5.1,4.8,No Prazo,Atraso em Carga/Descarga
3857,20241003,13,31,24,20,3,50.3,4884.52,930,15.0,15.3,No Prazo,Nenhuma
3858,20241003,26,6,3,19,1,11.4,1596.08,300,4.8,5.4,Atrasado,Nenhuma
3859,20241003,2,35,12,6,5,5.1,4001.16,800,12.9,17.5,Atrasado,Nenhuma
3860,20241003,9,14,1,13,2,29.0,7243.24,1370,22.1,20.3,No Prazo,Nenhuma
3861,20241003,30,32,30,2,4,50.6,1787.58,410,6.6,7.1,Atrasado,Nenhuma
3862,20241003,21,1,14,7,1,30.3,968.68,210,3.4,3.5,No Prazo,Nenhuma
3863,20241003,7,35,8,6,5,5.8,4242.54,800,12.9,12.1,No Prazo,Nenhuma
3864,20241003,8,6,4,14,1,13.9,4252.55,800,12.9,12.3,No Prazo,Problema Documental
3865,20241003,24,32,20,18,4,50.9,2496.46,550,8.9,10.8,Atrasado,Nenhuma
3866,20241004,8,1,5,9,1,12.3,8362.72,1960,31.6,32.8,No Prazo,Nenhuma
3867,20241004,38,12,30,13,5,46.6,8036.36,1370,22.1,21.9,No Prazo,Trânsito/Rota
3868,20241004,8,6,17,9,1,12.1,8274.29,1960,31.6,32.3,No Prazo,Nenhuma
3869,20241004,24,10,21,8,4,44.7,4552.91,930,15.0,14.6,No Prazo,Nenhuma
3870,20241004,19,34,18,8,5,34.5,4746.71,930,15.0,14.7,No Prazo,Nenhuma
3871,20241004,24,32,23,3,4,55.9,3466.33,590,9.5,9.9,No Prazo,Nenhuma
3872,20241004,18,3,29,10,3,54.5,4806.57,930,15.0,14.9,No Prazo,Nenhuma
3873,20241004,35,33,13,19,3,4.4,1476.58,300,4.8,4.7,No Prazo,Nenhuma
3874,20241004,15,27,24,7,1,44.1,1291.72,210,3.4,3.1,No Prazo,Pane Mecânica
3875,20241004,21,1,29,6,1,35.7,3924.07,800,12.9,11.9,No Prazo,Nenhuma
3876,20241004,31,6,22,8,1,50.4,5259.04,930,15.0,15.5,No Prazo,Pane Mecânica
3877,20241004,29,15,18,16,1,10.2,1568.28,315,5.1,5.2,No Prazo,Nenhuma
3878,20241004,18,31,24,12,3,55.8,2777.44,590,9.5,12.0,Atrasado,Nenhuma
3879,20241004,28,1,4,8,1,49.0,5195.5,930,15.0,13.9,No Prazo,Nenhuma
3880,20241004,36,2,2,8,1,5.5,3841.53,930,15.0,15.0,No Prazo,Nenhuma
3881,20241004,34,26,28,5,2,4.9,6992.77,1370,22.1,22.2,No Prazo,Problema Documental
3882,20241004,22,38,2,15,2,11.9,1146.45,210,3.4,3.1,No Prazo,Nenhuma
3883,20241004,39,36,4,9,4,25.7,8824.34,1960,31.6,30.7,No Prazo,Nenhuma
3884,20241004,11,20,16,19,3,4.8,1356.07,300,4.8,4.8,No Prazo,Nenhuma
3885,20241004,29,11,24,8,1,9.2,4005.48,930,15.0,15.0,No Prazo,Pane Mecânica
3886,20241004,18,3,14,12,3,48.7,2344.49,590,9.5,9.7,No Prazo,Nenhuma
3887,20241004,23,36,30,6,4,4.1,4855.57,800,12.9,18.2,Atrasado,Nenhuma
3888,20241005,5,1,4,10,1,24.3,5084.9,930,15.0,14.7,No Prazo,Pane Mecânica
3889,20241005,11,7,16,6,3,5.1,4885.52,800,12.9,13.4,No Prazo,Nenhuma
3890,20241005,21,22,17,18,1,34.1,2989.91,550,8.9,12.8,Atrasado,Nenhuma
3891,20241005,11,31,27,10,3,4.6,5179.71,930,15.0,14.5,No Prazo,Trânsito/Rota
3892,20241005,2,28,2,13,5,5.5,6413.25,1370,22.1,25.3,Atrasado,Nenhuma
3893,20241005,25,17,12,13,5,8.8,6544.59,1370,22.1,21.9,No Prazo,Pane Mecânica
3894,20241005,25,37,14,17,5,10.4,558.45,100,1.6,1.9,Atrasado,Nenhuma
3895,20241005,30,36,10,17,4,41.0,535.42,100,1.6,1.9,Atrasado,Nenhuma
3896,20241006,27,12,14,11,5,48.6,2423.5,410,6.6,6.9,No Prazo,Pane Mecânica
3897,20241006,14,12,19,8,5,4.8,4024.74,930,15.0,14.7,No Prazo,Nenhuma
3898,20241006,21,22,6,18,1,29.2,3349.23,550,8.9,8.4,No Prazo,Trânsito/Rota
3899,20241006,5,1,27,7,1,28.2,1188.23,210,3.4,3.4,No Prazo,Nenhuma
3900,20241006,35,31,22,5,3,5.7,7879.58,1370,22.1,22.8,No Prazo,Nenhuma
3901,20241006,19,29,13,10,5,22.6,4988.39,930,15.0,18.0,Atrasado,Nenhuma
3902,20241006,19,28,21,10,5,31.0,4697.34,930,15.0,15.4,No Prazo,Nenhuma
3903,20241006,38,12,22,7,5,38.7,971.23,210,3.4,3.2,No Prazo,Nenhuma
3904,20241007,1,5,16,6,3,10.9,4664.29,800,12.9,13.5,No Prazo,Nenhuma
3905,20241007,28,30,11,18,1,48.7,3271.44,550,8.9,9.5,Atrasado,Nenhuma
3906,20241007,37,15,27,2,1,16.5,1971.71,410,6.6,7.3,Atrasado,Nenhuma
3907,20241007,5,30,20,13,1,24.2,7055.96,1370,22.1,23.6,Atrasado,Nenhuma
3908,20241007,4,11,7,18,1,4.9,2532.81,550,8.9,9.9,Atrasado,Nenhuma
3909,20241007,41,4,7,7,3,26.1,1152.02,210,3.4,3.2,No Prazo,Nenhuma
3910,20241007,15,1,22,7,1,53.8,1126.34,210,3.4,4.6,Atrasado,Nenhuma
3911,20241007,6,28,11,7,5,9.2,1130.17,210,3.4,3.5,No Prazo,Nenhuma
3912,20241007,37,6,8,7,1,18.2,1017.98,210,3.4,3.5,No Prazo,Nenhuma
3913,20241007,8,22,5,6,1,9.4,4122.93,800,12.9,12.5,No Prazo,Nenhuma
3914,20241007,20,37,6,4,5,4.1,2953.99,550,8.9,9.3,No Prazo,Nenhuma
3915,20241007,14,34,7,9,5,5.4,12020.75,1960,31.6,41.2,Atrasado,Nenhuma
3916,20241007,34,38,14,9,2,4.4,8429.09,1960,31.6,37.7,Atrasado,Nenhuma
3917,20241007,7,34,10,19,5,5.4,1344.43,300,4.8,4.9,No Prazo,Nenhuma
3918,20241007,11,7,19,6,3,4.0,4523.78,800,12.9,12.6,No Prazo,Nenhuma
3919,20241007,8,27,28,13,1,14.0,5712.72,1370,22.1,21.7,No Prazo,Atraso em Carga/Descarga
3920,20241007,18,4,23,2,3,50.6,2329.22,410,6.6,7.7,Atrasado,Nenhuma
3921,20241007,42,13,17,15,5,5.4,847.34,210,3.4,3.6,No Prazo,Nenhuma
3922,20241007,11,20,20,8,3,4.5,3865.99,930,15.0,14.9,No Prazo,Nenhuma
3923,20241007,3,34,17,15,5,5.6,981.44,210,3.4,3.4,No Prazo,Nenhuma
3924,20241007,32,24,25,11,4,17.0,2358.68,410,6.6,6.1,No Prazo,Nenhuma
3925,20241007,31,2,13,8,1,48.2,4675.05,930,15.0,21.2,Atrasado,Nenhuma
3926,20241008,12,28,6,3,5,10.9,3046.8,590,9.5,9.7,No Prazo,Nenhuma
3927,20241008,39,32,25,8,4,18.7,5396.34,930,15.0,13.9,No Prazo,Nenhuma
3928,20241008,7,37,3,17,5,5.6,416.51,100,1.6,1.5,No Prazo,Nenhuma
3929,20241008,28,11,26,20,1,39.7,4129.8,930,15.0,14.9,No Prazo,Pane Mecânica
3930,20241008,23,36,11,8,4,4.2,4078.62,930,15.0,14.5,No Prazo,Nenhuma
3931,20241008,26,11,23,8,1,9.4,4692.62,930,15.0,15.0,No Prazo,Nenhuma
3932,20241008,32,32,9,2,4,23.0,1749.83,410,6.6,7.5,Atrasado,Nenhuma
3933,20241008,27,13,1,11,5,44.1,2097.65,410,6.6,9.3,Atrasado,Nenhuma
3934,20241008,4,11,20,15,1,5.7,1134.3,210,3.4,3.4,No Prazo,Nenhuma
3935,20241008,19,12,10,15,5,22.4,923.85,210,3.4,4.8,Atrasado,Nenhuma
3936,20241008,40,24,8,18,4,10.6,3020.86,550,8.9,8.7,No Prazo,Trânsito/Rota
3937,20241008,16,36,2,19,4,4.8,1647.6,300,4.8,4.9,No Prazo,Nenhuma
3938,20241008,9,25,28,4,2,29.4,3002.92,550,8.9,8.8,No Prazo,Nenhuma
3939,20241008,29,22,5,3,1,13.4,3279.62,590,9.5,9.3,No Prazo,Nenhuma
3940,20241008,28,2,12,19,1,51.8,1440.06,300,4.8,4.7,No Prazo,Nenhuma
3941,20241008,5,6,24,8,1,26.5,5440.72,930,15.0,16.4,Atrasado,Trânsito/Rota
3942,20241008,38,13,8,3,5,35.5,2595.78,590,9.5,10.7,Atrasado,Nenhuma
3943,20241008,6,35,11,7,5,12.0,1158.53,210,3.4,3.4,No Prazo,Nenhuma
3944,20241008,13,7,18,20,3,39.1,5548.6,930,15.0,16.9,Atrasado,Nenhuma
3945,20241008,9,21,29,15,2,28.1,1111.04,210,3.4,3.1,No Prazo,Nenhuma
3946,20241008,39,23,8,10,4,24.6,5084.64,930,15.0,14.7,No Prazo,Nenhuma
3947,20241009,15,15,26,12,1,35.8,3098.94,590,9.5,12.1,Atrasado,Nenhuma
3948,20241009,20,13,5,19,5,3.8,1371.05,300,4.8,4.5,No Prazo,Nenhuma
3949,20241009,10,9,30,2,2,24.3,1706.88,410,6.6,6.2,No Prazo,Nenhuma
3950,20241009,20,35,12,18,5,4.0,2356.37,550,8.9,8.6,No Prazo,Nenhuma
3951,20241009,17,17,22,10,5,8.6,4632.05,930,15.0,21.1,Atrasado,Nenhuma
3952,20241009,27,17,13,16,5,46.1,1746.51,315,5.1,5.2,No Prazo,Nenhuma
3953,20241009,4,27,3,14,1,5.0,4111.78,800,12.9,16.1,Atrasado,Nenhuma
3954,20241009,22,9,19,4,2,10.5,2313.56,550,8.9,8.5,No Prazo,Nenhuma
3955,20241009,42,12,15,14,5,4.8,3175.89,800,12.9,12.3,No Prazo,Nenhuma
3956,20241009,34,8,29,13,2,5.5,8468.06,1370,22.1,21.6,No Prazo,Nenhuma
3957,20241009,5,6,23,7,1,27.6,1211.71,210,3.4,3.5,No Prazo,Nenhuma
3958,20241009,33,6,2,13,1,18.1,6816.14,1370,22.1,20.6,No Prazo,Pane Mecânica
3959,20241009,7,13,27,18,5,5.4,2987.67,550,8.9,8.5,No Prazo,Nenhuma
3960,20241009,35,33,1,20,3,5.1,4005.22,930,15.0,15.4,No Prazo,Nenhuma
3961,20241009,38,35,25,15,5,44.5,1029.91,210,3.4,3.4,No Prazo,Nenhuma
3962,20241009,16,23,17,15,4,5.4,1049.84,210,3.4,3.3,No Prazo,Nenhuma
3963,20241009,18,3,12,11,3,43.3,1761.18,410,6.6,9.4,Atrasado,Nenhuma
3964,20241009,38,28,24,17,5,39.2,407.21,100,1.6,1.5,No Prazo,Nenhuma
3965,20241009,26,22,3,2,1,13.2,2005.2,410,6.6,7.4,Atrasado,Nenhuma
3966,20241009,41,3,25,11,3,32.4,2465.85,410,6.6,6.4,No Prazo,Nenhuma
3967,20241009,3,28,22,4,5,4.3,2625.33,550,8.9,8.4,No Prazo,Nenhuma
3968,20241009,17,29,11,12,5,10.1,3041.36,590,9.5,9.7,No Prazo,Nenhuma
3969,20241009,38,29,1,2,5,38.2,2173.36,410,6.6,6.3,No Prazo,Nenhuma
3970,20241009,2,34,6,3,5,6.0,3147.28,590,9.5,11.0,Atrasado,Nenhuma
3971,20241009,14,17,28,8,5,4.2,4370.46,930,15.0,15.0,No Prazo,Trânsito/Rota
3972,20241009,9,14,30,17,2,35.9,451.86,100,1.6,1.8,Atrasado,Nenhuma
3973,20241010,16,36,24,5,4,4.1,7696.53,1370,22.1,22.4,No Prazo,Nenhuma
3974,20241010,21,27,27,3,1,23.4,2930.49,590,9.5,10.6,Atrasado,Atraso em Carga/Descarga
3975,20241010,3,35,22,20,5,6.0,4933.11,930,15.0,15.6,No Prazo,Nenhuma
3976,20241010,23,36,28,18,4,5.0,2423.95,550,8.9,8.6,No Prazo,Atraso em Carga/Descarga
3977,20241010,13,4,5,20,3,37.5,3979.71,930,15.0,14.8,No Prazo,Nenhuma
3978,20241010,28,22,20,1,1,37.0,1834.47,430,6.9,7.0,No Prazo,Nenhuma
3979,20241010,16,36,6,2,4,5.9,2262.13,410,6.6,6.7,No Prazo,Nenhuma
3980,20241010,27,17,13,20,5,50.8,5298.99,930,15.0,14.9,No Prazo,Trânsito/Rota
3981,20241010,13,33,3,3,3,47.5,2944.83,590,9.5,9.9,No Prazo,Nenhuma
3982,20241010,25,34,11,15,5,11.1,905.48,210,3.4,3.3,No Prazo,Nenhuma
3983,20241010,15,1,20,6,1,46.0,3450.65,800,12.9,13.5,No Prazo,Trânsito/Rota
3984,20241010,18,7,16,6,3,34.4,3284.57,800,12.9,18.0,Atrasado,Trânsito/Rota
3985,20241010,25,12,3,20,5,10.2,5116.69,930,15.0,15.4,No Prazo,Nenhuma
3986,20241010,19,17,30,4,5,29.0,3360.82,550,8.9,8.4,No Prazo,Trânsito/Rota
3987,20241010,41,4,29,18,3,28.3,2633.64,550,8.9,8.8,No Prazo,Nenhuma
3988,20241010,6,29,20,12,5,8.8,3177.12,590,9.5,9.6,No Prazo,Nenhuma
3989,20241010,32,23,8,20,4,22.5,4787.13,930,15.0,16.9,Atrasado,Nenhuma
3990,20241010,27,28,20,7,5,51.6,1061.7,210,3.4,3.6,No Prazo,Nenhuma
3991,20241010,9,18,25,12,2,34.0,3072.14,590,9.5,10.0,No Prazo,Nenhuma
3992,20241010,38,34,4,9,5,55.2,10732.0,1960,31.6,32.6,No Prazo,Nenhuma
3993,20241010,31,30,27,18,1,47.4,2902.33,550,8.9,9.2,No Prazo,Nenhuma
3994,20241010,19,12,20,6,5,32.2,4292.3,800,12.9,13.2,No Prazo,Nenhuma
3995,20241010,13,31,22,15,3,42.0,1074.6,210,3.4,4.5,Atrasado,Trânsito/Rota
3996,20241010,19,28,4,12,5,30.3,3232.26,590,9.5,13.8,Atrasado,Nenhuma
3997,20241011,28,2,22,19,1,37.7,1797.08,300,4.8,5.3,Atrasado,Pane Mecânica
3998,20241011,38,34,17,6,5,35.8,4286.27,800,12.9,13.3,No Prazo,Nenhuma
3999,20241011,18,7,8,18,3,51.1,3427.6,550,8.9,8.8,No Prazo,Nenhuma
4000,20241011,16,10,24,15,4,4.0,1273.16,210,3.4,4.5,Atrasado,Nenhuma
4001,20241011,2,17,24,1,5,3.7,2304.78,430,6.9,6.6,No Prazo,Nenhuma
4002,20241011,5,15,24,18,1,34.4,3024.33,550,8.9,8.3,No Prazo,Nenhuma
4003,20241011,22,19,1,5,2,12.7,6823.44,1370,22.1,27.5,Atrasado,Nenhuma
4004,20241011,24,24,29,13,4,49.3,6774.46,1370,22.1,22.0,No Prazo,Nenhuma
4005,20241011,1,4,28,5,3,10.1,7972.14,1370,22.1,22.1,No Prazo,Trânsito/Rota
4006,20241011,23,24,29,18,4,3.7,3321.0,550,8.9,11.9,Atrasado,Nenhuma
4007,20241011,30,10,22,6,4,48.7,4554.75,800,12.9,18.3,Atrasado,Nenhuma
4008,20241011,3,17,21,6,5,4.8,3267.31,800,12.9,16.0,Atrasado,Atraso em Carga/Descarga
4009,20241011,12,37,20,17,5,10.9,481.63,100,1.6,1.5,No Prazo,Nenhuma
4010,20241011,38,35,24,12,5,34.5,3382.2,590,9.5,9.5,No Prazo,Nenhuma
4011,20241011,19,12,4,11,5,36.2,1767.23,410,6.6,9.2,Atrasado,Nenhuma
4012,20241011,38,12,20,7,5,52.7,1065.01,210,3.4,3.2,No Prazo,Nenhuma
4013,20241011,4,6,7,11,1,5.8,1754.65,410,6.6,6.3,No Prazo,Nenhuma
4014,20241011,17,12,7,19,5,10.1,1850.36,300,4.8,4.8,No Prazo,Nenhuma
4015,20241011,8,6,10,9,1,9.3,9327.81,1960,31.6,33.6,Atrasado,Nenhuma
4016,20241011,16,23,7,6,4,4.7,3953.21,800,12.9,13.0,No Prazo,Nenhuma
4017,20241011,13,20,26,5,3,49.2,8098.89,1370,22.1,22.1,No Prazo,Nenhuma
4018,20241011,17,34,16,16,5,9.0,1535.83,315,5.1,5.2,No Prazo,Trânsito/Rota
4019,20241011,19,37,18,3,5,29.1,2861.23,590,9.5,9.8,No Prazo,Problema Documental
4020,20241011,16,32,28,20,4,5.2,4912.09,930,15.0,18.2,Atrasado,Nenhuma
4021,20241011,24,24,28,18,4,54.8,2922.53,550,8.9,8.6,No Prazo,Nenhuma
4022,20241011,7,13,1,10,5,4.0,5062.84,930,15.0,15.7,No Prazo,Nenhuma
4023,20241012,13,20,27,8,3,50.4,4642.06,930,15.0,19.4,Atrasado,Nenhuma
4024,20241012,31,15,18,1,1,47.2,1954.62,430,6.9,6.6,No Prazo,Pane Mecânica
4025,20241012,25,28,15,15,5,11.9,1102.6,210,3.4,3.1,No Prazo,Nenhuma
4026,20241012,12,35,19,14,5,9.7,4316.25,800,12.9,13.3,No Prazo,Nenhuma
4027,20241012,7,34,30,16,5,4.5,1694.54,315,5.1,5.0,No Prazo,Nenhuma
4028,20241012,29,6,14,5,1,10.1,7023.19,1370,22.1,25.6,Atrasado,Nenhuma
4029,20241012,1,31,6,13,3,9.0,8128.8,1370,22.1,22.1,No Prazo,Nenhuma
4030,20241012,2,13,21,11,5,4.8,2252.18,410,6.6,6.3,No Prazo,Nenhuma
4031,20241013,27,34,22,3,5,42.9,2995.83,590,9.5,8.8,No Prazo,Nenhuma
4032,20241013,30,24,24,16,4,42.0,1802.8,315,5.1,5.3,No Prazo,Trânsito/Rota
4033,20241013,13,20,5,14,3,48.6,4845.94,800,12.9,16.7,Atrasado,Trânsito/Rota
4034,20241013,20,29,7,20,5,5.8,5494.41,930,15.0,14.6,No Prazo,Trânsito/Rota
4035,20241013,42,12,17,14,5,5.7,3844.34,800,12.9,12.0,No Prazo,Trânsito/Rota
4036,20241014,29,6,2,2,1,10.2,1805.94,410,6.6,6.2,No Prazo,Nenhuma
4037,20241014,38,12,16,6,5,47.7,4074.03,800,12.9,13.5,No Prazo,Nenhuma
4038,20241014,26,2,21,19,1,9.9,1419.93,300,4.8,4.8,No Prazo,Nenhuma
4039,20241014,36,27,17,17,1,4.6,496.32,100,1.6,1.6,No Prazo,Nenhuma
4040,20241014,16,10,13,9,4,3.9,11009.68,1960,31.6,32.6,No Prazo,Trânsito/Rota
4041,20241014,25,37,25,1,5,11.7,1780.95,430,6.9,6.4,No Prazo,Nenhuma
4042,20241014,22,18,1,17,2,12.6,547.87,100,1.6,2.1,Atrasado,Atraso em Carga/Descarga
4043,20241014,29,30,16,1,1,9.0,2146.62,430,6.9,7.0,No Prazo,Nenhuma
4044,20241014,9,19,4,1,2,27.2,2203.69,430,6.9,9.2,Atrasado,Nenhuma
4045,20241014,32,24,6,20,4,23.4,4424.8,930,15.0,14.2,No Prazo,Nenhuma
4046,20241014,32,10,18,13,4,26.7,6811.58,1370,22.1,28.4,Atrasado,Nenhuma
4047,20241014,2,12,28,7,5,5.7,1228.98,210,3.4,3.6,Atrasado,Nenhuma
4048,20241014,38,37,2,2,5,43.5,2365.31,410,6.6,8.2,Atrasado,Nenhuma
4049,20241014,17,37,25,10,5,9.2,5268.86,930,15.0,20.6,Atrasado,Nenhuma
4050,20241014,26,1,3,6,1,11.0,4381.97,800,12.9,17.7,Atrasado,Nenhuma
4051,20241014,30,36,14,7,4,56.1,1176.99,210,3.4,4.5,Atrasado,Nenhuma
4052,20241014,21,27,26,2,1,27.0,2226.23,410,6.6,8.9,Atrasado,Trânsito/Rota
4053,20241014,8,6,20,13,1,10.1,7849.31,1370,22.1,22.5,No Prazo,Nenhuma
4054,20241014,33,2,3,16,1,19.3,1468.7,315,5.1,7.1,Atrasado,Nenhuma
4055,20241014,33,6,3,12,1,18.3,2903.94,590,9.5,10.4,Atrasado,Nenhuma
4056,20241014,36,6,10,1,1,5.6,1880.28,430,6.9,6.6,No Prazo,Atraso em Carga/Descarga
4057,20241015,30,23,30,9,4,49.0,7837.68,1960,31.6,44.1,Atrasado,Nenhuma
4058,20241015,15,11,25,8,1,54.0,5038.4,930,15.0,15.3,No Prazo,Nenhuma
4059,20241015,33,2,4,5,1,18.5,6223.25,1370,22.1,29.9,Atrasado,Nenhuma
4060,20241015,30,32,14,13,4,41.1,6410.99,1370,22.1,21.8,No Prazo,Nenhuma
4061,20241015,24,32,6,2,4,51.2,2178.73,410,6.6,6.7,No Prazo,Nenhuma
4062,20241015,15,30,27,19,1,39.3,1465.72,300,4.8,4.9,No Prazo,Trânsito/Rota
4063,20241015,3,34,8,6,5,4.7,3466.26,800,12.9,12.3,No Prazo,Nenhuma
4064,20241015,35,31,21,14,3,4.7,3990.12,800,12.9,15.6,Atrasado,Atraso em Carga/Descarga
4065,20241015,33,6,23,7,1,21.0,937.96,210,3.4,3.5,No Prazo,Trânsito/Rota
4066,20241015,37,11,21,2,1,22.7,2258.99,410,6.6,6.7,No Prazo,Nenhuma
4067,20241015,3,35,13,19,5,4.3,1353.03,300,4.8,4.7,No Prazo,Nenhuma
4068,20241015,23,36,16,7,4,5.0,1192.43,210,3.4,3.2,No Prazo,Pane Mecânica
4069,20241015,16,23,22,17,4,3.7,538.25,100,1.6,1.6,No Prazo,Nenhuma
4070,20241015,33,2,2,5,1,16.5,7507.2,1370,22.1,27.1,Atrasado,Nenhuma
4071,20241015,29,11,4,17,1,10.1,478.65,100,1.6,1.5,No Prazo,Nenhuma
4072,20241015,23,24,30,19,4,4.1,1597.88,300,4.8,4.9,No Prazo,Nenhuma
4073,20241015,30,24,21,14,4,35.3,4680.31,800,12.9,15.5,Atrasado,Nenhuma
4074,20241015,9,16,19,19,2,29.7,1334.92,300,4.8,4.6,No Prazo,Problema Documental
4075,20241015,19,34,27,10,5,34.0,4925.04,930,15.0,15.7,No Prazo,Trânsito/Rota
4076,20241015,14,34,2,17,5,5.7,429.16,100,1.6,2.1,Atrasado,Trânsito/Rota
4077,20241015,41,4,15,17,3,32.1,429.39,100,1.6,1.5,No Prazo,Problema Documental
4078,20241015,11,31,15,7,3,5.4,905.93,210,3.4,4.4,Atrasado,Nenhuma
4079,20241015,24,23,18,13,4,42.4,6415.88,1370,22.1,22.0,No Prazo,Nenhuma
4080,20241015,30,23,20,6,4,51.0,4768.65,800,12.9,12.0,No Prazo,Trânsito/Rota
4081,20241015,7,13,22,18,5,4.8,3018.98,550,8.9,10.8,Atrasado,Nenhuma
4082,20241016,22,9,6,1,2,10.1,2214.78,430,6.9,7.0,No Prazo,Nenhuma
4083,20241016,31,22,7,4,1,45.3,2293.56,550,8.9,10.9,Atrasado,Nenhuma
4084,20241016,17,29,25,12,5,13.2,3367.78,590,9.5,9.5,No Prazo,Nenhuma
4085,20241016,15,6,7,4,1,50.4,2592.19,550,8.9,8.6,No Prazo,Nenhuma
4086,20241016,15,30,7,18,1,48.3,2450.51,550,8.9,8.5,No Prazo,Nenhuma
4087,20241016,36,30,26,15,1,5.0,924.58,210,3.4,3.1,No Prazo,Nenhuma
4088,20241016,31,6,30,20,1,45.2,4241.27,930,15.0,14.1,No Prazo,Nenhuma
4089,20241016,33,27,3,1,1,20.0,1853.37,430,6.9,6.4,No Prazo,Nenhuma
4090,20241016,7,17,9,3,5,4.7,2697.08,590,9.5,11.0,Atrasado,Nenhuma
4091,20241016,2,29,7,18,5,4.8,2410.2,550,8.9,12.3,Atrasado,Nenhuma
4092,20241016,11,7,4,6,3,4.4,3521.59,800,12.9,17.4,Atrasado,Nenhuma
4093,20241016,34,14,28,7,2,5.8,948.33,210,3.4,3.5,No Prazo,Problema Documental
4094,20241016,39,36,19,1,4,22.0,2419.08,430,6.9,8.4,Atrasado,Atraso em Carga/Descarga
4095,20241016,38,12,9,15,5,53.9,1007.49,210,3.4,3.2,No Prazo,Nenhuma
4096,20241016,1,20,1,8,3,11.2,3981.79,930,15.0,14.2,No Prazo,Trânsito/Rota
4097,20241016,15,30,3,6,1,56.3,4465.84,800,12.9,12.2,No Prazo,Nenhuma
4098,20241016,31,27,9,12,1,46.2,3058.14,590,9.5,9.3,No Prazo,Nenhuma
4099,20241016,28,15,27,14,1,42.0,4270.93,800,12.9,16.3,Atrasado,Nenhuma
4100,20241016,23,23,24,6,4,5.2,4957.55,800,12.9,16.5,Atrasado,Nenhuma
4101,20241016,10,19,5,16,2,20.1,1660.88,315,5.1,6.2,Atrasado,Nenhuma
4102,20241016,13,5,28,5,3,48.4,5974.23,1370,22.1,28.5,Atrasado,Nenhuma
4103,20241016,26,6,14,13,1,12.7,7127.89,1370,22.1,20.4,No Prazo,Nenhuma
4104,20241016,29,2,5,19,1,9.5,1579.79,300,4.8,5.4,Atrasado,Nenhuma
4105,20241016,38,17,29,17,5,48.0,554.12,100,1.6,1.6,No Prazo,Trânsito/Rota
4106,20241016,11,31,14,15,3,5.0,1127.18,210,3.4,3.7,Atrasado,Nenhuma
4107,20241016,8,1,5,5,1,13.6,6054.76,1370,22.1,22.9,No Prazo,Nenhuma
4108,20241016,12,13,4,17,5,13.9,460.2,100,1.6,1.5,No Prazo,Trânsito/Rota
4109,20241016,5,15,16,6,1,27.5,3405.72,800,12.9,12.2,No Prazo,Nenhuma
4110,20241017,38,12,21,15,5,41.2,855.85,210,3.4,3.4,No Prazo,Trânsito/Rota
4111,20241017,25,28,23,2,5,11.9,2349.84,410,6.6,6.3,No Prazo,Nenhuma
4112,20241017,14,35,15,2,5,4.4,2060.66,410,6.6,6.7,No Prazo,Nenhuma
4113,20241017,38,34,23,19,5,56.7,1438.46,300,4.8,5.4,Atrasado,Nenhuma
4114,20241017,7,29,5,17,5,3.9,609.28,100,1.6,1.5,No Prazo,Nenhuma
4115,20241017,28,11,25,3,1,41.2,2529.66,590,9.5,10.5,Atrasado,Nenhuma
4116,20241017,13,7,23,13,3,36.6,7329.94,1370,22.1,22.3,No Prazo,Nenhuma
4117,20241017,14,35,4,2,5,3.7,2343.25,410,6.6,6.5,No Prazo,Nenhuma
4118,20241017,36,11,4,8,1,5.2,4130.5,930,15.0,14.1,No Prazo,Pane Mecânica
4119,20241017,14,12,14,11,5,5.8,1717.8,410,6.6,7.9,Atrasado,Nenhuma
4120,20241017,12,17,4,18,5,9.4,3173.01,550,8.9,8.6,No Prazo,Nenhuma
4121,20241017,31,15,27,2,1,46.3,2169.12,410,6.6,8.8,Atrasado,Nenhuma
4122,20241017,7,29,1,5,5,3.6,6829.84,1370,22.1,28.9,Atrasado,Atraso em Carga/Descarga
4123,20241017,34,14,15,20,2,5.1,4794.95,930,15.0,14.7,No Prazo,Nenhuma
4124,20241017,37,30,19,9,1,17.9,8484.86,1960,31.6,32.8,No Prazo,Nenhuma
4125,20241017,34,16,11,15,2,4.4,1016.53,210,3.4,4.3,Atrasado,Atraso em Carga/Descarga
4126,20241017,37,11,26,7,1,17.8,977.35,210,3.4,3.4,No Prazo,Nenhuma
4127,20241017,24,10,15,16,4,49.6,1662.54,315,5.1,5.2,No Prazo,Nenhuma
4128,20241017,12,35,27,14,5,11.9,3860.22,800,12.9,12.4,No Prazo,Nenhuma
4129,20241017,21,30,2,18,1,33.9,3048.07,550,8.9,8.6,No Prazo,Nenhuma
4130,20241017,33,1,17,19,1,21.4,1529.07,300,4.8,4.8,No Prazo,Nenhuma
4131,20241017,17,29,12,9,5,12.4,8384.09,1960,31.6,33.1,No Prazo,Nenhuma
4132,20241017,31,6,30,1,1,41.7,2117.18,430,6.9,6.4,No Prazo,Nenhuma
4133,20241017,1,7,21,20,3,11.9,4562.4,930,15.0,14.9,No Prazo,Nenhuma
4134,20241017,13,33,21,12,3,55.3,3019.36,590,9.5,9.6,No Prazo,Trânsito/Rota
4135,20241017,6,37,3,5,5,11.8,7440.73,1370,22.1,23.1,No Prazo,Nenhuma
4136,20241017,21,6,17,10,1,24.1,5637.65,930,15.0,14.0,No Prazo,Nenhuma
4137,20241017,21,2,23,17,1,33.0,439.91,100,1.6,2.0,Atrasado,Nenhuma
4138,20241017,30,23,22,8,4,49.4,4768.5,930,15.0,19.5,Atrasado,Nenhuma
4139,20241018,36,22,12,18,1,4.1,2424.47,550,8.9,9.3,No Prazo,Nenhuma
4140,20241018,42,28,24,9,5,6.0,8976.95,1960,31.6,32.0,No Prazo,Nenhuma
4141,20241018,10,14,29,20,2,17.0,4873.07,930,15.0,14.9,No Prazo,Nenhuma
4142,20241018,11,33,7,20,3,4.5,4182.17,930,15.0,14.5,No Prazo,Nenhuma
4143,20241018,14,28,18,16,5,5.4,1593.96,315,5.1,6.1,Atrasado,Nenhuma
4144,20241018,38,37,9,7,5,49.2,965.61,210,3.4,3.5,No Prazo,Nenhuma
4145,20241018,5,30,12,4,1,28.2,2978.02,550,8.9,9.1,No Prazo,Nenhuma
4146,20241018,24,36,30,19,4,49.3,1513.4,300,4.8,6.8,Atrasado,Nenhuma
4147,20241018,38,37,16,18,5,38.4,3187.64,550,8.9,8.8,No Prazo,Nenhuma
4148,20241018,26,22,23,9,1,12.7,9634.75,1960,31.6,29.2,No Prazo,Trânsito/Rota
4149,20241018,41,7,20,2,3,29.8,2054.71,410,6.6,6.8,No Prazo,Nenhuma
4150,20241018,25,28,9,15,5,10.7,1005.6,210,3.4,4.0,Atrasado,Pane Mecânica
4151,20241018,38,17,18,2,5,39.2,2496.28,410,6.6,6.8,No Prazo,Nenhuma
4152,20241019,28,6,26,10,1,36.0,4299.92,930,15.0,17.8,Atrasado,Nenhuma
4153,20241019,17,12,5,4,5,12.8,2625.53,550,8.9,11.9,Atrasado,Nenhuma
4154,20241019,15,27,14,6,1,46.5,3877.82,800,12.9,14.0,Atrasado,Nenhuma
4155,20241019,33,11,12,5,1,26.7,6860.13,1370,22.1,27.1,Atrasado,Nenhuma
4156,20241019,31,1,14,9,1,36.9,10399.16,1960,31.6,31.1,No Prazo,Nenhuma
4157,20241020,14,12,25,2,5,4.2,2049.82,410,6.6,6.4,No Prazo,Nenhuma
4158,20241020,19,12,11,5,5,26.8,5826.24,1370,22.1,21.6,No Prazo,Atraso em Carga/Descarga
4159,20241020,25,28,22,8,5,8.4,5273.28,930,15.0,15.2,No Prazo,Pane Mecânica
4160,20241020,28,30,14,4,1,35.6,2427.53,550,8.9,9.7,Atrasado,Nenhuma
4161,20241020,24,24,11,17,4,47.3,514.84,100,1.6,1.8,Atrasado,Nenhuma
4162,20241021,23,23,21,5,4,4.9,7402.55,1370,22.1,20.8,No Prazo,Nenhuma
4163,20241021,11,5,22,11,3,4.9,2123.93,410,6.6,6.6,No Prazo,Nenhuma
4164,20241021,17,37,18,18,5,8.9,2915.05,550,8.9,8.2,No Prazo,Nenhuma
4165,20241021,21,2,6,7,1,35.7,1033.77,210,3.4,4.8,Atrasado,Nenhuma
4166,20241021,25,35,27,7,5,9.8,1180.34,210,3.4,3.5,No Prazo,Nenhuma
4167,20241021,8,30,9,3,1,10.3,2680.62,590,9.5,9.0,No Prazo,Nenhuma
4168,20241021,21,15,17,5,1,28.0,7162.33,1370,22.1,31.5,Atrasado,Pane Mecânica
4169,20241021,39,24,12,5,4,20.6,7429.09,1370,22.1,21.3,No Prazo,Nenhuma
4170,20241021,17,12,11,3,5,13.6,3305.16,590,9.5,8.9,No Prazo,Nenhuma
4171,20241021,39,36,12,4,4,23.9,3064.02,550,8.9,8.9,No Prazo,Nenhuma
4172,20241021,15,30,20,16,1,52.5,1436.74,315,5.1,7.2,Atrasado,Atraso em Carga/Descarga
4173,20241021,25,29,30,14,5,13.8,4527.0,800,12.9,13.0,No Prazo,Nenhuma
4174,20241021,42,34,1,16,5,5.7,1684.79,315,5.1,6.5,Atrasado,Nenhuma
4175,20241021,25,13,16,5,5,9.3,5923.59,1370,22.1,26.6,Atrasado,Nenhuma
4176,20241021,11,31,18,11,3,4.8,1880.09,410,6.6,6.6,No Prazo,Pane Mecânica
4177,20241021,26,2,16,17,1,13.1,543.68,100,1.6,2.0,Atrasado,Nenhuma
4178,20241021,11,3,22,12,3,3.8,2966.04,590,9.5,8.8,No Prazo,Nenhuma
4179,20241021,32,24,30,1,4,23.6,2059.93,430,6.9,6.5,No Prazo,Nenhuma
4180,20241021,11,31,28,15,3,3.8,1241.51,210,3.4,3.5,No Prazo,Nenhuma
4181,20241021,30,32,18,16,4,46.0,1702.04,315,5.1,5.0,No Prazo,Nenhuma
4182,20241021,25,13,14,9,5,10.5,9564.15,1960,31.6,30.6,No Prazo,Nenhuma
4183,20241021,12,37,7,4,5,11.8,2990.0,550,8.9,8.5,No Prazo,Problema Documental
4184,20241021,31,15,4,14,1,44.0,3984.13,800,12.9,12.6,No Prazo,Nenhuma
4185,20241021,23,23,16,6,4,5.9,4523.56,800,12.9,12.9,No Prazo,Trânsito/Rota
4186,20241021,38,17,20,14,5,45.3,4809.49,800,12.9,12.1,No Prazo,Nenhuma
4187,20241021,12,35,26,9,5,11.7,10234.68,1960,31.6,29.5,No Prazo,Atraso em Carga/Descarga
4188,20241021,14,28,24,2,5,5.1,2109.84,410,6.6,8.6,Atrasado,Nenhuma
4189,20241021,40,32,10,2,4,12.1,2354.14,410,6.6,6.5,No Prazo,Nenhuma
4190,20241021,24,24,22,10,4,55.7,4630.82,930,15.0,14.0,No Prazo,Nenhuma
4191,20241022,28,1,21,19,1,56.2,1558.77,300,4.8,4.6,No Prazo,Nenhuma
4192,20241022,29,27,9,18,1,11.0,2844.38,550,8.9,8.4,No Prazo,Nenhuma
4193,20241022,23,32,12,20,4,4.5,4940.97,930,15.0,14.9,No Prazo,Atraso em Carga/Descarga
4194,20241022,34,38,19,18,2,4.4,2972.44,550,8.9,9.3,No Prazo,Nenhuma
4195,20241022,31,1,2,4,1,43.5,2356.63,550,8.9,12.1,Atrasado,Nenhuma
4196,20241022,22,14,30,8,2,12.0,5134.92,930,15.0,15.2,No Prazo,Nenhuma
4197,20241022,41,20,16,14,3,36.4,3542.11,800,12.9,12.0,No Prazo,Nenhuma
4198,20241022,12,13,10,5,5,11.7,8265.32,1370,22.1,22.4,No Prazo,Nenhuma
4199,20241022,31,1,30,20,1,47.6,5236.47,930,15.0,15.7,No Prazo,Nenhuma
4200,20241022,20,28,29,10,5,4.4,4294.8,930,15.0,15.2,No Prazo,Nenhuma
4201,20241022,33,1,21,18,1,19.3,2968.61,550,8.9,8.2,No Prazo,Nenhuma
4202,20241022,12,12,7,10,5,10.6,3813.58,930,15.0,13.9,No Prazo,Trânsito/Rota
4203,20241022,11,20,27,8,3,5.4,4364.37,930,15.0,14.9,No Prazo,Nenhuma
4204,20241022,2,12,29,10,5,5.0,4635.83,930,15.0,15.6,No Prazo,Nenhuma
4205,20241022,40,24,19,8,4,12.2,4596.57,930,15.0,15.4,No Prazo,Nenhuma
4206,20241022,41,4,28,9,3,33.8,10781.88,1960,31.6,38.7,Atrasado,Nenhuma
4207,20241022,15,15,15,10,1,39.9,5738.87,930,15.0,14.3,No Prazo,Trânsito/Rota
4208,20241022,12,37,23,12,5,12.9,3234.05,590,9.5,8.8,No Prazo,Nenhuma
4209,20241022,6,12,16,17,5,11.4,461.7,100,1.6,1.8,Atrasado,Nenhuma
4210,20241022,22,16,14,4,2,9.0,2328.06,550,8.9,8.2,No Prazo,Nenhuma
4211,20241022,4,30,28,6,1,5.7,3564.97,800,12.9,14.8,Atrasado,Nenhuma
4212,20241022,36,2,9,2,1,5.2,1846.19,410,6.6,8.5,Atrasado,Nenhuma
4213,20241022,16,10,22,3,4,5.6,2526.26,590,9.5,8.8,No Prazo,Nenhuma
4214,20241022,4,11,25,11,1,5.6,2258.33,410,6.6,6.5,No Prazo,Nenhuma
4215,20241022,7,37,3,2,5,5.5,2267.85,410,6.6,6.8,No Prazo,Nenhuma
4216,20241022,1,5,12,9,3,8.5,8954.64,1960,31.6,33.1,No Prazo,Nenhuma
4217,20241023,16,24,3,20,4,4.7,4735.96,930,15.0,16.3,Atrasado,Trânsito/Rota
4218,20241023,25,28,25,16,5,13.2,1590.22,315,5.1,4.8,No Prazo,Nenhuma
4219,20241023,12,37,6,4,5,9.1,2525.2,550,8.9,8.9,No Prazo,Nenhuma
4220,20241023,17,28,20,1,5,13.3,2318.12,430,6.9,6.8,No Prazo,Nenhuma
4221,20241023,36,22,16,18,1,5.0,3389.62,550,8.9,12.4,Atrasado,Nenhuma
4222,20241023,26,22,11,7,1,12.6,1030.9,210,3.4,3.2,No Prazo,Trânsito/Rota
4223,20241023,19,35,4,19,5,32.6,1352.94,300,4.8,4.6,No Prazo,Nenhuma
4224,20241023,37,30,4,7,1,21.8,1200.36,210,3.4,3.5,No Prazo,Nenhuma
4225,20241023,9,21,9,12,2,23.5,2825.82,590,9.5,8.8,No Prazo,Nenhuma
4226,20241023,12,28,7,18,5,8.7,2869.43,550,8.9,9.0,No Prazo,Nenhuma
4227,20241023,25,28,27,18,5,13.1,3010.63,550,8.9,11.3,Atrasado,Trânsito/Rota
4228,20241023,1,31,4,8,3,13.2,5340.04,930,15.0,14.1,No Prazo,Atraso em Carga/Descarga
4229,20241023,29,2,1,8,1,9.9,4584.29,930,15.0,15.7,No Prazo,Trânsito/Rota
4230,20241023,23,23,1,14,4,3.9,3960.77,800,12.9,13.7,Atrasado,Nenhuma
4231,20241023,38,29,20,9,5,45.2,11382.41,1960,31.6,31.1,No Prazo,Nenhuma
4232,20241023,41,33,8,13,3,22.4,6809.61,1370,22.1,23.1,No Prazo,Nenhuma
4233,20241023,16,10,1,6,4,4.7,3521.92,800,12.9,12.6,No Prazo,Nenhuma
4234,20241023,6,29,3,10,5,13.1,4775.89,930,15.0,14.1,No Prazo,Nenhuma
4235,20241023,11,20,21,14,3,4.9,4081.51,800,12.9,12.0,No Prazo,Nenhuma
4236,20241023,34,38,13,3,2,5.0,2552.74,590,9.5,9.2,No Prazo,Nenhuma
4237,20241023,22,9,3,5,2,10.2,6719.59,1370,22.1,20.6,No Prazo,Nenhuma
4238,20241023,9,14,29,1,2,28.1,2103.08,430,6.9,9.0,Atrasado,Nenhuma
4239,20241023,2,29,18,18,5,5.5,2582.83,550,8.9,8.8,No Prazo,Nenhuma
4240,20241023,2,28,4,16,5,4.8,1268.45,315,5.1,5.1,No Prazo,Nenhuma
4241,20241023,38,29,30,16,5,56.1,1488.12,315,5.1,5.2,No Prazo,Nenhuma
4242,20241023,20,12,5,3,5,5.0,2749.26,590,9.5,9.2,No Prazo,Atraso em Carga/Descarga
4243,20241023,24,10,26,15,4,44.7,970.15,210,3.4,3.7,Atrasado,Nenhuma
4244,20241023,1,4,2,12,3,13.4,3323.41,590,9.5,9.0,No Prazo,Pane Mecânica
4245,20241024,26,27,12,5,1,9.4,6860.94,1370,22.1,28.2,Atrasado,Nenhuma
4246,20241024,15,27,2,3,1,42.6,2587.08,590,9.5,13.5,Atrasado,Nenhuma
4247,20241024,38,34,6,2,5,51.8,1909.7,410,6.6,6.3,No Prazo,Nenhuma
4248,20241024,22,8,25,4,2,11.9,2309.92,550,8.9,9.2,No Prazo,Nenhuma
4249,20241024,15,22,22,4,1,36.1,2680.56,550,8.9,8.4,No Prazo,Nenhuma
4250,20241024,25,17,25,4,5,10.3,2194.89,550,8.9,8.2,No Prazo,Pane Mecânica
4251,20241024,11,4,27,5,3,3.8,7781.59,1370,22.1,21.3,No Prazo,Nenhuma
4252,20241024,10,9,12,15,2,23.1,1149.24,210,3.4,3.2,No Prazo,Pane Mecânica
4253,20241024,12,12,7,19,5,13.2,1484.31,300,4.8,5.0,No Prazo,Nenhuma
4254,20241024,37,6,1,20,1,18.3,4411.29,930,15.0,21.1,Atrasado,Nenhuma
4255,20241024,37,2,6,15,1,17.6,1248.05,210,3.4,3.2,No Prazo,Nenhuma
4256,20241024,15,11,17,11,1,46.5,1880.29,410,6.6,6.3,No Prazo,Nenhuma
4257,20241024,17,35,24,16,5,10.6,1478.68,315,5.1,5.2,No Prazo,Nenhuma
4258,20241024,33,27,17,10,1,25.5,4371.29,930,15.0,14.2,No Prazo,Nenhuma
4259,20241024,5,2,25,14,1,36.3,4755.1,800,12.9,16.0,Atrasado,Nenhuma
4260,20241024,28,11,7,5,1,53.4,7914.94,1370,22.1,21.0,No Prazo,Nenhuma
4261,20241025,5,15,22,10,1,26.1,5336.6,930,15.0,18.5,Atrasado,Trânsito/Rota
4262,20241025,29,6,15,7,1,13.9,1189.38,210,3.4,3.8,Atrasado,Nenhuma
4263,20241025,39,32,3,15,4,22.1,1262.15,210,3.4,3.4,No Prazo,Problema Documental
4264,20241025,40,10,3,6,4,12.5,3459.88,800,12.9,12.4,No Prazo,Nenhuma
4265,20241025,37,2,18,14,1,19.9,3702.62,800,12.9,13.2,No Prazo,Nenhuma
4266,20241025,21,27,18,16,1,36.1,1818.52,315,5.1,5.0,No Prazo,Pane Mecânica
4267,20241025,7,17,29,6,5,3.9,3494.23,800,12.9,12.5,No Prazo,Trânsito/Rota
4268,20241025,8,15,12,19,1,10.4,1588.0,300,4.8,4.5,No Prazo,Nenhuma
4269,20241025,19,28,22,4,5,28.9,2464.05,550,8.9,8.8,No Prazo,Nenhuma
4270,20241025,14,37,26,7,5,6.0,841.05,210,3.4,3.4,No Prazo,Atraso em Carga/Descarga
4271,20241025,29,1,15,6,1,10.5,4693.03,800,12.9,12.6,No Prazo,Nenhuma
4272,20241025,34,19,11,13,2,5.3,6290.12,1370,22.1,22.8,No Prazo,Nenhuma
4273,20241025,1,3,29,10,3,11.3,5611.46,930,15.0,15.0,No Prazo,Trânsito/Rota
4274,20241025,24,24,14,3,4,54.3,3394.99,590,9.5,8.8,No Prazo,Nenhuma
4275,20241025,16,32,23,6,4,5.0,4592.32,800,12.9,12.7,No Prazo,Nenhuma
4276,20241025,5,30,11,13,1,35.2,8040.87,1370,22.1,22.6,No Prazo,Nenhuma
4277,20241026,20,13,8,20,5,5.4,5349.74,930,15.0,14.6,No Prazo,Nenhuma
4278,20241026,30,24,19,1,4,52.3,2187.89,430,6.9,6.5,No Prazo,Nenhuma
4279,20241026,29,15,24,18,1,9.7,3048.71,550,8.9,8.4,No Prazo,Nenhuma
4280,20241026,29,6,18,8,1,13.6,4193.46,930,15.0,20.7,Atrasado,Trânsito/Rota
4281,20241026,1,4,4,12,3,13.1,3442.97,590,9.5,11.0,Atrasado,Nenhuma
4282,20241026,26,22,28,1,1,13.5,2051.12,430,6.9,6.7,No Prazo,Nenhuma
4283,20241026,20,29,15,12,5,4.5,3321.61,590,9.5,9.4,No Prazo,Nenhuma
4284,20241026,31,6,13,1,1,50.5,1845.72,430,6.9,8.0,Atrasado,Nenhuma
4285,20241027,22,14,14,2,2,10.3,2149.89,410,6.6,6.2,No Prazo,Atraso em Carga/Descarga
4286,20241027,23,32,26,14,4,5.1,4447.53,800,12.9,12.1,No Prazo,Nenhuma
4287,20241027,23,24,3,1,4,4.3,1929.19,430,6.9,7.2,No Prazo,Nenhuma
4288,20241027,20,37,27,20,5,6.0,5453.01,930,15.0,18.7,Atrasado,Trânsito/Rota
4289,20241027,13,7,18,18,3,55.9,2864.35,550,8.9,8.6,No Prazo,Nenhuma
4290,20241027,31,22,3,11,1,35.2,2342.31,410,6.6,6.3,No Prazo,Nenhuma
4291,20241027,20,12,12,4,5,4.8,3066.39,550,8.9,12.6,Atrasado,Nenhuma
4292,20241027,41,31,25,15,3,36.5,1284.22,210,3.4,4.5,Atrasado,Nenhuma
4293,20241027,21,27,30,11,1,29.2,2082.34,410,6.6,8.3,Atrasado,Nenhuma
4294,20241028,38,35,5,11,5,50.2,1806.78,410,6.6,6.4,No Prazo,Nenhuma
4295,20241028,23,36,28,3,4,5.0,2640.72,590,9.5,9.1,No Prazo,Nenhuma
4296,20241028,2,37,12,10,5,3.6,4010.65,930,15.0,13.8,No Prazo,Nenhuma
4297,20241028,25,37,26,6,5,10.2,4202.18,800,12.9,12.4,No Prazo,Nenhuma
4298,20241028,30,24,11,12,4,55.6,2486.16,590,9.5,9.7,No Prazo,Nenhuma
4299,20241028,40,23,1,11,4,13.4,1930.75,410,6.6,6.4,No Prazo,Nenhuma
4300,20241028,17,17,27,14,5,11.9,4359.41,800,12.9,13.4,No Prazo,Nenhuma
4301,20241028,13,3,10,13,3,37.2,6919.0,1370,22.1,20.6,No Prazo,Nenhuma
4302,20241028,27,29,5,16,5,49.7,1590.33,315,5.1,4.7,No Prazo,Trânsito/Rota
4303,20241028,13,4,13,13,3,43.3,7135.65,1370,22.1,22.4,No Prazo,Atraso em Carga/Descarga
4304,20241028,42,35,22,14,5,5.5,3599.79,800,12.9,13.5,No Prazo,Nenhuma
4305,20241028,33,6,27,12,1,18.8,3005.34,590,9.5,8.8,No Prazo,Nenhuma
4306,20241028,36,27,29,10,1,3.8,4234.74,930,15.0,14.2,No Prazo,Nenhuma
4307,20241028,30,36,20,12,4,35.9,3257.44,590,9.5,8.9,No Prazo,Nenhuma
4308,20241028,37,22,29,17,1,16.3,488.71,100,1.6,1.6,No Prazo,Problema Documental
4309,20241028,4,6,13,14,1,5.9,4089.35,800,12.9,12.0,No Prazo,Nenhuma
4310,20241028,42,17,24,20,5,3.9,4822.39,930,15.0,16.6,Atrasado,Nenhuma
4311,20241028,6,12,17,14,5,9.2,4273.22,800,12.9,16.6,Atrasado,Trânsito/Rota
4312,20241028,27,28,19,12,5,51.4,3072.14,590,9.5,8.9,No Prazo,Nenhuma
4313,20241028,25,34,3,11,5,13.7,2486.99,410,6.6,7.2,Atrasado,Trânsito/Rota
4314,20241028,41,5,5,1,3,34.1,2192.34,430,6.9,7.2,No Prazo,Trânsito/Rota
4315,20241028,32,10,13,19,4,21.2,1695.47,300,4.8,4.5,No Prazo,Pane Mecânica
4316,20241028,14,29,15,7,5,4.3,936.5,210,3.4,3.2,No Prazo,Nenhuma
4317,20241028,28,15,11,7,1,43.0,954.37,210,3.4,3.9,Atrasado,Nenhuma
4318,20241028,9,21,17,3,2,26.6,3204.5,590,9.5,11.8,Atrasado,Nenhuma
4319,20241028,25,17,14,14,5,12.7,4344.54,800,12.9,12.2,No Prazo,Nenhuma
4320,20241028,9,38,5,14,2,26.6,4111.67,800,12.9,18.0,Atrasado,Nenhuma
4321,20241028,5,27,24,15,1,29.0,1067.49,210,3.4,4.1,Atrasado,Nenhuma
4322,20241028,9,25,30,15,2,35.6,1201.06,210,3.4,3.4,No Prazo,Nenhuma
4323,20241029,9,21,6,6,2,34.6,4236.17,800,12.9,14.8,Atrasado,Atraso em Carga/Descarga
4324,20241029,3,17,12,18,5,5.2,2811.17,550,8.9,9.2,No Prazo,Atraso em Carga/Descarga
4325,20241029,13,33,28,5,3,48.5,7536.73,1370,22.1,20.5,No Prazo,Nenhuma
4326,20241029,41,3,17,10,3,29.3,4474.55,930,15.0,18.3,Atrasado,Nenhuma
4327,20241029,42,37,30,13,5,5.9,7490.37,1370,22.1,20.8,No Prazo,Nenhuma
4328,20241029,42,28,21,5,5,4.6,6846.46,1370,22.1,29.6,Atrasado,Nenhuma
4329,20241029,2,37,30,8,5,5.6,5762.77,930,15.0,14.1,No Prazo,Nenhuma
4330,20241029,25,37,12,16,5,13.7,1348.53,315,5.1,6.2,Atrasado,Trânsito/Rota
4331,20241029,8,11,7,1,1,9.8,2503.24,430,6.9,7.1,No Prazo,Trânsito/Rota
4332,20241029,21,6,11,8,1,31.6,4549.14,930,15.0,14.2,No Prazo,Atraso em Carga/Descarga
4333,20241029,5,27,18,14,1,31.2,4668.55,800,12.9,14.5,Atrasado,Nenhuma
4334,20241029,39,32,8,9,4,23.1,11650.93,1960,31.6,30.4,No Prazo,Nenhuma
4335,20241029,16,32,27,13,4,4.6,7627.05,1370,22.1,24.1,Atrasado,Nenhuma
4336,20241030,10,21,6,6,2,16.4,3499.08,800,12.9,17.4,Atrasado,Nenhuma
4337,20241030,2,17,25,9,5,5.5,9046.65,1960,31.6,29.7,No Prazo,Nenhuma
4338,20241030,30,36,9,1,4,47.3,2366.73,430,6.9,7.1,No Prazo,Nenhuma
4339,20241030,6,12,26,20,5,13.2,4847.6,930,15.0,14.8,No Prazo,Trânsito/Rota
4340,20241030,30,24,4,7,4,50.3,1000.69,210,3.4,3.5,No Prazo,Nenhuma
4341,20241030,2,13,27,20,5,4.2,4506.34,930,15.0,15.2,No Prazo,Nenhuma
4342,20241030,15,1,18,20,1,44.1,5662.39,930,15.0,14.9,No Prazo,Nenhuma
4343,20241030,28,11,27,14,1,41.2,3646.11,800,12.9,12.3,No Prazo,Trânsito/Rota
4344,20241030,4,22,18,13,1,5.4,7625.5,1370,22.1,29.4,Atrasado,Nenhuma
4345,20241030,3,35,18,20,5,4.7,4950.08,930,15.0,15.4,No Prazo,Pane Mecânica
4346,20241030,7,37,3,7,5,3.8,900.6,210,3.4,3.3,No Prazo,Nenhuma
4347,20241030,40,23,5,17,4,13.4,514.21,100,1.6,2.0,Atrasado,Nenhuma
4348,20241030,14,35,2,17,5,4.0,463.15,100,1.6,1.6,No Prazo,Nenhuma
4349,20241030,27,35,30,16,5,38.6,1719.47,315,5.1,4.9,No Prazo,Nenhuma
4350,20241030,13,3,16,19,3,35.9,1220.28,300,4.8,4.5,No Prazo,Nenhuma
4351,20241030,41,20,17,5,3,32.7,6457.36,1370,22.1,21.8,No Prazo,Pane Mecânica
4352,20241030,11,4,18,15,3,5.9,1012.36,210,3.4,3.2,No Prazo,Trânsito/Rota
4353,20241030,4,6,13,20,1,5.6,5223.01,930,15.0,13.9,No Prazo,Nenhuma
4354,20241030,34,18,18,10,2,4.0,5432.8,930,15.0,14.3,No Prazo,Pane Mecânica
4355,20241030,21,22,2,8,1,22.7,4670.63,930,15.0,15.4,No Prazo,Pane Mecânica
4356,20241030,5,15,20,9,1,33.0,11787.82,1960,31.6,32.1,No Prazo,Nenhuma
4357,20241030,23,24,27,12,4,4.3,3646.7,590,9.5,12.4,Atrasado,Trânsito/Rota
4358,20241030,22,9,18,3,2,9.0,3305.45,590,9.5,9.4,No Prazo,Nenhuma
4359,20241030,29,1,5,9,1,13.6,9364.17,1960,31.6,41.3,Atrasado,Nenhuma
4360,20241030,3,17,19,12,5,4.3,2777.2,590,9.5,9.7,No Prazo,Nenhuma
4361,20241031,27,37,13,8,5,49.5,5436.64,930,15.0,20.1,Atrasado,Nenhuma
4362,20241031,18,4,10,12,3,37.2,3227.67,590,9.5,8.8,No Prazo,Nenhuma
4363,20241031,34,21,19,20,2,4.0,4382.95,930,15.0,15.4,No Prazo,Nenhuma
4364,20241031,40,10,22,8,4,10.8,4762.85,930,15.0,15.1,No Prazo,Nenhuma
4365,20241031,41,7,9,16,3,28.5,1838.28,315,5.1,6.6,Atrasado,Nenhuma
4366,20241031,36,22,2,17,1,3.8,474.39,100,1.6,2.2,Atrasado,Nenhuma
4367,20241031,3,34,24,3,5,5.0,2961.25,590,9.5,8.9,No Prazo,Nenhuma
4368,20241031,1,20,3,1,3,8.6,2509.82,430,6.9,6.7,No Prazo,Nenhuma
4369,20241031,27,28,3,10,5,46.1,4526.0,930,15.0,15.2,No Prazo,Nenhuma
4370,20241031,40,36,7,6,4,13.0,3776.27,800,12.9,13.5,No Prazo,Nenhuma
4371,20241031,13,4,26,11,3,49.3,2070.7,410,6.6,8.4,Atrasado,Nenhuma
4372,20241031,16,24,6,3,4,4.7,2854.36,590,9.5,12.7,Atrasado,Nenhuma
4373,20241031,37,27,6,3,1,16.2,3147.18,590,9.5,9.9,No Prazo,Nenhuma
4374,20241031,38,17,22,14,5,37.7,3457.7,800,12.9,11.9,No Prazo,Nenhuma
4375,20241101,18,5,28,19,3,50.7,1750.8,300,4.8,4.9,No Prazo,Nenhuma
4376,20241101,6,28,19,13,5,13.7,7027.02,1370,22.1,22.0,No Prazo,Nenhuma
4377,20241101,19,34,17,20,5,26.0,5598.41,930,15.0,14.7,No Prazo,Nenhuma
4378,20241101,38,35,12,6,5,43.0,3498.16,800,12.9,12.8,No Prazo,Nenhuma
4379,20241101,16,10,10,7,4,4.7,889.78,210,3.4,4.8,Atrasado,Nenhuma
4380,20241101,30,32,28,11,4,41.1,1982.21,410,6.6,6.4,No Prazo,Nenhuma
4381,20241101,23,32,2,11,4,6.0,1915.58,410,6.6,6.9,No Prazo,Nenhuma
4382,20241101,5,1,30,8,1,25.3,5194.52,930,15.0,14.5,No Prazo,Pane Mecânica
4383,20241101,16,24,16,1,4,4.4,2086.92,430,6.9,6.8,No Prazo,Nenhuma
4384,20241101,21,27,9,10,1,34.0,3712.51,930,15.0,15.1,No Prazo,Nenhuma
4385,20241101,9,19,3,19,2,31.0,1305.57,300,4.8,4.8,No Prazo,Nenhuma
4386,20241101,6,17,7,6,5,8.5,3341.72,800,12.9,13.5,No Prazo,Atraso em Carga/Descarga
4387,20241101,13,4,27,3,3,40.8,2814.95,590,9.5,11.2,Atrasado,Problema Documental
4388,20241101,24,23,16,6,4,45.8,4203.07,800,12.9,13.4,No Prazo,Trânsito/Rota
4389,20241101,36,15,11,11,1,5.0,2090.28,410,6.6,6.5,No Prazo,Nenhuma
4390,20241101,40,10,2,18,4,10.5,2528.29,550,8.9,12.1,Atrasado,Nenhuma
4391,20241101,38,17,23,12,5,39.2,3017.92,590,9.5,9.1,No Prazo,Nenhuma
4392,20241101,42,34,10,9,5,5.1,10041.34,1960,31.6,31.9,No Prazo,Nenhuma
4393,20241101,23,24,7,12,4,3.9,3553.91,590,9.5,9.1,No Prazo,Nenhuma
4394,20241101,14,17,6,2,5,5.4,1814.3,410,6.6,6.4,No Prazo,Nenhuma
4395,20241101,2,12,25,9,5,5.5,8446.61,1960,31.6,30.4,No Prazo,Nenhuma
4396,20241101,26,15,10,12,1,8.4,2433.47,590,9.5,9.9,No Prazo,Nenhuma
4397,20241101,4,1,24,11,1,4.5,2113.37,410,6.6,7.3,Atrasado,Nenhuma
4398,20241101,9,26,6,5,2,32.0,7118.39,1370,22.1,24.3,Atrasado,Nenhuma
4399,20241102,37,27,11,9,1,18.0,11670.93,1960,31.6,29.4,No Prazo,Nenhuma
4400,20241102,8,30,15,18,1,8.6,2708.12,550,8.9,8.9,No Prazo,Nenhuma
4401,20241102,16,36,11,4,4,4.9,3054.21,550,8.9,8.9,No Prazo,Nenhuma
4402,20241102,11,20,5,14,3,4.1,3269.42,800,12.9,12.4,No Prazo,Nenhuma
4403,20241102,5,15,14,16,1,34.2,1768.4,315,5.1,4.8,No Prazo,Pane Mecânica
4404,20241102,3,34,26,8,5,4.2,4666.84,930,15.0,14.6,No Prazo,Nenhuma
4405,20241102,1,7,7,14,3,9.8,3957.76,800,12.9,11.9,No Prazo,Atraso em Carga/Descarga
4406,20241102,28,27,23,15,1,53.3,1258.13,210,3.4,3.2,No Prazo,Nenhuma
4407,20241102,28,11,18,17,1,48.6,587.63,100,1.6,2.1,Atrasado,Nenhuma
4408,20241103,8,11,24,5,1,10.7,6283.95,1370,22.1,22.6,No Prazo,Nenhuma
4409,20241103,42,13,18,1,5,4.8,2350.58,430,6.9,6.9,No Prazo,Pane Mecânica
4410,20241103,36,1,9,1,1,3.9,2105.0,430,6.9,9.1,Atrasado,Nenhuma
4411,20241103,13,20,3,3,3,41.1,2975.78,590,9.5,9.0,No Prazo,Nenhuma
4412,20241103,16,36,29,12,4,3.7,2644.57,590,9.5,8.8,No Prazo,Nenhuma
4413,20241103,29,27,23,16,1,13.7,1901.43,315,5.1,4.7,No Prazo,Problema Documental
4414,20241103,35,4,25,6,3,5.8,4218.8,800,12.9,12.1,No Prazo,Trânsito/Rota
4415,20241103,15,15,28,17,1,49.4,465.15,100,1.6,1.6,No Prazo,Nenhuma
4416,20241104,31,22,14,11,1,52.3,2400.76,410,6.6,6.3,No Prazo,Pane Mecânica
4417,20241104,7,17,17,13,5,4.7,5854.98,1370,22.1,22.7,No Prazo,Nenhuma
4418,20241104,13,31,22,13,3,55.0,6287.94,1370,22.1,24.7,Atrasado,Nenhuma
4419,20241104,42,13,11,12,5,5.9,3176.16,590,9.5,9.1,No Prazo,Nenhuma
4420,20241104,2,29,12,6,5,5.7,4593.49,800,12.9,12.8,No Prazo,Atraso em Carga/Descarga
4421,20241104,4,30,12,20,1,4.9,3969.25,930,15.0,14.0,No Prazo,Nenhuma
4422,20241104,20,29,24,8,5,5.4,5460.26,930,15.0,15.0,No Prazo,Atraso em Carga/Descarga
4423,20241104,17,13,22,5,5,8.8,7405.99,1370,22.1,22.5,No Prazo,Nenhuma
4424,20241104,33,30,24,15,1,18.7,896.04,210,3.4,3.3,No Prazo,Atraso em Carga/Descarga
4425,20241104,14,12,29,10,5,4.2,4785.58,930,15.0,14.8,No Prazo,Nenhuma
4426,20241104,35,33,9,9,3,4.4,9142.17,1960,31.6,30.7,No Prazo,Nenhuma
4427,20241104,27,37,9,18,5,40.8,2295.21,550,8.9,10.8,Atrasado,Nenhuma
4428,20241104,39,32,15,11,4,25.7,1997.53,410,6.6,6.5,No Prazo,Nenhuma
4429,20241104,25,17,14,10,5,9.8,3727.04,930,15.0,14.6,No Prazo,Nenhuma
4430,20241104,32,10,21,2,4,26.9,2387.54,410,6.6,6.7,No Prazo,Nenhuma
4431,20241104,27,12,11,19,5,55.9,1618.47,300,4.8,4.8,No Prazo,Nenhuma
4432,20241105,10,25,26,19,2,24.9,1767.5,300,4.8,4.5,No Prazo,Atraso em Carga/Descarga
4433,20241105,26,1,8,9,1,8.8,8568.91,1960,31.6,29.3,No Prazo,Nenhuma
4434,20241105,19,29,22,16,5,31.3,1331.63,315,5.1,4.7,No Prazo,Atraso em Carga/Descarga
4435,20241105,39,10,20,20,4,20.1,5269.79,930,15.0,14.3,No Prazo,Nenhuma
4436,20241105,11,31,22,15,3,4.8,1150.27,210,3.4,4.8,Atrasado,Nenhuma
4437,20241105,41,33,23,1,3,24.6,2136.03,430,6.9,7.4,Atrasado,Nenhuma
4438,20241105,8,27,14,1,1,9.7,1858.15,430,6.9,7.5,Atrasado,Nenhuma
4439,20241105,20,12,4,12,5,5.5,3032.94,590,9.5,9.2,No Prazo,Nenhuma
4440,20241105,33,2,18,6,1,24.0,4788.03,800,12.9,12.6,No Prazo,Nenhuma
4441,20241105,8,15,27,8,1,10.9,5714.7,930,15.0,20.0,Atrasado,Nenhuma
4442,20241105,32,10,12,6,4,21.7,4214.48,800,12.9,17.7,Atrasado,Pane Mecânica
4443,20241105,17,17,25,4,5,13.0,3098.3,550,8.9,9.0,No Prazo,Pane Mecânica
4444,20241105,27,34,5,10,5,37.7,4795.1,930,15.0,15.1,No Prazo,Nenhuma
4445,20241105,35,7,25,15,3,3.8,1198.11,210,3.4,3.5,No Prazo,Trânsito/Rota
4446,20241105,21,15,26,12,1,29.3,3078.54,590,9.5,8.7,No Prazo,Nenhuma
4447,20241106,35,3,10,10,3,3.8,5526.55,930,15.0,14.0,No Prazo,Trânsito/Rota
4448,20241106,42,17,9,7,5,3.9,868.38,210,3.4,3.4,No Prazo,Nenhuma
4449,20241106,23,36,26,13,4,5.8,6409.84,1370,22.1,20.9,No Prazo,Nenhuma
4450,20241106,13,3,6,20,3,50.0,4411.08,930,15.0,15.7,No Prazo,Nenhuma
4451,20241106,4,22,19,12,1,4.5,2502.97,590,9.5,9.0,No Prazo,Nenhuma
4452,20241106,16,32,16,11,4,4.7,2240.41,410,6.6,6.4,No Prazo,Atraso em Carga/Descarga
4453,20241106,26,27,8,6,1,11.7,3433.63,800,12.9,13.3,No Prazo,Nenhuma
4454,20241106,1,7,21,12,3,8.5,3415.62,590,9.5,8.8,No Prazo,Nenhuma
4455,20241106,29,27,13,13,1,13.8,7873.44,1370,22.1,24.1,Atrasado,Nenhuma
4456,20241106,27,35,29,13,5,35.9,5824.14,1370,22.1,21.1,No Prazo,Nenhuma
4457,20241106,2,13,12,12,5,5.5,3117.93,590,9.5,8.8,No Prazo,Nenhuma
4458,20241106,14,17,1,10,5,3.7,5121.64,930,15.0,14.2,No Prazo,Trânsito/Rota
4459,20241106,15,15,16,13,1,49.4,6625.22,1370,22.1,22.3,No Prazo,Atraso em Carga/Descarga
4460,20241106,7,29,17,19,5,5.8,1756.1,300,4.8,4.5,No Prazo,Atraso em Carga/Descarga
4461,20241106,32,36,28,6,4,17.0,3581.86,800,12.9,13.0,No Prazo,Atraso em Carga/Descarga
4462,20241106,24,32,4,9,4,44.8,10493.2,1960,31.6,32.8,No Prazo,Nenhuma
4463,20241106,12,34,13,12,5,10.2,2912.35,590,9.5,8.8,No Prazo,Problema Documental
4464,20241106,38,35,12,7,5,46.7,1153.11,210,3.4,3.2,No Prazo,Nenhuma
4465,20241106,25,12,4,8,5,10.6,4299.31,930,15.0,15.0,No Prazo,Atraso em Carga/Descarga
4466,20241106,15,22,11,13,1,39.3,5490.15,1370,22.1,20.7,No Prazo,Nenhuma
4467,20241106,39,10,27,1,4,22.8,2038.71,430,6.9,9.0,Atrasado,Nenhuma
4468,20241106,37,2,8,8,1,25.4,4348.64,930,15.0,14.2,No Prazo,Nenhuma
4469,20241106,16,10,3,20,4,3.8,4684.07,930,15.0,14.5,No Prazo,Pane Mecânica
4470,20241107,31,27,21,7,1,37.6,1251.43,210,3.4,4.8,Atrasado,Nenhuma
4471,20241107,33,6,22,15,1,25.8,961.66,210,3.4,3.4,No Prazo,Nenhuma
4472,20241107,25,29,25,14,5,13.2,4614.21,800,12.9,15.8,Atrasado,Nenhuma
4473,20241107,32,32,6,19,4,19.5,1563.29,300,4.8,5.0,No Prazo,Nenhuma
4474,20241107,39,23,17,14,4,24.5,4356.24,800,12.9,13.5,No Prazo,Nenhuma
4475,20241107,11,7,27,15,3,4.3,1213.49,210,3.4,3.1,No Prazo,Nenhuma
4476,20241107,39,23,2,7,4,16.5,1081.08,210,3.4,4.0,Atrasado,Nenhuma
4477,20241107,1,20,30,13,3,12.2,7306.24,1370,22.1,21.4,No Prazo,Trânsito/Rota
4478,20241107,9,14,18,14,2,33.7,4254.09,800,12.9,13.4,No Prazo,Nenhuma
4479,20241107,16,24,28,19,4,5.3,1261.44,300,4.8,6.9,Atrasado,Nenhuma
4480,20241107,8,6,23,12,1,9.1,2668.07,590,9.5,9.6,No Prazo,Nenhuma
4481,20241107,22,38,25,7,2,9.5,1016.51,210,3.4,3.8,Atrasado,Nenhuma
4482,20241107,29,1,22,16,1,12.1,1715.8,315,5.1,4.8,No Prazo,Nenhuma
4483,20241107,17,37,5,11,5,13.5,2144.06,410,6.6,6.5,No Prazo,Nenhuma
4484,20241107,7,12,27,8,5,5.4,4095.57,930,15.0,17.4,Atrasado,Nenhuma
4485,20241107,40,10,18,6,4,12.2,3369.95,800,12.9,12.5,No Prazo,Atraso em Carga/Descarga
4486,20241107,14,17,19,13,5,3.6,7403.04,1370,22.1,26.8,Atrasado,Nenhuma
4487,20241107,11,5,27,5,3,5.7,5664.18,1370,22.1,25.9,Atrasado,Trânsito/Rota
4488,20241107,22,19,21,16,2,9.5,1240.42,315,5.1,5.0,No Prazo,Nenhuma
4489,20241107,9,26,8,20,2,33.2,4535.41,930,15.0,19.6,Atrasado,Problema Documental
4490,20241107,25,37,16,18,5,11.5,2706.84,550,8.9,12.4,Atrasado,Pane Mecânica
4491,20241108,11,31,23,2,3,5.7,2215.22,410,6.6,6.2,No Prazo,Nenhuma
4492,20241108,26,22,26,3,1,12.4,3611.52,590,9.5,9.2,No Prazo,Nenhuma
4493,20241108,24,36,7,3,4,45.0,2442.95,590,9.5,12.1,Atrasado,Nenhuma
4494,20241108,42,12,23,1,5,4.7,2334.27,430,6.9,6.5,No Prazo,Nenhuma
4495,20241108,32,36,18,15,4,20.8,1230.55,210,3.4,3.2,No Prazo,Nenhuma
4496,20241108,30,23,15,19,4,41.7,1441.34,300,4.8,5.0,No Prazo,Trânsito/Rota
4497,20241108,34,38,12,3,2,3.7,2487.43,590,9.5,9.1,No Prazo,Nenhuma
4498,20241108,39,36,4,5,4,20.8,6159.34,1370,22.1,21.5,No Prazo,Problema Documental
4499,20241108,34,25,19,1,2,3.9,1862.89,430,6.9,8.7,Atrasado,Nenhuma
4500,20241108,20,13,2,17,5,5.8,546.38,100,1.6,2.1,Atrasado,Nenhuma
4501,20241108,28,1,9,6,1,44.6,4536.83,800,12.9,17.5,Atrasado,Nenhuma
4502,20241109,22,18,11,6,2,8.6,4350.76,800,12.9,12.2,No Prazo,Nenhuma
4503,20241109,14,13,25,13,5,5.8,6634.03,1370,22.1,22.4,No Prazo,Nenhuma
4504,20241109,14,28,21,12,5,4.2,3296.24,590,9.5,9.1,No Prazo,Atraso em Carga/Descarga
4505,20241109,3,34,26,7,5,4.5,1008.17,210,3.4,3.1,No Prazo,Nenhuma
4506,20241109,32,32,3,17,4,19.3,551.87,100,1.6,1.6,No Prazo,Nenhuma
4507,20241109,39,36,17,11,4,20.6,1864.64,410,6.6,7.4,Atrasado,Nenhuma
4508,20241109,20,13,3,6,5,3.9,3363.08,800,12.9,11.9,No Prazo,Nenhuma
4509,20241109,35,3,23,4,3,5.5,3032.11,550,8.9,9.0,No Prazo,Nenhuma
4510,20241110,31,27,8,15,1,41.7,906.74,210,3.4,3.2,No Prazo,Nenhuma
4511,20241110,27,35,26,8,5,49.3,5785.0,930,15.0,15.4,No Prazo,Nenhuma
4512,20241110,42,29,9,5,5,4.7,6627.88,1370,22.1,21.1,No Prazo,Nenhuma
4513,20241111,40,36,30,6,4,13.2,3918.97,800,12.9,12.4,No Prazo,Trânsito/Rota
4514,20241111,9,21,3,14,2,25.1,3927.14,800,12.9,13.4,No Prazo,Nenhuma
4515,20241111,33,15,18,8,1,25.0,4445.72,930,15.0,18.6,Atrasado,Nenhuma
4516,20241111,5,15,12,4,1,30.4,2319.35,550,8.9,8.7,No Prazo,Nenhuma
4517,20241111,11,4,21,2,3,3.6,1814.5,410,6.6,9.1,Atrasado,Nenhuma
4518,20241111,14,37,12,9,5,5.5,8231.1,1960,31.6,32.5,No Prazo,Nenhuma
4519,20241111,28,2,6,3,1,52.4,3305.37,590,9.5,10.7,Atrasado,Problema Documental
4520,20241111,30,24,3,14,4,39.2,4653.17,800,12.9,12.4,No Prazo,Nenhuma
4521,20241111,36,22,4,4,1,5.0,2392.81,550,8.9,11.4,Atrasado,Nenhuma
4522,20241111,24,23,12,15,4,44.3,1151.56,210,3.4,3.4,No Prazo,Pane Mecânica
4523,20241111,23,24,29,18,4,6.0,3000.81,550,8.9,9.1,No Prazo,Nenhuma
4524,20241111,22,38,18,14,2,13.8,3844.61,800,12.9,17.1,Atrasado,Nenhuma
4525,20241111,38,29,21,11,5,43.1,2206.19,410,6.6,9.5,Atrasado,Nenhuma
4526,20241111,20,17,19,18,5,5.8,2343.78,550,8.9,11.7,Atrasado,Atraso em Carga/Descarga
4527,20241111,38,29,15,16,5,38.3,1702.48,315,5.1,5.1,No Prazo,Nenhuma
4528,20241111,32,10,18,16,4,16.3,1559.73,315,5.1,5.2,No Prazo,Nenhuma
4529,20241111,40,10,2,7,4,11.2,1091.52,210,3.4,3.2,No Prazo,Nenhuma
4530,20241111,16,24,19,20,4,5.8,4468.64,930,15.0,20.3,Atrasado,Nenhuma
4531,20241111,32,23,29,6,4,22.4,4414.62,800,12.9,17.9,Atrasado,Nenhuma
4532,20241111,24,24,5,9,4,36.6,11211.82,1960,31.6,29.3,No Prazo,Pane Mecânica
4533,20241111,17,29,15,12,5,13.2,2693.28,590,9.5,13.3,Atrasado,Nenhuma
4534,20241111,35,7,12,4,3,5.7,2365.43,550,8.9,9.3,No Prazo,Trânsito/Rota
4535,20241111,42,37,9,7,5,4.8,1021.44,210,3.4,3.9,Atrasado,Nenhuma
4536,20241111,38,29,11,17,5,47.3,471.56,100,1.6,1.7,No Prazo,Nenhuma
4537,20241112,3,37,6,11,5,4.7,2019.14,410,6.6,6.6,No Prazo,Pane Mecânica
4538,20241112,19,35,5,4,5,33.0,3201.76,550,8.9,9.0,No Prazo,Nenhuma
4539,20241112,9,14,18,1,2,25.9,2361.03,430,6.9,7.4,Atrasado,Nenhuma
4540,20241112,27,12,3,3,5,54.8,2580.95,590,9.5,9.7,No Prazo,Nenhuma
4541,20241112,40,32,30,20,4,12.1,4305.21,930,15.0,14.9,No Prazo,Nenhuma
4542,20241112,6,28,16,5,5,8.6,7509.44,1370,22.1,22.2,No Prazo,Nenhuma
4543,20241112,12,29,15,10,5,13.6,4929.73,930,15.0,15.5,No Prazo,Nenhuma
4544,20241112,17,17,5,4,5,11.0,2965.47,550,8.9,10.7,Atrasado,Trânsito/Rota
4545,20241112,6,12,17,10,5,10.9,5361.98,930,15.0,14.6,No Prazo,Problema Documental
4546,20241112,33,1,23,10,1,22.2,4481.83,930,15.0,17.2,Atrasado,Nenhuma
4547,20241112,29,1,2,1,1,8.6,2496.1,430,6.9,6.7,No Prazo,Nenhuma
4548,20241113,2,12,6,13,5,5.2,7126.95,1370,22.1,23.0,No Prazo,Nenhuma
4549,20241113,25,12,18,7,5,9.5,1137.86,210,3.4,3.4,No Prazo,Nenhuma
4550,20241113,30,32,24,11,4,47.5,1735.62,410,6.6,6.3,No Prazo,Nenhuma
4551,20241113,29,2,1,20,1,13.5,4564.11,930,15.0,15.7,No Prazo,Nenhuma
4552,20241113,4,11,24,20,1,5.4,4953.9,930,15.0,21.5,Atrasado,Atraso em Carga/Descarga
4553,20241113,14,28,11,2,5,5.2,1921.51,410,6.6,6.3,No Prazo,Nenhuma
4554,20241113,9,18,11,17,2,27.1,436.13,100,1.6,1.6,No Prazo,Nenhuma
4555,20241113,30,10,14,9,4,37.4,8281.5,1960,31.6,30.3,No Prazo,Pane Mecânica
4556,20241113,36,11,17,10,1,4.4,3754.97,930,15.0,14.5,No Prazo,Nenhuma
4557,20241113,22,26,2,14,2,13.9,3488.77,800,12.9,12.6,No Prazo,Nenhuma
4558,20241113,28,2,6,16,1,35.9,1508.71,315,5.1,7.0,Atrasado,Nenhuma
4559,20241113,17,28,29,6,5,12.9,4316.91,800,12.9,12.8,No Prazo,Nenhuma
4560,20241113,5,22,7,1,1,32.0,1856.08,430,6.9,7.0,No Prazo,Pane Mecânica
4561,20241113,13,3,4,12,3,53.4,2757.96,590,9.5,9.9,No Prazo,Nenhuma
4562,20241113,23,36,24,4,4,4.0,3326.08,550,8.9,8.9,No Prazo,Nenhuma
4563,20241113,16,23,1,12,4,4.3,2938.32,590,9.5,8.7,No Prazo,Nenhuma
4564,20241113,24,10,2,8,4,42.6,5159.19,930,15.0,14.0,No Prazo,Nenhuma
4565,20241113,5,27,12,3,1,32.6,2892.76,590,9.5,9.4,No Prazo,Pane Mecânica
4566,20241113,35,5,16,11,3,4.3,2235.96,410,6.6,6.4,No Prazo,Problema Documental
4567,20241113,21,30,2,17,1,30.7,510.91,100,1.6,1.7,Atrasado,Nenhuma
4568,20241113,7,37,30,18,5,5.3,3083.94,550,8.9,9.0,No Prazo,Pane Mecânica
4569,20241113,17,34,29,5,5,9.2,8430.79,1370,22.1,20.9,No Prazo,Nenhuma
4570,20241113,32,23,27,9,4,17.8,9993.14,1960,31.6,29.2,No Prazo,Nenhuma
4571,20241113,19,35,27,1,5,33.6,1810.63,430,6.9,7.4,Atrasado,Nenhuma
4572,20241113,42,12,26,18,5,5.9,2863.29,550,8.9,8.9,No Prazo,Nenhuma
4573,20241113,37,6,8,16,1,19.5,1296.96,315,5.1,4.8,No Prazo,Nenhuma
4574,20241114,12,34,12,5,5,12.5,6823.9,1370,22.1,22.3,No Prazo,Nenhuma
4575,20241114,16,32,10,1,4,5.4,2355.26,430,6.9,6.9,No Prazo,Nenhuma
4576,20241114,40,10,14,8,4,12.0,3854.53,930,15.0,13.8,No Prazo,Nenhuma
4577,20241114,10,25,27,15,2,18.1,1062.81,210,3.4,3.8,Atrasado,Nenhuma
4578,20241114,15,11,21,12,1,39.5,3004.92,590,9.5,9.7,No Prazo,Nenhuma
4579,20241114,37,15,10,5,1,22.9,6593.86,1370,22.1,21.6,No Prazo,Nenhuma
4580,20241114,14,12,17,9,5,4.9,8458.33,1960,31.6,31.9,No Prazo,Nenhuma
4581,20241114,18,31,20,8,3,50.0,5355.73,930,15.0,16.9,Atrasado,Atraso em Carga/Descarga
4582,20241114,24,10,23,13,4,46.8,7768.89,1370,22.1,21.4,No Prazo,Nenhuma
4583,20241114,7,29,18,9,5,3.9,11302.22,1960,31.6,31.4,No Prazo,Pane Mecânica
4584,20241114,22,25,24,2,2,13.0,2266.15,410,6.6,8.1,Atrasado,Nenhuma
4585,20241114,37,6,2,18,1,19.0,3057.42,550,8.9,8.4,No Prazo,Nenhuma
4586,20241114,21,15,1,13,1,32.5,6856.36,1370,22.1,20.4,No Prazo,Nenhuma
4587,20241114,6,12,23,12,5,12.3,3067.86,590,9.5,9.3,No Prazo,Trânsito/Rota
4588,20241115,33,27,22,8,1,17.1,5417.7,930,15.0,15.7,No Prazo,Nenhuma
4589,20241115,17,37,8,1,5,10.1,1992.31,430,6.9,6.8,No Prazo,Problema Documental
4590,20241115,38,29,8,8,5,54.6,4805.83,930,15.0,14.5,No Prazo,Nenhuma
4591,20241115,21,11,27,15,1,22.6,1030.9,210,3.4,3.4,No Prazo,Nenhuma
4592,20241115,2,37,24,16,5,4.4,1708.24,315,5.1,5.2,No Prazo,Nenhuma
4593,20241115,31,22,4,17,1,53.3,524.64,100,1.6,2.3,Atrasado,Nenhuma
4594,20241115,35,3,22,8,3,4.5,3895.66,930,15.0,15.6,No Prazo,Trânsito/Rota
4595,20241115,16,10,19,7,4,5.4,1212.55,210,3.4,3.2,No Prazo,Nenhuma
4596,20241115,16,24,28,6,4,5.2,3357.52,800,12.9,12.8,No Prazo,Nenhuma
4597,20241115,16,10,4,13,4,5.1,7422.13,1370,22.1,20.3,No Prazo,Nenhuma
4598,20241115,26,6,5,13,1,11.0,7617.28,1370,22.1,21.7,No Prazo,Trânsito/Rota
4599,20241115,20,35,15,12,5,4.5,2443.84,590,9.5,9.9,No Prazo,Nenhuma
4600,20241115,2,28,13,2,5,4.3,1844.95,410,6.6,8.5,Atrasado,Nenhuma
4601,20241115,13,33,29,2,3,47.8,1958.72,410,6.6,8.1,Atrasado,Nenhuma
4602,20241115,15,15,11,17,1,41.7,401.36,100,1.6,2.3,Atrasado,Nenhuma
4603,20241115,28,11,16,13,1,44.9,7731.2,1370,22.1,23.7,Atrasado,Nenhuma
4604,20241115,13,4,7,8,3,42.7,4126.77,930,15.0,14.1,No Prazo,Nenhuma
4605,20241115,17,34,18,1,5,11.9,2362.57,430,6.9,6.4,No Prazo,Nenhuma
4606,20241116,24,24,7,9,4,54.7,10163.1,1960,31.6,39.3,Atrasado,Nenhuma
4607,20241116,24,23,10,7,4,49.6,1160.82,210,3.4,3.2,No Prazo,Nenhuma
4608,20241116,9,18,7,4,2,27.0,3313.74,550,8.9,10.3,Atrasado,Nenhuma
4609,20241116,6,29,14,9,5,10.3,9608.51,1960,31.6,32.1,No Prazo,Nenhuma
4610,20241116,37,1,7,13,1,18.0,6269.01,1370,22.1,22.6,No Prazo,Nenhuma
4611,20241116,37,6,23,5,1,19.4,8296.62,1370,22.1,24.2,Atrasado,Trânsito/Rota
4612,20241116,41,7,22,12,3,25.0,3008.92,590,9.5,9.0,No Prazo,Nenhuma
4613,20241116,3,13,1,6,5,4.6,4525.18,800,12.9,17.1,Atrasado,Nenhuma
4614,20241117,11,33,24,1,3,3.9,2284.05,430,6.9,9.6,Atrasado,Nenhuma
4615,20241117,23,10,28,1,4,4.8,1881.42,430,6.9,6.9,No Prazo,Pane Mecânica
4616,20241117,24,36,24,12,4,46.1,3070.46,590,9.5,9.1,No Prazo,Nenhuma
4617,20241117,14,13,9,3,5,3.7,2586.04,590,9.5,11.9,Atrasado,Nenhuma
4618,20241117,25,34,19,3,5,12.5,3152.84,590,9.5,8.8,No Prazo,Nenhuma
4619,20241117,24,32,7,13,4,46.9,5991.31,1370,22.1,26.2,Atrasado,Atraso em Carga/Descarga
4620,20241117,17,17,27,15,5,12.5,937.02,210,3.4,3.6,No Prazo,Trânsito/Rota
4621,20241117,10,16,16,18,2,21.8,3201.24,550,8.9,10.3,Atrasado,Nenhuma
4622,20241118,11,20,1,17,3,5.1,548.48,100,1.6,1.6,No Prazo,Nenhuma
4623,20241118,1,33,24,1,3,10.4,2145.41,430,6.9,6.4,No Prazo,Nenhuma
4624,20241118,12,34,16,9,5,12.4,8547.28,1960,31.6,40.1,Atrasado,Trânsito/Rota
4625,20241118,35,5,21,3,3,3.7,2624.62,590,9.5,8.9,No Prazo,Nenhuma
4626,20241118,28,22,2,5,1,55.8,7064.57,1370,22.1,21.3,No Prazo,Nenhuma
4627,20241118,10,8,6,3,2,18.0,3171.0,590,9.5,13.5,Atrasado,Nenhuma
4628,20241118,39,32,30,7,4,17.3,1154.3,210,3.4,4.7,Atrasado,Nenhuma
4629,20241118,32,10,29,7,4,23.6,1106.68,210,3.4,3.3,No Prazo,Nenhuma
4630,20241118,36,6,23,1,1,5.0,2642.56,430,6.9,6.8,No Prazo,Nenhuma
4631,20241118,5,15,16,18,1,29.2,2984.31,550,8.9,8.3,No Prazo,Nenhuma
4632,20241118,36,2,8,1,1,4.4,1752.55,430,6.9,9.0,Atrasado,Trânsito/Rota
4633,20241118,32,23,16,1,4,20.8,2551.59,430,6.9,6.8,No Prazo,Nenhuma
4634,20241118,11,33,2,3,3,4.7,3540.98,590,9.5,11.3,Atrasado,Nenhuma
4635,20241118,42,17,19,18,5,4.8,3259.07,550,8.9,10.3,Atrasado,Nenhuma
4636,20241118,34,16,8,15,2,5.8,1185.49,210,3.4,4.9,Atrasado,Problema Documental
4637,20241118,24,23,23,12,4,43.7,3246.3,590,9.5,9.5,No Prazo,Nenhuma
4638,20241118,21,15,13,17,1,28.9,512.05,100,1.6,1.5,No Prazo,Nenhuma
4639,20241118,15,30,9,1,1,39.9,2164.45,430,6.9,9.6,Atrasado,Nenhuma
4640,20241118,28,2,8,12,1,52.2,2873.29,590,9.5,9.6,No Prazo,Nenhuma
4641,20241118,2,17,15,4,5,5.8,2285.4,550,8.9,8.7,No Prazo,Nenhuma
4642,20241118,13,5,27,6,3,50.2,3776.57,800,12.9,17.8,Atrasado,Nenhuma
4643,20241119,6,34,12,13,5,10.3,5959.57,1370,22.1,21.0,No Prazo,Nenhuma
4644,20241119,12,35,28,7,5,9.1,921.77,210,3.4,3.2,No Prazo,Nenhuma
4645,20241119,22,21,28,14,2,10.9,4433.74,800,12.9,17.3,Atrasado,Trânsito/Rota
4646,20241119,40,23,27,7,4,8.8,1038.89,210,3.4,3.3,No Prazo,Trânsito/Rota
4647,20241119,42,17,30,15,5,4.6,1240.29,210,3.4,3.4,No Prazo,Nenhuma
4648,20241119,38,17,10,18,5,50.1,2859.07,550,8.9,8.8,No Prazo,Nenhuma
4649,20241119,1,20,25,16,3,8.7,1459.77,315,5.1,4.9,No Prazo,Nenhuma
4650,20241119,9,14,8,3,2,29.8,2952.15,590,9.5,9.1,No Prazo,Pane Mecânica
4651,20241119,35,31,14,4,3,3.8,3118.18,550,8.9,11.8,Atrasado,Nenhuma
4652,20241119,27,35,13,9,5,37.4,12005.44,1960,31.6,31.3,No Prazo,Nenhuma
4653,20241119,7,12,18,17,5,3.7,605.23,100,1.6,1.6,No Prazo,Atraso em Carga/Descarga
4654,20241119,17,35,11,2,5,11.8,2198.3,410,6.6,6.2,No Prazo,Nenhuma
4655,20241119,37,6,12,5,1,22.0,6586.59,1370,22.1,20.5,No Prazo,Nenhuma
4656,20241119,39,32,23,1,4,18.6,2383.96,430,6.9,7.1,No Prazo,Nenhuma
4657,20241119,27,34,27,19,5,52.3,1603.53,300,4.8,6.8,Atrasado,Nenhuma
4658,20241119,30,23,14,18,4,44.1,2630.19,550,8.9,9.1,No Prazo,Atraso em Carga/Descarga
4659,20241119,12,35,7,20,5,12.6,4594.34,930,15.0,20.0,Atrasado,Nenhuma
4660,20241119,40,24,14,2,4,9.4,1779.53,410,6.6,6.1,No Prazo,Nenhuma
4661,20241119,12,12,6,4,5,8.4,3288.04,550,8.9,9.1,No Prazo,Nenhuma
4662,20241120,36,1,3,12,1,5.9,2338.61,590,9.5,9.8,No Prazo,Nenhuma
4663,20241120,26,30,10,7,1,11.9,1214.85,210,3.4,4.4,Atrasado,Nenhuma
4664,20241120,3,34,13,19,5,4.2,1680.33,300,4.8,5.3,Atrasado,Pane Mecânica
4665,20241120,12,37,20,9,5,13.1,10088.51,1960,31.6,30.1,No Prazo,Nenhuma
4666,20241120,30,32,11,5,4,46.3,7423.45,1370,22.1,20.7,No Prazo,Nenhuma
4667,20241120,15,30,7,4,1,51.2,2840.48,550,8.9,9.1,No Prazo,Pane Mecânica
4668,20241120,33,27,1,20,1,26.2,3915.05,930,15.0,16.1,Atrasado,Nenhuma
4669,20241120,31,15,8,13,1,37.7,6353.62,1370,22.1,22.1,No Prazo,Pane Mecânica
4670,20241120,15,30,6,17,1,49.8,614.01,100,1.6,2.3,Atrasado,Nenhuma
4671,20241120,35,7,1,4,3,4.3,2348.33,550,8.9,9.2,No Prazo,Nenhuma
4672,20241120,20,34,26,12,5,5.5,2966.5,590,9.5,9.8,No Prazo,Nenhuma
4673,20241120,1,33,11,13,3,11.4,8182.45,1370,22.1,22.1,No Prazo,Nenhuma
4674,20241120,42,17,26,20,5,5.9,4915.29,930,15.0,15.1,No Prazo,Nenhuma
4675,20241121,2,34,7,16,5,4.1,1736.83,315,5.1,5.1,No Prazo,Nenhuma
4676,20241121,29,27,15,18,1,11.8,2606.88,550,8.9,8.2,No Prazo,Nenhuma
4677,20241121,17,35,1,20,5,10.8,4155.53,930,15.0,14.4,No Prazo,Trânsito/Rota
4678,20241121,10,9,10,12,2,23.5,2630.62,590,9.5,9.3,No Prazo,Nenhuma
4679,20241121,4,15,27,15,1,4.9,943.53,210,3.4,3.4,No Prazo,Nenhuma
4680,20241121,2,35,10,11,5,5.9,2026.01,410,6.6,6.7,No Prazo,Nenhuma
4681,20241121,3,37,18,5,5,3.8,7316.37,1370,22.1,21.4,No Prazo,Nenhuma
4682,20241121,40,23,11,10,4,8.7,5411.45,930,15.0,16.1,Atrasado,Nenhuma
4683,20241121,10,25,15,7,2,26.4,976.08,210,3.4,3.5,No Prazo,Nenhuma
4684,20241121,14,28,16,6,5,4.6,3341.32,800,12.9,12.1,No Prazo,Nenhuma
4685,20241121,37,30,16,13,1,17.0,6351.58,1370,22.1,22.2,No Prazo,Nenhuma
4686,20241121,20,13,20,4,5,5.3,2971.66,550,8.9,8.8,No Prazo,Nenhuma
4687,20241121,12,13,12,9,5,11.8,9268.27,1960,31.6,37.5,Atrasado,Nenhuma
4688,20241121,27,13,9,17,5,49.9,485.3,100,1.6,1.6,No Prazo,Nenhuma
4689,20241121,41,7,9,20,3,27.6,5566.71,930,15.0,19.2,Atrasado,Nenhuma
4690,20241122,28,27,17,17,1,49.9,448.45,100,1.6,1.8,Atrasado,Atraso em Carga/Descarga
4691,20241122,10,14,17,16,2,26.4,1875.99,315,5.1,5.0,No Prazo,Nenhuma
4692,20241122,29,2,29,15,1,8.8,1073.75,210,3.4,3.4,No Prazo,Nenhuma
4693,20241122,32,24,12,15,4,19.4,1221.73,210,3.4,3.3,No Prazo,Nenhuma
4694,20241122,29,15,21,20,1,9.5,5289.89,930,15.0,14.6,No Prazo,Nenhuma
4695,20241122,9,18,22,10,2,26.1,4161.31,930,15.0,16.7,Atrasado,Atraso em Carga/Descarga
4696,20241122,12,35,19,11,5,9.5,2287.65,410,6.6,6.7,No Prazo,Nenhuma
4697,20241122,20,17,27,13,5,4.0,8508.97,1370,22.1,22.4,No Prazo,Nenhuma
4698,20241122,36,27,18,1,1,4.1,2328.76,430,6.9,7.1,No Prazo,Nenhuma
4699,20241122,1,5,1,13,3,9.8,6183.69,1370,22.1,31.2,Atrasado,Nenhuma
4700,20241122,36,1,10,9,1,5.6,8598.06,1960,31.6,31.4,No Prazo,Nenhuma
4701,20241122,31,11,4,12,1,40.6,3368.96,590,9.5,8.9,No Prazo,Trânsito/Rota
4702,20241122,21,2,14,7,1,25.7,900.69,210,3.4,3.4,No Prazo,Nenhuma
4703,20241122,23,10,27,2,4,5.9,2220.43,410,6.6,6.9,No Prazo,Atraso em Carga/Descarga
4704,20241123,4,27,20,20,1,5.5,5048.6,930,15.0,15.0,No Prazo,Nenhuma
4705,20241123,11,4,2,16,3,4.6,1386.25,315,5.1,4.7,No Prazo,Nenhuma
4706,20241123,25,29,21,6,5,10.0,3554.02,800,12.9,13.2,No Prazo,Nenhuma
4707,20241123,26,6,26,9,1,13.3,10662.87,1960,31.6,34.0,Atrasado,Nenhuma
4708,20241123,2,29,15,18,5,5.7,2740.23,550,8.9,8.9,No Prazo,Nenhuma
4709,20241124,29,6,4,1,1,11.4,1790.61,430,6.9,7.1,No Prazo,Nenhuma
4710,20241124,42,28,22,16,5,3.9,1660.04,315,5.1,5.5,Atrasado,Nenhuma
4711,20241124,24,36,4,8,4,49.5,4093.12,930,15.0,15.4,No Prazo,Nenhuma
4712,20241124,35,31,23,1,3,4.7,1928.5,430,6.9,9.0,Atrasado,Nenhuma
4713,20241124,35,33,30,20,3,6.0,5650.26,930,15.0,13.9,No Prazo,Nenhuma
4714,20241124,30,10,29,18,4,34.5,2991.9,550,8.9,9.8,Atrasado,Nenhuma
4715,20241124,32,36,23,4,4,21.7,2985.57,550,8.9,9.2,No Prazo,Nenhuma
4716,20241124,41,4,17,7,3,32.9,1116.08,210,3.4,3.9,Atrasado,Atraso em Carga/Descarga
4717,20241124,12,37,9,9,5,9.9,8938.24,1960,31.6,30.1,No Prazo,Nenhuma
4718,20241125,28,11,27,14,1,43.1,3425.42,800,12.9,13.1,No Prazo,Nenhuma
4719,20241125,17,13,10,16,5,12.4,1621.68,315,5.1,4.9,No Prazo,Nenhuma
4720,20241125,7,17,26,15,5,3.9,840.94,210,3.4,3.4,No Prazo,Nenhuma
4721,20241125,42,35,28,6,5,3.8,4839.39,800,12.9,14.0,Atrasado,Nenhuma
4722,20241125,40,10,11,5,4,12.3,6979.64,1370,22.1,20.9,No Prazo,Trânsito/Rota
4723,20241125,9,14,19,13,2,31.3,7619.99,1370,22.1,22.8,No Prazo,Nenhuma
4724,20241125,21,15,3,10,1,27.3,4831.69,930,15.0,15.4,No Prazo,Nenhuma
4725,20241125,38,12,25,10,5,49.9,4324.19,930,15.0,17.3,Atrasado,Nenhuma
4726,20241125,33,15,28,7,1,16.8,1081.21,210,3.4,3.5,No Prazo,Pane Mecânica
4727,20241125,24,32,8,11,4,47.4,2252.75,410,6.6,6.6,No Prazo,Nenhuma
4728,20241125,5,6,8,4,1,24.9,2647.07,550,8.9,10.8,Atrasado,Trânsito/Rota
4729,20241125,24,24,8,10,4,51.9,4482.66,930,15.0,14.8,No Prazo,Nenhuma
4730,20241125,9,16,24,16,2,35.2,1384.25,315,5.1,4.7,No Prazo,Nenhuma
4731,20241125,37,30,7,9,1,18.2,10359.18,1960,31.6,43.8,Atrasado,Nenhuma
4732,20241125,22,14,9,14,2,10.5,4830.83,800,12.9,13.5,No Prazo,Nenhuma
4733,20241125,16,32,11,5,4,5.1,5935.16,1370,22.1,20.4,No Prazo,Nenhuma
4734,20241125,8,2,24,16,1,10.1,1856.77,315,5.1,5.0,No Prazo,Nenhuma
4735,20241125,1,20,23,8,3,9.6,4908.76,930,15.0,20.8,Atrasado,Nenhuma
4736,20241125,17,35,15,18,5,13.7,2674.52,550,8.9,8.7,No Prazo,Nenhuma
4737,20241125,42,17,14,17,5,4.8,506.78,100,1.6,1.6,No Prazo,Nenhuma
4738,20241125,28,22,12,19,1,50.4,1246.14,300,4.8,5.3,Atrasado,Nenhuma
4739,20241125,23,23,26,10,4,3.9,4560.14,930,15.0,14.7,No Prazo,Nenhuma
4740,20241125,30,24,12,7,4,40.1,1011.13,210,3.4,3.5,No Prazo,Nenhuma
4741,20241125,37,2,12,18,1,24.8,2549.82,550,8.9,8.5,No Prazo,Nenhuma
4742,20241125,27,17,6,17,5,42.8,417.52,100,1.6,1.5,No Prazo,Nenhuma
4743,20241125,12,34,23,12,5,8.6,2598.89,590,9.5,9.5,No Prazo,Nenhuma
4744,20241126,22,26,28,4,2,8.5,2553.9,550,8.9,8.6,No Prazo,Nenhuma
4745,20241126,31,15,26,16,1,40.1,1733.8,315,5.1,5.0,No Prazo,Nenhuma
4746,20241126,31,15,19,7,1,53.6,1211.3,210,3.4,3.3,No Prazo,Problema Documental
4747,20241126,8,27,9,17,1,12.9,462.92,100,1.6,1.6,No Prazo,Nenhuma
4748,20241126,18,31,3,8,3,56.8,5230.47,930,15.0,14.6,No Prazo,Nenhuma
4749,20241126,21,1,4,9,1,36.9,10743.97,1960,31.6,41.4,Atrasado,Nenhuma
4750,20241126,15,11,29,2,1,45.5,1740.71,410,6.6,6.8,No Prazo,Nenhuma
4751,20241126,10,38,17,12,2,19.1,2447.36,590,9.5,13.6,Atrasado,Nenhuma
4752,20241126,29,15,10,1,1,13.3,1983.2,430,6.9,6.7,No Prazo,Pane Mecânica
4753,20241126,8,1,9,17,1,8.7,537.09,100,1.6,1.5,No Prazo,Pane Mecânica
4754,20241126,22,21,17,8,2,9.5,3930.0,930,15.0,14.6,No Prazo,Trânsito/Rota
4755,20241126,6,34,24,13,5,10.4,6717.38,1370,22.1,22.3,No Prazo,Nenhuma
4756,20241126,41,33,13,8,3,35.4,4927.0,930,15.0,14.8,No Prazo,Nenhuma
4757,20241126,17,29,10,7,5,9.9,1263.96,210,3.4,3.6,Atrasado,Nenhuma
4758,20241126,4,11,24,15,1,4.0,1060.58,210,3.4,3.4,No Prazo,Trânsito/Rota
4759,20241126,42,28,30,4,5,3.9,3129.86,550,8.9,8.5,No Prazo,Nenhuma
4760,20241126,27,29,5,3,5,44.0,2679.64,590,9.5,9.7,No Prazo,Nenhuma
4761,20241126,23,36,23,13,4,5.6,7317.43,1370,22.1,21.7,No Prazo,Nenhuma
4762,20241126,3,28,17,11,5,3.6,1667.92,410,6.6,9.3,Atrasado,Trânsito/Rota
4763,20241126,33,22,7,20,1,24.0,4106.62,930,15.0,14.4,No Prazo,Nenhuma
4764,20241126,29,30,1,20,1,12.8,4947.93,930,15.0,14.4,No Prazo,Nenhuma
4765,20241126,39,23,25,8,4,20.6,4060.91,930,15.0,14.3,No Prazo,Nenhuma
4766,20241126,38,12,17,10,5,48.0,5172.1,930,15.0,13.9,No Prazo,Nenhuma
4767,20241126,33,1,7,6,1,16.3,4301.95,800,12.9,13.1,No Prazo,Nenhuma
4768,20241126,26,27,9,17,1,12.1,516.44,100,1.6,1.8,Atrasado,Trânsito/Rota
4769,20241127,4,1,6,2,1,5.9,2131.17,410,6.6,6.9,No Prazo,Nenhuma
4770,20241127,36,30,9,10,1,5.1,5572.73,930,15.0,17.7,Atrasado,Nenhuma
4771,20241127,8,15,15,11,1,9.2,2534.26,410,6.6,6.6,No Prazo,Nenhuma
4772,20241127,20,35,30,5,5,5.2,7883.75,1370,22.1,29.1,Atrasado,Nenhuma
4773,20241127,33,2,7,18,1,22.2,2807.65,550,8.9,9.2,No Prazo,Nenhuma
4774,20241127,15,6,7,12,1,48.7,3474.39,590,9.5,11.3,Atrasado,Nenhuma
4775,20241127,26,15,17,4,1,13.3,2882.59,550,8.9,9.3,No Prazo,Nenhuma
4776,20241127,11,7,14,14,3,3.7,4765.69,800,12.9,13.4,No Prazo,Atraso em Carga/Descarga
4777,20241127,21,15,29,18,1,29.4,2743.6,550,8.9,8.3,No Prazo,Atraso em Carga/Descarga
4778,20241127,6,12,7,2,5,9.8,2002.9,410,6.6,9.6,Atrasado,Trânsito/Rota
4779,20241127,14,34,6,7,5,4.2,1157.58,210,3.4,3.8,Atrasado,Nenhuma
4780,20241127,4,1,12,12,1,5.7,3097.8,590,9.5,12.6,Atrasado,Trânsito/Rota
4781,20241127,18,33,2,2,3,53.8,2382.27,410,6.6,6.5,No Prazo,Nenhuma
4782,20241127,8,30,26,3,1,11.1,2786.26,590,9.5,11.9,Atrasado,Nenhuma
4783,20241127,8,11,16,1,1,11.0,2133.13,430,6.9,6.6,No Prazo,Nenhuma
4784,20241127,1,20,26,6,3,8.9,3447.82,800,12.9,17.8,Atrasado,Nenhuma
4785,20241127,15,30,29,6,1,37.9,3513.01,800,12.9,14.0,Atrasado,Nenhuma
4786,20241127,20,37,25,9,5,4.6,10358.97,1960,31.6,32.8,No Prazo,Trânsito/Rota
4787,20241127,3,12,18,8,5,4.9,4208.02,930,15.0,18.6,Atrasado,Nenhuma
4788,20241127,20,17,1,11,5,4.6,2329.33,410,6.6,9.0,Atrasado,Nenhuma
4789,20241127,41,20,12,20,3,22.4,5136.57,930,15.0,15.3,No Prazo,Nenhuma
4790,20241127,6,17,5,14,5,13.9,4073.38,800,12.9,13.2,No Prazo,Nenhuma
4791,20241127,38,12,21,11,5,45.9,2344.24,410,6.6,6.4,No Prazo,Pane Mecânica
4792,20241127,1,5,2,15,3,11.6,922.9,210,3.4,4.6,Atrasado,Nenhuma
4793,20241127,25,28,30,18,5,13.8,3099.46,550,8.9,8.9,No Prazo,Nenhuma
4794,20241127,41,3,4,5,3,32.4,6748.4,1370,22.1,21.5,No Prazo,Nenhuma
4795,20241128,18,33,24,15,3,43.5,878.47,210,3.4,3.5,No Prazo,Pane Mecânica
4796,20241128,7,12,30,12,5,4.5,2886.29,590,9.5,9.6,No Prazo,Nenhuma
4797,20241128,28,22,22,6,1,47.8,3370.65,800,12.9,15.0,Atrasado,Nenhuma
4798,20241128,21,27,16,1,1,27.4,2539.18,430,6.9,6.6,No Prazo,Nenhuma
4799,20241128,30,32,29,20,4,37.6,4322.34,930,15.0,15.7,No Prazo,Nenhuma
4800,20241128,8,1,1,2,1,9.6,2312.14,410,6.6,7.7,Atrasado,Nenhuma
4801,20241128,20,37,22,18,5,5.8,3159.66,550,8.9,9.2,No Prazo,Nenhuma
4802,20241128,42,37,19,11,5,6.0,2092.1,410,6.6,6.7,No Prazo,Nenhuma
4803,20241128,39,24,29,5,4,18.7,5825.93,1370,22.1,20.8,No Prazo,Nenhuma
4804,20241128,2,13,29,7,5,5.4,967.54,210,3.4,3.2,No Prazo,Nenhuma
4805,20241128,3,34,9,15,5,5.0,1198.41,210,3.4,4.7,Atrasado,Trânsito/Rota
4806,20241128,33,2,30,7,1,20.5,1218.13,210,3.4,3.9,Atrasado,Nenhuma
4807,20241128,1,20,27,4,3,9.7,3170.53,550,8.9,8.6,No Prazo,Nenhuma
4808,20241128,35,4,15,18,3,5.5,2975.65,550,8.9,9.1,No Prazo,Trânsito/Rota
4809,20241128,29,27,28,18,1,9.6,2863.18,550,8.9,10.2,Atrasado,Nenhuma
4810,20241128,42,12,12,4,5,5.5,3099.06,550,8.9,11.9,Atrasado,Nenhuma
4811,20241128,32,36,4,19,4,22.1,1504.65,300,4.8,5.0,No Prazo,Nenhuma
4812,20241128,34,25,25,17,2,5.4,397.73,100,1.6,1.6,No Prazo,Nenhuma
4813,20241128,28,15,2,11,1,48.6,2160.96,410,6.6,6.3,No Prazo,Nenhuma
4814,20241128,19,37,25,11,5,33.5,1713.42,410,6.6,6.5,No Prazo,Atraso em Carga/Descarga
4815,20241128,39,24,12,18,4,19.1,2376.63,550,8.9,9.0,No Prazo,Nenhuma
4816,20241128,28,27,19,6,1,51.4,4152.49,800,12.9,16.5,Atrasado,Nenhuma
4817,20241129,1,7,29,14,3,13.4,4217.75,800,12.9,13.1,No Prazo,Nenhuma
4818,20241129,32,36,14,2,4,24.1,2127.29,410,6.6,6.7,No Prazo,Pane Mecânica
4819,20241129,42,34,5,1,5,4.7,2291.52,430,6.9,6.5,No Prazo,Nenhuma
4820,20241129,12,34,17,10,5,13.0,4343.2,930,15.0,18.4,Atrasado,Nenhuma
4821,20241129,9,25,14,1,2,31.3,2062.59,430,6.9,6.8,No Prazo,Nenhuma
4822,20241129,39,10,1,14,4,22.4,3587.82,800,12.9,16.0,Atrasado,Trânsito/Rota
4823,20241129,29,6,7,4,1,12.2,3210.88,550,8.9,8.6,No Prazo,Nenhuma
4824,20241129,24,10,11,16,4,36.4,1634.58,315,5.1,6.2,Atrasado,Nenhuma
4825,20241129,9,14,11,13,2,27.6,5909.17,1370,22.1,21.3,No Prazo,Nenhuma
4826,20241129,9,25,6,16,2,28.6,1863.91,315,5.1,5.1,No Prazo,Nenhuma
4827,20241129,34,18,9,14,2,5.2,3533.79,800,12.9,12.0,No Prazo,Nenhuma
4828,20241130,13,20,3,16,3,47.4,1566.17,315,5.1,4.9,No Prazo,Nenhuma
4829,20241130,3,35,15,1,5,5.7,1760.07,430,6.9,6.5,No Prazo,Nenhuma
4830,20241130,42,28,29,13,5,4.0,5774.49,1370,22.1,25.5,Atrasado,Nenhuma
4831,20241130,25,37,11,14,5,10.1,4345.06,800,12.9,12.9,No Prazo,Nenhuma
4832,20241130,16,24,25,5,4,5.8,6160.04,1370,22.1,21.3,No Prazo,Nenhuma
4833,20241130,10,19,23,6,2,20.7,3996.82,800,12.9,12.0,No Prazo,Nenhuma
4834,20241130,7,29,14,18,5,4.8,2197.28,550,8.9,9.5,Atrasado,Nenhuma
4835,20241130,20,17,3,12,5,5.5,2850.13,590,9.5,9.0,No Prazo,Nenhuma
4836,20241201,20,28,26,19,5,4.4,1491.64,300,4.8,4.9,No Prazo,Nenhuma
4837,20241201,26,27,13,17,1,13.7,465.97,100,1.6,1.6,No Prazo,Nenhuma
4838,20241201,13,7,16,12,3,35.7,3006.82,590,9.5,8.9,No Prazo,Nenhuma
4839,20241202,19,17,26,11,5,30.3,2056.18,410,6.6,8.9,Atrasado,Nenhuma
4840,20241202,39,24,3,5,4,25.5,5881.16,1370,22.1,27.3,Atrasado,Nenhuma
4841,20241202,34,25,16,1,2,5.7,2204.13,430,6.9,6.7,No Prazo,Nenhuma
4842,20241202,3,28,27,11,5,5.9,1830.51,410,6.6,9.0,Atrasado,Nenhuma
4843,20241202,22,21,29,14,2,8.5,3423.98,800,12.9,13.4,No Prazo,Nenhuma
4844,20241202,36,30,2,20,1,5.2,4647.43,930,15.0,14.4,No Prazo,Nenhuma
4845,20241202,7,12,20,4,5,5.6,2975.4,550,8.9,12.3,Atrasado,Nenhuma
4846,20241202,7,35,27,8,5,4.8,4367.7,930,15.0,14.7,No Prazo,Nenhuma
4847,20241202,14,29,14,17,5,3.7,577.82,100,1.6,1.5,No Prazo,Atraso em Carga/Descarga
4848,20241202,23,32,14,10,4,3.7,4359.03,930,15.0,16.4,Atrasado,Nenhuma
4849,20241202,22,25,23,17,2,11.4,593.55,100,1.6,1.6,No Prazo,Atraso em Carga/Descarga
4850,20241203,37,22,19,7,1,21.6,1222.26,210,3.4,4.1,Atrasado,Nenhuma
4851,20241203,39,32,20,12,4,20.6,2689.37,590,9.5,8.9,No Prazo,Nenhuma
4852,20241203,16,23,12,5,4,4.0,5914.0,1370,22.1,22.7,No Prazo,Nenhuma
4853,20241203,42,35,5,7,5,4.5,1117.45,210,3.4,3.2,No Prazo,Nenhuma
4854,20241203,10,8,10,18,2,18.7,2485.54,550,8.9,9.3,No Prazo,Nenhuma
4855,20241203,41,4,5,12,3,23.7,2678.64,590,9.5,9.3,No Prazo,Nenhuma
4856,20241203,5,27,14,14,1,30.3,3717.79,800,12.9,12.4,No Prazo,Nenhuma
4857,20241203,36,1,19,12,1,5.8,2936.99,590,9.5,9.1,No Prazo,Nenhuma
4858,20241203,9,9,1,3,2,28.6,3312.64,590,9.5,10.4,Atrasado,Nenhuma
4859,20241203,15,27,15,10,1,38.2,5006.15,930,15.0,20.2,Atrasado,Pane Mecânica
4860,20241203,7,29,9,4,5,4.6,2536.22,550,8.9,11.9,Atrasado,Nenhuma
4861,20241203,22,16,25,2,2,12.3,2263.06,410,6.6,6.7,No Prazo,Nenhuma
4862,20241203,23,32,20,20,4,4.4,4730.79,930,15.0,15.4,No Prazo,Nenhuma
4863,20241203,2,29,19,4,5,5.3,2560.96,550,8.9,8.6,No Prazo,Nenhuma
4864,20241203,17,35,3,13,5,12.7,5706.48,1370,22.1,27.6,Atrasado,Pane Mecânica
4865,20241204,42,17,3,4,5,3.9,3020.45,550,8.9,8.5,No Prazo,Nenhuma
4866,20241204,13,3,11,5,3,44.8,7792.07,1370,22.1,20.5,No Prazo,Nenhuma
4867,20241204,9,16,7,1,2,31.9,1791.75,430,6.9,6.9,No Prazo,Nenhuma
4868,20241204,39,32,19,7,4,20.5,1158.26,210,3.4,4.0,Atrasado,Nenhuma
4869,20241204,1,7,27,1,3,12.2,2387.11,430,6.9,8.9,Atrasado,Nenhuma
4870,20241204,17,29,12,6,5,8.9,3992.21,800,12.9,11.9,No Prazo,Nenhuma
4871,20241204,21,11,26,9,1,26.8,11676.7,1960,31.6,29.7,No Prazo,Pane Mecânica
4872,20241204,39,24,9,3,4,26.5,3105.34,590,9.5,13.5,Atrasado,Nenhuma
4873,20241205,5,27,27,19,1,35.8,1644.66,300,4.8,5.0,No Prazo,Nenhuma
4874,20241205,17,37,30,19,5,13.0,1228.08,300,4.8,4.5,No Prazo,Nenhuma
4875,20241205,10,21,20,19,2,22.3,1814.59,300,4.8,4.8,No Prazo,Atraso em Carga/Descarga
4876,20241205,29,22,3,2,1,13.0,2085.19,410,6.6,8.2,Atrasado,Nenhuma
4877,20241205,42,29,12,15,5,4.9,1034.07,210,3.4,3.1,No Prazo,Nenhuma
4878,20241205,17,13,28,3,5,8.8,3601.45,590,9.5,9.3,No Prazo,Atraso em Carga/Descarga
4879,20241205,38,34,1,12,5,37.2,2378.28,590,9.5,9.2,No Prazo,Problema Documental
4880,20241205,6,29,5,6,5,10.5,3315.33,800,12.9,12.1,No Prazo,Nenhuma
4881,20241205,37,27,21,18,1,20.9,2985.74,550,8.9,8.3,No Prazo,Nenhuma
4882,20241205,15,1,21,16,1,53.9,1762.89,315,5.1,6.6,Atrasado,Nenhuma
4883,20241205,17,12,4,11,5,9.6,1689.3,410,6.6,6.7,No Prazo,Nenhuma
4884,20241205,22,25,2,19,2,11.7,1674.07,300,4.8,5.5,Atrasado,Pane Mecânica
4885,20241205,11,7,25,6,3,5.6,3761.2,800,12.9,12.7,No Prazo,Nenhuma
4886,20241205,22,16,26,1,2,13.1,1753.1,430,6.9,6.7,No Prazo,Nenhuma
4887,20241206,20,35,17,15,5,4.6,1127.89,210,3.4,3.3,No Prazo,Nenhuma
4888,20241206,36,2,8,13,1,3.9,5556.62,1370,22.1,21.8,No Prazo,Nenhuma
4889,20241206,9,26,29,20,2,26.3,4053.92,930,15.0,13.8,No Prazo,Nenhuma
4890,20241206,24,24,3,14,4,52.4,3711.33,800,12.9,12.0,No Prazo,Nenhuma
4891,20241206,23,36,22,5,4,5.8,6455.43,1370,22.1,21.0,No Prazo,Nenhuma
4892,20241206,40,24,28,8,4,10.2,4456.43,930,15.0,14.6,No Prazo,Nenhuma
4893,20241206,7,12,16,16,5,5.5,1789.82,315,5.1,5.5,Atrasado,Pane Mecânica
4894,20241206,30,24,16,16,4,50.0,1536.52,315,5.1,5.1,No Prazo,Nenhuma
4895,20241206,3,35,6,3,5,5.1,3391.0,590,9.5,9.3,No Prazo,Nenhuma
4896,20241206,39,24,12,13,4,26.8,5588.38,1370,22.1,20.4,No Prazo,Nenhuma
4897,20241206,22,19,7,10,2,10.9,5409.16,930,15.0,16.9,Atrasado,Trânsito/Rota
4898,20241206,10,26,26,3,2,23.5,3051.38,590,9.5,9.2,No Prazo,Nenhuma
4899,20241206,13,7,30,15,3,47.9,950.73,210,3.4,3.5,No Prazo,Nenhuma
4900,20241206,8,15,12,8,1,9.2,5490.04,930,15.0,14.4,No Prazo,Nenhuma
4901,20241206,24,24,9,10,4,54.5,4543.63,930,15.0,15.3,No Prazo,Nenhuma
4902,20241206,27,12,30,5,5,37.2,8064.03,1370,22.1,22.5,No Prazo,Nenhuma
4903,20241206,28,1,16,3,1,51.7,2999.57,590,9.5,11.2,Atrasado,Nenhuma
4904,20241206,24,23,27,15,4,40.4,1282.8,210,3.4,3.4,No Prazo,Pane Mecânica
4905,20241207,23,24,14,9,4,4.8,8084.7,1960,31.6,32.5,No Prazo,Nenhuma
4906,20241207,11,5,13,2,3,5.6,1840.17,410,6.6,9.1,Atrasado,Nenhuma
4907,20241207,17,28,4,10,5,9.1,4122.18,930,15.0,14.3,No Prazo,Atraso em Carga/Descarga
4908,20241207,8,27,3,9,1,10.3,9507.55,1960,31.6,33.5,Atrasado,Nenhuma
4909,20241207,39,10,3,19,4,25.2,1673.9,300,4.8,4.5,No Prazo,Nenhuma
4910,20241208,1,4,17,12,3,13.8,2538.67,590,9.5,9.2,No Prazo,Nenhuma
4911,20241208,36,2,18,9,1,4.1,8385.84,1960,31.6,31.2,No Prazo,Nenhuma
4912,20241208,3,35,11,7,5,4.6,1035.2,210,3.4,3.3,No Prazo,Nenhuma
4913,20241208,30,24,9,2,4,37.6,2291.37,410,6.6,6.1,No Prazo,Nenhuma
4914,20241209,36,11,28,15,1,4.3,984.35,210,3.4,4.7,Atrasado,Nenhuma
4915,20241209,11,4,11,20,3,5.3,5106.39,930,15.0,15.6,No Prazo,Atraso em Carga/Descarga
4916,20241209,39,36,27,7,4,21.4,964.92,210,3.4,3.9,Atrasado,Trânsito/Rota
4917,20241209,41,31,3,7,3,29.1,1204.21,210,3.4,3.4,No Prazo,Nenhuma
4918,20241209,10,16,14,3,2,24.4,2419.75,590,9.5,10.6,Atrasado,Nenhuma
4919,20241209,36,6,30,4,1,4.8,3355.29,550,8.9,11.2,Atrasado,Nenhuma
4920,20241209,13,3,26,15,3,49.1,1281.74,210,3.4,3.2,No Prazo,Nenhuma
4921,20241209,20,28,4,8,5,5.9,4392.06,930,15.0,20.3,Atrasado,Nenhuma
4922,20241209,3,29,23,17,5,4.1,472.02,100,1.6,1.5,No Prazo,Atraso em Carga/Descarga
4923,20241209,9,19,27,2,2,27.3,1722.31,410,6.6,6.5,No Prazo,Atraso em Carga/Descarga
4924,20241209,38,13,11,4,5,37.5,3184.29,550,8.9,10.0,Atrasado,Nenhuma
4925,20241209,5,15,10,8,1,33.3,3951.78,930,15.0,13.9,No Prazo,Nenhuma
4926,20241209,2,35,13,3,5,4.9,2943.05,590,9.5,8.8,No Prazo,Nenhuma
4927,20241209,22,16,23,1,2,10.3,1990.55,430,6.9,7.2,No Prazo,Nenhuma
4928,20241209,2,37,10,14,5,6.0,3931.24,800,12.9,12.5,No Prazo,Nenhuma
4929,20241210,33,6,11,20,1,22.0,5415.25,930,15.0,15.4,No Prazo,Nenhuma
4930,20241210,34,8,4,18,2,5.3,2410.57,550,8.9,8.3,No Prazo,Trânsito/Rota
4931,20241210,22,14,24,13,2,9.6,8030.98,1370,22.1,20.6,No Prazo,Nenhuma
4932,20241210,33,11,17,6,1,23.9,3715.73,800,12.9,12.7,No Prazo,Nenhuma
4933,20241210,42,29,15,9,5,5.8,8547.3,1960,31.6,29.1,No Prazo,Pane Mecânica
4934,20241210,28,30,18,15,1,34.5,990.56,210,3.4,3.2,No Prazo,Pane Mecânica
4935,20241210,7,12,29,16,5,5.0,1821.23,315,5.1,4.9,No Prazo,Nenhuma
4936,20241210,37,22,23,8,1,16.9,5397.83,930,15.0,14.0,No Prazo,Trânsito/Rota
4937,20241210,33,1,23,17,1,18.6,587.07,100,1.6,2.3,Atrasado,Nenhuma
4938,20241210,20,12,1,6,5,4.6,4010.59,800,12.9,11.9,No Prazo,Nenhuma
4939,20241211,26,2,18,16,1,10.1,1477.91,315,5.1,5.2,No Prazo,Nenhuma
4940,20241211,33,22,8,6,1,20.0,4075.56,800,12.9,12.8,No Prazo,Nenhuma
4941,20241211,35,20,8,18,3,5.6,2720.31,550,8.9,12.9,Atrasado,Pane Mecânica
4942,20241211,22,21,16,18,2,9.1,2654.75,550,8.9,8.5,No Prazo,Nenhuma
4943,20241211,36,6,20,11,1,5.9,1776.92,410,6.6,8.5,Atrasado,Nenhuma
4944,20241211,21,1,7,6,1,35.8,3471.19,800,12.9,13.3,No Prazo,Nenhuma
4945,20241211,20,34,13,6,5,4.9,4662.89,800,12.9,12.2,No Prazo,Nenhuma
4946,20241211,29,15,26,1,1,10.1,2592.16,430,6.9,7.9,Atrasado,Nenhuma
4947,20241211,40,23,20,2,4,11.0,2080.17,410,6.6,6.1,No Prazo,Nenhuma
4948,20241211,17,34,25,11,5,10.7,2095.87,410,6.6,8.0,Atrasado,Nenhuma
4949,20241211,5,15,8,10,1,36.5,4565.68,930,15.0,15.7,No Prazo,Trânsito/Rota
4950,20241211,27,17,22,5,5,36.9,8367.13,1370,22.1,20.7,No Prazo,Nenhuma
4951,20241211,35,20,8,6,3,5.8,4584.57,800,12.9,16.4,Atrasado,Nenhuma
4952,20241211,27,13,25,4,5,52.2,2937.56,550,8.9,9.1,No Prazo,Nenhuma
4953,20241211,13,33,8,18,3,38.7,2210.46,550,8.9,11.7,Atrasado,Problema Documental
4954,20241211,32,10,23,17,4,20.9,451.35,100,1.6,1.9,Atrasado,Atraso em Carga/Descarga
4955,20241212,10,38,17,3,2,25.8,3170.06,590,9.5,9.0,No Prazo,Nenhuma
4956,20241212,8,1,23,3,1,9.9,3545.73,590,9.5,12.2,Atrasado,Problema Documental
4957,20241212,37,15,18,1,1,17.2,2592.7,430,6.9,9.5,Atrasado,Nenhuma
4958,20241212,15,15,7,1,1,37.7,1895.01,430,6.9,9.3,Atrasado,Nenhuma
4959,20241212,36,27,22,11,1,5.2,2088.26,410,6.6,6.7,No Prazo,Atraso em Carga/Descarga
4960,20241212,18,20,19,11,3,52.2,1955.67,410,6.6,6.7,No Prazo,Nenhuma
4961,20241212,30,32,22,4,4,47.4,3298.27,550,8.9,12.2,Atrasado,Nenhuma
4962,20241212,19,37,14,14,5,30.7,3504.1,800,12.9,12.8,No Prazo,Nenhuma
4963,20241213,20,35,17,16,5,4.1,1745.98,315,5.1,4.9,No Prazo,Nenhuma
4964,20241213,27,13,17,7,5,45.3,1044.81,210,3.4,3.3,No Prazo,Nenhuma
4965,20241213,42,35,8,14,5,5.5,3802.89,800,12.9,14.1,Atrasado,Nenhuma
4966,20241213,19,17,8,20,5,31.0,4703.21,930,15.0,19.1,Atrasado,Atraso em Carga/Descarga
4967,20241213,12,17,5,4,5,12.1,2989.13,550,8.9,12.4,Atrasado,Nenhuma
4968,20241213,7,37,12,2,5,5.1,1735.43,410,6.6,7.3,Atrasado,Trânsito/Rota
4969,20241213,33,1,26,5,1,16.6,5627.12,1370,22.1,21.2,No Prazo,Atraso em Carga/Descarga
4970,20241213,29,1,30,3,1,10.1,2536.23,590,9.5,11.9,Atrasado,Nenhuma
4971,20241213,4,11,15,20,1,3.8,5624.92,930,15.0,15.5,No Prazo,Nenhuma
4972,20241214,41,7,25,7,3,23.6,1267.5,210,3.4,3.9,Atrasado,Nenhuma
4973,20241214,8,22,28,18,1,11.8,2606.49,550,8.9,11.5,Atrasado,Atraso em Carga/Descarga
4974,20241214,10,8,18,17,2,19.9,565.85,100,1.6,1.5,No Prazo,Nenhuma
4975,20241214,5,1,25,2,1,36.1,2005.44,410,6.6,6.2,No Prazo,Nenhuma
4976,20241214,34,8,4,4,2,5.2,2440.08,550,8.9,11.0,Atrasado,Nenhuma
4977,20241215,38,12,28,18,5,49.6,2306.39,550,8.9,8.8,No Prazo,Problema Documental
4978,20241215,13,7,24,5,3,54.6,8082.54,1370,22.1,22.2,No Prazo,Nenhuma
4979,20241215,11,20,10,12,3,4.5,3424.41,590,9.5,9.7,No Prazo,Nenhuma
4980,20241216,8,1,2,5,1,9.1,7240.13,1370,22.1,22.7,No Prazo,Nenhuma
4981,20241216,22,21,19,1,2,11.2,2198.68,430,6.9,8.4,Atrasado,Pane Mecânica
4982,20241216,3,13,28,3,5,5.0,2954.69,590,9.5,9.4,No Prazo,Nenhuma
4983,20241216,7,13,1,9,5,4.9,10331.55,1960,31.6,37.7,Atrasado,Nenhuma
4984,20241216,11,20,30,14,3,4.1,3750.51,800,12.9,18.0,Atrasado,Pane Mecânica
4985,20241216,28,11,25,7,1,53.1,947.05,210,3.4,3.2,No Prazo,Trânsito/Rota
4986,20241216,11,3,5,9,3,4.3,10814.06,1960,31.6,29.7,No Prazo,Nenhuma
4987,20241216,27,29,16,1,5,45.4,2168.25,430,6.9,8.9,Atrasado,Pane Mecânica
4988,20241217,11,7,10,16,3,4.2,1479.41,315,5.1,6.2,Atrasado,Nenhuma
4989,20241217,2,34,28,17,5,5.0,456.26,100,1.6,1.5,No Prazo,Nenhuma
4990,20241217,15,27,30,10,1,51.0,4261.3,930,15.0,14.4,No Prazo,Nenhuma
4991,20241217,32,23,2,20,4,23.1,4363.12,930,15.0,14.8,No Prazo,Nenhuma
4992,20241217,40,10,6,10,4,8.4,5180.12,930,15.0,19.5,Atrasado,Nenhuma
4993,20241217,20,37,7,16,5,4.1,1634.64,315,5.1,5.0,No Prazo,Pane Mecânica
4994,20241217,7,29,5,20,5,4.3,5092.6,930,15.0,19.0,Atrasado,Nenhuma
4995,20241217,27,28,30,19,5,46.3,1342.97,300,4.8,6.2,Atrasado,Nenhuma
4996,20241217,40,23,27,11,4,11.8,1886.6,410,6.6,6.7,No Prazo,Nenhuma
4997,20241217,19,29,9,13,5,35.8,7360.3,1370,22.1,20.9,No Prazo,Atraso em Carga/Descarga
4998,20241217,8,15,24,15,1,13.3,847.54,210,3.4,3.9,Atrasado,Pane Mecânica
4999,20241217,2,29,18,5,5,5.3,7650.2,1370,22.1,22.5,No Prazo,Nenhuma
5000,20241217,35,7,12,17,3,4.5,453.74,100,1.6,1.6,No Prazo,Nenhuma
5001,20241217,30,23,21,1,4,40.8,2034.63,430,6.9,7.0,No Prazo,Problema Documental
5002,20241217,39,24,8,20,4,26.5,4467.46,930,15.0,14.2,No Prazo,Trânsito/Rota
5003,20241217,19,17,19,17,5,24.2,517.41,100,1.6,1.6,No Prazo,Nenhuma
5004,20241217,36,22,8,4,1,5.0,3134.47,550,8.9,10.4,Atrasado,Pane Mecânica
5005,20241217,29,2,9,11,1,8.7,1686.76,410,6.6,6.1,No Prazo,Pane Mecânica
5006,20241218,32,23,6,15,4,23.6,1054.99,210,3.4,3.4,No Prazo,Nenhuma
5007,20241218,2,29,16,3,5,4.7,3038.77,590,9.5,10.0,No Prazo,Trânsito/Rota
5008,20241218,34,14,28,9,2,3.7,8118.15,1960,31.6,39.0,Atrasado,Nenhuma
5009,20241218,13,33,18,19,3,40.3,1774.14,300,4.8,4.6,No Prazo,Atraso em Carga/Descarga
5010,20241218,2,12,26,5,5,5.8,7545.83,1370,22.1,21.5,No Prazo,Nenhuma
5011,20241218,40,10,1,5,4,11.0,7770.32,1370,22.1,21.6,No Prazo,Nenhuma
5012,20241218,35,4,20,1,3,4.8,2374.36,430,6.9,7.2,No Prazo,Atraso em Carga/Descarga
5013,20241218,11,4,12,10,3,5.0,4313.79,930,15.0,20.9,Atrasado,Nenhuma
5014,20241218,7,17,18,4,5,3.9,2695.43,550,8.9,8.9,No Prazo,Atraso em Carga/Descarga
5015,20241219,30,36,17,17,4,36.5,533.3,100,1.6,2.0,Atrasado,Atraso em Carga/Descarga
5016,20241219,20,13,15,4,5,4.7,2647.43,550,8.9,9.5,Atrasado,Nenhuma
5017,20241219,33,15,28,3,1,24.4,3197.72,590,9.5,11.4,Atrasado,Trânsito/Rota
5018,20241219,28,30,23,19,1,52.9,1377.42,300,4.8,6.1,Atrasado,Nenhuma
5019,20241219,26,2,12,19,1,12.2,1401.92,300,4.8,5.0,No Prazo,Pane Mecânica
5020,20241219,38,13,15,13,5,39.4,7137.77,1370,22.1,21.6,No Prazo,Trânsito/Rota
5021,20241219,28,15,30,6,1,49.2,4110.92,800,12.9,12.3,No Prazo,Nenhuma
5022,20241219,14,12,16,8,5,4.0,3706.51,930,15.0,14.7,No Prazo,Trânsito/Rota
5023,20241219,23,36,8,11,4,4.8,2361.79,410,6.6,7.7,Atrasado,Nenhuma
5024,20241219,5,30,26,12,1,23.4,2970.75,590,9.5,11.9,Atrasado,Nenhuma
5025,20241219,31,27,26,7,1,40.2,920.31,210,3.4,3.4,No Prazo,Nenhuma
5026,20241219,34,8,3,17,2,5.4,435.91,100,1.6,1.6,No Prazo,Nenhuma
5027,20241219,9,16,19,14,2,35.3,4068.85,800,12.9,14.5,Atrasado,Nenhuma
5028,20241219,2,13,19,2,5,5.5,1746.06,410,6.6,6.9,No Prazo,Nenhuma
5029,20241219,38,13,3,11,5,37.2,2457.05,410,6.6,6.2,No Prazo,Nenhuma
5030,20241219,4,15,26,17,1,5.0,602.94,100,1.6,1.7,No Prazo,Nenhuma
5031,20241220,36,15,23,19,1,5.9,1252.97,300,4.8,4.9,No Prazo,Nenhuma
5032,20241220,29,11,6,15,1,12.9,852.85,210,3.4,3.5,No Prazo,Nenhuma
5033,20241220,38,34,9,15,5,37.5,1263.45,210,3.4,3.4,No Prazo,Atraso em Carga/Descarga
5034,20241220,10,26,4,14,2,16.2,3601.62,800,12.9,12.8,No Prazo,Nenhuma
5035,20241220,39,24,7,2,4,24.4,2192.61,410,6.6,6.8,No Prazo,Nenhuma
5036,20241220,10,26,30,19,2,21.9,1320.7,300,4.8,5.0,No Prazo,Nenhuma
5037,20241220,18,3,21,17,3,56.1,455.22,100,1.6,1.7,No Prazo,Nenhuma
5038,20241220,33,27,25,12,1,24.4,2941.42,590,9.5,9.7,No Prazo,Atraso em Carga/Descarga
5039,20241221,7,37,3,9,5,4.3,10841.51,1960,31.6,31.2,No Prazo,Nenhuma
5040,20241221,22,25,8,11,2,13.2,2091.64,410,6.6,7.5,Atrasado,Nenhuma
5041,20241221,29,30,29,13,1,9.2,8323.59,1370,22.1,22.8,No Prazo,Nenhuma
5042,20241222,9,8,19,16,2,24.9,1526.38,315,5.1,5.2,No Prazo,Pane Mecânica
5043,20241222,21,30,28,9,1,32.0,8631.26,1960,31.6,30.1,No Prazo,Atraso em Carga/Descarga
5044,20241222,7,34,24,10,5,3.9,4653.26,930,15.0,17.8,Atrasado,Nenhuma
5045,20241222,42,28,26,2,5,5.4,1949.26,410,6.6,7.0,Atrasado,Nenhuma
5046,20241223,7,13,4,20,5,4.8,4400.35,930,15.0,20.8,Atrasado,Nenhuma
5047,20241223,27,34,10,7,5,45.8,889.42,210,3.4,3.3,No Prazo,Nenhuma
5048,20241223,3,37,30,20,5,4.4,4747.36,930,15.0,14.5,No Prazo,Pane Mecânica
5049,20241223,5,27,30,14,1,31.1,4687.73,800,12.9,12.4,No Prazo,Nenhuma
5050,20241223,36,6,25,1,1,5.7,2219.67,430,6.9,6.7,No Prazo,Nenhuma
5051,20241223,28,22,4,19,1,41.0,1658.17,300,4.8,4.7,No Prazo,Nenhuma
5052,20241223,40,23,11,8,4,13.3,4623.97,930,15.0,14.2,No Prazo,Nenhuma
5053,20241223,9,26,26,3,2,34.8,3342.91,590,9.5,9.5,No Prazo,Nenhuma
5054,20241223,37,6,11,19,1,16.4,1232.7,300,4.8,4.6,No Prazo,Problema Documental
5055,20241223,21,1,17,1,1,30.3,2048.58,430,6.9,7.2,No Prazo,Atraso em Carga/Descarga
5056,20241223,16,36,6,3,4,5.6,2508.13,590,9.5,9.4,No Prazo,Pane Mecânica
5057,20241224,40,24,29,17,4,13.1,423.22,100,1.6,1.5,No Prazo,Nenhuma
5058,20241224,24,24,13,4,4,38.0,2705.14,550,8.9,9.1,No Prazo,Nenhuma
5059,20241224,3,12,17,9,5,3.9,8816.22,1960,31.6,29.7,No Prazo,Nenhuma
5060,20241224,17,12,11,2,5,10.4,2408.64,410,6.6,9.4,Atrasado,Nenhuma
5061,20241224,26,1,17,9,1,9.5,8726.01,1960,31.6,29.3,No Prazo,Nenhuma
5062,20241224,36,11,29,19,1,5.9,1380.99,300,4.8,4.6,No Prazo,Atraso em Carga/Descarga
5063,20241224,2,34,20,16,5,5.7,1495.3,315,5.1,4.8,No Prazo,Problema Documental
5064,20241224,26,2,15,9,1,13.8,10182.81,1960,31.6,44.9,Atrasado,Nenhuma
5065,20241224,28,11,29,14,1,56.3,4400.12,800,12.9,13.2,No Prazo,Nenhuma
5066,20241224,41,4,27,14,3,33.4,3840.27,800,12.9,11.9,No Prazo,Nenhuma
5067,20241224,1,4,26,1,3,12.4,1912.9,430,6.9,7.2,No Prazo,Nenhuma
5068,20241224,20,29,25,7,5,4.9,1118.25,210,3.4,3.3,No Prazo,Nenhuma
5069,20241224,15,11,16,10,1,43.1,4276.29,930,15.0,19.9,Atrasado,Nenhuma
5070,20241224,42,35,29,7,5,3.8,1078.49,210,3.4,3.6,No Prazo,Nenhuma
5071,20241224,10,26,24,14,2,21.7,3870.14,800,12.9,13.8,Atrasado,Nenhuma
5072,20241224,14,28,15,9,5,5.4,8369.3,1960,31.6,32.5,No Prazo,Nenhuma
5073,20241225,28,15,21,20,1,43.5,3924.09,930,15.0,15.1,No Prazo,Nenhuma
5074,20241225,25,12,2,9,5,9.6,9883.61,1960,31.6,29.8,No Prazo,Nenhuma
5075,20241225,27,13,27,5,5,49.5,6248.5,1370,22.1,20.8,No Prazo,Nenhuma
5076,20241225,42,17,19,12,5,5.9,3076.07,590,9.5,9.1,No Prazo,Atraso em Carga/Descarga
5077,20241225,2,12,23,20,5,4.8,5093.3,930,15.0,14.6,No Prazo,Nenhuma
5078,20241225,19,12,25,11,5,26.2,2251.4,410,6.6,6.3,No Prazo,Nenhuma
5079,20241225,27,29,23,12,5,36.3,2806.73,590,9.5,9.1,No Prazo,Nenhuma
5080,20241225,32,10,1,13,4,24.1,6525.7,1370,22.1,21.7,No Prazo,Nenhuma
5081,20241225,35,33,8,2,3,5.4,2334.51,410,6.6,6.4,No Prazo,Nenhuma
5082,20241225,25,17,21,5,5,11.7,7315.88,1370,22.1,21.9,No Prazo,Nenhuma
5083,20241226,30,10,26,6,4,40.4,4056.02,800,12.9,13.0,No Prazo,Nenhuma
5084,20241226,9,26,18,19,2,36.3,1461.07,300,4.8,6.2,Atrasado,Nenhuma
5085,20241226,5,22,14,2,1,25.9,2271.51,410,6.6,6.3,No Prazo,Nenhuma
5086,20241226,26,15,12,18,1,11.8,2176.48,550,8.9,9.1,No Prazo,Nenhuma
5087,20241226,42,17,4,5,5,5.6,8304.83,1370,22.1,23.1,No Prazo,Nenhuma
5088,20241226,42,28,29,6,5,4.6,4803.14,800,12.9,14.3,Atrasado,Problema Documental
5089,20241226,36,30,9,7,1,4.0,938.59,210,3.4,3.4,No Prazo,Nenhuma
5090,20241226,32,23,12,16,4,26.7,1636.5,315,5.1,4.8,No Prazo,Trânsito/Rota
5091,20241226,28,15,1,14,1,39.4,3578.14,800,12.9,12.3,No Prazo,Problema Documental
5092,20241226,35,31,12,11,3,5.2,1725.96,410,6.6,6.3,No Prazo,Trânsito/Rota
5093,20241226,41,4,15,13,3,29.9,6450.1,1370,22.1,21.1,No Prazo,Nenhuma
5094,20241227,31,30,7,9,1,43.0,11436.39,1960,31.6,30.9,No Prazo,Nenhuma
5095,20241227,7,28,14,3,5,5.6,3610.57,590,9.5,11.8,Atrasado,Nenhuma
5096,20241227,27,34,15,13,5,49.6,5647.42,1370,22.1,22.4,No Prazo,Trânsito/Rota
5097,20241227,34,21,12,19,2,5.1,1488.54,300,4.8,5.0,No Prazo,Nenhuma
5098,20241227,18,33,14,19,3,56.3,1692.76,300,4.8,4.7,No Prazo,Nenhuma
5099,20241227,12,28,3,12,5,10.8,2560.4,590,9.5,8.8,No Prazo,Nenhuma
5100,20241227,20,13,26,17,5,3.8,535.81,100,1.6,1.6,No Prazo,Trânsito/Rota
5101,20241227,22,19,17,2,2,9.2,1791.27,410,6.6,6.6,No Prazo,Nenhuma
5102,20241227,11,3,17,15,3,5.2,1156.02,210,3.4,3.4,No Prazo,Nenhuma
5103,20241227,20,29,27,12,5,4.4,3311.72,590,9.5,9.5,No Prazo,Problema Documental
5104,20241227,38,29,11,2,5,55.0,2377.3,410,6.6,6.9,No Prazo,Trânsito/Rota
5105,20241227,29,11,16,9,1,10.7,11373.08,1960,31.6,31.5,No Prazo,Nenhuma
5106,20241227,27,29,5,1,5,52.0,1805.79,430,6.9,6.7,No Prazo,Atraso em Carga/Descarga
5107,20241227,18,20,15,1,3,51.2,2273.85,430,6.9,8.6,Atrasado,Nenhuma
5108,20241227,35,7,24,10,3,4.0,4885.37,930,15.0,15.6,No Prazo,Nenhuma
5109,20241227,25,29,24,1,5,13.1,2064.66,430,6.9,6.9,No Prazo,Nenhuma
5110,20241228,34,9,3,13,2,4.7,7328.94,1370,22.1,20.6,No Prazo,Nenhuma
5111,20241228,30,23,27,13,4,40.8,6730.54,1370,22.1,23.8,Atrasado,Atraso em Carga/Descarga
5112,20241228,16,36,15,8,4,3.6,4766.48,930,15.0,18.0,Atrasado,Nenhuma
5113,20241229,8,27,27,20,1,8.8,4688.95,930,15.0,16.7,Atrasado,Nenhuma
5114,20241229,21,1,22,5,1,30.9,6538.49,1370,22.1,21.7,No Prazo,Nenhuma
5115,20241229,32,32,29,11,4,21.0,2349.61,410,6.6,6.1,No Prazo,Nenhuma
5116,20241229,13,5,5,16,3,40.6,1712.27,315,5.1,4.9,No Prazo,Trânsito/Rota
5117,20241229,35,7,2,17,3,4.0,428.17,100,1.6,1.5,No Prazo,Nenhuma
5118,20241230,33,2,17,11,1,24.4,1837.47,410,6.6,6.4,No Prazo,Atraso em Carga/Descarga
5119,20241230,7,29,22,16,5,5.7,1677.06,315,5.1,6.9,Atrasado,Nenhuma
5120,20241230,40,24,23,8,4,12.5,3798.99,930,15.0,21.2,Atrasado,Trânsito/Rota
5121,20241230,1,3,7,11,3,13.5,2411.59,410,6.6,6.6,No Prazo,Nenhuma
5122,20241230,20,17,14,19,5,5.9,1747.71,300,4.8,4.7,No Prazo,Trânsito/Rota
5123,20241230,14,34,16,20,5,4.7,4873.79,930,15.0,14.3,No Prazo,Pane Mecânica
5124,20241230,14,29,24,15,5,4.1,1211.48,210,3.4,3.6,Atrasado,Trânsito/Rota
5125,20241230,33,15,10,9,1,19.1,9132.52,1960,31.6,29.4,No Prazo,Trânsito/Rota
5126,20241230,28,11,15,19,1,41.7,1762.18,300,4.8,4.5,No Prazo,Trânsito/Rota
5127,20241230,14,34,21,19,5,5.3,1307.16,300,4.8,4.8,No Prazo,Nenhuma
5128,20241230,41,31,6,19,3,30.0,1477.32,300,4.8,4.5,No Prazo,Nenhuma
5129,20241230,31,2,22,9,1,50.6,9468.69,1960,31.6,29.3,No Prazo,Nenhuma
5130,20241230,7,28,1,8,5,4.9,3782.06,930,15.0,14.2,No Prazo,Nenhuma
5131,20241231,18,5,28,19,3,42.5,1432.42,300,4.8,4.6,No Prazo,Nenhuma
5132,20241231,32,24,26,3,4,23.9,2768.68,590,9.5,9.8,No Prazo,Nenhuma
5133,20241231,31,2,16,13,1,52.9,7653.47,1370,22.1,25.7,Atrasado,Nenhuma
5134,20241231,23,32,20,2,4,4.7,2099.55,410,6.6,7.0,Atrasado,Atraso em Carga/Descarga
5135,20241231,21,15,9,15,1,26.2,909.71,210,3.4,3.4,No Prazo,Nenhuma
5136,20241231,19,29,15,20,5,30.4,5161.3,930,15.0,21.3,Atrasado,Nenhuma
5137,20241231,33,15,24,5,1,22.3,6792.96,1370,22.1,28.1,Atrasado,Nenhuma
5138,20241231,1,4,2,20,3,9.0,4445.58,930,15.0,15.0,No Prazo,Nenhuma
5139,20241231,18,31,15,5,3,51.1,8358.59,1370,22.1,22.5,No Prazo,Nenhuma
5140,20241231,1,33,8,10,3,8.7,4353.85,930,15.0,16.4,Atrasado,Nenhuma
5141,20241231,26,22,6,12,1,12.7,2678.54,590,9.5,9.5,No Prazo,Problema Documental
5142,20241231,37,27,6,5,1,20.3,6938.7,1370,22.1,22.7,No Prazo,Nenhuma
5143,20241231,15,15,13,11,1,35.2,1990.98,410,6.6,6.9,No Prazo,Trânsito/Rota
5144,20241231,13,5,6,13,3,53.1,8029.57,1370,22.1,22.7,No Prazo,Nenhuma
5145,20241231,4,30,30,15,1,5.2,1259.41,210,3.4,3.6,Atrasado,Nenhuma
5146,20241231,19,29,21,8,5,24.9,3830.95,930,15.0,14.6,No Prazo,Nenhuma
5147,20241231,7,34,15,4,5,5.3,2741.39,550,8.9,10.9,Atrasado,Nenhuma
5148,20241231,29,6,26,14,1,13.9,4610.74,800,12.9,17.8,Atrasado,Nenhuma
5149,20250101,21,2,9,18,1,28.7,3001.59,550,8.9,9.3,No Prazo,Trânsito/Rota
5150,20250101,36,15,15,16,1,5.5,1471.95,315,5.1,5.1,No Prazo,Trânsito/Rota
5151,20250101,24,10,3,17,4,34.3,522.61,100,1.6,1.7,No Prazo,Problema Documental
5152,20250101,19,35,1,5,5,29.6,6437.12,1370,22.1,23.0,No Prazo,Pane Mecânica
5153,20250101,28,27,25,10,1,49.4,4713.26,930,15.0,14.8,No Prazo,Nenhuma
5154,20250101,41,3,27,15,3,26.3,1054.12,210,3.4,3.2,No Prazo,Atraso em Carga/Descarga
5155,20250101,2,34,25,15,5,3.9,1006.85,210,3.4,4.4,Atrasado,Nenhuma
5156,20250101,27,37,25,1,5,44.1,2537.54,430,6.9,7.2,No Prazo,Nenhuma
5157,20250101,20,13,21,9,5,5.3,9722.82,1960,31.6,29.8,No Prazo,Nenhuma
5158,20250101,29,27,5,18,1,13.2,3074.66,550,8.9,8.7,No Prazo,Trânsito/Rota
5159,20250101,38,17,19,10,5,50.8,4925.03,930,15.0,14.4,No Prazo,Nenhuma
5160,20250101,9,18,24,4,2,32.1,2317.97,550,8.9,8.3,No Prazo,Nenhuma
5161,20250101,35,7,5,19,3,4.2,1695.05,300,4.8,4.5,No Prazo,Nenhuma
5162,20250101,26,27,1,18,1,11.5,3012.75,550,8.9,8.8,No Prazo,Atraso em Carga/Descarga
5163,20250101,1,3,17,11,3,10.0,1974.95,410,6.6,8.6,Atrasado,Nenhuma
5164,20250102,25,13,12,16,5,13.7,1648.64,315,5.1,4.9,No Prazo,Nenhuma
5165,20250102,17,17,13,4,5,11.7,2939.84,550,8.9,8.2,No Prazo,Nenhuma
5166,20250102,42,12,9,8,5,4.1,5236.57,930,15.0,14.9,No Prazo,Nenhuma
5167,20250102,1,20,8,15,3,12.9,864.87,210,3.4,3.4,No Prazo,Nenhuma
5168,20250102,12,34,27,8,5,10.5,4861.76,930,15.0,15.3,No Prazo,Nenhuma
5169,20250102,12,17,11,13,5,9.6,6365.15,1370,22.1,22.6,No Prazo,Nenhuma
5170,20250102,3,12,12,18,5,4.7,2446.68,550,8.9,8.7,No Prazo,Nenhuma
5171,20250102,16,36,4,4,4,3.9,3038.86,550,8.9,10.3,Atrasado,Nenhuma
5172,20250102,14,34,29,20,5,3.9,4745.34,930,15.0,19.3,Atrasado,Nenhuma
5173,20250102,2,13,6,3,5,4.5,2939.9,590,9.5,8.9,No Prazo,Nenhuma
5174,20250102,20,17,27,8,5,3.8,4951.02,930,15.0,15.6,No Prazo,Pane Mecânica
5175,20250102,8,11,3,19,1,11.6,1414.1,300,4.8,5.8,Atrasado,Nenhuma
5176,20250102,13,20,21,1,3,49.0,2109.32,430,6.9,6.8,No Prazo,Nenhuma
5177,20250102,8,30,12,8,1,13.1,3856.8,930,15.0,14.0,No Prazo,Nenhuma
5178,20250102,13,33,22,15,3,41.1,970.72,210,3.4,3.4,No Prazo,Nenhuma
5179,20250102,40,32,20,8,4,10.3,4580.33,930,15.0,15.7,No Prazo,Nenhuma
5180,20250103,37,11,10,6,1,19.1,3412.48,800,12.9,13.0,No Prazo,Nenhuma
5181,20250103,35,31,25,20,3,5.1,5390.88,930,15.0,14.2,No Prazo,Nenhuma
5182,20250103,25,13,6,16,5,10.7,1563.01,315,5.1,4.7,No Prazo,Nenhuma
5183,20250103,12,34,30,9,5,10.2,8117.7,1960,31.6,32.3,No Prazo,Nenhuma
5184,20250103,38,28,3,6,5,55.1,3527.97,800,12.9,14.0,Atrasado,Nenhuma
5185,20250103,6,35,7,1,5,13.2,2420.28,430,6.9,6.5,No Prazo,Nenhuma
5186,20250103,25,37,29,12,5,11.7,2653.3,590,9.5,9.4,No Prazo,Nenhuma
5187,20250103,13,33,1,4,3,46.6,2895.61,550,8.9,11.6,Atrasado,Nenhuma
5188,20250103,42,28,14,12,5,5.9,3389.77,590,9.5,9.2,No Prazo,Atraso em Carga/Descarga
5189,20250103,9,25,1,17,2,27.0,524.62,100,1.6,1.7,Atrasado,Nenhuma
5190,20250103,42,35,10,3,5,5.3,2373.5,590,9.5,9.2,No Prazo,Nenhuma
5191,20250103,15,6,16,14,1,54.1,4452.58,800,12.9,17.1,Atrasado,Nenhuma
5192,20250103,32,24,7,4,4,19.5,3369.77,550,8.9,9.3,No Prazo,Nenhuma
5193,20250103,27,13,29,13,5,38.3,5754.92,1370,22.1,22.6,No Prazo,Nenhuma
5194,20250103,23,10,4,17,4,5.3,424.77,100,1.6,1.6,No Prazo,Trânsito/Rota
5195,20250103,9,9,19,16,2,33.3,1404.67,315,5.1,4.9,No Prazo,Nenhuma
5196,20250104,26,15,4,2,1,13.6,2272.62,410,6.6,6.7,No Prazo,Nenhuma
5197,20250104,27,29,29,16,5,35.4,1839.04,315,5.1,5.3,No Prazo,Nenhuma
5198,20250104,13,33,17,16,3,47.4,1684.53,315,5.1,4.8,No Prazo,Nenhuma
5199,20250104,6,37,22,14,5,12.7,3285.63,800,12.9,14.5,Atrasado,Nenhuma
5200,20250104,1,33,27,18,3,11.1,2634.53,550,8.9,8.9,No Prazo,Nenhuma
5201,20250105,34,9,23,12,2,5.6,3142.77,590,9.5,8.9,No Prazo,Nenhuma
5202,20250105,22,8,3,2,2,9.5,2027.17,410,6.6,6.5,No Prazo,Problema Documental
5203,20250105,38,12,27,12,5,47.8,3391.44,590,9.5,9.7,No Prazo,Nenhuma
5204,20250105,18,7,26,18,3,36.9,2809.62,550,8.9,8.7,No Prazo,Nenhuma
5205,20250105,4,1,7,14,1,3.7,3859.25,800,12.9,12.2,No Prazo,Nenhuma
5206,20250105,40,36,29,19,4,11.7,1314.85,300,4.8,4.5,No Prazo,Nenhuma
5207,20250106,25,28,1,11,5,9.9,1693.0,410,6.6,6.1,No Prazo,Pane Mecânica
5208,20250106,2,35,29,15,5,5.9,1124.64,210,3.4,3.2,No Prazo,Nenhuma
5209,20250106,24,32,12,19,4,53.7,1410.83,300,4.8,6.6,Atrasado,Pane Mecânica
5210,20250106,19,17,16,19,5,22.7,1541.18,300,4.8,4.8,No Prazo,Nenhuma
5211,20250106,4,27,28,1,1,4.3,2031.79,430,6.9,7.2,No Prazo,Nenhuma
5212,20250106,41,3,9,20,3,27.6,4141.04,930,15.0,14.7,No Prazo,Atraso em Carga/Descarga
5213,20250106,26,30,15,10,1,11.8,4187.5,930,15.0,17.8,Atrasado,Nenhuma
5214,20250106,3,12,21,14,5,3.8,4081.73,800,12.9,12.8,No Prazo,Problema Documental
5215,20250106,15,30,29,20,1,56.2,3991.19,930,15.0,15.1,No Prazo,Trânsito/Rota
5216,20250106,25,12,23,20,5,9.0,3832.09,930,15.0,14.0,No Prazo,Nenhuma
5217,20250106,25,28,6,10,5,13.3,5364.84,930,15.0,14.2,No Prazo,Nenhuma
5218,20250106,34,16,7,17,2,5.3,395.0,100,1.6,2.2,Atrasado,Atraso em Carga/Descarga
5219,20250106,13,5,26,19,3,43.2,1762.85,300,4.8,4.6,No Prazo,Pane Mecânica
5220,20250106,28,11,16,1,1,34.4,1822.2,430,6.9,9.4,Atrasado,Nenhuma
5221,20250106,19,29,26,1,5,25.8,2167.48,430,6.9,8.6,Atrasado,Nenhuma
5222,20250106,12,35,28,1,5,12.7,2318.01,430,6.9,6.9,No Prazo,Nenhuma
5223,20250107,25,35,16,11,5,12.6,2103.76,410,6.6,8.8,Atrasado,Trânsito/Rota
5224,20250107,5,15,30,10,1,26.7,5639.85,930,15.0,18.8,Atrasado,Trânsito/Rota
5225,20250107,27,13,27,15,5,35.9,1020.96,210,3.4,4.7,Atrasado,Nenhuma
5226,20250107,19,29,18,13,5,25.8,5878.6,1370,22.1,30.8,Atrasado,Nenhuma
5227,20250107,7,12,14,1,5,5.2,2441.88,430,6.9,9.9,Atrasado,Nenhuma
5228,20250107,26,15,18,20,1,12.9,5041.03,930,15.0,14.6,No Prazo,Nenhuma
5229,20250107,3,12,15,9,5,3.8,10979.91,1960,31.6,31.8,No Prazo,Nenhuma
5230,20250107,29,15,16,4,1,11.1,3214.42,550,8.9,11.9,Atrasado,Nenhuma
5231,20250107,12,12,23,5,5,11.5,7220.72,1370,22.1,22.6,No Prazo,Nenhuma
5232,20250107,26,1,24,13,1,13.6,7395.99,1370,22.1,23.1,No Prazo,Nenhuma
5233,20250107,23,32,11,19,4,5.5,1511.09,300,4.8,4.7,No Prazo,Problema Documental
5234,20250107,25,35,24,2,5,13.5,1917.11,410,6.6,6.8,No Prazo,Nenhuma
5235,20250107,29,11,16,10,1,12.0,3980.54,930,15.0,14.3,No Prazo,Pane Mecânica
5236,20250107,10,16,13,7,2,24.0,1142.2,210,3.4,3.4,No Prazo,Nenhuma
5237,20250107,26,1,11,15,1,10.1,999.02,210,3.4,3.3,No Prazo,Trânsito/Rota
5238,20250107,39,10,16,11,4,23.3,2037.15,410,6.6,8.4,Atrasado,Nenhuma
5239,20250108,12,35,12,16,5,11.6,1701.96,315,5.1,6.2,Atrasado,Pane Mecânica
5240,20250108,3,13,29,18,5,4.7,2833.57,550,8.9,9.1,No Prazo,Nenhuma
5241,20250108,40,23,16,3,4,13.6,3463.93,590,9.5,9.5,No Prazo,Pane Mecânica
5242,20250108,2,12,4,12,5,4.9,3173.22,590,9.5,9.9,No Prazo,Nenhuma
5243,20250108,3,13,2,2,5,4.4,1890.45,410,6.6,6.1,No Prazo,Nenhuma
5244,20250108,30,36,4,16,4,35.7,1475.07,315,5.1,5.1,No Prazo,Nenhuma
5245,20250108,27,17,5,8,5,51.2,5225.98,930,15.0,14.8,No Prazo,Nenhuma
5246,20250108,8,11,11,17,1,12.2,613.91,100,1.6,1.6,No Prazo,Nenhuma
5247,20250108,7,35,11,4,5,5.1,3186.18,550,8.9,8.3,No Prazo,Nenhuma
5248,20250108,15,11,17,6,1,54.3,4487.75,800,12.9,12.6,No Prazo,Nenhuma
5249,20250108,36,15,28,5,1,5.6,7633.37,1370,22.1,23.8,Atrasado,Nenhuma
5250,20250109,27,13,7,17,5,38.1,531.98,100,1.6,1.5,No Prazo,Nenhuma
5251,20250109,4,27,7,13,1,5.5,7059.2,1370,22.1,29.9,Atrasado,Nenhuma
5252,20250109,4,15,23,4,1,5.7,3028.0,550,8.9,10.5,Atrasado,Nenhuma
5253,20250109,4,2,11,13,1,5.6,5579.67,1370,22.1,31.6,Atrasado,Nenhuma
5254,20250109,1,33,4,2,3,12.6,2130.26,410,6.6,6.3,No Prazo,Trânsito/Rota
5255,20250109,7,28,22,10,5,4.1,5343.44,930,15.0,14.8,No Prazo,Nenhuma
5256,20250109,31,30,6,11,1,56.4,1703.52,410,6.6,9.0,Atrasado,Nenhuma
5257,20250109,35,33,27,20,3,4.2,5027.63,930,15.0,19.0,Atrasado,Nenhuma
5258,20250109,11,33,19,1,3,3.6,2289.2,430,6.9,9.2,Atrasado,Nenhuma
5259,20250109,23,32,25,17,4,5.8,432.8,100,1.6,1.6,No Prazo,Nenhuma
5260,20250109,2,29,17,19,5,3.8,1252.46,300,4.8,5.2,Atrasado,Nenhuma
5261,20250109,22,9,8,19,2,11.0,1523.99,300,4.8,4.9,No Prazo,Nenhuma
5262,20250109,14,34,26,13,5,5.1,7131.59,1370,22.1,22.2,No Prazo,Atraso em Carga/Descarga
5263,20250109,20,17,8,6,5,4.3,4323.41,800,12.9,13.1,No Prazo,Nenhuma
5264,20250109,4,2,22,12,1,3.9,2422.26,590,9.5,13.1,Atrasado,Nenhuma
5265,20250109,11,7,13,2,3,4.5,1746.72,410,6.6,6.2,No Prazo,Nenhuma
5266,20250109,40,32,20,4,4,10.3,3052.52,550,8.9,9.0,No Prazo,Nenhuma
5267,20250110,16,36,13,20,4,5.2,3914.98,930,15.0,18.4,Atrasado,Trânsito/Rota
5268,20250110,14,29,7,5,5,5.3,5686.65,1370,22.1,22.6,No Prazo,Nenhuma
5269,20250110,8,6,3,20,1,12.9,4991.38,930,15.0,19.1,Atrasado,Nenhuma
5270,20250110,10,38,17,9,2,26.0,11084.69,1960,31.6,30.9,No Prazo,Nenhuma
5271,20250110,29,2,9,15,1,8.8,1054.71,210,3.4,3.5,No Prazo,Nenhuma
5272,20250110,4,15,6,1,1,3.8,2485.28,430,6.9,6.9,No Prazo,Nenhuma
5273,20250110,40,24,3,1,4,10.0,2048.79,430,6.9,6.9,No Prazo,Nenhuma
5274,20250110,9,8,10,1,2,33.1,2094.86,430,6.9,9.1,Atrasado,Pane Mecânica
5275,20250110,13,5,22,10,3,53.1,4031.13,930,15.0,15.1,No Prazo,Nenhuma
5276,20250110,13,7,17,4,3,56.4,3020.06,550,8.9,9.6,Atrasado,Nenhuma
5277,20250111,25,34,4,11,5,10.3,2016.99,410,6.6,6.2,No Prazo,Nenhuma
5278,20250111,13,5,8,5,3,51.7,6885.82,1370,22.1,22.4,No Prazo,Nenhuma
5279,20250112,27,29,8,13,5,53.1,7361.94,1370,22.1,21.6,No Prazo,Nenhuma
5280,20250112,35,31,2,8,3,4.4,3815.5,930,15.0,15.5,No Prazo,Trânsito/Rota
5281,20250112,12,34,25,18,5,8.4,3354.09,550,8.9,9.7,Atrasado,Nenhuma
5282,20250112,14,37,1,12,5,4.7,3052.17,590,9.5,9.2,No Prazo,Nenhuma
5283,20250113,2,34,13,5,5,5.3,7709.23,1370,22.1,23.0,No Prazo,Trânsito/Rota
5284,20250113,11,33,7,13,3,4.7,8072.73,1370,22.1,21.5,No Prazo,Nenhuma
5285,20250113,3,17,25,20,5,5.9,5376.33,930,15.0,21.3,Atrasado,Nenhuma
5286,20250113,39,10,10,15,4,23.9,1205.78,210,3.4,4.6,Atrasado,Nenhuma
5287,20250113,40,32,13,12,4,8.6,3349.3,590,9.5,9.1,No Prazo,Nenhuma
5288,20250113,30,10,3,7,4,48.3,1105.81,210,3.4,4.6,Atrasado,Nenhuma
5289,20250113,16,23,2,11,4,3.9,2056.1,410,6.6,6.1,No Prazo,Atraso em Carga/Descarga
5290,20250113,31,22,24,13,1,36.4,8283.31,1370,22.1,28.2,Atrasado,Nenhuma
5291,20250113,17,17,28,9,5,8.9,10003.18,1960,31.6,30.9,No Prazo,Nenhuma
5292,20250113,38,34,20,15,5,41.1,1238.42,210,3.4,3.4,No Prazo,Nenhuma
5293,20250113,33,15,5,9,1,17.1,11555.87,1960,31.6,31.0,No Prazo,Nenhuma
5294,20250113,8,2,10,16,1,9.8,1523.55,315,5.1,5.1,No Prazo,Nenhuma
5295,20250114,12,35,20,7,5,8.6,936.95,210,3.4,3.3,No Prazo,Nenhuma
5296,20250114,8,27,30,3,1,14.0,3451.69,590,9.5,9.7,No Prazo,Nenhuma
5297,20250114,18,5,17,9,3,51.4,9941.06,1960,31.6,36.3,Atrasado,Problema Documental
5298,20250114,33,1,12,4,1,24.9,2736.78,550,8.9,12.7,Atrasado,Nenhuma
5299,20250114,11,5,19,4,3,4.2,3026.36,550,8.9,8.5,No Prazo,Nenhuma
5300,20250114,41,5,18,11,3,23.8,2334.48,410,6.6,6.4,No Prazo,Atraso em Carga/Descarga
5301,20250114,21,30,27,12,1,25.8,2771.93,590,9.5,12.6,Atrasado,Pane Mecânica
5302,20250114,20,35,9,13,5,3.8,7404.29,1370,22.1,20.6,No Prazo,Pane Mecânica
5303,20250114,4,6,18,19,1,3.7,1330.31,300,4.8,5.6,Atrasado,Nenhuma
5304,20250114,25,35,21,4,5,9.3,3279.44,550,8.9,8.2,No Prazo,Pane Mecânica
5305,20250114,19,13,20,12,5,36.5,3095.06,590,9.5,8.9,No Prazo,Nenhuma
5306,20250114,11,7,23,15,3,4.0,935.74,210,3.4,3.4,No Prazo,Nenhuma
5307,20250114,23,32,27,17,4,5.6,589.13,100,1.6,1.5,No Prazo,Nenhuma
5308,20250114,38,34,5,7,5,51.0,1085.6,210,3.4,4.1,Atrasado,Nenhuma
5309,20250114,35,33,1,7,3,3.8,1102.36,210,3.4,3.3,No Prazo,Atraso em Carga/Descarga
5310,20250114,27,28,19,17,5,49.1,604.32,100,1.6,1.5,No Prazo,Nenhuma
5311,20250114,38,12,7,16,5,37.3,1687.23,315,5.1,5.6,Atrasado,Nenhuma
5312,20250114,41,5,10,1,3,32.1,2316.08,430,6.9,7.0,No Prazo,Nenhuma
5313,20250115,2,35,29,10,5,3.8,4425.98,930,15.0,14.7,No Prazo,Nenhuma
5314,20250115,5,27,1,7,1,35.2,1035.55,210,3.4,3.4,No Prazo,Nenhuma
5315,20250115,32,10,14,15,4,16.8,931.35,210,3.4,3.5,No Prazo,Nenhuma
5316,20250115,17,35,28,14,5,8.6,4326.8,800,12.9,12.5,No Prazo,Nenhuma
5317,20250115,23,23,4,15,4,4.4,853.53,210,3.4,3.5,No Prazo,Nenhuma
5318,20250115,8,11,17,9,1,12.0,9443.0,1960,31.6,32.4,No Prazo,Nenhuma
5319,20250115,37,11,8,9,1,25.6,10700.59,1960,31.6,32.7,No Prazo,Nenhuma
5320,20250115,38,29,10,10,5,44.5,4072.17,930,15.0,17.6,Atrasado,Nenhuma
5321,20250115,17,37,10,4,5,9.4,2979.2,550,8.9,8.5,No Prazo,Nenhuma
5322,20250115,9,18,5,5,2,26.2,6811.57,1370,22.1,21.2,No Prazo,Nenhuma
5323,20250115,24,32,19,16,4,35.4,1530.58,315,5.1,5.0,No Prazo,Nenhuma
5324,20250115,42,28,12,18,5,4.3,2827.12,550,8.9,8.6,No Prazo,Nenhuma
5325,20250115,31,11,4,19,1,38.9,1449.92,300,4.8,7.0,Atrasado,Nenhuma
5326,20250115,17,37,3,15,5,12.0,1003.48,210,3.4,3.2,No Prazo,Nenhuma
5327,20250115,9,19,18,20,2,35.3,4234.55,930,15.0,17.4,Atrasado,Atraso em Carga/Descarga
5328,20250115,40,23,13,10,4,12.5,4648.85,930,15.0,16.3,Atrasado,Pane Mecânica
5329,20250115,36,1,2,3,1,5.1,3426.62,590,9.5,12.8,Atrasado,Nenhuma
5330,20250116,3,12,22,8,5,5.0,4339.64,930,15.0,15.5,No Prazo,Nenhuma
5331,20250116,27,35,25,17,5,45.1,454.94,100,1.6,1.8,Atrasado,Nenhuma
5332,20250116,6,12,4,13,5,12.0,6309.39,1370,22.1,22.0,No Prazo,Nenhuma
5333,20250116,3,37,13,9,5,5.1,9941.33,1960,31.6,45.1,Atrasado,Nenhuma
5334,20250116,13,33,5,16,3,47.3,1437.69,315,5.1,5.2,No Prazo,Nenhuma
5335,20250116,42,13,14,10,5,5.8,4920.74,930,15.0,15.4,No Prazo,Nenhuma
5336,20250116,42,13,18,11,5,5.4,1975.78,410,6.6,8.9,Atrasado,Trânsito/Rota
5337,20250116,27,29,30,2,5,38.2,2294.25,410,6.6,6.8,No Prazo,Nenhuma
5338,20250116,4,27,6,12,1,5.7,3294.53,590,9.5,9.0,No Prazo,Trânsito/Rota
5339,20250116,21,27,23,7,1,36.0,923.45,210,3.4,3.6,No Prazo,Nenhuma
5340,20250116,42,12,17,5,5,5.2,5863.09,1370,22.1,23.0,No Prazo,Nenhuma
5341,20250116,15,6,28,5,1,34.9,7693.6,1370,22.1,23.0,No Prazo,Nenhuma
5342,20250116,30,10,8,7,4,42.6,894.03,210,3.4,3.2,No Prazo,Nenhuma
5343,20250116,39,24,25,12,4,16.4,2326.69,590,9.5,10.6,Atrasado,Nenhuma
5344,20250117,30,24,20,12,4,35.1,3216.71,590,9.5,9.5,No Prazo,Nenhuma
5345,20250117,19,17,6,11,5,36.2,2132.31,410,6.6,6.7,No Prazo,Trânsito/Rota
5346,20250117,20,29,23,16,5,4.8,1709.72,315,5.1,4.9,No Prazo,Nenhuma
5347,20250117,8,6,20,5,1,13.5,6278.51,1370,22.1,25.1,Atrasado,Pane Mecânica
5348,20250117,41,33,2,14,3,32.8,3947.36,800,12.9,13.1,No Prazo,Nenhuma
5349,20250117,13,3,27,18,3,53.0,2488.33,550,8.9,8.2,No Prazo,Nenhuma
5350,20250117,5,27,28,16,1,24.6,1497.69,315,5.1,5.3,No Prazo,Nenhuma
5351,20250117,26,6,25,14,1,10.6,4688.16,800,12.9,13.2,No Prazo,Pane Mecânica
5352,20250117,7,17,16,7,5,4.1,1042.4,210,3.4,3.2,No Prazo,Atraso em Carga/Descarga
5353,20250117,10,18,27,14,2,20.0,3292.78,800,12.9,12.8,No Prazo,Nenhuma
5354,20250118,10,18,19,2,2,24.9,2340.81,410,6.6,6.8,No Prazo,Nenhuma
5355,20250118,19,28,12,13,5,34.8,7654.54,1370,22.1,21.7,No Prazo,Nenhuma
5356,20250118,6,34,1,1,5,13.7,2592.86,430,6.9,6.4,No Prazo,Atraso em Carga/Descarga
5357,20250118,6,17,2,8,5,9.3,5112.43,930,15.0,19.4,Atrasado,Pane Mecânica
5358,20250118,36,22,28,16,1,5.3,1588.9,315,5.1,4.7,No Prazo,Nenhuma
5359,20250118,37,6,14,20,1,17.8,3903.19,930,15.0,15.5,No Prazo,Atraso em Carga/Descarga
5360,20250119,35,31,6,5,3,4.9,8184.49,1370,22.1,21.0,No Prazo,Problema Documental
5361,20250119,3,35,13,11,5,5.3,2179.49,410,6.6,6.3,No Prazo,Pane Mecânica
5362,20250120,38,34,13,13,5,48.4,7735.31,1370,22.1,31.6,Atrasado,Nenhuma
5363,20250120,30,36,7,17,4,42.4,533.27,100,1.6,1.5,No Prazo,Atraso em Carga/Descarga
5364,20250120,11,20,23,4,3,4.9,2288.64,550,8.9,8.9,No Prazo,Atraso em Carga/Descarga
5365,20250120,36,11,12,9,1,4.7,8406.82,1960,31.6,35.0,Atrasado,Nenhuma
5366,20250120,7,12,16,8,5,3.7,4644.13,930,15.0,15.1,No Prazo,Nenhuma
5367,20250120,11,5,3,10,3,5.5,4453.84,930,15.0,15.7,No Prazo,Nenhuma
5368,20250120,35,31,13,7,3,5.0,881.14,210,3.4,3.5,No Prazo,Nenhuma
5369,20250120,10,8,22,2,2,25.9,2004.63,410,6.6,6.2,No Prazo,Nenhuma
5370,20250120,8,27,7,2,1,10.8,1947.55,410,6.6,6.7,No Prazo,Nenhuma
5371,20250120,20,35,4,15,5,4.3,1212.78,210,3.4,3.5,No Prazo,Nenhuma
5372,20250120,21,22,14,16,1,22.9,1817.6,315,5.1,4.8,No Prazo,Trânsito/Rota
5373,20250120,6,34,8,13,5,9.9,5973.79,1370,22.1,30.8,Atrasado,Trânsito/Rota
5374,20250120,18,20,6,19,3,36.6,1746.27,300,4.8,5.0,No Prazo,Nenhuma
5375,20250120,14,34,2,19,5,5.9,1536.68,300,4.8,5.0,No Prazo,Nenhuma
5376,20250120,27,34,1,20,5,45.8,5513.87,930,15.0,21.4,Atrasado,Nenhuma
5377,20250120,36,22,22,7,1,4.7,1157.7,210,3.4,3.3,No Prazo,Pane Mecânica
5378,20250120,39,24,16,14,4,20.9,4451.97,800,12.9,12.0,No Prazo,Nenhuma
5379,20250120,29,15,17,11,1,9.7,2136.72,410,6.6,7.6,Atrasado,Nenhuma
5380,20250121,34,18,11,7,2,5.9,941.35,210,3.4,4.2,Atrasado,Nenhuma
5381,20250121,23,23,9,19,4,5.2,1646.39,300,4.8,5.6,Atrasado,Nenhuma
5382,20250121,5,6,19,11,1,36.1,2054.78,410,6.6,6.1,No Prazo,Nenhuma
5383,20250121,30,24,20,18,4,38.8,2686.56,550,8.9,10.7,Atrasado,Pane Mecânica
5384,20250121,2,35,8,19,5,4.0,1501.95,300,4.8,4.9,No Prazo,Pane Mecânica
5385,20250121,14,34,12,10,5,5.5,5320.76,930,15.0,20.1,Atrasado,Nenhuma
5386,20250121,15,6,17,19,1,39.0,1420.64,300,4.8,4.7,No Prazo,Nenhuma
5387,20250121,41,31,13,16,3,24.9,1375.83,315,5.1,5.1,No Prazo,Nenhuma
5388,20250121,2,34,30,10,5,5.2,5253.93,930,15.0,14.5,No Prazo,Nenhuma
5389,20250122,42,17,6,14,5,4.0,4402.14,800,12.9,12.8,No Prazo,Nenhuma
5390,20250122,41,20,29,13,3,22.2,8212.82,1370,22.1,25.3,Atrasado,Nenhuma
5391,20250122,21,1,16,19,1,22.9,1690.15,300,4.8,5.6,Atrasado,Pane Mecânica
5392,20250122,41,3,13,10,3,36.6,5212.19,930,15.0,14.0,No Prazo,Nenhuma
5393,20250122,39,23,7,1,4,20.9,2468.44,430,6.9,8.9,Atrasado,Trânsito/Rota
5394,20250122,22,16,17,1,2,13.2,2493.58,430,6.9,6.8,No Prazo,Nenhuma
5395,20250122,32,24,18,2,4,16.7,2155.99,410,6.6,6.3,No Prazo,Nenhuma
5396,20250122,8,11,1,1,1,13.3,1700.36,430,6.9,6.9,No Prazo,Nenhuma
5397,20250122,40,36,11,4,4,12.1,3420.31,550,8.9,8.6,No Prazo,Nenhuma
5398,20250122,31,27,1,19,1,49.3,1646.17,300,4.8,4.7,No Prazo,Nenhuma
5399,20250122,8,11,25,13,1,10.8,8211.98,1370,22.1,29.5,Atrasado,Pane Mecânica
5400,20250122,21,30,2,12,1,34.5,3164.9,590,9.5,9.4,No Prazo,Nenhuma
5401,20250123,13,31,5,10,3,37.6,5267.64,930,15.0,14.3,No Prazo,Nenhuma
5402,20250123,34,14,15,20,2,4.5,4028.15,930,15.0,15.2,No Prazo,Nenhuma
5403,20250123,38,29,23,19,5,44.9,1495.51,300,4.8,4.5,No Prazo,Nenhuma
5404,20250123,34,21,5,18,2,3.9,3020.58,550,8.9,9.1,No Prazo,Trânsito/Rota
5405,20250123,23,10,5,18,4,5.6,2367.28,550,8.9,9.5,Atrasado,Nenhuma
5406,20250123,5,6,15,16,1,24.0,1740.77,315,5.1,4.9,No Prazo,Nenhuma
5407,20250123,37,1,16,11,1,21.7,2363.66,410,6.6,6.8,No Prazo,Nenhuma
5408,20250123,42,37,16,5,5,5.6,7057.38,1370,22.1,29.0,Atrasado,Nenhuma
5409,20250123,17,29,16,2,5,8.4,1930.51,410,6.6,8.5,Atrasado,Trânsito/Rota
5410,20250123,31,30,26,14,1,43.4,4435.81,800,12.9,12.5,No Prazo,Atraso em Carga/Descarga
5411,20250123,14,28,12,8,5,5.6,5621.88,930,15.0,14.5,No Prazo,Nenhuma
5412,20250123,39,24,19,16,4,20.9,1489.72,315,5.1,5.5,Atrasado,Nenhuma
5413,20250123,1,33,8,13,3,8.4,7670.2,1370,22.1,24.6,Atrasado,Nenhuma
5414,20250123,39,23,22,12,4,19.8,2683.18,590,9.5,8.8,No Prazo,Nenhuma
5415,20250123,26,6,27,7,1,11.4,1017.8,210,3.4,3.3,No Prazo,Nenhuma
5416,20250124,36,11,17,9,1,4.3,8733.75,1960,31.6,31.9,No Prazo,Nenhuma
5417,20250124,6,34,6,13,5,12.3,6750.67,1370,22.1,21.9,No Prazo,Pane Mecânica
5418,20250124,11,4,28,15,3,4.2,1099.44,210,3.4,3.2,No Prazo,Pane Mecânica
5419,20250124,28,1,26,9,1,37.4,9997.86,1960,31.6,29.2,No Prazo,Nenhuma
5420,20250124,4,30,20,13,1,5.7,5987.03,1370,22.1,22.3,No Prazo,Problema Documental
5421,20250124,28,1,19,19,1,52.9,1405.38,300,4.8,5.3,Atrasado,Nenhuma
5422,20250124,8,11,21,14,1,13.3,3492.21,800,12.9,12.7,No Prazo,Nenhuma
5423,20250124,32,23,18,5,4,21.8,6195.02,1370,22.1,20.8,No Prazo,Nenhuma
5424,20250124,28,22,16,16,1,42.0,1439.64,315,5.1,4.9,No Prazo,Nenhuma
5425,20250124,38,34,26,8,5,55.9,3993.2,930,15.0,14.9,No Prazo,Nenhuma
5426,20250124,15,15,22,13,1,49.0,7078.65,1370,22.1,21.3,No Prazo,Atraso em Carga/Descarga
5427,20250124,7,13,15,10,5,5.9,5389.32,930,15.0,19.7,Atrasado,Nenhuma
5428,20250125,11,20,8,3,3,5.3,3123.16,590,9.5,11.7,Atrasado,Nenhuma
5429,20250125,21,30,20,13,1,29.1,6742.75,1370,22.1,26.8,Atrasado,Nenhuma
5430,20250125,7,17,6,8,5,3.9,4932.74,930,15.0,15.4,No Prazo,Nenhuma
5431,20250125,30,32,5,17,4,37.1,598.15,100,1.6,1.6,No Prazo,Nenhuma
5432,20250125,36,2,9,1,1,4.0,1973.97,430,6.9,6.8,No Prazo,Nenhuma
5433,20250125,17,37,14,7,5,11.3,964.3,210,3.4,4.2,Atrasado,Nenhuma
5434,20250126,6,12,13,6,5,12.5,4399.26,800,12.9,13.3,No Prazo,Nenhuma
5435,20250126,33,2,15,14,1,26.9,4516.01,800,12.9,13.1,No Prazo,Nenhuma
5436,20250126,27,17,12,4,5,56.9,2631.04,550,8.9,8.3,No Prazo,Nenhuma
5437,20250126,26,22,14,14,1,11.4,4132.43,800,12.9,14.3,Atrasado,Trânsito/Rota
5438,20250126,40,36,18,8,4,10.4,3748.59,930,15.0,14.5,No Prazo,Pane Mecânica
5439,20250126,7,29,15,6,5,4.0,3913.55,800,12.9,13.0,No Prazo,Nenhuma
5440,20250127,36,22,20,7,1,4.5,999.08,210,3.4,4.4,Atrasado,Problema Documental
5441,20250127,26,6,9,10,1,10.4,4626.12,930,15.0,18.1,Atrasado,Nenhuma
5442,20250127,36,15,17,13,1,5.2,5699.58,1370,22.1,22.2,No Prazo,Nenhuma
5443,20250127,35,7,6,10,3,5.9,4870.51,930,15.0,15.1,No Prazo,Trânsito/Rota
5444,20250127,10,26,18,7,2,16.9,1216.83,210,3.4,3.5,No Prazo,Nenhuma
5445,20250127,14,35,6,5,5,4.3,5883.62,1370,22.1,22.5,No Prazo,Nenhuma
5446,20250127,32,10,22,8,4,18.2,3923.8,930,15.0,19.2,Atrasado,Pane Mecânica
5447,20250127,32,23,22,6,4,16.5,3488.92,800,12.9,14.7,Atrasado,Nenhuma
5448,20250127,11,33,10,11,3,5.1,1958.83,410,6.6,6.3,No Prazo,Nenhuma
5449,20250128,24,36,8,9,4,39.7,11786.11,1960,31.6,31.7,No Prazo,Nenhuma
5450,20250128,35,33,20,2,3,4.6,1931.43,410,6.6,6.2,No Prazo,Nenhuma
5451,20250128,9,26,25,10,2,36.2,4313.58,930,15.0,17.6,Atrasado,Atraso em Carga/Descarga
5452,20250128,36,2,24,16,1,4.0,1509.9,315,5.1,5.1,No Prazo,Nenhuma
5453,20250128,29,2,22,15,1,12.9,1129.79,210,3.4,3.2,No Prazo,Nenhuma
5454,20250128,37,15,17,20,1,25.2,5426.63,930,15.0,16.5,Atrasado,Trânsito/Rota
5455,20250128,33,2,3,11,1,25.2,1801.74,410,6.6,6.2,No Prazo,Nenhuma
5456,20250128,20,37,9,10,5,5.4,5610.44,930,15.0,14.2,No Prazo,Nenhuma
5457,20250128,27,34,7,13,5,44.4,6211.29,1370,22.1,24.0,Atrasado,Nenhuma
5458,20250128,4,2,13,7,1,5.7,1171.76,210,3.4,4.5,Atrasado,Nenhuma
5459,20250128,7,35,19,1,5,6.0,1988.02,430,6.9,6.7,No Prazo,Nenhuma
5460,20250128,17,35,17,16,5,13.6,1915.27,315,5.1,5.2,No Prazo,Nenhuma
5461,20250128,13,33,25,3,3,49.6,3356.56,590,9.5,11.5,Atrasado,Nenhuma
5462,20250128,6,13,16,7,5,12.2,1048.07,210,3.4,3.5,No Prazo,Nenhuma
5463,20250128,12,29,22,3,5,9.8,2589.65,590,9.5,9.8,No Prazo,Nenhuma
5464,20250128,28,15,8,19,1,47.0,1696.4,300,4.8,4.5,No Prazo,Nenhuma
5465,20250128,29,15,22,8,1,13.6,3638.79,930,15.0,14.1,No Prazo,Trânsito/Rota
5466,20250128,40,36,19,1,4,10.9,2285.76,430,6.9,6.8,No Prazo,Trânsito/Rota
5467,20250129,29,30,17,16,1,13.5,1919.34,315,5.1,5.0,No Prazo,Nenhuma
5468,20250129,21,11,24,8,1,35.8,4234.25,930,15.0,13.8,No Prazo,Nenhuma
5469,20250129,14,34,24,1,5,5.8,2237.5,430,6.9,8.2,Atrasado,Nenhuma
5470,20250129,14,34,15,10,5,4.6,5741.5,930,15.0,17.6,Atrasado,Nenhuma
5471,20250129,26,6,4,17,1,10.7,502.69,100,1.6,1.6,No Prazo,Nenhuma
5472,20250129,6,13,25,16,5,10.0,1795.5,315,5.1,5.2,No Prazo,Pane Mecânica
5473,20250129,26,11,11,20,1,10.4,5338.81,930,15.0,15.5,No Prazo,Nenhuma
5474,20250129,20,12,18,9,5,5.6,8074.06,1960,31.6,29.9,No Prazo,Nenhuma
5475,20250129,2,37,25,9,5,4.4,9178.99,1960,31.6,43.6,Atrasado,Nenhuma
5476,20250129,32,32,9,14,4,17.4,4599.74,800,12.9,13.0,No Prazo,Nenhuma
5477,20250129,23,32,8,13,4,5.6,6591.25,1370,22.1,21.5,No Prazo,Nenhuma
5478,20250129,6,34,18,8,5,13.6,5667.51,930,15.0,14.2,No Prazo,Nenhuma
5479,20250129,17,34,21,9,5,9.3,10033.15,1960,31.6,30.1,No Prazo,Nenhuma
5480,20250129,25,28,3,5,5,8.4,6292.74,1370,22.1,20.6,No Prazo,Nenhuma
5481,20250129,23,23,10,19,4,4.4,1776.13,300,4.8,5.5,Atrasado,Nenhuma
5482,20250130,36,2,12,2,1,4.8,1952.73,410,6.6,6.9,No Prazo,Nenhuma
5483,20250130,3,28,30,16,5,3.7,1654.8,315,5.1,4.8,No Prazo,Nenhuma
5484,20250130,2,35,13,10,5,4.0,4612.3,930,15.0,14.2,No Prazo,Nenhuma
5485,20250130,11,33,15,6,3,4.0,4714.2,800,12.9,12.1,No Prazo,Nenhuma
5486,20250130,41,7,8,1,3,22.7,2386.52,430,6.9,8.1,Atrasado,Nenhuma
5487,20250130,36,30,13,7,1,3.9,957.99,210,3.4,3.4,No Prazo,Nenhuma
5488,20250130,19,35,9,5,5,27.1,7479.19,1370,22.1,23.0,No Prazo,Nenhuma
5489,20250130,17,37,23,2,5,12.1,2242.41,410,6.6,6.1,No Prazo,Atraso em Carga/Descarga
5490,20250130,8,22,18,5,1,10.9,5881.57,1370,22.1,21.5,No Prazo,Nenhuma
5491,20250130,27,29,7,15,5,49.9,986.93,210,3.4,4.5,Atrasado,Nenhuma
5492,20250130,6,29,22,3,5,10.1,2995.7,590,9.5,12.8,Atrasado,Trânsito/Rota
5493,20250131,2,13,10,20,5,4.9,4253.03,930,15.0,18.4,Atrasado,Nenhuma
5494,20250131,18,20,15,5,3,52.3,6624.42,1370,22.1,25.2,Atrasado,Trânsito/Rota
5495,20250131,16,24,18,7,4,3.9,1070.04,210,3.4,3.4,No Prazo,Nenhuma
5496,20250131,27,35,5,17,5,53.1,489.23,100,1.6,1.6,No Prazo,Nenhuma
5497,20250131,3,13,28,18,5,3.7,2954.59,550,8.9,9.0,No Prazo,Nenhuma
5498,20250131,34,26,1,19,2,5.1,1810.77,300,4.8,4.5,No Prazo,Nenhuma
5499,20250131,4,1,3,19,1,5.8,1427.74,300,4.8,4.8,No Prazo,Problema Documental
5500,20250131,2,13,30,20,5,5.7,4502.21,930,15.0,15.3,No Prazo,Nenhuma
5501,20250201,4,30,27,11,1,4.9,2141.53,410,6.6,7.7,Atrasado,Nenhuma
5502,20250201,21,11,22,9,1,35.4,8524.98,1960,31.6,32.9,No Prazo,Nenhuma
5503,20250201,38,13,13,12,5,49.6,2982.92,590,9.5,12.4,Atrasado,Nenhuma
5504,20250201,28,11,11,2,1,52.4,1816.37,410,6.6,6.6,No Prazo,Nenhuma
5505,20250201,21,30,10,18,1,32.5,2393.19,550,8.9,8.2,No Prazo,Nenhuma
5506,20250201,17,28,8,5,5,12.6,6244.33,1370,22.1,20.7,No Prazo,Pane Mecânica
5507,20250201,14,13,24,12,5,5.8,2964.93,590,9.5,11.0,Atrasado,Atraso em Carga/Descarga
5508,20250201,3,35,24,14,5,4.9,3357.77,800,12.9,14.5,Atrasado,Pane Mecânica
5509,20250201,15,6,1,7,1,36.0,943.62,210,3.4,3.1,No Prazo,Nenhuma
5510,20250202,38,29,25,8,5,47.4,4317.92,930,15.0,17.3,Atrasado,Pane Mecânica
5511,20250202,33,15,28,20,1,23.1,5108.63,930,15.0,13.8,No Prazo,Nenhuma
5512,20250202,19,13,6,16,5,23.4,1528.6,315,5.1,5.1,No Prazo,Nenhuma
5513,20250202,19,34,20,4,5,25.0,3025.37,550,8.9,8.2,No Prazo,Trânsito/Rota
5514,20250203,40,32,2,13,4,8.9,7612.94,1370,22.1,22.9,No Prazo,Nenhuma
5515,20250203,20,13,26,4,5,3.6,3039.05,550,8.9,8.9,No Prazo,Nenhuma
5516,20250203,41,33,25,10,3,23.4,4791.41,930,15.0,21.1,Atrasado,Pane Mecânica
5517,20250203,13,7,19,17,3,38.2,455.58,100,1.6,1.7,No Prazo,Pane Mecânica
5518,20250203,39,23,6,9,4,21.7,10503.01,1960,31.6,37.3,Atrasado,Nenhuma
5519,20250203,35,7,4,19,3,4.3,1519.36,300,4.8,5.2,Atrasado,Nenhuma
5520,20250203,20,13,13,11,5,4.9,1678.38,410,6.6,6.2,No Prazo,Nenhuma
5521,20250203,2,34,9,4,5,4.2,2232.98,550,8.9,11.9,Atrasado,Nenhuma
5522,20250203,28,1,9,7,1,54.0,1196.29,210,3.4,3.4,No Prazo,Nenhuma
5523,20250203,6,35,4,5,5,13.1,5958.7,1370,22.1,20.4,No Prazo,Trânsito/Rota
5524,20250203,11,33,5,9,3,5.7,8598.09,1960,31.6,30.0,No Prazo,Nenhuma
5525,20250203,7,35,2,7,5,5.4,927.58,210,3.4,3.2,No Prazo,Trânsito/Rota
5526,20250203,12,12,4,17,5,13.4,408.45,100,1.6,1.6,No Prazo,Nenhuma
5527,20250203,41,7,11,14,3,24.7,4846.16,800,12.9,12.5,No Prazo,Nenhuma
5528,20250203,15,27,30,1,1,36.5,2356.17,430,6.9,6.4,No Prazo,Nenhuma
5529,20250203,23,24,30,18,4,5.8,3157.77,550,8.9,8.3,No Prazo,Nenhuma
5530,20250204,1,3,20,1,3,10.2,2030.86,430,6.9,9.3,Atrasado,Nenhuma
5531,20250204,32,10,13,18,4,18.7,2186.27,550,8.9,8.5,No Prazo,Nenhuma
5532,20250204,42,34,12,9,5,5.5,11208.54,1960,31.6,37.0,Atrasado,Nenhuma
5533,20250204,24,10,18,18,4,42.4,2479.01,550,8.9,8.3,No Prazo,Nenhuma
5534,20250204,19,29,14,20,5,22.6,4291.21,930,15.0,14.8,No Prazo,Nenhuma
5535,20250204,41,20,19,11,3,26.5,2391.33,410,6.6,6.5,No Prazo,Nenhuma
5536,20250204,27,29,10,11,5,44.5,2108.39,410,6.6,6.7,No Prazo,Problema Documental
5537,20250204,27,35,12,6,5,49.0,3929.02,800,12.9,15.4,Atrasado,Nenhuma
5538,20250204,40,24,17,10,4,10.2,4826.39,930,15.0,14.1,No Prazo,Nenhuma
5539,20250204,13,4,13,18,3,48.8,3196.36,550,8.9,11.3,Atrasado,Nenhuma
5540,20250204,41,7,1,17,3,23.9,562.44,100,1.6,1.5,No Prazo,Nenhuma
5541,20250204,21,11,2,19,1,24.5,1658.47,300,4.8,4.5,No Prazo,Nenhuma
5542,20250204,35,4,23,7,3,3.7,1225.67,210,3.4,3.2,No Prazo,Nenhuma
5543,20250204,16,24,21,5,4,4.4,5745.75,1370,22.1,21.1,No Prazo,Atraso em Carga/Descarga
5544,20250205,3,13,19,17,5,3.8,405.87,100,1.6,1.6,No Prazo,Atraso em Carga/Descarga
5545,20250205,15,1,1,14,1,53.8,4305.0,800,12.9,13.5,No Prazo,Nenhuma
5546,20250205,1,7,7,20,3,8.9,5545.02,930,15.0,13.9,No Prazo,Nenhuma
5547,20250205,11,3,15,12,3,5.0,2700.26,590,9.5,9.9,No Prazo,Nenhuma
5548,20250205,29,1,22,17,1,12.1,412.27,100,1.6,1.7,No Prazo,Atraso em Carga/Descarga
5549,20250205,12,37,13,10,5,9.9,5524.77,930,15.0,15.2,No Prazo,Nenhuma
5550,20250205,17,35,10,10,5,10.7,4062.96,930,15.0,14.9,No Prazo,Nenhuma
5551,20250205,38,35,17,14,5,36.4,3208.67,800,12.9,12.6,No Prazo,Nenhuma
5552,20250205,19,29,3,7,5,36.0,1098.69,210,3.4,3.7,Atrasado,Trânsito/Rota
5553,20250205,11,7,17,18,3,5.2,2759.9,550,8.9,12.8,Atrasado,Nenhuma
5554,20250205,39,32,12,7,4,21.7,918.54,210,3.4,3.5,No Prazo,Nenhuma
5555,20250205,9,8,17,5,2,23.1,8111.67,1370,22.1,20.9,No Prazo,Nenhuma
5556,20250205,42,12,9,17,5,5.0,485.88,100,1.6,1.6,No Prazo,Atraso em Carga/Descarga
5557,20250205,30,23,2,1,4,56.0,2351.06,430,6.9,6.9,No Prazo,Nenhuma
5558,20250205,16,36,28,20,4,4.7,4773.72,930,15.0,14.3,No Prazo,Trânsito/Rota
5559,20250205,39,24,3,4,4,22.8,2823.28,550,8.9,9.0,No Prazo,Pane Mecânica
5560,20250205,10,38,3,13,2,19.5,6622.25,1370,22.1,22.3,No Prazo,Nenhuma
5561,20250205,11,33,27,6,3,4.9,3851.29,800,12.9,15.4,Atrasado,Nenhuma
5562,20250205,35,20,6,2,3,5.0,2119.32,410,6.6,6.4,No Prazo,Pane Mecânica
5563,20250205,28,30,18,19,1,37.7,1432.1,300,4.8,6.6,Atrasado,Trânsito/Rota
5564,20250205,40,24,6,11,4,13.4,2443.58,410,6.6,6.2,No Prazo,Nenhuma
5565,20250205,36,11,18,3,1,4.2,3164.15,590,9.5,8.9,No Prazo,Nenhuma
5566,20250205,6,37,25,9,5,12.3,9127.36,1960,31.6,33.1,No Prazo,Nenhuma
5567,20250205,30,10,24,9,4,43.3,11037.29,1960,31.6,32.7,No Prazo,Nenhuma
5568,20250205,4,11,5,10,1,4.7,4199.8,930,15.0,15.2,No Prazo,Nenhuma
5569,20250205,11,5,11,9,3,5.7,11204.12,1960,31.6,45.0,Atrasado,Nenhuma
5570,20250205,24,32,14,8,4,36.6,4572.04,930,15.0,15.7,No Prazo,Nenhuma
5571,20250206,40,23,14,18,4,10.0,2924.3,550,8.9,9.0,No Prazo,Nenhuma
5572,20250206,29,15,5,5,1,11.9,6212.02,1370,22.1,21.4,No Prazo,Nenhuma
5573,20250206,26,1,27,9,1,9.0,11572.25,1960,31.6,41.4,Atrasado,Nenhuma
5574,20250206,25,13,12,3,5,9.8,2754.41,590,9.5,9.4,No Prazo,Nenhuma
5575,20250206,42,28,15,2,5,4.2,2206.52,410,6.6,6.6,No Prazo,Nenhuma
5576,20250206,21,1,8,13,1,29.5,7654.14,1370,22.1,21.0,No Prazo,Nenhuma
5577,20250206,18,5,19,10,3,44.8,5114.7,930,15.0,19.7,Atrasado,Pane Mecânica
5578,20250206,19,34,7,20,5,25.5,4455.25,930,15.0,15.1,No Prazo,Nenhuma
5579,20250206,9,26,26,12,2,27.2,3048.61,590,9.5,9.1,No Prazo,Nenhuma
5580,20250206,31,1,4,20,1,35.9,4879.88,930,15.0,15.7,No Prazo,Trânsito/Rota
5581,20250206,21,15,15,2,1,25.7,2078.08,410,6.6,8.0,Atrasado,Nenhuma
5582,20250206,2,29,3,7,5,4.1,903.78,210,3.4,3.2,No Prazo,Nenhuma
5583,20250206,38,29,18,4,5,43.9,3048.92,550,8.9,8.2,No Prazo,Pane Mecânica
5584,20250206,17,17,27,9,5,11.7,9790.58,1960,31.6,41.0,Atrasado,Trânsito/Rota
5585,20250206,41,4,8,5,3,24.4,7505.02,1370,22.1,28.6,Atrasado,Nenhuma
5586,20250206,2,29,4,13,5,3.7,6430.35,1370,22.1,25.7,Atrasado,Nenhuma
5587,20250206,21,11,11,2,1,30.8,1823.59,410,6.6,6.2,No Prazo,Problema Documental
5588,20250206,15,11,16,19,1,36.1,1300.6,300,4.8,5.4,Atrasado,Problema Documental
5589,20250206,17,12,12,2,5,9.3,2432.68,410,6.6,6.9,No Prazo,Trânsito/Rota
5590,20250206,22,9,24,9,2,13.8,9998.3,1960,31.6,31.3,No Prazo,Trânsito/Rota
5591,20250206,24,10,18,4,4,40.2,2999.66,550,8.9,8.2,No Prazo,Nenhuma
5592,20250206,16,23,10,3,4,4.5,2868.15,590,9.5,9.9,No Prazo,Nenhuma
5593,20250206,7,28,18,1,5,4.2,1703.09,430,6.9,6.4,No Prazo,Pane Mecânica
5594,20250206,28,6,16,14,1,37.3,3921.27,800,12.9,12.7,No Prazo,Nenhuma
5595,20250207,2,12,6,9,5,5.8,8647.56,1960,31.6,29.8,No Prazo,Nenhuma
5596,20250207,42,35,4,6,5,5.6,4492.27,800,12.9,12.6,No Prazo,Nenhuma
5597,20250207,16,36,28,12,4,4.7,3016.77,590,9.5,12.7,Atrasado,Nenhuma
5598,20250207,26,1,19,15,1,9.4,934.19,210,3.4,3.4,No Prazo,Nenhuma
5599,20250207,41,7,19,19,3,31.1,1582.79,300,4.8,4.7,No Prazo,Nenhuma
5600,20250207,40,24,29,2,4,12.4,1728.34,410,6.6,6.3,No Prazo,Nenhuma
5601,20250207,18,31,22,8,3,36.6,3718.96,930,15.0,19.2,Atrasado,Atraso em Carga/Descarga
5602,20250207,25,35,26,18,5,10.3,3172.75,550,8.9,11.3,Atrasado,Nenhuma
5603,20250207,25,35,7,11,5,11.9,2260.24,410,6.6,6.1,No Prazo,Nenhuma
5604,20250207,26,6,5,20,1,9.6,4329.14,930,15.0,16.0,Atrasado,Nenhuma
5605,20250207,4,30,16,4,1,5.6,2958.42,550,8.9,8.5,No Prazo,Nenhuma
5606,20250207,12,17,21,5,5,12.1,6811.32,1370,22.1,20.6,No Prazo,Nenhuma
5607,20250207,25,29,19,4,5,12.8,3097.77,550,8.9,8.8,No Prazo,Problema Documental
5608,20250207,3,17,4,3,5,5.1,2647.11,590,9.5,8.9,No Prazo,Nenhuma
5609,20250207,13,4,3,19,3,39.8,1713.21,300,4.8,5.7,Atrasado,Pane Mecânica
5610,20250207,28,15,19,3,1,50.7,2932.34,590,9.5,9.7,No Prazo,Nenhuma
5611,20250207,28,15,28,2,1,39.3,2303.41,410,6.6,9.1,Atrasado,Nenhuma
5612,20250207,20,28,16,19,5,5.8,1257.44,300,4.8,4.6,No Prazo,Pane Mecânica
5613,20250207,4,15,20,18,1,4.9,2539.98,550,8.9,8.9,No Prazo,Nenhuma
5614,20250207,1,4,27,16,3,11.2,1432.62,315,5.1,5.0,No Prazo,Nenhuma
5615,20250207,17,28,11,5,5,13.5,7268.74,1370,22.1,32.0,Atrasado,Nenhuma
5616,20250207,23,32,1,16,4,4.0,1742.83,315,5.1,5.3,No Prazo,Atraso em Carga/Descarga
5617,20250208,10,16,13,9,2,22.9,8804.93,1960,31.6,30.5,No Prazo,Nenhuma
5618,20250208,11,3,12,19,3,3.6,1586.87,300,4.8,4.9,No Prazo,Atraso em Carga/Descarga
5619,20250208,29,11,1,5,1,10.0,6841.03,1370,22.1,21.3,No Prazo,Pane Mecânica
5620,20250208,8,27,18,3,1,11.4,2608.17,590,9.5,9.5,No Prazo,Nenhuma
5621,20250208,33,2,27,4,1,23.8,2626.26,550,8.9,8.5,No Prazo,Nenhuma
5622,20250208,30,23,14,11,4,51.3,1615.5,410,6.6,6.1,No Prazo,Pane Mecânica
5623,20250208,19,35,4,15,5,25.2,1162.26,210,3.4,3.3,No Prazo,Nenhuma
5624,20250208,11,7,22,16,3,4.7,1624.59,315,5.1,7.4,Atrasado,Trânsito/Rota
5625,20250209,25,34,6,18,5,12.1,2837.77,550,8.9,9.3,No Prazo,Nenhuma
5626,20250209,37,30,18,19,1,17.1,1713.36,300,4.8,5.5,Atrasado,Pane Mecânica
5627,20250209,28,11,28,7,1,52.5,950.54,210,3.4,3.3,No Prazo,Nenhuma
5628,20250209,35,7,24,17,3,4.3,503.44,100,1.6,1.6,No Prazo,Nenhuma
5629,20250210,18,31,26,10,3,48.0,4034.96,930,15.0,19.1,Atrasado,Nenhuma
5630,20250210,38,12,27,8,5,49.8,3945.15,930,15.0,18.7,Atrasado,Atraso em Carga/Descarga
5631,20250210,3,35,10,5,5,5.8,6872.1,1370,22.1,21.0,No Prazo,Nenhuma
5632,20250210,6,17,11,20,5,12.7,4521.85,930,15.0,14.4,No Prazo,Trânsito/Rota
5633,20250210,40,10,24,18,4,9.6,3195.25,550,8.9,9.1,No Prazo,Nenhuma
5634,20250210,21,1,13,3,1,25.2,3353.99,590,9.5,8.8,No Prazo,Nenhuma
5635,20250210,30,32,23,3,4,38.9,2682.76,590,9.5,12.1,Atrasado,Nenhuma
5636,20250210,38,12,15,16,5,37.3,1650.17,315,5.1,5.6,Atrasado,Nenhuma
5637,20250210,14,12,23,11,5,5.4,1809.64,410,6.6,6.4,No Prazo,Pane Mecânica
5638,20250210,28,22,18,4,1,44.8,2335.49,550,8.9,9.1,No Prazo,Nenhuma
5639,20250210,9,26,12,9,2,27.9,8699.23,1960,31.6,29.6,No Prazo,Pane Mecânica
5640,20250210,36,22,24,6,1,4.3,4017.34,800,12.9,13.4,No Prazo,Atraso em Carga/Descarga
5641,20250210,6,37,16,8,5,13.8,4676.26,930,15.0,19.8,Atrasado,Nenhuma
5642,20250210,17,17,23,15,5,13.3,1210.6,210,3.4,3.4,No Prazo,Nenhuma
5643,20250210,9,16,1,11,2,30.6,2419.41,410,6.6,6.6,No Prazo,Nenhuma
5644,20250210,25,29,11,8,5,12.5,5106.35,930,15.0,14.7,No Prazo,Nenhuma
5645,20250210,22,8,11,6,2,9.3,4118.15,800,12.9,13.2,No Prazo,Nenhuma
5646,20250210,34,16,17,10,2,3.8,5153.88,930,15.0,15.7,No Prazo,Pane Mecânica
5647,20250210,4,22,14,17,1,4.5,431.42,100,1.6,1.6,No Prazo,Nenhuma
5648,20250210,27,28,4,15,5,50.2,1000.76,210,3.4,3.6,No Prazo,Problema Documental
5649,20250210,13,31,19,9,3,44.1,10497.8,1960,31.6,33.6,Atrasado,Nenhuma
5650,20250210,16,36,5,10,4,5.9,4250.58,930,15.0,21.0,Atrasado,Nenhuma
5651,20250210,11,7,21,13,3,4.5,6886.73,1370,22.1,20.4,No Prazo,Nenhuma
5652,20250210,2,12,5,19,5,5.0,1679.45,300,4.8,4.4,No Prazo,Trânsito/Rota
5653,20250211,2,17,28,14,5,4.5,4823.13,800,12.9,13.1,No Prazo,Nenhuma
5654,20250211,12,17,22,10,5,9.2,4862.97,930,15.0,14.0,No Prazo,Nenhuma
5655,20250211,16,36,28,11,4,3.7,2256.75,410,6.6,6.5,No Prazo,Nenhuma
5656,20250211,9,38,17,13,2,34.5,6733.77,1370,22.1,23.8,Atrasado,Nenhuma
5657,20250211,11,33,3,6,3,4.6,3531.54,800,12.9,16.6,Atrasado,Nenhuma
5658,20250211,15,2,5,3,1,49.8,2603.23,590,9.5,9.1,No Prazo,Nenhuma
5659,20250211,30,24,14,8,4,42.1,5058.46,930,15.0,15.1,No Prazo,Nenhuma
5660,20250211,28,27,19,6,1,37.1,4085.11,800,12.9,12.7,No Prazo,Atraso em Carga/Descarga
5661,20250211,25,29,5,6,5,13.8,4275.35,800,12.9,16.3,Atrasado,Nenhuma
5662,20250211,20,34,24,15,5,4.4,1111.15,210,3.4,3.5,No Prazo,Nenhuma
5663,20250211,17,37,3,1,5,8.9,2114.83,430,6.9,6.6,No Prazo,Nenhuma
5664,20250211,2,35,9,2,5,4.2,2345.36,410,6.6,6.6,No Prazo,Nenhuma
5665,20250211,10,25,9,20,2,25.7,4439.51,930,15.0,15.6,No Prazo,Nenhuma
5666,20250211,34,16,3,7,2,5.0,992.29,210,3.4,3.5,No Prazo,Atraso em Carga/Descarga
5667,20250211,32,10,19,1,4,21.7,2084.58,430,6.9,6.5,No Prazo,Atraso em Carga/Descarga
5668,20250211,26,11,19,7,1,12.0,1036.99,210,3.4,4.8,Atrasado,Nenhuma
5669,20250211,37,22,25,1,1,24.4,2498.51,430,6.9,6.8,No Prazo,Nenhuma
5670,20250212,33,11,19,15,1,23.0,1286.22,210,3.4,3.3,No Prazo,Nenhuma
5671,20250212,11,3,20,15,3,4.4,1008.82,210,3.4,3.3,No Prazo,Trânsito/Rota
5672,20250212,14,35,15,10,5,6.0,4053.82,930,15.0,14.0,No Prazo,Nenhuma
5673,20250212,34,25,23,2,2,4.2,2325.47,410,6.6,6.6,No Prazo,Nenhuma
5674,20250212,5,30,1,18,1,22.3,2677.45,550,8.9,8.9,No Prazo,Nenhuma
5675,20250212,10,38,24,19,2,21.6,1464.05,300,4.8,4.4,No Prazo,Nenhuma
5676,20250212,31,27,15,3,1,49.4,2633.72,590,9.5,8.9,No Prazo,Nenhuma
5677,20250212,42,13,28,15,5,4.6,994.29,210,3.4,3.3,No Prazo,Nenhuma
5678,20250212,1,5,28,12,3,10.6,3127.73,590,9.5,9.1,No Prazo,Nenhuma
5679,20250212,3,17,19,20,5,5.5,5546.91,930,15.0,14.2,No Prazo,Nenhuma
5680,20250212,12,12,8,11,5,11.0,1729.92,410,6.6,6.5,No Prazo,Nenhuma
5681,20250212,5,2,11,11,1,26.7,2193.29,410,6.6,7.8,Atrasado,Nenhuma
5682,20250212,36,22,10,9,1,4.2,9201.48,1960,31.6,31.2,No Prazo,Nenhuma
5683,20250212,37,1,3,1,1,16.3,2047.86,430,6.9,7.1,No Prazo,Trânsito/Rota
5684,20250212,29,30,19,8,1,12.2,4993.2,930,15.0,14.6,No Prazo,Nenhuma
5685,20250212,15,6,11,2,1,35.7,2017.42,410,6.6,9.2,Atrasado,Nenhuma
5686,20250212,28,22,7,1,1,36.3,2522.94,430,6.9,6.8,No Prazo,Nenhuma
5687,20250212,11,3,17,6,3,5.5,3546.21,800,12.9,12.3,No Prazo,Nenhuma
5688,20250212,7,28,10,20,5,5.9,4195.86,930,15.0,14.3,No Prazo,Nenhuma
5689,20250212,19,17,4,13,5,34.8,6962.5,1370,22.1,20.9,No Prazo,Nenhuma
5690,20250212,40,24,24,12,4,11.8,3273.6,590,9.5,10.0,No Prazo,Nenhuma
5691,20250212,27,13,9,8,5,39.3,4370.61,930,15.0,15.1,No Prazo,Nenhuma
5692,20250213,6,17,10,4,5,9.3,2469.58,550,8.9,11.0,Atrasado,Nenhuma
5693,20250213,32,32,29,7,4,20.7,1201.42,210,3.4,3.5,No Prazo,Pane Mecânica
5694,20250213,1,7,3,18,3,12.5,2279.2,550,8.9,8.3,No Prazo,Pane Mecânica
5695,20250213,20,28,20,9,5,3.9,11111.6,1960,31.6,32.6,No Prazo,Nenhuma
5696,20250213,5,22,4,5,1,34.0,7177.75,1370,22.1,22.4,No Prazo,Atraso em Carga/Descarga
5697,20250213,20,37,18,16,5,4.2,1536.72,315,5.1,5.2,No Prazo,Nenhuma
5698,20250213,42,17,14,16,5,4.3,1567.0,315,5.1,4.8,No Prazo,Nenhuma
5699,20250213,38,28,7,19,5,36.1,1707.47,300,4.8,5.3,Atrasado,Trânsito/Rota
5700,20250213,4,27,20,11,1,4.0,1857.62,410,6.6,7.3,Atrasado,Nenhuma
5701,20250213,40,24,29,8,4,10.2,4457.9,930,15.0,13.8,No Prazo,Trânsito/Rota
5702,20250213,19,17,4,8,5,24.1,4493.27,930,15.0,14.4,No Prazo,Nenhuma
5703,20250213,33,2,28,14,1,24.2,3788.32,800,12.9,13.3,No Prazo,Problema Documental
5704,20250213,18,4,29,2,3,53.9,1799.39,410,6.6,8.4,Atrasado,Nenhuma
5705,20250213,31,27,8,3,1,48.5,2483.29,590,9.5,10.2,Atrasado,Trânsito/Rota
5706,20250213,7,17,5,15,5,5.6,1148.74,210,3.4,4.6,Atrasado,Nenhuma
5707,20250213,31,2,12,3,1,37.4,2695.21,590,9.5,13.0,Atrasado,Nenhuma
5708,20250214,40,36,26,5,4,11.7,6271.67,1370,22.1,28.4,Atrasado,Nenhuma
5709,20250214,4,22,22,2,1,4.0,2017.38,410,6.6,6.7,No Prazo,Nenhuma
5710,20250214,2,28,2,17,5,4.6,543.06,100,1.6,1.7,No Prazo,Nenhuma
5711,20250214,23,23,13,8,4,5.2,3983.97,930,15.0,15.0,No Prazo,Nenhuma
5712,20250214,12,12,16,10,5,13.7,3801.15,930,15.0,15.6,No Prazo,Nenhuma
5713,20250214,23,10,25,18,4,4.6,2878.9,550,8.9,9.3,No Prazo,Nenhuma
5714,20250214,31,1,13,6,1,44.3,3624.63,800,12.9,13.4,No Prazo,Nenhuma
5715,20250214,1,4,20,14,3,11.1,3811.99,800,12.9,11.9,No Prazo,Nenhuma
5716,20250214,4,22,19,18,1,5.7,2703.02,550,8.9,10.1,Atrasado,Nenhuma
5717,20250214,7,12,2,8,5,4.7,4314.09,930,15.0,15.0,No Prazo,Nenhuma
5718,20250214,40,10,23,19,4,9.8,1582.03,300,4.8,5.7,Atrasado,Problema Documental
5719,20250214,27,12,25,15,5,54.6,1119.87,210,3.4,4.6,Atrasado,Nenhuma
5720,20250214,17,37,24,4,5,10.4,3243.05,550,8.9,9.2,No Prazo,Nenhuma
5721,20250214,32,32,10,9,4,26.8,8587.27,1960,31.6,32.5,No Prazo,Nenhuma
5722,20250214,12,37,23,20,5,10.2,5706.21,930,15.0,19.9,Atrasado,Nenhuma
5723,20250214,2,34,3,10,5,4.8,4492.2,930,15.0,18.2,Atrasado,Pane Mecânica
5724,20250214,16,10,4,19,4,5.1,1527.73,300,4.8,4.5,No Prazo,Nenhuma
5725,20250214,1,7,26,13,3,8.7,7559.24,1370,22.1,21.8,No Prazo,Nenhuma
5726,20250214,28,6,9,18,1,43.1,3280.25,550,8.9,9.0,No Prazo,Nenhuma
5727,20250214,1,31,4,20,3,13.1,5001.63,930,15.0,15.7,No Prazo,Nenhuma
5728,20250214,4,11,29,5,1,4.3,6189.44,1370,22.1,22.0,No Prazo,Nenhuma
5729,20250214,12,17,7,7,5,11.3,887.3,210,3.4,3.3,No Prazo,Atraso em Carga/Descarga
5730,20250214,36,1,15,14,1,4.9,3759.8,800,12.9,12.9,No Prazo,Nenhuma
5731,20250214,4,22,6,6,1,5.9,3968.81,800,12.9,16.7,Atrasado,Trânsito/Rota
5732,20250214,19,12,8,4,5,22.4,2595.6,550,8.9,9.1,No Prazo,Nenhuma
5733,20250214,35,5,25,14,3,4.7,4359.12,800,12.9,13.0,No Prazo,Nenhuma
5734,20250214,2,28,2,17,5,3.9,525.9,100,1.6,1.7,No Prazo,Nenhuma
5735,20250215,19,34,20,1,5,22.7,2352.25,430,6.9,8.7,Atrasado,Atraso em Carga/Descarga
5736,20250215,37,27,7,14,1,25.9,4729.85,800,12.9,17.9,Atrasado,Nenhuma
5737,20250215,2,12,23,5,5,4.1,7540.2,1370,22.1,21.9,No Prazo,Nenhuma
5738,20250215,1,4,25,8,3,12.1,4722.08,930,15.0,14.2,No Prazo,Nenhuma
5739,20250215,22,16,29,12,2,12.3,2961.01,590,9.5,9.6,No Prazo,Nenhuma
5740,20250215,35,20,27,2,3,3.6,1952.4,410,6.6,6.8,No Prazo,Nenhuma
5741,20250215,12,37,25,4,5,10.4,2462.23,550,8.9,8.4,No Prazo,Pane Mecânica
5742,20250216,32,23,27,11,4,17.0,2025.34,410,6.6,6.8,No Prazo,Nenhuma
5743,20250216,28,27,7,6,1,44.5,3251.18,800,12.9,13.3,No Prazo,Nenhuma
5744,20250216,21,2,28,9,1,30.4,8107.16,1960,31.6,32.9,No Prazo,Nenhuma
5745,20250217,28,27,14,2,1,41.5,1923.36,410,6.6,6.7,No Prazo,Nenhuma
5746,20250217,4,15,25,12,1,5.2,2401.91,590,9.5,9.3,No Prazo,Nenhuma
5747,20250217,9,38,5,5,2,31.0,7111.83,1370,22.1,22.2,No Prazo,Nenhuma
5748,20250217,18,7,29,11,3,41.6,2255.86,410,6.6,6.4,No Prazo,Nenhuma
5749,20250217,24,32,13,14,4,43.6,4813.63,800,12.9,13.1,No Prazo,Nenhuma
5750,20250217,28,27,3,7,1,44.5,1148.61,210,3.4,3.6,No Prazo,Nenhuma
5751,20250217,16,10,4,14,4,5.5,4543.47,800,12.9,15.3,Atrasado,Nenhuma
5752,20250217,15,11,23,3,1,49.1,3506.82,590,9.5,8.9,No Prazo,Nenhuma
5753,20250217,4,11,5,11,1,5.9,2182.35,410,6.6,6.7,No Prazo,Nenhuma
5754,20250217,9,8,15,1,2,25.9,2017.08,430,6.9,6.8,No Prazo,Nenhuma
5755,20250217,11,4,2,10,3,4.6,5650.8,930,15.0,14.6,No Prazo,Trânsito/Rota
5756,20250217,19,12,12,10,5,36.9,3852.26,930,15.0,15.2,No Prazo,Problema Documental
5757,20250217,29,15,13,15,1,13.2,940.59,210,3.4,3.2,No Prazo,Nenhuma
5758,20250217,22,38,18,11,2,11.3,1959.45,410,6.6,6.7,No Prazo,Trânsito/Rota
5759,20250217,35,4,23,12,3,4.5,3299.58,590,9.5,12.2,Atrasado,Nenhuma
5760,20250217,10,21,17,7,2,22.9,1170.03,210,3.4,4.2,Atrasado,Nenhuma
5761,20250217,18,3,7,10,3,41.4,5279.51,930,15.0,14.8,No Prazo,Atraso em Carga/Descarga
5762,20250217,19,13,26,19,5,24.2,1340.67,300,4.8,5.5,Atrasado,Nenhuma
5763,20250217,17,29,11,16,5,9.9,1758.15,315,5.1,4.8,No Prazo,Nenhuma
5764,20250217,31,22,13,16,1,46.2,1737.62,315,5.1,5.1,No Prazo,Trânsito/Rota
5765,20250217,36,6,13,3,1,4.5,3625.95,590,9.5,9.3,No Prazo,Pane Mecânica
5766,20250218,28,11,9,2,1,48.6,1723.38,410,6.6,6.9,No Prazo,Nenhuma
5767,20250218,8,27,5,14,1,12.6,4505.43,800,12.9,12.0,No Prazo,Problema Documental
5768,20250218,23,32,29,6,4,4.1,3490.93,800,12.9,12.8,No Prazo,Nenhuma
5769,20250218,2,28,15,6,5,5.5,4217.39,800,12.9,14.8,Atrasado,Nenhuma
5770,20250218,27,28,26,7,5,50.1,1238.27,210,3.4,3.8,Atrasado,Nenhuma
5771,20250218,13,7,5,14,3,47.4,4410.29,800,12.9,12.3,No Prazo,Nenhuma
5772,20250218,41,7,21,12,3,23.2,2916.61,590,9.5,9.4,No Prazo,Atraso em Carga/Descarga
5773,20250218,22,9,16,19,2,9.7,1306.27,300,4.8,5.7,Atrasado,Nenhuma
5774,20250218,23,23,11,6,4,4.1,4671.59,800,12.9,12.2,No Prazo,Nenhuma
5775,20250218,19,17,4,13,5,35.1,5885.07,1370,22.1,22.5,No Prazo,Atraso em Carga/Descarga
5776,20250218,5,22,5,17,1,27.5,441.28,100,1.6,1.6,No Prazo,Nenhuma
5777,20250218,35,5,13,16,3,3.8,1407.44,315,5.1,5.0,No Prazo,Nenhuma
5778,20250218,13,31,22,4,3,46.5,3142.38,550,8.9,8.9,No Prazo,Nenhuma
5779,20250218,31,11,15,2,1,43.0,2217.48,410,6.6,8.4,Atrasado,Nenhuma
5780,20250218,15,2,1,19,1,47.3,1721.8,300,4.8,4.8,No Prazo,Nenhuma
5781,20250218,13,5,7,11,3,40.8,2116.82,410,6.6,6.3,No Prazo,Nenhuma
5782,20250219,42,35,1,10,5,3.6,4729.97,930,15.0,14.1,No Prazo,Nenhuma
5783,20250219,31,11,8,14,1,54.5,3856.84,800,12.9,17.2,Atrasado,Nenhuma
5784,20250219,39,24,17,12,4,22.8,3083.94,590,9.5,12.5,Atrasado,Nenhuma
5785,20250219,39,23,15,16,4,17.1,1380.95,315,5.1,5.3,No Prazo,Nenhuma
5786,20250219,16,32,15,9,4,5.7,10268.75,1960,31.6,32.0,No Prazo,Nenhuma
5787,20250219,7,34,27,3,5,4.5,2639.94,590,9.5,9.7,No Prazo,Nenhuma
5788,20250219,30,32,28,1,4,40.4,2398.06,430,6.9,6.4,No Prazo,Nenhuma
5789,20250219,6,29,21,18,5,10.9,3322.41,550,8.9,8.4,No Prazo,Nenhuma
5790,20250219,36,27,30,15,1,3.8,1210.48,210,3.4,3.4,No Prazo,Nenhuma
5791,20250219,32,23,29,16,4,20.3,1863.32,315,5.1,5.1,No Prazo,Nenhuma
5792,20250219,36,15,15,13,1,5.7,7771.63,1370,22.1,22.2,No Prazo,Nenhuma
5793,20250219,24,10,27,6,4,48.2,3783.53,800,12.9,12.0,No Prazo,Pane Mecânica
5794,20250219,1,20,23,13,3,10.5,8059.34,1370,22.1,23.1,No Prazo,Nenhuma
5795,20250219,24,10,23,15,4,48.5,1053.98,210,3.4,4.8,Atrasado,Nenhuma
5796,20250219,25,37,7,6,5,13.0,4628.14,800,12.9,12.2,No Prazo,Nenhuma
5797,20250219,20,34,23,12,5,4.0,2653.31,590,9.5,9.1,No Prazo,Nenhuma
5798,20250220,22,9,22,17,2,11.0,569.64,100,1.6,1.6,No Prazo,Nenhuma
5799,20250220,32,10,15,12,4,21.8,2372.01,590,9.5,10.0,No Prazo,Nenhuma
5800,20250220,11,33,1,4,3,5.4,3110.85,550,8.9,8.8,No Prazo,Nenhuma
5801,20250220,2,13,13,20,5,4.1,3993.24,930,15.0,17.4,Atrasado,Nenhuma
5802,20250220,2,37,28,9,5,4.4,9236.22,1960,31.6,32.8,No Prazo,Trânsito/Rota
5803,20250220,23,36,3,13,4,5.3,6523.89,1370,22.1,20.3,No Prazo,Pane Mecânica
5804,20250220,30,36,4,8,4,45.8,5017.79,930,15.0,15.1,No Prazo,Nenhuma
5805,20250220,38,28,1,8,5,47.6,5497.61,930,15.0,14.7,No Prazo,Nenhuma
5806,20250220,32,36,6,20,4,16.2,5341.16,930,15.0,14.1,No Prazo,Atraso em Carga/Descarga
5807,20250220,34,38,16,17,2,5.6,552.51,100,1.6,1.6,No Prazo,Nenhuma
5808,20250220,35,3,13,14,3,5.8,3491.53,800,12.9,12.0,No Prazo,Pane Mecânica
5809,20250220,39,23,18,7,4,23.6,882.84,210,3.4,4.2,Atrasado,Nenhuma
5810,20250221,6,35,3,14,5,12.8,3534.25,800,12.9,15.2,Atrasado,Nenhuma
5811,20250221,31,22,22,13,1,55.4,8294.75,1370,22.1,22.2,No Prazo,Nenhuma
5812,20250221,27,13,6,2,5,39.0,2082.65,410,6.6,8.4,Atrasado,Nenhuma
5813,20250221,15,27,25,12,1,46.2,2750.99,590,9.5,9.5,No Prazo,Pane Mecânica
5814,20250221,3,28,14,18,5,4.3,2610.42,550,8.9,8.9,No Prazo,Nenhuma
5815,20250221,4,15,4,2,1,5.5,1849.04,410,6.6,9.4,Atrasado,Nenhuma
5816,20250221,22,9,13,20,2,11.2,4017.01,930,15.0,16.6,Atrasado,Nenhuma
5817,20250221,33,30,23,6,1,18.5,3855.28,800,12.9,12.7,No Prazo,Nenhuma
5818,20250221,3,17,18,17,5,4.7,544.32,100,1.6,1.6,No Prazo,Nenhuma
5819,20250221,37,11,16,7,1,18.9,1090.93,210,3.4,3.3,No Prazo,Nenhuma
5820,20250221,20,34,22,1,5,5.7,2418.71,430,6.9,6.6,No Prazo,Atraso em Carga/Descarga
5821,20250221,10,38,7,17,2,24.3,513.98,100,1.6,1.6,No Prazo,Atraso em Carga/Descarga
5822,20250221,42,37,6,19,5,4.7,1333.8,300,4.8,4.6,No Prazo,Trânsito/Rota
5823,20250221,39,24,23,20,4,21.3,3782.97,930,15.0,13.8,No Prazo,Nenhuma
5824,20250222,4,1,8,3,1,4.1,3086.3,590,9.5,13.0,Atrasado,Nenhuma
5825,20250222,19,13,22,19,5,30.9,1359.58,300,4.8,4.9,No Prazo,Nenhuma
5826,20250222,18,7,20,1,3,34.6,2138.33,430,6.9,7.2,No Prazo,Nenhuma
5827,20250222,14,17,11,12,5,5.3,2912.49,590,9.5,13.5,Atrasado,Nenhuma
5828,20250222,15,11,9,18,1,51.1,2668.44,550,8.9,8.7,No Prazo,Nenhuma
5829,20250222,27,17,14,12,5,53.2,2957.87,590,9.5,9.2,No Prazo,Nenhuma
5830,20250222,2,17,30,17,5,5.1,577.68,100,1.6,1.8,Atrasado,Nenhuma
5831,20250222,39,24,13,10,4,22.9,5396.98,930,15.0,15.2,No Prazo,Trânsito/Rota
5832,20250223,32,36,16,1,4,16.7,2404.39,430,6.9,6.9,No Prazo,Nenhuma
5833,20250223,22,16,19,3,2,11.0,2730.17,590,9.5,8.8,No Prazo,Nenhuma
5834,20250223,18,3,22,16,3,47.9,1755.68,315,5.1,5.9,Atrasado,Nenhuma
5835,20250223,39,36,7,19,4,23.5,1657.84,300,4.8,4.9,No Prazo,Atraso em Carga/Descarga
5836,20250223,14,34,22,14,5,3.7,4754.12,800,12.9,12.4,No Prazo,Pane Mecânica
5837,20250223,12,37,23,2,5,10.6,2367.56,410,6.6,7.6,Atrasado,Nenhuma
5838,20250223,20,17,29,17,5,5.5,401.62,100,1.6,1.5,No Prazo,Nenhuma
5839,20250224,13,5,17,18,3,46.5,3165.76,550,8.9,11.2,Atrasado,Nenhuma
5840,20250224,16,24,19,16,4,4.3,1375.0,315,5.1,6.0,Atrasado,Nenhuma
5841,20250224,20,12,28,1,5,4.3,1926.49,430,6.9,6.5,No Prazo,Nenhuma
5842,20250224,14,17,24,2,5,5.2,2193.91,410,6.6,6.8,No Prazo,Nenhuma
5843,20250224,39,24,9,6,4,20.8,4723.32,800,12.9,12.7,No Prazo,Nenhuma
5844,20250224,33,27,5,14,1,20.6,3576.75,800,12.9,12.8,No Prazo,Nenhuma
5845,20250224,36,27,25,10,1,6.0,5388.46,930,15.0,16.5,Atrasado,Nenhuma
5846,20250224,16,24,24,19,4,4.4,1447.8,300,4.8,6.1,Atrasado,Nenhuma
5847,20250224,27,28,13,15,5,51.8,1155.61,210,3.4,3.4,No Prazo,Nenhuma
5848,20250224,34,16,8,4,2,4.9,2670.67,550,8.9,9.3,No Prazo,Nenhuma
5849,20250224,8,2,14,16,1,11.9,1550.88,315,5.1,5.2,No Prazo,Nenhuma
5850,20250224,41,33,28,16,3,37.0,1821.93,315,5.1,5.2,No Prazo,Nenhuma
5851,20250224,30,10,29,6,4,52.3,3736.93,800,12.9,12.8,No Prazo,Nenhuma
5852,20250224,24,23,8,4,4,43.4,2763.76,550,8.9,9.1,No Prazo,Pane Mecânica
5853,20250224,28,2,22,18,1,40.0,3097.75,550,8.9,8.5,No Prazo,Nenhuma
5854,20250224,31,27,14,8,1,51.2,4401.29,930,15.0,13.9,No Prazo,Nenhuma
5855,20250224,23,24,30,1,4,5.7,1898.03,430,6.9,7.0,No Prazo,Nenhuma
5856,20250224,16,36,5,14,4,6.0,4044.72,800,12.9,12.1,No Prazo,Nenhuma
5857,20250224,41,5,28,15,3,29.6,1249.4,210,3.4,3.3,No Prazo,Nenhuma
5858,20250225,32,32,27,16,4,19.0,1638.85,315,5.1,6.6,Atrasado,Trânsito/Rota
5859,20250225,24,23,23,16,4,42.7,1792.31,315,5.1,5.1,No Prazo,Pane Mecânica
5860,20250225,20,29,1,15,5,4.6,1167.84,210,3.4,3.5,No Prazo,Nenhuma
5861,20250225,32,32,27,1,4,25.9,2148.24,430,6.9,9.1,Atrasado,Nenhuma
5862,20250225,7,12,9,11,5,5.9,1965.1,410,6.6,6.7,No Prazo,Nenhuma
5863,20250225,26,30,14,1,1,11.7,2295.04,430,6.9,6.4,No Prazo,Nenhuma
5864,20250225,14,29,26,3,5,5.5,2944.88,590,9.5,9.2,No Prazo,Nenhuma
5865,20250225,30,10,15,9,4,36.6,8835.74,1960,31.6,29.3,No Prazo,Atraso em Carga/Descarga
5866,20250225,17,35,9,2,5,10.4,2316.94,410,6.6,6.2,No Prazo,Nenhuma
5867,20250225,30,23,9,7,4,49.8,1193.99,210,3.4,3.5,No Prazo,Nenhuma
5868,20250225,33,11,6,2,1,17.4,1786.05,410,6.6,8.9,Atrasado,Nenhuma
5869,20250225,5,22,4,1,1,28.7,2018.55,430,6.9,7.1,No Prazo,Nenhuma
5870,20250225,5,2,1,10,1,24.8,4865.06,930,15.0,21.3,Atrasado,Nenhuma
5871,20250225,6,12,2,5,5,9.6,6749.69,1370,22.1,26.9,Atrasado,Nenhuma
5872,20250225,10,8,15,17,2,26.3,457.14,100,1.6,1.6,No Prazo,Nenhuma
5873,20250225,41,3,3,16,3,36.3,1598.67,315,5.1,4.7,No Prazo,Nenhuma
5874,20250225,28,11,20,3,1,56.9,2711.37,590,9.5,8.8,No Prazo,Nenhuma
5875,20250226,37,11,7,1,1,21.2,2405.01,430,6.9,7.0,No Prazo,Nenhuma
5876,20250226,10,18,7,15,2,16.4,1091.89,210,3.4,3.4,No Prazo,Nenhuma
5877,20250226,40,23,25,11,4,13.0,1895.78,410,6.6,6.7,No Prazo,Trânsito/Rota
5878,20250226,22,26,5,18,2,11.0,2257.34,550,8.9,11.8,Atrasado,Pane Mecânica
5879,20250226,30,36,14,10,4,50.4,4450.92,930,15.0,17.6,Atrasado,Nenhuma
5880,20250226,29,22,12,18,1,9.7,2849.7,550,8.9,8.9,No Prazo,Nenhuma
5881,20250226,35,5,27,5,3,4.6,6879.05,1370,22.1,20.8,No Prazo,Atraso em Carga/Descarga
5882,20250226,7,17,11,4,5,5.4,3197.85,550,8.9,8.6,No Prazo,Trânsito/Rota
5883,20250226,28,22,6,1,1,39.7,2433.3,430,6.9,6.5,No Prazo,Nenhuma
5884,20250226,30,10,4,16,4,42.8,1836.28,315,5.1,7.2,Atrasado,Nenhuma
5885,20250226,20,13,19,3,5,4.3,2748.02,590,9.5,9.1,No Prazo,Nenhuma
5886,20250226,24,24,5,20,4,34.5,5191.51,930,15.0,15.9,Atrasado,Atraso em Carga/Descarga
5887,20250226,26,2,23,6,1,9.3,4498.63,800,12.9,12.7,No Prazo,Pane Mecânica
5888,20250226,25,17,23,14,5,10.0,3351.73,800,12.9,16.6,Atrasado,Pane Mecânica
5889,20250226,31,11,7,4,1,56.3,2802.14,550,8.9,9.3,No Prazo,Nenhuma
5890,20250226,34,18,6,9,2,5.0,11000.69,1960,31.6,29.2,No Prazo,Nenhuma
5891,20250226,32,23,15,12,4,19.8,2761.52,590,9.5,9.7,No Prazo,Nenhuma
5892,20250226,16,32,17,12,4,5.4,3150.57,590,9.5,10.8,Atrasado,Trânsito/Rota
5893,20250226,23,10,1,4,4,4.2,2484.83,550,8.9,11.0,Atrasado,Nenhuma
5894,20250226,1,4,14,13,3,12.7,6480.39,1370,22.1,20.4,No Prazo,Nenhuma
5895,20250226,27,35,9,15,5,56.9,992.42,210,3.4,3.2,No Prazo,Nenhuma
5896,20250226,19,12,29,7,5,28.1,1084.38,210,3.4,3.4,No Prazo,Trânsito/Rota
5897,20250226,33,11,17,9,1,24.5,9210.07,1960,31.6,31.8,No Prazo,Nenhuma
5898,20250226,24,23,1,11,4,54.2,2075.7,410,6.6,6.9,No Prazo,Nenhuma
5899,20250226,20,12,4,14,5,4.2,4181.68,800,12.9,14.0,Atrasado,Nenhuma
5900,20250226,17,37,20,1,5,9.9,2407.04,430,6.9,9.1,Atrasado,Nenhuma
5901,20250226,11,33,19,1,3,5.4,2551.05,430,6.9,9.6,Atrasado,Nenhuma
5902,20250227,22,25,1,11,2,13.3,2401.11,410,6.6,6.5,No Prazo,Atraso em Carga/Descarga
5903,20250227,2,13,30,8,5,4.2,5104.81,930,15.0,14.8,No Prazo,Pane Mecânica
5904,20250227,9,19,25,3,2,31.2,2506.1,590,9.5,12.0,Atrasado,Nenhuma
5905,20250227,39,32,18,7,4,19.1,914.14,210,3.4,4.1,Atrasado,Nenhuma
5906,20250227,11,7,19,18,3,5.6,2414.98,550,8.9,8.6,No Prazo,Atraso em Carga/Descarga
5907,20250227,22,14,21,12,2,9.6,3497.87,590,9.5,11.7,Atrasado,Pane Mecânica
5908,20250227,25,28,20,13,5,11.7,7594.25,1370,22.1,32.0,Atrasado,Nenhuma
5909,20250227,39,23,15,8,4,23.8,4769.9,930,15.0,21.5,Atrasado,Nenhuma
5910,20250227,28,30,18,8,1,55.0,5583.61,930,15.0,20.8,Atrasado,Nenhuma
5911,20250227,26,6,21,11,1,9.2,1799.39,410,6.6,7.9,Atrasado,Nenhuma
5912,20250227,7,34,6,14,5,4.1,4258.07,800,12.9,15.0,Atrasado,Nenhuma
5913,20250227,37,27,13,6,1,22.2,4591.61,800,12.9,12.4,No Prazo,Nenhuma
5914,20250227,12,13,20,6,5,9.4,3296.66,800,12.9,12.2,No Prazo,Nenhuma
5915,20250227,19,35,19,18,5,26.0,2678.62,550,8.9,8.8,No Prazo,Trânsito/Rota
5916,20250227,42,28,26,17,5,3.9,481.45,100,1.6,2.3,Atrasado,Nenhuma
5917,20250227,28,2,15,3,1,39.0,2750.91,590,9.5,8.8,No Prazo,Nenhuma
5918,20250227,32,32,28,16,4,21.6,1676.09,315,5.1,5.0,No Prazo,Nenhuma
5919,20250227,2,35,17,16,5,4.9,1403.15,315,5.1,7.2,Atrasado,Nenhuma
5920,20250227,31,22,6,16,1,54.4,1810.94,315,5.1,5.4,No Prazo,Problema Documental
5921,20250227,34,21,20,9,2,5.7,11742.34,1960,31.6,30.1,No Prazo,Trânsito/Rota
5922,20250227,16,32,26,11,4,4.6,2415.72,410,6.6,6.8,No Prazo,Atraso em Carga/Descarga
5923,20250227,1,4,19,3,3,10.4,2703.74,590,9.5,9.7,No Prazo,Nenhuma
5924,20250227,14,29,29,11,5,5.7,1783.7,410,6.6,7.1,Atrasado,Nenhuma
5925,20250227,26,6,8,2,1,9.9,2263.72,410,6.6,6.6,No Prazo,Nenhuma
5926,20250227,21,22,29,11,1,27.4,2104.49,410,6.6,6.1,No Prazo,Nenhuma
5927,20250227,22,26,19,8,2,10.5,4731.83,930,15.0,15.0,No Prazo,Pane Mecânica
5928,20250228,2,13,4,20,5,4.6,3979.63,930,15.0,14.0,No Prazo,Nenhuma
5929,20250228,15,22,9,19,1,42.0,1679.87,300,4.8,4.9,No Prazo,Nenhuma
5930,20250228,15,30,1,9,1,57.0,11785.98,1960,31.6,31.4,No Prazo,Nenhuma
5931,20250228,35,7,26,11,3,5.9,1882.66,410,6.6,9.2,Atrasado,Nenhuma
5932,20250228,23,32,18,10,4,4.8,3933.37,930,15.0,15.7,No Prazo,Nenhuma
5933,20250228,35,33,11,11,3,5.0,2039.55,410,6.6,6.4,No Prazo,Nenhuma
5934,20250228,42,35,1,14,5,4.3,4072.36,800,12.9,12.3,No Prazo,Problema Documental
5935,20250228,37,1,18,13,1,25.3,6170.68,1370,22.1,22.5,No Prazo,Nenhuma
5936,20250228,12,29,23,16,5,9.7,1764.57,315,5.1,5.1,No Prazo,Nenhuma
5937,20250228,28,11,20,3,1,44.9,2918.87,590,9.5,9.5,No Prazo,Atraso em Carga/Descarga
5938,20250228,14,28,11,18,5,4.2,2790.16,550,8.9,11.9,Atrasado,Nenhuma
5939,20250228,11,3,18,19,3,5.2,1196.66,300,4.8,4.6,No Prazo,Nenhuma
5940,20250228,6,12,29,15,5,13.1,882.04,210,3.4,3.4,No Prazo,Nenhuma
5941,20250228,22,18,15,3,2,11.1,3062.56,590,9.5,9.8,No Prazo,Nenhuma
5942,20250228,13,33,21,11,3,40.6,1726.45,410,6.6,6.6,No Prazo,Nenhuma
5943,20250228,26,1,15,14,1,9.1,4620.02,800,12.9,12.2,No Prazo,Nenhuma
5944,20250228,42,37,23,3,5,4.5,3027.85,590,9.5,12.5,Atrasado,Nenhuma
5945,20250228,41,7,28,18,3,35.2,2343.46,550,8.9,11.3,Atrasado,Nenhuma
5946,20250228,3,12,4,7,5,3.7,1107.97,210,3.4,3.5,No Prazo,Nenhuma
5947,20250228,5,6,16,20,1,30.1,4764.85,930,15.0,15.4,No Prazo,Nenhuma
5948,20250228,20,13,8,19,5,5.4,1602.19,300,4.8,6.3,Atrasado,Trânsito/Rota
5949,20250301,16,32,25,19,4,4.2,1652.94,300,4.8,4.9,No Prazo,Nenhuma
5950,20250301,10,19,16,8,2,20.3,5159.29,930,15.0,14.9,No Prazo,Nenhuma
5951,20250301,21,27,18,4,1,25.8,2795.04,550,8.9,12.7,Atrasado,Nenhuma
5952,20250301,26,6,6,1,1,8.9,2135.59,430,6.9,6.9,No Prazo,Nenhuma
5953,20250301,9,8,20,19,2,33.2,1473.31,300,4.8,4.5,No Prazo,Problema Documental
5954,20250301,21,27,27,14,1,30.6,4346.06,800,12.9,13.4,No Prazo,Trânsito/Rota
5955,20250301,28,2,19,10,1,54.0,4471.41,930,15.0,17.8,Atrasado,Pane Mecânica
5956,20250301,28,15,22,5,1,37.3,7833.44,1370,22.1,22.5,No Prazo,Nenhuma
5957,20250302,26,22,8,1,1,10.3,2180.97,430,6.9,6.5,No Prazo,Nenhuma
5958,20250302,24,10,25,2,4,43.8,1928.18,410,6.6,8.5,Atrasado,Trânsito/Rota
5959,20250302,21,1,3,9,1,27.4,10946.86,1960,31.6,31.1,No Prazo,Nenhuma
5960,20250302,9,14,1,13,2,23.5,6935.76,1370,22.1,22.8,No Prazo,Nenhuma
5961,20250302,22,25,20,6,2,8.6,4202.51,800,12.9,14.2,Atrasado,Nenhuma
5962,20250302,42,17,12,3,5,4.8,2845.12,590,9.5,9.0,No Prazo,Nenhuma
5963,20250302,42,13,28,20,5,4.8,4651.15,930,15.0,20.4,Atrasado,Nenhuma
5964,20250302,7,34,24,3,5,5.0,2742.7,590,9.5,9.6,No Prazo,Pane Mecânica
5965,20250302,21,1,23,14,1,32.0,3346.01,800,12.9,12.5,No Prazo,Nenhuma
5966,20250303,19,35,22,8,5,26.2,4962.97,930,15.0,15.1,No Prazo,Trânsito/Rota
5967,20250303,11,20,4,11,3,5.3,2113.92,410,6.6,6.6,No Prazo,Nenhuma
5968,20250303,30,24,7,18,4,52.8,2341.82,550,8.9,9.8,Atrasado,Nenhuma
5969,20250303,9,9,22,15,2,29.1,1105.93,210,3.4,3.5,No Prazo,Nenhuma
5970,20250303,23,36,6,9,4,5.4,8643.21,1960,31.6,30.6,No Prazo,Nenhuma
5971,20250303,7,17,24,3,5,4.8,2837.92,590,9.5,13.1,Atrasado,Nenhuma
5972,20250303,8,27,23,3,1,13.1,2885.17,590,9.5,9.0,No Prazo,Nenhuma
5973,20250303,16,32,6,19,4,4.3,1586.74,300,4.8,4.4,No Prazo,Trânsito/Rota
5974,20250303,41,7,13,9,3,23.3,11511.72,1960,31.6,33.9,Atrasado,Pane Mecânica
5975,20250303,19,34,25,18,5,23.5,2963.82,550,8.9,9.2,No Prazo,Problema Documental
5976,20250303,31,1,25,11,1,43.2,2210.57,410,6.6,9.1,Atrasado,Nenhuma
5977,20250303,35,5,23,15,3,4.0,1247.26,210,3.4,3.2,No Prazo,Atraso em Carga/Descarga
5978,20250303,15,15,13,5,1,40.8,6127.17,1370,22.1,22.7,No Prazo,Pane Mecânica
5979,20250303,9,38,12,17,2,33.1,443.03,100,1.6,1.7,No Prazo,Trânsito/Rota
5980,20250304,38,34,7,11,5,42.7,1761.9,410,6.6,6.7,No Prazo,Trânsito/Rota
5981,20250304,35,3,8,13,3,4.8,6116.97,1370,22.1,30.0,Atrasado,Nenhuma
5982,20250304,10,14,21,3,2,23.3,2655.56,590,9.5,9.1,No Prazo,Nenhuma
5983,20250304,13,20,6,1,3,43.0,2514.97,430,6.9,7.2,No Prazo,Nenhuma
5984,20250304,4,27,9,5,1,4.5,6398.34,1370,22.1,25.2,Atrasado,Nenhuma
5985,20250304,9,25,2,14,2,36.0,3453.91,800,12.9,13.5,No Prazo,Nenhuma
5986,20250304,27,37,23,4,5,43.2,2487.92,550,8.9,9.6,Atrasado,Nenhuma
5987,20250304,25,35,8,9,5,11.9,11027.01,1960,31.6,36.2,Atrasado,Nenhuma
5988,20250304,20,34,7,14,5,5.2,3445.72,800,12.9,17.7,Atrasado,Nenhuma
5989,20250304,34,21,15,17,2,5.2,461.25,100,1.6,1.7,No Prazo,Atraso em Carga/Descarga
5990,20250304,7,34,28,9,5,5.5,10686.54,1960,31.6,32.8,No Prazo,Nenhuma
5991,20250304,36,15,13,8,1,4.1,5093.82,930,15.0,17.0,Atrasado,Atraso em Carga/Descarga
5992,20250304,31,2,13,16,1,50.8,1823.75,315,5.1,5.1,No Prazo,Nenhuma
5993,20250304,10,21,30,6,2,17.9,4861.1,800,12.9,16.7,Atrasado,Nenhuma
5994,20250304,38,17,4,8,5,46.6,4566.97,930,15.0,14.5,No Prazo,Nenhuma
5995,20250304,37,6,12,13,1,22.5,7596.15,1370,22.1,29.4,Atrasado,Trânsito/Rota
5996,20250304,21,6,2,20,1,27.9,5383.59,930,15.0,15.2,No Prazo,Nenhuma
5997,20250304,37,27,8,16,1,25.1,1503.54,315,5.1,4.9,No Prazo,Nenhuma
5998,20250304,23,24,29,6,4,5.6,3456.56,800,12.9,12.2,No Prazo,Pane Mecânica
5999,20250304,3,37,26,12,5,4.6,2519.91,590,9.5,13.2,Atrasado,Nenhuma
6000,20250304,19,17,12,16,5,27.5,1607.19,315,5.1,7.4,Atrasado,Nenhuma
6001,20250304,15,27,17,16,1,38.1,1642.55,315,5.1,6.1,Atrasado,Nenhuma
6002,20250304,4,27,27,20,1,3.8,4795.44,930,15.0,14.9,No Prazo,Nenhuma
6003,20250305,2,29,11,10,5,5.3,4275.51,930,15.0,14.9,No Prazo,Nenhuma
6004,20250305,6,13,23,3,5,13.3,3320.27,590,9.5,10.6,Atrasado,Nenhuma
6005,20250305,41,20,3,5,3,33.7,7547.29,1370,22.1,21.0,No Prazo,Atraso em Carga/Descarga
6006,20250305,39,36,3,18,4,22.1,2737.85,550,8.9,9.0,No Prazo,Nenhuma
6007,20250305,28,30,11,3,1,52.5,3057.54,590,9.5,8.9,No Prazo,Nenhuma
6008,20250305,41,4,27,16,3,26.8,1690.75,315,5.1,4.9,No Prazo,Nenhuma
6009,20250305,4,6,10,13,1,5.2,7746.33,1370,22.1,31.4,Atrasado,Nenhuma
6010,20250305,35,5,27,14,3,4.9,3877.02,800,12.9,12.0,No Prazo,Nenhuma
6011,20250305,33,6,14,9,1,19.6,11125.45,1960,31.6,42.7,Atrasado,Nenhuma
6012,20250305,34,14,11,11,2,4.4,1674.36,410,6.6,6.2,No Prazo,Nenhuma
6013,20250305,13,3,20,2,3,48.8,2449.95,410,6.6,6.5,No Prazo,Atraso em Carga/Descarga
6014,20250305,21,6,28,6,1,26.0,3967.24,800,12.9,13.2,No Prazo,Nenhuma
6015,20250305,17,37,18,9,5,13.7,9726.03,1960,31.6,37.1,Atrasado,Nenhuma
6016,20250305,36,11,22,4,1,4.2,2426.11,550,8.9,8.5,No Prazo,Nenhuma
6017,20250305,13,31,22,11,3,56.4,1825.42,410,6.6,7.4,Atrasado,Pane Mecânica
6018,20250305,9,38,8,15,2,36.0,1070.78,210,3.4,3.4,No Prazo,Nenhuma
6019,20250306,27,35,27,14,5,38.3,3891.28,800,12.9,16.2,Atrasado,Nenhuma
6020,20250306,6,29,28,2,5,10.2,1862.53,410,6.6,6.1,No Prazo,Trânsito/Rota
6021,20250306,39,36,8,7,4,16.2,1073.96,210,3.4,3.3,No Prazo,Trânsito/Rota
6022,20250306,9,38,23,14,2,30.5,3366.61,800,12.9,12.9,No Prazo,Nenhuma
6023,20250306,39,10,28,18,4,26.7,2547.1,550,8.9,9.0,No Prazo,Nenhuma
6024,20250306,28,30,26,8,1,36.8,4759.19,930,15.0,15.7,No Prazo,Nenhuma
6025,20250306,5,6,8,15,1,28.7,933.93,210,3.4,3.3,No Prazo,Nenhuma
6026,20250306,26,1,10,19,1,10.1,1684.85,300,4.8,4.8,No Prazo,Nenhuma
6027,20250306,10,9,17,10,2,17.5,4049.24,930,15.0,15.7,No Prazo,Nenhuma
6028,20250306,22,16,1,9,2,12.8,10145.68,1960,31.6,36.5,Atrasado,Nenhuma
6029,20250306,40,36,25,8,4,9.4,4639.03,930,15.0,14.3,No Prazo,Nenhuma
6030,20250306,29,2,9,16,1,8.8,1387.56,315,5.1,4.9,No Prazo,Trânsito/Rota
6031,20250307,18,5,20,9,3,52.1,10970.08,1960,31.6,31.4,No Prazo,Nenhuma
6032,20250307,5,2,4,10,1,27.1,4847.47,930,15.0,15.7,No Prazo,Nenhuma
6033,20250307,8,2,17,2,1,9.4,2170.72,410,6.6,6.1,No Prazo,Nenhuma
6034,20250307,31,2,21,18,1,41.5,2513.22,550,8.9,8.6,No Prazo,Nenhuma
6035,20250307,38,34,30,18,5,34.9,2883.73,550,8.9,8.5,No Prazo,Nenhuma
6036,20250307,4,27,26,18,1,4.6,3227.32,550,8.9,9.3,No Prazo,Nenhuma
6037,20250307,7,12,26,10,5,4.2,5693.19,930,15.0,20.4,Atrasado,Nenhuma
6038,20250307,18,5,24,2,3,38.8,2291.25,410,6.6,6.6,No Prazo,Nenhuma
6039,20250307,33,22,3,14,1,26.3,4602.48,800,12.9,12.5,No Prazo,Pane Mecânica
6040,20250307,19,37,29,10,5,29.7,4904.59,930,15.0,13.8,No Prazo,Nenhuma
6041,20250307,17,28,3,3,5,11.1,3161.43,590,9.5,9.8,No Prazo,Nenhuma
6042,20250307,27,17,14,3,5,50.2,2855.28,590,9.5,11.6,Atrasado,Nenhuma
6043,20250307,38,28,14,5,5,55.4,6843.17,1370,22.1,29.7,Atrasado,Trânsito/Rota
6044,20250308,12,12,14,4,5,10.7,2889.86,550,8.9,11.2,Atrasado,Nenhuma
6045,20250308,16,23,16,15,4,4.4,893.97,210,3.4,3.4,No Prazo,Nenhuma
6046,20250308,28,15,14,7,1,42.5,893.38,210,3.4,3.2,No Prazo,Nenhuma
6047,20250308,40,23,16,11,4,13.8,2518.83,410,6.6,6.1,No Prazo,Atraso em Carga/Descarga
6048,20250308,33,15,13,15,1,22.8,1165.04,210,3.4,3.3,No Prazo,Nenhuma
6049,20250308,11,5,19,20,3,4.0,4198.46,930,15.0,14.4,No Prazo,Nenhuma
6050,20250308,32,23,26,4,4,20.0,2652.04,550,8.9,8.4,No Prazo,Nenhuma
6051,20250309,16,10,29,2,4,5.9,1976.11,410,6.6,6.5,No Prazo,Nenhuma
6052,20250309,17,37,23,17,5,11.7,573.52,100,1.6,1.7,No Prazo,Nenhuma
6053,20250309,16,23,24,2,4,4.3,2106.03,410,6.6,8.8,Atrasado,Pane Mecânica
6054,20250309,15,15,24,15,1,42.5,1137.2,210,3.4,3.2,No Prazo,Nenhuma
6055,20250309,29,30,7,11,1,13.3,2304.32,410,6.6,6.7,No Prazo,Nenhuma
6056,20250309,38,34,29,2,5,36.1,1739.44,410,6.6,6.5,No Prazo,Nenhuma
6057,20250309,34,18,15,6,2,3.9,3389.63,800,12.9,12.6,No Prazo,Nenhuma
6058,20250309,22,16,8,1,2,13.6,2249.27,430,6.9,7.9,Atrasado,Nenhuma
6059,20250309,23,36,7,10,4,5.6,4970.11,930,15.0,20.1,Atrasado,Nenhuma
6060,20250309,26,22,28,18,1,8.9,2737.99,550,8.9,9.2,No Prazo,Nenhuma
6061,20250310,3,34,8,3,5,3.7,3447.03,590,9.5,9.2,No Prazo,Nenhuma
6062,20250310,31,30,1,1,1,55.2,1992.27,430,6.9,9.4,Atrasado,Atraso em Carga/Descarga
6063,20250310,13,7,8,18,3,43.9,2423.58,550,8.9,9.0,No Prazo,Nenhuma
6064,20250310,21,15,29,11,1,28.1,2152.92,410,6.6,6.4,No Prazo,Pane Mecânica
6065,20250310,18,5,24,14,3,51.0,4344.81,800,12.9,11.9,No Prazo,Atraso em Carga/Descarga
6066,20250310,1,33,26,20,3,12.6,4960.15,930,15.0,16.7,Atrasado,Atraso em Carga/Descarga
6067,20250310,14,28,20,17,5,4.3,450.67,100,1.6,2.0,Atrasado,Nenhuma
6068,20250310,32,32,8,4,4,21.6,2341.95,550,8.9,12.2,Atrasado,Nenhuma
6069,20250310,17,35,20,12,5,9.2,2796.39,590,9.5,13.0,Atrasado,Nenhuma
6070,20250310,20,12,18,13,5,3.7,5525.96,1370,22.1,22.6,No Prazo,Nenhuma
6071,20250310,26,15,26,5,1,8.7,7124.56,1370,22.1,28.4,Atrasado,Nenhuma
6072,20250310,30,10,8,11,4,42.8,2005.06,410,6.6,9.1,Atrasado,Nenhuma
6073,20250310,6,17,20,7,5,12.0,1162.8,210,3.4,3.4,No Prazo,Nenhuma
6074,20250310,6,29,4,13,5,9.9,7229.63,1370,22.1,22.8,No Prazo,Nenhuma
6075,20250310,41,20,7,2,3,30.4,1723.41,410,6.6,6.2,No Prazo,Nenhuma
6076,20250310,25,35,13,13,5,10.7,8033.07,1370,22.1,22.2,No Prazo,Nenhuma
6077,20250310,16,10,14,18,4,5.5,2853.99,550,8.9,9.0,No Prazo,Trânsito/Rota
6078,20250310,6,29,3,18,5,12.0,2650.94,550,8.9,9.1,No Prazo,Nenhuma
6079,20250310,32,24,16,2,4,22.3,1987.86,410,6.6,7.8,Atrasado,Nenhuma
6080,20250310,13,33,20,6,3,45.8,4399.65,800,12.9,12.2,No Prazo,Nenhuma
6081,20250310,10,19,29,18,2,24.6,3173.65,550,8.9,8.5,No Prazo,Nenhuma
6082,20250310,18,5,6,3,3,54.1,3203.4,590,9.5,9.6,No Prazo,Nenhuma
6083,20250310,27,29,4,10,5,35.0,3687.08,930,15.0,15.0,No Prazo,Atraso em Carga/Descarga
6084,20250311,20,29,8,14,5,3.6,4503.4,800,12.9,18.0,Atrasado,Nenhuma
6085,20250311,2,17,15,7,5,5.4,1021.39,210,3.4,3.3,No Prazo,Nenhuma
6086,20250311,29,11,10,9,1,10.5,10292.87,1960,31.6,33.0,No Prazo,Nenhuma
6087,20250311,22,16,6,11,2,11.2,1698.9,410,6.6,9.3,Atrasado,Atraso em Carga/Descarga
6088,20250311,33,27,17,18,1,26.6,3078.66,550,8.9,10.2,Atrasado,Nenhuma
6089,20250311,19,13,2,3,5,26.6,3145.4,590,9.5,9.2,No Prazo,Nenhuma
6090,20250311,24,32,27,16,4,40.0,1429.97,315,5.1,6.1,Atrasado,Nenhuma
6091,20250311,24,36,14,13,4,37.7,6457.13,1370,22.1,21.5,No Prazo,Nenhuma
6092,20250311,34,18,13,17,2,4.5,537.09,100,1.6,2.2,Atrasado,Nenhuma
6093,20250311,27,28,11,13,5,45.6,7614.54,1370,22.1,21.1,No Prazo,Nenhuma
6094,20250311,5,1,9,11,1,23.1,2118.02,410,6.6,7.3,Atrasado,Trânsito/Rota
6095,20250311,18,3,28,1,3,49.1,1798.5,430,6.9,7.2,No Prazo,Nenhuma
6096,20250311,1,31,30,5,3,10.0,6888.83,1370,22.1,22.7,No Prazo,Nenhuma
6097,20250311,24,32,6,11,4,44.4,2338.92,410,6.6,7.7,Atrasado,Nenhuma
6098,20250311,25,37,19,8,5,9.4,4460.5,930,15.0,14.8,No Prazo,Nenhuma
6099,20250311,28,2,9,10,1,47.9,5332.02,930,15.0,15.7,No Prazo,Nenhuma
6100,20250311,28,27,13,16,1,49.2,1846.25,315,5.1,4.8,No Prazo,Nenhuma
6101,20250311,22,38,26,4,2,11.0,2312.78,550,8.9,8.7,No Prazo,Nenhuma
6102,20250311,20,12,21,9,5,4.1,9748.02,1960,31.6,30.7,No Prazo,Nenhuma
6103,20250311,37,2,18,20,1,18.0,5570.61,930,15.0,13.8,No Prazo,Pane Mecânica
6104,20250311,9,26,28,12,2,26.4,3112.86,590,9.5,9.7,No Prazo,Nenhuma
6105,20250311,20,34,22,12,5,5.5,2791.28,590,9.5,9.1,No Prazo,Nenhuma
6106,20250312,4,11,22,14,1,4.5,3972.62,800,12.9,17.3,Atrasado,Pane Mecânica
6107,20250312,36,22,24,12,1,4.1,2595.3,590,9.5,9.2,No Prazo,Trânsito/Rota
6108,20250312,10,26,15,1,2,22.4,2132.52,430,6.9,9.0,Atrasado,Nenhuma
6109,20250312,18,5,30,1,3,54.0,2007.6,430,6.9,8.7,Atrasado,Nenhuma
6110,20250312,13,4,6,14,3,54.8,4269.04,800,12.9,11.9,No Prazo,Nenhuma
6111,20250312,21,15,30,8,1,23.3,4360.78,930,15.0,15.1,No Prazo,Nenhuma
6112,20250312,34,14,7,13,2,4.1,6706.81,1370,22.1,24.7,Atrasado,Nenhuma
6113,20250312,20,12,28,3,5,4.7,2784.97,590,9.5,9.3,No Prazo,Nenhuma
6114,20250312,21,1,20,4,1,28.7,2733.67,550,8.9,12.2,Atrasado,Trânsito/Rota
6115,20250312,4,22,1,14,1,5.0,4680.84,800,12.9,12.6,No Prazo,Nenhuma
6116,20250312,9,16,25,10,2,33.3,4667.65,930,15.0,14.3,No Prazo,Nenhuma
6117,20250312,34,38,6,16,2,5.5,1405.37,315,5.1,5.0,No Prazo,Problema Documental
6118,20250312,6,34,30,11,5,13.0,2241.52,410,6.6,6.7,No Prazo,Nenhuma
6119,20250312,17,35,1,11,5,13.3,2348.48,410,6.6,6.4,No Prazo,Nenhuma
6120,20250312,36,15,17,17,1,4.8,528.58,100,1.6,1.5,No Prazo,Nenhuma
6121,20250312,41,5,12,18,3,33.7,3162.08,550,8.9,8.6,No Prazo,Nenhuma
6122,20250312,4,30,21,11,1,5.8,2116.54,410,6.6,6.2,No Prazo,Nenhuma
6123,20250312,7,13,19,19,5,5.9,1806.53,300,4.8,4.5,No Prazo,Nenhuma
6124,20250313,21,2,8,16,1,34.3,1369.89,315,5.1,5.3,No Prazo,Trânsito/Rota
6125,20250313,26,1,22,13,1,9.6,7114.58,1370,22.1,29.0,Atrasado,Nenhuma
6126,20250313,41,7,14,1,3,25.1,1804.17,430,6.9,9.7,Atrasado,Nenhuma
6127,20250313,8,1,10,2,1,11.4,1744.32,410,6.6,6.1,No Prazo,Nenhuma
6128,20250313,40,36,7,16,4,12.9,1282.3,315,5.1,5.0,No Prazo,Trânsito/Rota
6129,20250313,39,23,18,4,4,18.7,2528.84,550,8.9,9.3,No Prazo,Nenhuma
6130,20250313,40,24,3,11,4,13.9,1745.71,410,6.6,8.3,Atrasado,Nenhuma
6131,20250313,23,24,26,11,4,3.9,2517.88,410,6.6,6.7,No Prazo,Problema Documental
6132,20250313,13,33,19,19,3,37.5,1762.88,300,4.8,5.0,No Prazo,Nenhuma
6133,20250313,14,37,29,2,5,4.4,2334.1,410,6.6,6.3,No Prazo,Nenhuma
6134,20250313,14,13,12,15,5,5.7,1243.94,210,3.4,3.4,No Prazo,Nenhuma
6135,20250313,20,28,22,4,5,5.3,3039.34,550,8.9,8.9,No Prazo,Nenhuma
6136,20250313,35,3,6,11,3,4.0,2432.89,410,6.6,6.4,No Prazo,Problema Documental
6137,20250313,30,23,11,7,4,39.1,1107.87,210,3.4,3.5,No Prazo,Atraso em Carga/Descarga
6138,20250313,42,37,10,17,5,3.9,434.94,100,1.6,1.5,No Prazo,Nenhuma
6139,20250313,31,1,26,9,1,56.4,8125.93,1960,31.6,29.1,No Prazo,Nenhuma
6140,20250313,4,6,25,2,1,5.0,2308.98,410,6.6,6.8,No Prazo,Nenhuma
6141,20250313,23,10,13,2,4,4.5,1894.51,410,6.6,6.2,No Prazo,Nenhuma
6142,20250313,17,28,19,5,5,10.0,6546.63,1370,22.1,27.3,Atrasado,Nenhuma
6143,20250313,40,32,18,10,4,11.4,4584.56,930,15.0,14.7,No Prazo,Nenhuma
6144,20250313,21,1,26,18,1,35.4,3123.49,550,8.9,10.2,Atrasado,Nenhuma
6145,20250313,22,21,12,8,2,10.9,5239.18,930,15.0,13.9,No Prazo,Nenhuma
6146,20250314,18,7,4,11,3,53.7,1903.04,410,6.6,7.8,Atrasado,Nenhuma
6147,20250314,33,22,16,8,1,20.2,4038.8,930,15.0,15.3,No Prazo,Nenhuma
6148,20250314,30,36,22,7,4,40.3,1029.31,210,3.4,4.7,Atrasado,Nenhuma
6149,20250314,34,25,23,8,2,5.4,4245.22,930,15.0,15.7,No Prazo,Pane Mecânica
6150,20250314,28,22,13,13,1,39.7,7695.43,1370,22.1,21.4,No Prazo,Nenhuma
6151,20250314,35,5,7,8,3,5.6,4282.19,930,15.0,13.9,No Prazo,Trânsito/Rota
6152,20250314,23,32,25,9,4,4.8,9289.1,1960,31.6,32.1,No Prazo,Nenhuma
6153,20250314,36,27,14,8,1,5.5,4114.18,930,15.0,20.4,Atrasado,Problema Documental
6154,20250314,5,1,12,16,1,32.7,1247.12,315,5.1,5.2,No Prazo,Nenhuma
6155,20250314,24,23,20,18,4,43.8,2558.61,550,8.9,8.5,No Prazo,Nenhuma
6156,20250314,16,24,25,4,4,5.7,3103.8,550,8.9,10.6,Atrasado,Nenhuma
6157,20250314,11,31,29,13,3,5.8,5830.85,1370,22.1,23.9,Atrasado,Nenhuma
6158,20250314,16,10,17,12,4,3.8,2782.76,590,9.5,11.5,Atrasado,Atraso em Carga/Descarga
6159,20250314,39,23,3,16,4,18.7,1483.13,315,5.1,7.3,Atrasado,Nenhuma
6160,20250314,12,13,12,11,5,8.4,2086.12,410,6.6,6.8,No Prazo,Nenhuma
6161,20250314,24,32,22,15,4,44.8,1102.16,210,3.4,4.4,Atrasado,Nenhuma
6162,20250314,34,14,24,9,2,4.5,10180.73,1960,31.6,29.1,No Prazo,Pane Mecânica
6163,20250314,19,29,30,4,5,34.2,2664.38,550,8.9,11.6,Atrasado,Nenhuma
6164,20250314,6,34,5,20,5,10.7,4238.82,930,15.0,15.4,No Prazo,Nenhuma
6165,20250314,28,15,21,15,1,38.4,914.63,210,3.4,3.4,No Prazo,Pane Mecânica
6166,20250314,13,4,16,14,3,56.4,4412.05,800,12.9,13.9,Atrasado,Nenhuma
6167,20250314,7,37,1,17,5,5.4,403.71,100,1.6,1.5,No Prazo,Trânsito/Rota
6168,20250314,34,25,15,14,2,4.7,3766.56,800,12.9,12.5,No Prazo,Nenhuma
6169,20250314,28,11,25,17,1,41.9,446.35,100,1.6,2.1,Atrasado,Nenhuma
6170,20250314,14,13,28,18,5,5.6,3029.87,550,8.9,8.6,No Prazo,Nenhuma
6171,20250315,30,36,22,1,4,44.8,2539.12,430,6.9,9.8,Atrasado,Nenhuma
6172,20250315,31,27,29,5,1,50.5,6796.46,1370,22.1,24.3,Atrasado,Atraso em Carga/Descarga
6173,20250315,42,37,11,11,5,4.4,2327.63,410,6.6,6.7,No Prazo,Nenhuma
6174,20250315,16,10,9,10,4,4.3,5135.01,930,15.0,14.4,No Prazo,Nenhuma
6175,20250315,9,21,23,2,2,25.4,2497.5,410,6.6,6.9,No Prazo,Nenhuma
6176,20250315,2,34,16,19,5,5.6,1568.59,300,4.8,5.1,Atrasado,Nenhuma
6177,20250315,18,4,30,17,3,47.8,488.33,100,1.6,1.6,No Prazo,Nenhuma
6178,20250315,5,22,2,12,1,34.3,2495.48,590,9.5,10.0,No Prazo,Nenhuma
6179,20250316,22,38,9,17,2,10.7,579.78,100,1.6,1.5,No Prazo,Trânsito/Rota
6180,20250316,29,2,17,15,1,9.0,1122.37,210,3.4,3.5,No Prazo,Nenhuma
6181,20250316,16,36,13,17,4,4.9,543.65,100,1.6,1.7,No Prazo,Atraso em Carga/Descarga
6182,20250316,30,32,24,12,4,44.9,2967.59,590,9.5,8.8,No Prazo,Nenhuma
6183,20250316,6,13,8,7,5,8.8,1186.65,210,3.4,4.0,Atrasado,Trânsito/Rota
6184,20250316,40,23,23,10,4,12.8,5191.61,930,15.0,19.1,Atrasado,Atraso em Carga/Descarga
6185,20250316,6,12,26,8,5,13.2,3897.56,930,15.0,14.3,No Prazo,Nenhuma
6186,20250317,28,2,7,19,1,56.1,1687.3,300,4.8,5.6,Atrasado,Problema Documental
6187,20250317,26,11,13,3,1,10.2,2709.03,590,9.5,9.1,No Prazo,Nenhuma
6188,20250317,37,6,23,16,1,17.8,1472.42,315,5.1,5.3,No Prazo,Trânsito/Rota
6189,20250317,13,4,27,20,3,37.1,3760.1,930,15.0,17.4,Atrasado,Nenhuma
6190,20250317,22,25,10,6,2,11.3,4768.17,800,12.9,12.9,No Prazo,Nenhuma
6191,20250317,27,34,16,19,5,37.6,1410.98,300,4.8,4.5,No Prazo,Trânsito/Rota
6192,20250317,12,37,20,13,5,11.2,6589.17,1370,22.1,25.4,Atrasado,Atraso em Carga/Descarga
6193,20250317,1,20,27,14,3,12.6,3786.86,800,12.9,11.9,No Prazo,Nenhuma
6194,20250317,4,1,4,11,1,5.6,1787.71,410,6.6,6.9,No Prazo,Atraso em Carga/Descarga
6195,20250317,17,29,20,6,5,9.0,3670.59,800,12.9,13.1,No Prazo,Pane Mecânica
6196,20250317,28,30,14,15,1,48.6,1105.27,210,3.4,3.4,No Prazo,Nenhuma
6197,20250317,9,16,7,8,2,31.7,4787.03,930,15.0,14.4,No Prazo,Nenhuma
6198,20250317,15,6,28,9,1,35.4,10362.99,1960,31.6,29.1,No Prazo,Nenhuma
6199,20250317,5,22,5,8,1,32.2,5156.49,930,15.0,14.8,No Prazo,Pane Mecânica
6200,20250317,32,36,18,9,4,18.8,8753.84,1960,31.6,43.7,Atrasado,Trânsito/Rota
6201,20250317,30,24,26,10,4,44.9,4612.83,930,15.0,15.1,No Prazo,Nenhuma
6202,20250317,24,23,10,8,4,42.4,5214.81,930,15.0,15.1,No Prazo,Trânsito/Rota
6203,20250318,25,29,27,10,5,12.9,4258.04,930,15.0,14.9,No Prazo,Nenhuma
6204,20250318,42,17,18,10,5,3.8,5138.78,930,15.0,14.9,No Prazo,Nenhuma
6205,20250318,40,24,8,16,4,9.9,1311.57,315,5.1,4.7,No Prazo,Nenhuma
6206,20250318,21,1,10,2,1,31.9,1971.03,410,6.6,6.6,No Prazo,Nenhuma
6207,20250318,22,9,9,13,2,11.4,6530.62,1370,22.1,20.5,No Prazo,Atraso em Carga/Descarga
6208,20250318,19,28,15,13,5,33.2,7281.59,1370,22.1,20.6,No Prazo,Atraso em Carga/Descarga
6209,20250318,29,6,12,16,1,8.9,1705.72,315,5.1,5.1,No Prazo,Nenhuma
6210,20250318,39,36,27,19,4,25.9,1750.84,300,4.8,4.7,No Prazo,Nenhuma
6211,20250318,29,1,23,6,1,13.4,3461.45,800,12.9,17.4,Atrasado,Nenhuma
6212,20250318,33,6,3,12,1,21.6,2704.41,590,9.5,9.6,No Prazo,Nenhuma
6213,20250318,32,32,14,16,4,26.3,1432.57,315,5.1,5.2,No Prazo,Trânsito/Rota
6214,20250318,41,3,13,1,3,25.3,2463.3,430,6.9,6.8,No Prazo,Nenhuma
6215,20250318,19,28,11,1,5,34.4,2272.43,430,6.9,9.9,Atrasado,Trânsito/Rota
6216,20250318,22,9,2,15,2,9.1,923.64,210,3.4,3.6,No Prazo,Nenhuma
6217,20250318,28,15,30,16,1,40.6,1411.96,315,5.1,4.8,No Prazo,Nenhuma
6218,20250318,9,8,1,1,2,29.5,2416.57,430,6.9,7.1,No Prazo,Nenhuma
6219,20250318,9,21,19,1,2,26.8,1899.64,430,6.9,6.7,No Prazo,Nenhuma
6220,20250318,9,16,8,2,2,29.3,1787.24,410,6.6,6.6,No Prazo,Nenhuma
6221,20250318,37,6,9,14,1,17.7,3461.54,800,12.9,12.8,No Prazo,Nenhuma
6222,20250318,25,28,3,2,5,13.1,2020.0,410,6.6,9.1,Atrasado,Nenhuma
6223,20250318,35,5,16,6,3,5.4,3895.61,800,12.9,16.4,Atrasado,Nenhuma
6224,20250319,6,34,2,10,5,13.8,4827.01,930,15.0,14.2,No Prazo,Nenhuma
6225,20250319,31,27,20,8,1,47.5,4476.99,930,15.0,16.5,Atrasado,Atraso em Carga/Descarga
6226,20250319,12,28,24,9,5,12.8,8334.25,1960,31.6,30.4,No Prazo,Nenhuma
6227,20250319,31,22,13,4,1,54.4,2357.9,550,8.9,8.2,No Prazo,Nenhuma
6228,20250319,28,30,28,8,1,42.7,4925.15,930,15.0,18.3,Atrasado,Nenhuma
6229,20250319,4,22,22,19,1,5.9,1756.63,300,4.8,5.0,No Prazo,Nenhuma
6230,20250319,41,20,26,2,3,24.3,2175.3,410,6.6,9.3,Atrasado,Nenhuma
6231,20250319,22,19,3,19,2,12.8,1498.47,300,4.8,4.9,No Prazo,Nenhuma
6232,20250319,38,13,11,5,5,51.7,7656.96,1370,22.1,22.7,No Prazo,Nenhuma
6233,20250319,6,12,18,20,5,11.1,5815.06,930,15.0,14.7,No Prazo,Nenhuma
6234,20250319,39,10,13,8,4,21.4,3984.39,930,15.0,18.4,Atrasado,Atraso em Carga/Descarga
6235,20250319,17,29,30,6,5,11.5,3531.92,800,12.9,12.9,No Prazo,Pane Mecânica
6236,20250319,3,37,24,17,5,4.1,404.42,100,1.6,1.7,No Prazo,Trânsito/Rota
6237,20250319,21,6,9,5,1,26.7,7501.89,1370,22.1,30.4,Atrasado,Nenhuma
6238,20250319,32,10,12,13,4,18.3,7619.86,1370,22.1,22.5,No Prazo,Nenhuma
6239,20250319,12,34,28,10,5,9.1,4071.1,930,15.0,14.3,No Prazo,Nenhuma
6240,20250319,13,33,3,9,3,38.1,10957.96,1960,31.6,32.6,No Prazo,Trânsito/Rota
6241,20250319,16,32,12,13,4,3.6,6261.61,1370,22.1,22.2,No Prazo,Nenhuma
6242,20250319,5,6,6,3,1,24.1,2576.49,590,9.5,12.5,Atrasado,Nenhuma
6243,20250319,27,29,22,3,5,34.8,2938.96,590,9.5,9.0,No Prazo,Problema Documental
6244,20250319,33,2,9,18,1,16.8,3300.53,550,8.9,8.8,No Prazo,Nenhuma
6245,20250319,22,8,12,8,2,11.5,4025.55,930,15.0,14.5,No Prazo,Nenhuma
6246,20250319,41,7,10,2,3,36.9,1967.07,410,6.6,6.8,No Prazo,Atraso em Carga/Descarga
6247,20250319,31,6,6,14,1,39.1,3405.29,800,12.9,12.6,No Prazo,Trânsito/Rota
6248,20250319,37,1,21,17,1,16.9,590.38,100,1.6,1.7,No Prazo,Nenhuma
6249,20250319,21,11,12,3,1,30.7,3602.25,590,9.5,10.0,No Prazo,Problema Documental
6250,20250319,5,27,2,15,1,30.9,964.89,210,3.4,3.3,No Prazo,Nenhuma
6251,20250320,36,11,3,10,1,4.2,3891.5,930,15.0,15.7,No Prazo,Nenhuma
6252,20250320,27,28,18,19,5,55.8,1523.43,300,4.8,4.7,No Prazo,Pane Mecânica
6253,20250320,38,12,27,17,5,47.4,599.64,100,1.6,1.7,No Prazo,Nenhuma
6254,20250320,12,34,21,16,5,8.7,1316.85,315,5.1,4.9,No Prazo,Atraso em Carga/Descarga
6255,20250320,22,26,23,15,2,10.1,982.93,210,3.4,3.9,Atrasado,Nenhuma
6256,20250320,13,33,4,13,3,52.2,6606.97,1370,22.1,30.6,Atrasado,Nenhuma
6257,20250320,37,27,19,4,1,22.7,2699.68,550,8.9,9.2,No Prazo,Nenhuma
6258,20250320,12,12,1,17,5,12.0,446.45,100,1.6,2.3,Atrasado,Nenhuma
6259,20250320,20,35,9,17,5,3.7,476.66,100,1.6,1.6,No Prazo,Trânsito/Rota
6260,20250320,10,14,26,6,2,19.6,4676.74,800,12.9,16.4,Atrasado,Nenhuma
6261,20250320,35,5,27,9,3,5.4,11352.03,1960,31.6,32.4,No Prazo,Atraso em Carga/Descarga
6262,20250320,17,35,28,10,5,9.9,4293.32,930,15.0,15.7,No Prazo,Nenhuma
6263,20250320,22,25,7,16,2,12.4,1813.8,315,5.1,4.9,No Prazo,Nenhuma
6264,20250320,12,34,8,1,5,13.8,2053.3,430,6.9,7.2,No Prazo,Atraso em Carga/Descarga
6265,20250320,25,17,16,2,5,13.6,2439.4,410,6.6,6.8,No Prazo,Nenhuma
6266,20250320,40,24,4,11,4,11.6,1740.69,410,6.6,6.5,No Prazo,Nenhuma
6267,20250321,34,21,27,14,2,5.0,3791.32,800,12.9,12.2,No Prazo,Nenhuma
6268,20250321,25,17,21,7,5,11.9,933.36,210,3.4,4.3,Atrasado,Nenhuma
6269,20250321,4,11,28,18,1,4.7,2944.5,550,8.9,10.4,Atrasado,Nenhuma
6270,20250321,25,34,28,3,5,10.1,2827.3,590,9.5,9.8,No Prazo,Nenhuma
6271,20250321,35,5,30,3,3,4.3,2974.69,590,9.5,9.3,No Prazo,Nenhuma
6272,20250321,34,38,6,6,2,4.1,4403.61,800,12.9,12.2,No Prazo,Nenhuma
6273,20250321,35,7,10,9,3,4.3,11457.56,1960,31.6,30.2,No Prazo,Nenhuma
6274,20250321,1,7,19,13,3,10.2,6420.49,1370,22.1,20.4,No Prazo,Nenhuma
6275,20250321,34,14,16,3,2,4.4,2618.61,590,9.5,9.6,No Prazo,Nenhuma
6276,20250321,17,12,6,3,5,13.0,2857.85,590,9.5,9.4,No Prazo,Nenhuma
6277,20250321,29,30,20,16,1,11.6,1617.47,315,5.1,5.3,No Prazo,Nenhuma
6278,20250321,16,32,12,10,4,5.6,5459.28,930,15.0,15.0,No Prazo,Nenhuma
6279,20250321,3,12,26,2,5,4.8,2387.93,410,6.6,8.7,Atrasado,Trânsito/Rota
6280,20250321,27,34,2,2,5,52.9,2235.87,410,6.6,6.9,No Prazo,Nenhuma
6281,20250321,13,20,6,19,3,53.0,1565.96,300,4.8,4.7,No Prazo,Nenhuma
6282,20250321,19,35,22,14,5,26.7,3807.85,800,12.9,12.4,No Prazo,Nenhuma
6283,20250321,11,20,1,20,3,4.6,4646.37,930,15.0,15.6,No Prazo,Nenhuma
6284,20250321,6,12,7,11,5,12.2,1767.49,410,6.6,6.5,No Prazo,Nenhuma
6285,20250321,38,35,12,4,5,54.0,3241.04,550,8.9,11.6,Atrasado,Nenhuma
6286,20250321,20,12,13,7,5,5.4,1161.51,210,3.4,4.4,Atrasado,Nenhuma
6287,20250321,40,10,26,15,4,12.8,1063.89,210,3.4,3.7,Atrasado,Trânsito/Rota
6288,20250321,40,23,18,6,4,13.5,3735.05,800,12.9,18.7,Atrasado,Nenhuma
6289,20250321,8,11,15,10,1,8.4,4916.42,930,15.0,21.0,Atrasado,Nenhuma
6290,20250321,25,29,10,19,5,10.7,1783.21,300,4.8,4.9,No Prazo,Nenhuma
6291,20250321,19,28,20,4,5,34.7,2792.01,550,8.9,8.7,No Prazo,Nenhuma
6292,20250321,25,37,24,6,5,10.6,4374.59,800,12.9,12.3,No Prazo,Nenhuma
6293,20250322,13,31,12,3,3,44.5,2396.6,590,9.5,11.4,Atrasado,Nenhuma
6294,20250322,37,15,8,15,1,25.4,1032.12,210,3.4,4.4,Atrasado,Nenhuma
6295,20250322,6,17,20,10,5,10.8,4577.18,930,15.0,20.3,Atrasado,Nenhuma
6296,20250322,19,34,8,9,5,23.4,8188.04,1960,31.6,30.6,No Prazo,Nenhuma
6297,20250322,3,13,11,7,5,4.4,1134.51,210,3.4,3.3,No Prazo,Nenhuma
6298,20250323,34,8,9,11,2,4.9,2001.49,410,6.6,6.6,No Prazo,Nenhuma
6299,20250323,20,17,20,5,5,4.5,7476.92,1370,22.1,22.9,No Prazo,Nenhuma
6300,20250323,32,36,22,6,4,23.4,4762.54,800,12.9,13.3,No Prazo,Pane Mecânica
6301,20250324,30,24,7,4,4,56.2,3370.83,550,8.9,8.6,No Prazo,Nenhuma
6302,20250324,13,20,30,15,3,53.5,1182.65,210,3.4,4.9,Atrasado,Nenhuma
6303,20250324,41,7,26,15,3,32.5,1048.3,210,3.4,3.3,No Prazo,Nenhuma
6304,20250324,9,38,8,6,2,33.8,4490.45,800,12.9,13.2,No Prazo,Nenhuma
6305,20250324,24,24,30,8,4,43.1,4914.59,930,15.0,17.5,Atrasado,Nenhuma
6306,20250324,11,7,30,13,3,4.2,6369.42,1370,22.1,21.7,No Prazo,Atraso em Carga/Descarga
6307,20250324,17,35,11,14,5,13.7,4173.48,800,12.9,17.1,Atrasado,Atraso em Carga/Descarga
6308,20250324,38,17,20,18,5,34.3,3146.22,550,8.9,12.6,Atrasado,Atraso em Carga/Descarga
6309,20250324,5,2,4,18,1,33.7,2867.47,550,8.9,11.1,Atrasado,Nenhuma
6310,20250324,5,6,14,3,1,32.7,3276.44,590,9.5,9.6,No Prazo,Trânsito/Rota
6311,20250324,2,29,18,19,5,4.8,1779.12,300,4.8,6.7,Atrasado,Trânsito/Rota
6312,20250324,21,22,30,20,1,33.1,4909.9,930,15.0,14.3,No Prazo,Atraso em Carga/Descarga
6313,20250324,8,11,3,6,1,12.9,4211.8,800,12.9,12.6,No Prazo,Nenhuma
6314,20250324,22,18,10,2,2,10.1,2128.32,410,6.6,9.5,Atrasado,Pane Mecânica
6315,20250324,16,10,23,20,4,4.3,4801.7,930,15.0,19.4,Atrasado,Nenhuma
6316,20250324,35,4,30,16,3,3.8,1496.57,315,5.1,6.3,Atrasado,Nenhuma
6317,20250324,5,27,12,8,1,24.3,4633.75,930,15.0,15.7,No Prazo,Nenhuma
6318,20250324,19,17,5,15,5,28.0,1228.89,210,3.4,3.5,No Prazo,Nenhuma
6319,20250324,4,1,2,2,1,5.5,1879.93,410,6.6,6.4,No Prazo,Nenhuma
6320,20250324,31,15,17,4,1,43.9,2626.78,550,8.9,8.4,No Prazo,Nenhuma
6321,20250324,4,30,10,11,1,5.2,1615.66,410,6.6,6.8,No Prazo,Nenhuma
6322,20250325,41,31,18,9,3,30.8,8910.18,1960,31.6,30.0,No Prazo,Pane Mecânica
6323,20250325,23,36,28,12,4,4.6,3272.21,590,9.5,12.4,Atrasado,Nenhuma
6324,20250325,34,21,26,12,2,3.6,3251.64,590,9.5,9.9,No Prazo,Nenhuma
6325,20250325,34,9,9,11,2,3.9,2235.39,410,6.6,6.8,No Prazo,Nenhuma
6326,20250325,21,6,13,1,1,23.2,1779.27,430,6.9,6.9,No Prazo,Nenhuma
6327,20250325,12,29,29,10,5,10.8,4365.28,930,15.0,19.7,Atrasado,Nenhuma
6328,20250325,20,29,14,1,5,4.1,2005.68,430,6.9,7.5,Atrasado,Nenhuma
6329,20250325,16,36,18,10,4,5.9,5651.1,930,15.0,14.3,No Prazo,Nenhuma
6330,20250325,7,37,28,2,5,5.9,1842.0,410,6.6,6.7,No Prazo,Nenhuma
6331,20250325,22,21,6,5,2,13.2,7927.15,1370,22.1,28.0,Atrasado,Nenhuma
6332,20250325,34,21,11,20,2,4.2,4947.76,930,15.0,15.0,No Prazo,Nenhuma
6333,20250325,12,28,15,18,5,12.5,2362.73,550,8.9,8.7,No Prazo,Pane Mecânica
6334,20250325,20,13,1,16,5,5.2,1327.03,315,5.1,4.7,No Prazo,Nenhuma
6335,20250325,7,37,10,17,5,3.7,561.15,100,1.6,1.6,No Prazo,Nenhuma
6336,20250325,42,37,5,4,5,4.3,3174.93,550,8.9,9.0,No Prazo,Nenhuma
6337,20250325,11,33,17,13,3,4.7,6666.16,1370,22.1,22.4,No Prazo,Nenhuma
6338,20250325,35,33,22,13,3,4.2,7046.7,1370,22.1,21.1,No Prazo,Nenhuma
6339,20250325,2,13,8,20,5,5.5,5569.92,930,15.0,14.8,No Prazo,Nenhuma
6340,20250325,41,7,16,19,3,29.6,1598.43,300,4.8,4.6,No Prazo,Nenhuma
6341,20250325,41,20,1,16,3,32.6,1743.13,315,5.1,5.1,No Prazo,Pane Mecânica
6342,20250325,33,15,1,1,1,19.6,2390.31,430,6.9,8.6,Atrasado,Nenhuma
6343,20250325,17,37,10,1,5,11.3,1830.49,430,6.9,7.0,No Prazo,Nenhuma
6344,20250325,16,10,4,4,4,5.5,2738.67,550,8.9,10.4,Atrasado,Pane Mecânica
6345,20250325,39,23,5,9,4,18.9,8558.0,1960,31.6,30.9,No Prazo,Atraso em Carga/Descarga
6346,20250325,25,37,26,5,5,10.0,6829.49,1370,22.1,20.6,No Prazo,Nenhuma
6347,20250325,4,27,21,17,1,4.1,402.45,100,1.6,2.1,Atrasado,Nenhuma
6348,20250326,4,6,2,12,1,4.5,3515.33,590,9.5,9.0,No Prazo,Nenhuma
6349,20250326,6,13,6,4,5,8.7,2850.94,550,8.9,8.7,No Prazo,Nenhuma
6350,20250326,33,2,24,6,1,17.2,4658.47,800,12.9,17.7,Atrasado,Problema Documental
6351,20250326,11,5,9,17,3,3.6,601.31,100,1.6,1.7,No Prazo,Atraso em Carga/Descarga
6352,20250326,30,10,2,7,4,39.1,974.18,210,3.4,3.4,No Prazo,Nenhuma
6353,20250326,36,15,11,3,1,5.6,3261.41,590,9.5,11.1,Atrasado,Nenhuma
6354,20250326,23,10,17,20,4,4.0,5524.0,930,15.0,14.1,No Prazo,Trânsito/Rota
6355,20250326,34,26,1,3,2,5.9,3098.56,590,9.5,11.6,Atrasado,Nenhuma
6356,20250326,11,4,4,5,3,4.5,6420.85,1370,22.1,21.5,No Prazo,Nenhuma
6357,20250326,33,27,8,1,1,23.2,2577.51,430,6.9,6.7,No Prazo,Nenhuma
6358,20250326,4,30,2,19,1,5.6,1630.45,300,4.8,6.4,Atrasado,Nenhuma
6359,20250326,9,16,28,10,2,33.8,5414.34,930,15.0,14.4,No Prazo,Nenhuma
6360,20250326,36,1,10,19,1,3.8,1345.99,300,4.8,5.0,No Prazo,Atraso em Carga/Descarga
6361,20250326,23,10,2,19,4,5.6,1506.31,300,4.8,4.7,No Prazo,Pane Mecânica
6362,20250326,7,29,17,8,5,5.5,4935.19,930,15.0,20.3,Atrasado,Problema Documental
6363,20250326,17,34,30,7,5,11.8,1060.59,210,3.4,3.4,No Prazo,Trânsito/Rota
6364,20250326,9,8,2,17,2,27.8,461.79,100,1.6,1.8,Atrasado,Nenhuma
6365,20250326,40,23,12,4,4,13.2,3009.06,550,8.9,11.7,Atrasado,Nenhuma
6366,20250327,42,13,6,15,5,5.4,1201.91,210,3.4,3.2,No Prazo,Nenhuma
6367,20250327,29,2,12,4,1,11.3,2770.29,550,8.9,10.5,Atrasado,Nenhuma
6368,20250327,41,31,1,9,3,33.9,9313.38,1960,31.6,33.0,No Prazo,Nenhuma
6369,20250327,3,37,4,2,5,5.2,2317.69,410,6.6,6.5,No Prazo,Nenhuma
6370,20250327,2,37,26,2,5,5.4,2063.31,410,6.6,7.7,Atrasado,Nenhuma
6371,20250327,31,6,21,5,1,36.3,6684.4,1370,22.1,28.8,Atrasado,Atraso em Carga/Descarga
6372,20250327,1,4,24,18,3,12.7,3032.73,550,8.9,8.8,No Prazo,Nenhuma
6373,20250327,34,21,28,10,2,4.4,3805.85,930,15.0,14.7,No Prazo,Nenhuma
6374,20250327,10,18,13,20,2,20.7,5003.8,930,15.0,15.5,No Prazo,Atraso em Carga/Descarga
6375,20250327,11,4,23,18,3,4.7,2491.12,550,8.9,8.8,No Prazo,Nenhuma
6376,20250327,10,21,15,15,2,19.4,1260.86,210,3.4,3.3,No Prazo,Nenhuma
6377,20250327,19,13,27,10,5,28.7,3786.34,930,15.0,14.3,No Prazo,Nenhuma
6378,20250327,3,37,3,1,5,5.0,1962.94,430,6.9,6.9,No Prazo,Nenhuma
6379,20250327,2,29,20,19,5,4.6,1226.22,300,4.8,5.0,No Prazo,Pane Mecânica
6380,20250327,31,22,27,16,1,41.6,1302.18,315,5.1,5.1,No Prazo,Trânsito/Rota
6381,20250327,34,26,14,5,2,4.4,8289.61,1370,22.1,20.3,No Prazo,Trânsito/Rota
6382,20250327,30,23,19,2,4,55.0,2040.91,410,6.6,6.4,No Prazo,Nenhuma
6383,20250327,33,30,30,11,1,17.3,2256.04,410,6.6,6.1,No Prazo,Nenhuma
6384,20250327,41,31,26,7,3,24.1,914.25,210,3.4,3.8,Atrasado,Nenhuma
6385,20250327,41,5,15,10,3,26.6,5208.74,930,15.0,15.0,No Prazo,Pane Mecânica
6386,20250328,3,34,27,4,5,4.5,2633.82,550,8.9,8.7,No Prazo,Nenhuma
6387,20250328,41,3,15,5,3,28.5,8089.34,1370,22.1,22.3,No Prazo,Trânsito/Rota
6388,20250328,33,2,24,9,1,23.5,8538.33,1960,31.6,31.5,No Prazo,Pane Mecânica
6389,20250328,40,24,16,10,4,12.9,5087.34,930,15.0,19.4,Atrasado,Trânsito/Rota
6390,20250328,38,13,17,4,5,56.7,2698.52,550,8.9,8.4,No Prazo,Nenhuma
6391,20250328,40,36,23,11,4,12.9,1671.85,410,6.6,6.1,No Prazo,Nenhuma
6392,20250328,7,17,14,8,5,3.7,4576.61,930,15.0,13.9,No Prazo,Nenhuma
6393,20250328,12,13,12,9,5,12.0,10949.22,1960,31.6,30.1,No Prazo,Nenhuma
6394,20250328,14,28,27,1,5,5.8,2549.8,430,6.9,9.0,Atrasado,Nenhuma
6395,20250328,35,7,1,7,3,4.5,1250.16,210,3.4,3.3,No Prazo,Problema Documental
6396,20250328,31,27,5,8,1,43.5,5152.22,930,15.0,21.3,Atrasado,Nenhuma
6397,20250328,5,30,12,11,1,27.9,2359.7,410,6.6,6.9,No Prazo,Nenhuma
6398,20250328,19,13,19,7,5,29.4,1268.28,210,3.4,3.2,No Prazo,Trânsito/Rota
6399,20250329,39,36,23,7,4,16.7,1126.4,210,3.4,3.4,No Prazo,Nenhuma
6400,20250329,12,35,4,17,5,10.9,559.67,100,1.6,1.7,No Prazo,Nenhuma
6401,20250329,6,35,10,3,5,11.5,3548.7,590,9.5,9.0,No Prazo,Trânsito/Rota
6402,20250329,36,1,25,7,1,5.7,1217.07,210,3.4,3.3,No Prazo,Nenhuma
6403,20250329,32,23,13,5,4,19.4,6637.01,1370,22.1,30.8,Atrasado,Nenhuma
6404,20250329,28,1,2,15,1,52.2,905.21,210,3.4,3.3,No Prazo,Nenhuma
6405,20250330,39,36,4,20,4,25.2,4817.48,930,15.0,15.2,No Prazo,Atraso em Carga/Descarga
6406,20250330,29,27,12,17,1,11.2,406.02,100,1.6,2.1,Atrasado,Nenhuma
6407,20250330,19,35,3,20,5,31.4,3721.21,930,15.0,21.6,Atrasado,Nenhuma
6408,20250330,28,30,20,14,1,55.8,4554.1,800,12.9,12.7,No Prazo,Nenhuma
6409,20250330,6,35,15,9,5,12.1,9822.07,1960,31.6,30.2,No Prazo,Nenhuma
6410,20250330,31,30,30,17,1,38.5,554.1,100,1.6,1.6,No Prazo,Nenhuma
6411,20250331,4,2,29,7,1,5.7,1125.26,210,3.4,4.0,Atrasado,Nenhuma
6412,20250331,1,3,15,13,3,13.5,6579.57,1370,22.1,21.7,No Prazo,Nenhuma
6413,20250331,36,27,27,4,1,4.0,2375.64,550,8.9,8.4,No Prazo,Nenhuma
6414,20250331,37,11,2,11,1,18.2,1893.71,410,6.6,6.1,No Prazo,Trânsito/Rota
6415,20250331,4,30,28,10,1,5.8,3935.17,930,15.0,14.0,No Prazo,Pane Mecânica
6416,20250331,3,29,21,14,5,4.9,4096.14,800,12.9,13.7,Atrasado,Nenhuma
6417,20250331,42,17,2,4,5,4.1,3235.66,550,8.9,8.8,No Prazo,Nenhuma
6418,20250331,34,14,26,12,2,4.8,2699.08,590,9.5,8.9,No Prazo,Atraso em Carga/Descarga
6419,20250331,8,27,11,3,1,13.6,2352.6,590,9.5,13.7,Atrasado,Nenhuma
6420,20250331,14,37,4,11,5,4.5,1949.1,410,6.6,7.5,Atrasado,Pane Mecânica
6421,20250331,13,20,16,20,3,37.7,4577.94,930,15.0,18.1,Atrasado,Nenhuma
6422,20250331,26,15,23,8,1,13.5,4151.1,930,15.0,15.0,No Prazo,Nenhuma
6423,20250331,15,15,20,10,1,55.5,4837.71,930,15.0,13.9,No Prazo,Atraso em Carga/Descarga
6424,20250401,34,26,13,11,2,4.6,1905.93,410,6.6,6.3,No Prazo,Pane Mecânica
6425,20250401,31,1,22,5,1,37.0,6919.9,1370,22.1,20.6,No Prazo,Nenhuma
6426,20250401,22,19,27,12,2,11.4,3351.89,590,9.5,11.5,Atrasado,Nenhuma
6427,20250401,25,17,1,2,5,9.5,1996.21,410,6.6,6.7,No Prazo,Nenhuma
6428,20250401,37,1,1,16,1,19.5,1700.26,315,5.1,7.3,Atrasado,Nenhuma
6429,20250401,28,30,3,16,1,55.9,1557.05,315,5.1,5.1,No Prazo,Nenhuma
6430,20250401,35,31,17,3,3,3.9,2794.86,590,9.5,13.5,Atrasado,Nenhuma
6431,20250401,7,17,20,11,5,4.7,2101.79,410,6.6,6.3,No Prazo,Atraso em Carga/Descarga
6432,20250401,1,33,16,12,3,12.7,2427.37,590,9.5,9.8,No Prazo,Nenhuma
6433,20250401,40,24,24,4,4,9.6,2827.83,550,8.9,9.0,No Prazo,Nenhuma
6434,20250401,28,6,2,2,1,51.7,1949.49,410,6.6,6.2,No Prazo,Nenhuma
6435,20250401,37,6,18,8,1,16.3,5051.87,930,15.0,21.3,Atrasado,Atraso em Carga/Descarga
6436,20250401,14,28,9,5,5,4.6,6093.43,1370,22.1,20.8,No Prazo,Nenhuma
6437,20250401,23,24,7,14,4,4.0,3834.6,800,12.9,13.5,No Prazo,Nenhuma
6438,20250401,9,19,8,6,2,29.7,3991.78,800,12.9,12.8,No Prazo,Trânsito/Rota
6439,20250401,13,5,25,8,3,51.9,5341.99,930,15.0,15.5,No Prazo,Nenhuma
6440,20250401,4,6,25,4,1,3.7,3029.16,550,8.9,8.5,No Prazo,Nenhuma
6441,20250401,30,23,16,14,4,48.6,3821.35,800,12.9,12.5,No Prazo,Nenhuma
6442,20250402,26,15,27,17,1,11.2,543.7,100,1.6,2.0,Atrasado,Nenhuma
6443,20250402,21,27,13,18,1,29.0,3290.8,550,8.9,8.9,No Prazo,Trânsito/Rota
6444,20250402,2,37,15,20,5,4.9,4583.77,930,15.0,15.5,No Prazo,Nenhuma
6445,20250402,40,10,12,5,4,12.8,7398.13,1370,22.1,24.8,Atrasado,Nenhuma
6446,20250402,34,26,23,1,2,4.3,2436.8,430,6.9,6.6,No Prazo,Nenhuma
6447,20250402,28,30,18,19,1,55.4,1507.77,300,4.8,4.8,No Prazo,Nenhuma
6448,20250402,31,30,1,9,1,40.7,10617.59,1960,31.6,31.6,No Prazo,Nenhuma
6449,20250402,19,13,6,16,5,24.0,1627.5,315,5.1,5.2,No Prazo,Nenhuma
6450,20250402,20,13,23,13,5,5.8,6645.56,1370,22.1,21.9,No Prazo,Nenhuma
6451,20250402,22,25,27,15,2,11.6,1274.39,210,3.4,3.5,No Prazo,Nenhuma
6452,20250402,8,11,2,19,1,9.8,1710.78,300,4.8,4.8,No Prazo,Trânsito/Rota
6453,20250402,19,29,26,16,5,31.6,1471.0,315,5.1,5.1,No Prazo,Nenhuma
6454,20250402,39,23,3,6,4,16.5,4451.77,800,12.9,12.0,No Prazo,Atraso em Carga/Descarga
6455,20250402,29,2,4,5,1,11.8,7206.15,1370,22.1,22.2,No Prazo,Nenhuma
6456,20250402,30,10,23,10,4,50.7,3887.01,930,15.0,14.1,No Prazo,Atraso em Carga/Descarga
6457,20250402,17,28,21,10,5,12.7,5227.46,930,15.0,14.0,No Prazo,Nenhuma
6458,20250402,25,35,7,2,5,13.3,1988.48,410,6.6,7.2,Atrasado,Pane Mecânica
6459,20250402,37,22,17,3,1,19.7,3060.74,590,9.5,9.6,No Prazo,Nenhuma
6460,20250402,5,11,12,13,1,23.4,8109.0,1370,22.1,21.7,No Prazo,Nenhuma
6461,20250402,12,17,11,9,5,13.9,9098.15,1960,31.6,32.0,No Prazo,Nenhuma
6462,20250402,38,37,28,10,5,53.2,4702.34,930,15.0,15.2,No Prazo,Nenhuma
6463,20250402,28,15,17,19,1,49.0,1564.75,300,4.8,4.7,No Prazo,Pane Mecânica
6464,20250402,8,1,19,20,1,13.6,4477.59,930,15.0,17.4,Atrasado,Nenhuma
6465,20250402,18,4,11,16,3,36.8,1520.72,315,5.1,5.7,Atrasado,Nenhuma
6466,20250403,28,11,15,11,1,45.3,2269.23,410,6.6,6.2,No Prazo,Trânsito/Rota
6467,20250403,12,17,29,4,5,12.1,2500.85,550,8.9,8.7,No Prazo,Nenhuma
6468,20250403,35,33,8,6,3,5.1,3958.99,800,12.9,12.1,No Prazo,Nenhuma
6469,20250403,29,30,11,3,1,11.0,2696.47,590,9.5,9.1,No Prazo,Nenhuma
6470,20250403,40,36,7,10,4,9.0,4688.03,930,15.0,17.3,Atrasado,Nenhuma
6471,20250403,12,35,13,9,5,11.4,8587.24,1960,31.6,29.9,No Prazo,Nenhuma
6472,20250403,41,3,8,8,3,33.3,4560.01,930,15.0,15.5,No Prazo,Nenhuma
6473,20250403,3,34,10,5,5,4.8,6739.9,1370,22.1,31.9,Atrasado,Nenhuma
6474,20250403,18,3,12,11,3,42.4,1920.88,410,6.6,6.6,No Prazo,Nenhuma
6475,20250403,33,15,2,10,1,21.5,5560.21,930,15.0,19.3,Atrasado,Nenhuma
6476,20250403,28,2,25,12,1,45.2,2962.75,590,9.5,8.8,No Prazo,Nenhuma
6477,20250403,5,11,19,9,1,34.4,9344.5,1960,31.6,32.5,No Prazo,Nenhuma
6478,20250403,15,22,12,8,1,44.1,4424.69,930,15.0,15.5,No Prazo,Nenhuma
6479,20250403,18,5,29,5,3,47.8,6622.83,1370,22.1,22.8,No Prazo,Nenhuma
6480,20250403,13,7,30,12,3,55.7,3379.77,590,9.5,9.3,No Prazo,Nenhuma
6481,20250403,34,18,12,14,2,4.2,3938.55,800,12.9,17.3,Atrasado,Trânsito/Rota
6482,20250403,35,3,3,3,3,5.2,2667.5,590,9.5,11.2,Atrasado,Pane Mecânica
6483,20250403,19,29,7,3,5,24.1,3176.53,590,9.5,9.8,No Prazo,Nenhuma
6484,20250403,25,13,26,5,5,13.0,5895.29,1370,22.1,20.6,No Prazo,Problema Documental
6485,20250403,35,7,22,13,3,4.5,7549.5,1370,22.1,23.8,Atrasado,Nenhuma
6486,20250403,2,37,3,17,5,5.1,533.15,100,1.6,2.2,Atrasado,Pane Mecânica
6487,20250403,23,36,26,15,4,3.8,1098.67,210,3.4,3.3,No Prazo,Atraso em Carga/Descarga
6488,20250403,37,6,25,14,1,20.6,3703.77,800,12.9,18.2,Atrasado,Nenhuma
6489,20250403,2,29,1,17,5,4.3,508.43,100,1.6,1.5,No Prazo,Trânsito/Rota
6490,20250403,4,11,11,13,1,5.2,7644.12,1370,22.1,20.9,No Prazo,Nenhuma
6491,20250403,8,1,8,20,1,11.1,5088.41,930,15.0,16.0,Atrasado,Nenhuma
6492,20250404,6,35,22,15,5,11.6,1020.55,210,3.4,4.9,Atrasado,Nenhuma
6493,20250404,16,23,23,2,4,4.8,1982.77,410,6.6,6.9,No Prazo,Nenhuma
6494,20250404,38,17,1,16,5,51.0,1350.63,315,5.1,5.3,No Prazo,Nenhuma
6495,20250404,11,20,13,20,3,5.5,4874.59,930,15.0,20.4,Atrasado,Nenhuma
6496,20250404,5,22,30,16,1,35.0,1594.13,315,5.1,5.4,Atrasado,Nenhuma
6497,20250404,41,3,7,2,3,31.5,2482.4,410,6.6,6.7,No Prazo,Nenhuma
6498,20250404,18,33,25,10,3,51.9,4316.0,930,15.0,19.4,Atrasado,Nenhuma
6499,20250404,36,15,14,2,1,5.2,2179.93,410,6.6,8.8,Atrasado,Nenhuma
6500,20250404,41,3,12,2,3,35.2,1800.41,410,6.6,9.4,Atrasado,Nenhuma
6501,20250404,38,28,8,15,5,48.7,1190.61,210,3.4,4.2,Atrasado,Pane Mecânica
6502,20250404,33,2,14,11,1,24.7,2240.22,410,6.6,7.3,Atrasado,Pane Mecânica
6503,20250404,3,17,28,2,5,4.6,2230.35,410,6.6,7.1,Atrasado,Nenhuma
6504,20250404,13,5,14,16,3,44.3,1532.33,315,5.1,4.8,No Prazo,Nenhuma
6505,20250404,14,13,9,6,5,3.8,4084.54,800,12.9,12.1,No Prazo,Nenhuma
6506,20250404,33,6,5,7,1,20.0,1152.19,210,3.4,3.5,No Prazo,Nenhuma
6507,20250404,9,21,26,5,2,26.4,6791.07,1370,22.1,21.7,No Prazo,Nenhuma
6508,20250404,1,3,8,4,3,8.9,3154.46,550,8.9,10.2,Atrasado,Nenhuma
6509,20250404,27,17,27,6,5,42.2,4023.4,800,12.9,13.5,No Prazo,Nenhuma
6510,20250404,30,24,16,18,4,38.9,2411.99,550,8.9,11.8,Atrasado,Nenhuma
6511,20250404,6,12,26,4,5,8.5,3055.93,550,8.9,10.3,Atrasado,Nenhuma
6512,20250404,4,1,11,3,1,5.2,2793.47,590,9.5,9.7,No Prazo,Trânsito/Rota
6513,20250404,19,13,19,12,5,34.9,3184.2,590,9.5,9.6,No Prazo,Pane Mecânica
6514,20250404,33,6,4,16,1,17.9,1403.09,315,5.1,5.8,Atrasado,Nenhuma
6515,20250404,17,37,8,9,5,9.3,11667.76,1960,31.6,30.2,No Prazo,Nenhuma
6516,20250404,20,29,14,11,5,4.9,2189.21,410,6.6,6.5,No Prazo,Nenhuma
6517,20250404,26,30,8,20,1,10.5,3662.28,930,15.0,15.1,No Prazo,Nenhuma
6518,20250405,21,15,16,7,1,36.0,983.36,210,3.4,3.2,No Prazo,Nenhuma
6519,20250405,7,34,14,2,5,5.2,2384.4,410,6.6,6.4,No Prazo,Nenhuma
6520,20250405,24,32,13,8,4,56.0,4691.94,930,15.0,14.8,No Prazo,Nenhuma
6521,20250405,8,6,5,19,1,11.9,1738.1,300,4.8,4.8,No Prazo,Nenhuma
6522,20250405,38,35,13,6,5,45.5,3844.57,800,12.9,12.9,No Prazo,Nenhuma
6523,20250405,17,34,20,11,5,13.1,1838.44,410,6.6,6.5,No Prazo,Nenhuma
6524,20250405,17,35,16,14,5,9.9,4735.57,800,12.9,12.2,No Prazo,Nenhuma
6525,20250406,9,21,26,19,2,28.9,1648.94,300,4.8,4.7,No Prazo,Nenhuma
6526,20250406,36,11,26,8,1,5.1,4094.57,930,15.0,14.4,No Prazo,Nenhuma
6527,20250406,23,24,9,15,4,4.4,1028.32,210,3.4,4.3,Atrasado,Nenhuma
6528,20250406,25,35,21,15,5,11.2,909.46,210,3.4,3.9,Atrasado,Nenhuma
6529,20250406,26,1,8,14,1,13.9,4123.08,800,12.9,13.2,No Prazo,Nenhuma
6530,20250406,14,34,22,8,5,4.3,4864.07,930,15.0,19.5,Atrasado,Nenhuma
6531,20250407,3,29,29,11,5,5.7,1997.23,410,6.6,6.8,No Prazo,Pane Mecânica
6532,20250407,18,20,14,1,3,52.1,1901.39,430,6.9,6.9,No Prazo,Nenhuma
6533,20250407,8,1,26,17,1,13.4,575.4,100,1.6,2.2,Atrasado,Nenhuma
6534,20250407,36,27,18,4,1,3.6,2282.51,550,8.9,8.8,No Prazo,Nenhuma
6535,20250407,21,15,16,2,1,35.1,2220.93,410,6.6,6.1,No Prazo,Trânsito/Rota
6536,20250407,41,31,29,5,3,35.3,7694.13,1370,22.1,20.8,No Prazo,Nenhuma
6537,20250407,13,3,17,9,3,48.6,11619.06,1960,31.6,32.9,No Prazo,Nenhuma
6538,20250407,7,17,10,5,5,5.2,7887.57,1370,22.1,22.9,No Prazo,Nenhuma
6539,20250407,4,30,30,18,1,4.7,2345.65,550,8.9,10.0,Atrasado,Nenhuma
6540,20250407,22,26,17,6,2,12.8,3942.23,800,12.9,12.6,No Prazo,Nenhuma
6541,20250407,9,38,12,8,2,25.1,4110.93,930,15.0,15.1,No Prazo,Nenhuma
6542,20250407,41,5,9,16,3,33.8,1382.75,315,5.1,4.9,No Prazo,Atraso em Carga/Descarga
6543,20250407,9,8,20,12,2,30.7,3600.74,590,9.5,9.5,No Prazo,Nenhuma
6544,20250408,12,28,5,6,5,10.0,4960.17,800,12.9,12.1,No Prazo,Nenhuma
6545,20250408,1,20,3,5,3,13.7,5701.43,1370,22.1,25.4,Atrasado,Nenhuma
6546,20250408,11,5,12,9,3,4.9,7973.31,1960,31.6,29.5,No Prazo,Nenhuma
6547,20250408,41,3,16,7,3,27.4,1074.77,210,3.4,3.2,No Prazo,Nenhuma
6548,20250408,34,38,5,18,2,4.6,2267.31,550,8.9,8.3,No Prazo,Nenhuma
6549,20250408,30,24,3,11,4,51.1,2089.1,410,6.6,6.4,No Prazo,Nenhuma
6550,20250408,39,32,30,16,4,21.2,1438.67,315,5.1,4.9,No Prazo,Nenhuma
6551,20250408,21,2,22,20,1,25.7,5720.41,930,15.0,14.2,No Prazo,Nenhuma
6552,20250408,10,25,22,13,2,19.9,6456.18,1370,22.1,22.8,No Prazo,Trânsito/Rota
6553,20250408,36,1,30,10,1,5.6,4610.08,930,15.0,20.1,Atrasado,Nenhuma
6554,20250408,19,28,19,14,5,29.3,4562.07,800,12.9,11.9,No Prazo,Nenhuma
6555,20250408,18,33,23,16,3,48.2,1817.61,315,5.1,4.9,No Prazo,Nenhuma
6556,20250408,2,35,20,3,5,4.3,3484.05,590,9.5,9.1,No Prazo,Nenhuma
6557,20250408,20,17,3,10,5,3.7,4358.37,930,15.0,15.4,No Prazo,Nenhuma
6558,20250408,16,36,4,14,4,5.6,4108.65,800,12.9,15.3,Atrasado,Nenhuma
6559,20250408,31,6,29,14,1,54.1,3551.22,800,12.9,17.2,Atrasado,Nenhuma
6560,20250408,11,31,23,3,3,5.7,2903.25,590,9.5,9.5,No Prazo,Nenhuma
6561,20250408,28,11,21,1,1,36.7,2465.55,430,6.9,7.4,Atrasado,Nenhuma
6562,20250408,32,24,20,8,4,20.5,3865.97,930,15.0,16.2,Atrasado,Nenhuma
6563,20250408,41,33,20,13,3,26.2,5996.91,1370,22.1,22.8,No Prazo,Nenhuma
6564,20250408,32,10,9,9,4,22.8,10118.64,1960,31.6,30.2,No Prazo,Nenhuma
6565,20250408,35,7,19,8,3,5.0,4989.82,930,15.0,14.3,No Prazo,Nenhuma
6566,20250409,3,35,12,16,5,5.7,1425.57,315,5.1,4.7,No Prazo,Nenhuma
6567,20250409,26,30,5,6,1,11.1,4144.32,800,12.9,12.8,No Prazo,Nenhuma
6568,20250409,2,13,24,16,5,4.8,1399.23,315,5.1,5.0,No Prazo,Nenhuma
6569,20250409,38,34,7,14,5,43.1,4532.86,800,12.9,12.3,No Prazo,Nenhuma
6570,20250409,33,27,4,1,1,26.3,2020.46,430,6.9,8.8,Atrasado,Nenhuma
6571,20250409,33,11,8,2,1,25.9,1934.34,410,6.6,6.4,No Prazo,Nenhuma
6572,20250409,15,6,26,9,1,56.9,11541.32,1960,31.6,30.9,No Prazo,Nenhuma
6573,20250409,6,37,4,5,5,12.1,5662.87,1370,22.1,22.4,No Prazo,Atraso em Carga/Descarga
6574,20250409,31,22,19,11,1,40.5,2179.6,410,6.6,6.3,No Prazo,Pane Mecânica
6575,20250409,21,11,6,17,1,26.8,542.27,100,1.6,2.2,Atrasado,Nenhuma
6576,20250409,16,36,16,11,4,4.7,1968.68,410,6.6,6.6,No Prazo,Nenhuma
6577,20250409,38,13,22,12,5,52.7,2548.03,590,9.5,11.6,Atrasado,Nenhuma
6578,20250409,36,2,16,2,1,6.0,1692.08,410,6.6,9.1,Atrasado,Nenhuma
6579,20250410,14,29,19,11,5,4.8,1686.7,410,6.6,9.1,Atrasado,Nenhuma
6580,20250410,8,22,23,12,1,13.5,3019.83,590,9.5,11.1,Atrasado,Nenhuma
6581,20250410,34,14,19,13,2,5.4,7418.68,1370,22.1,22.1,No Prazo,Nenhuma
6582,20250410,26,1,23,18,1,9.8,2422.82,550,8.9,12.9,Atrasado,Nenhuma
6583,20250410,22,21,13,6,2,13.9,4298.13,800,12.9,13.3,No Prazo,Nenhuma
6584,20250410,12,35,24,6,5,8.5,4231.82,800,12.9,13.9,Atrasado,Nenhuma
6585,20250410,41,31,29,2,3,35.8,1809.78,410,6.6,6.8,No Prazo,Nenhuma
6586,20250410,18,4,7,5,3,48.8,7793.22,1370,22.1,22.5,No Prazo,Nenhuma
6587,20250410,24,32,23,12,4,53.2,2850.52,590,9.5,9.8,No Prazo,Nenhuma
6588,20250410,42,17,29,14,5,5.9,3796.91,800,12.9,16.5,Atrasado,Nenhuma
6589,20250410,22,9,13,18,2,12.2,2550.3,550,8.9,9.0,No Prazo,Atraso em Carga/Descarga
6590,20250410,22,26,6,13,2,10.2,6715.5,1370,22.1,21.0,No Prazo,Nenhuma
6591,20250410,32,32,24,1,4,20.1,2375.36,430,6.9,6.7,No Prazo,Nenhuma
6592,20250411,35,5,8,10,3,4.6,5271.37,930,15.0,15.0,No Prazo,Nenhuma
6593,20250411,41,33,16,18,3,26.1,3293.28,550,8.9,9.2,No Prazo,Trânsito/Rota
6594,20250411,41,31,19,8,3,36.0,4061.4,930,15.0,13.9,No Prazo,Nenhuma
6595,20250411,34,26,21,3,2,5.7,3235.59,590,9.5,9.5,No Prazo,Nenhuma
6596,20250411,3,28,28,17,5,3.9,583.71,100,1.6,1.7,Atrasado,Nenhuma
6597,20250411,20,17,13,14,5,4.3,4273.62,800,12.9,12.9,No Prazo,Nenhuma
6598,20250411,3,37,15,6,5,5.4,3740.61,800,12.9,13.2,No Prazo,Nenhuma
6599,20250411,6,35,28,9,5,11.3,7708.64,1960,31.6,30.5,No Prazo,Nenhuma
6600,20250411,24,32,16,20,4,40.5,4157.3,930,15.0,16.5,Atrasado,Nenhuma
6601,20250411,25,35,9,7,5,12.7,989.76,210,3.4,3.8,Atrasado,Atraso em Carga/Descarga
6602,20250411,17,35,8,4,5,11.0,2317.0,550,8.9,8.5,No Prazo,Nenhuma
6603,20250411,11,3,24,4,3,5.8,2996.7,550,8.9,10.2,Atrasado,Nenhuma
6604,20250411,7,29,3,16,5,4.2,1405.52,315,5.1,5.2,No Prazo,Nenhuma
6605,20250411,34,19,22,13,2,5.0,7025.22,1370,22.1,20.4,No Prazo,Nenhuma
6606,20250411,13,4,22,10,3,39.3,3797.83,930,15.0,15.1,No Prazo,Nenhuma
6607,20250411,13,5,20,16,3,50.6,1363.59,315,5.1,5.7,Atrasado,Trânsito/Rota
6608,20250411,37,22,22,4,1,16.7,3162.89,550,8.9,8.4,No Prazo,Nenhuma
6609,20250411,38,35,27,5,5,46.1,7616.3,1370,22.1,29.9,Atrasado,Nenhuma
6610,20250411,1,4,23,16,3,10.8,1763.05,315,5.1,5.0,No Prazo,Nenhuma
6611,20250411,9,8,20,11,2,25.4,1613.93,410,6.6,6.2,No Prazo,Nenhuma
6612,20250411,32,24,15,14,4,20.7,4618.2,800,12.9,13.5,No Prazo,Problema Documental
6613,20250411,28,30,17,10,1,42.7,3671.06,930,15.0,14.1,No Prazo,Atraso em Carga/Descarga
6614,20250411,34,26,17,17,2,5.4,580.7,100,1.6,1.5,No Prazo,Trânsito/Rota
6615,20250411,3,13,29,12,5,4.3,3467.51,590,9.5,9.2,No Prazo,Nenhuma
6616,20250412,25,37,12,11,5,12.3,2051.88,410,6.6,6.9,No Prazo,Problema Documental
6617,20250412,21,15,4,8,1,30.9,4649.77,930,15.0,19.9,Atrasado,Trânsito/Rota
6618,20250412,26,22,9,17,1,9.8,462.68,100,1.6,1.7,No Prazo,Pane Mecânica
6619,20250412,24,23,17,2,4,50.3,2248.72,410,6.6,9.2,Atrasado,Nenhuma
6620,20250412,16,10,23,18,4,5.6,2789.71,550,8.9,12.1,Atrasado,Nenhuma
6621,20250412,7,37,3,5,5,5.4,6165.91,1370,22.1,22.1,No Prazo,Atraso em Carga/Descarga
6622,20250412,6,13,4,14,5,9.3,3351.69,800,12.9,17.0,Atrasado,Pane Mecânica
6623,20250412,25,29,19,3,5,12.7,3407.83,590,9.5,10.6,Atrasado,Nenhuma
6624,20250413,23,36,16,4,4,4.5,2356.19,550,8.9,9.0,No Prazo,Atraso em Carga/Descarga
6625,20250413,26,27,6,1,1,8.6,2372.74,430,6.9,7.9,Atrasado,Nenhuma
6626,20250413,9,9,23,8,2,27.2,3815.71,930,15.0,17.1,Atrasado,Nenhuma
6627,20250413,30,24,3,17,4,48.3,406.62,100,1.6,1.7,No Prazo,Nenhuma
6628,20250413,40,10,26,4,4,10.1,2441.6,550,8.9,9.1,No Prazo,Nenhuma
6629,20250413,26,22,23,6,1,8.7,3790.44,800,12.9,12.5,No Prazo,Nenhuma
6630,20250413,37,1,10,10,1,26.5,5355.99,930,15.0,13.9,No Prazo,Nenhuma
6631,20250413,28,30,10,8,1,48.2,3813.15,930,15.0,14.8,No Prazo,Nenhuma
6632,20250413,12,35,27,5,5,12.2,7891.8,1370,22.1,31.1,Atrasado,Nenhuma
6633,20250413,10,18,23,3,2,21.8,2708.48,590,9.5,9.8,No Prazo,Nenhuma
6634,20250414,23,24,5,12,4,4.3,3385.23,590,9.5,9.2,No Prazo,Nenhuma
6635,20250414,28,1,25,8,1,56.4,4711.02,930,15.0,14.9,No Prazo,Nenhuma
6636,20250414,20,28,14,10,5,4.2,5018.88,930,15.0,16.7,Atrasado,Nenhuma
6637,20250414,22,18,13,3,2,9.5,2980.11,590,9.5,10.0,No Prazo,Trânsito/Rota
6638,20250414,8,15,26,6,1,9.6,4309.4,800,12.9,14.0,Atrasado,Nenhuma
6639,20250414,4,1,22,1,1,5.2,2236.1,430,6.9,7.1,No Prazo,Nenhuma
6640,20250414,5,30,27,19,1,22.9,1559.72,300,4.8,5.7,Atrasado,Nenhuma
6641,20250414,18,7,29,1,3,45.9,2326.47,430,6.9,6.8,No Prazo,Atraso em Carga/Descarga
6642,20250414,42,37,26,3,5,3.8,3076.74,590,9.5,8.9,No Prazo,Nenhuma
6643,20250414,8,15,19,4,1,13.7,3058.74,550,8.9,8.6,No Prazo,Nenhuma
6644,20250414,39,10,1,18,4,21.0,2578.32,550,8.9,8.4,No Prazo,Nenhuma
6645,20250414,11,31,10,17,3,4.8,442.07,100,1.6,1.5,No Prazo,Nenhuma
6646,20250414,2,13,30,17,5,3.9,573.84,100,1.6,1.7,No Prazo,Nenhuma
6647,20250414,25,12,14,16,5,11.8,1374.2,315,5.1,4.9,No Prazo,Nenhuma
6648,20250415,29,30,26,6,1,13.2,3484.69,800,12.9,12.8,No Prazo,Nenhuma
6649,20250415,7,12,5,4,5,4.4,2238.95,550,8.9,12.3,Atrasado,Nenhuma
6650,20250415,20,28,27,10,5,5.2,4044.84,930,15.0,15.5,No Prazo,Nenhuma
6651,20250415,26,22,4,20,1,9.5,4748.54,930,15.0,15.7,No Prazo,Nenhuma
6652,20250415,9,8,23,17,2,34.8,536.51,100,1.6,2.2,Atrasado,Nenhuma
6653,20250415,3,13,19,16,5,3.8,1798.16,315,5.1,4.7,No Prazo,Nenhuma
6654,20250415,37,30,14,13,1,25.0,5664.26,1370,22.1,21.7,No Prazo,Nenhuma
6655,20250415,28,2,26,2,1,51.1,1998.14,410,6.6,6.5,No Prazo,Nenhuma
6656,20250415,42,12,17,3,5,5.6,2687.96,590,9.5,10.9,Atrasado,Atraso em Carga/Descarga
6657,20250415,16,36,23,8,4,4.5,3955.4,930,15.0,14.1,No Prazo,Atraso em Carga/Descarga
6658,20250415,6,13,7,14,5,8.6,4593.71,800,12.9,12.1,No Prazo,Nenhuma
6659,20250415,37,30,4,15,1,25.7,960.56,210,3.4,4.1,Atrasado,Nenhuma
6660,20250415,40,32,15,1,4,12.1,1760.07,430,6.9,7.1,No Prazo,Atraso em Carga/Descarga
6661,20250415,20,17,8,20,5,5.6,5086.56,930,15.0,18.7,Atrasado,Nenhuma
6662,20250415,17,12,11,19,5,13.1,1437.36,300,4.8,4.6,No Prazo,Nenhuma
6663,20250416,40,23,15,4,4,9.6,2692.03,550,8.9,9.3,No Prazo,Nenhuma
6664,20250416,15,6,2,2,1,38.8,2167.99,410,6.6,7.0,Atrasado,Nenhuma
6665,20250416,36,2,30,14,1,5.5,3682.15,800,12.9,12.7,No Prazo,Nenhuma
6666,20250416,30,23,16,5,4,50.5,6548.06,1370,22.1,21.5,No Prazo,Nenhuma
6667,20250416,15,2,23,15,1,53.1,870.67,210,3.4,4.8,Atrasado,Nenhuma
6668,20250416,20,12,3,9,5,5.6,10093.41,1960,31.6,30.3,No Prazo,Trânsito/Rota
6669,20250416,36,22,14,7,1,4.3,884.76,210,3.4,3.4,No Prazo,Nenhuma
6670,20250416,2,28,28,18,5,3.9,2324.52,550,8.9,9.8,Atrasado,Nenhuma
6671,20250416,37,15,6,2,1,26.3,1719.26,410,6.6,7.3,Atrasado,Nenhuma
6672,20250416,22,21,4,6,2,10.4,3903.05,800,12.9,17.4,Atrasado,Atraso em Carga/Descarga
6673,20250416,30,32,10,1,4,43.1,2493.71,430,6.9,6.4,No Prazo,Nenhuma
6674,20250416,17,13,27,19,5,13.4,1622.81,300,4.8,5.0,No Prazo,Nenhuma
6675,20250417,5,1,17,4,1,36.9,3070.92,550,8.9,8.8,No Prazo,Nenhuma
6676,20250417,5,2,23,2,1,31.6,2359.8,410,6.6,7.4,Atrasado,Nenhuma
6677,20250417,29,6,29,1,1,8.4,2561.59,430,6.9,7.5,Atrasado,Nenhuma
6678,20250417,35,33,5,11,3,4.1,2252.4,410,6.6,6.4,No Prazo,Nenhuma
6679,20250417,4,6,10,1,1,4.2,2456.14,430,6.9,7.0,No Prazo,Nenhuma
6680,20250417,17,17,26,11,5,13.5,2514.76,410,6.6,6.1,No Prazo,Nenhuma
6681,20250417,25,35,15,19,5,11.7,1493.87,300,4.8,5.2,Atrasado,Nenhuma
6682,20250417,6,34,15,11,5,13.4,2497.81,410,6.6,6.5,No Prazo,Atraso em Carga/Descarga
6683,20250417,17,13,28,6,5,10.8,4502.65,800,12.9,12.1,No Prazo,Nenhuma
6684,20250417,6,13,21,1,5,10.7,1914.16,430,6.9,6.9,No Prazo,Atraso em Carga/Descarga
6685,20250417,21,2,22,6,1,26.1,3358.28,800,12.9,12.6,No Prazo,Nenhuma
6686,20250417,23,36,5,20,4,3.7,5244.06,930,15.0,14.0,No Prazo,Nenhuma
6687,20250417,13,3,21,1,3,44.0,1866.68,430,6.9,7.2,No Prazo,Nenhuma
6688,20250417,5,6,29,18,1,31.9,2502.11,550,8.9,8.4,No Prazo,Nenhuma
6689,20250417,7,12,19,8,5,3.7,4726.04,930,15.0,14.5,No Prazo,Nenhuma
6690,20250417,13,3,28,20,3,36.4,4438.42,930,15.0,14.5,No Prazo,Nenhuma
6691,20250417,35,33,22,16,3,4.9,1611.27,315,5.1,4.8,No Prazo,Trânsito/Rota
6692,20250418,15,15,18,18,1,43.5,2794.47,550,8.9,12.8,Atrasado,Trânsito/Rota
6693,20250418,17,28,29,11,5,11.4,2285.95,410,6.6,6.4,No Prazo,Atraso em Carga/Descarga
6694,20250418,27,35,12,20,5,37.3,4036.15,930,15.0,14.6,No Prazo,Nenhuma
6695,20250418,32,36,22,10,4,25.2,5510.77,930,15.0,15.4,No Prazo,Nenhuma
6696,20250418,15,6,10,3,1,41.7,2402.57,590,9.5,9.7,No Prazo,Nenhuma
6697,20250418,14,29,13,2,5,5.7,2323.97,410,6.6,9.1,Atrasado,Nenhuma
6698,20250418,32,32,15,13,4,22.3,6776.33,1370,22.1,28.4,Atrasado,Nenhuma
6699,20250418,13,4,2,4,3,44.0,2257.47,550,8.9,9.1,No Prazo,Nenhuma
6700,20250418,29,30,9,7,1,9.7,1090.26,210,3.4,3.2,No Prazo,Nenhuma
6701,20250418,24,10,25,15,4,55.6,1153.36,210,3.4,4.1,Atrasado,Nenhuma
6702,20250418,40,23,23,1,4,11.4,2642.82,430,6.9,7.1,No Prazo,Nenhuma
6703,20250418,42,12,22,2,5,4.4,2028.46,410,6.6,6.9,No Prazo,Nenhuma
6704,20250418,13,33,13,16,3,53.8,1469.04,315,5.1,5.3,No Prazo,Nenhuma
6705,20250418,23,10,17,10,4,4.9,5100.88,930,15.0,17.6,Atrasado,Nenhuma
6706,20250418,3,12,10,6,5,4.6,4109.73,800,12.9,13.0,No Prazo,Trânsito/Rota
6707,20250418,5,6,8,12,1,30.8,3213.38,590,9.5,9.8,No Prazo,Trânsito/Rota
6708,20250418,27,12,12,4,5,47.4,2247.66,550,8.9,9.3,No Prazo,Nenhuma
6709,20250418,28,30,14,15,1,42.1,1087.44,210,3.4,3.5,No Prazo,Problema Documental
6710,20250418,27,29,24,15,5,54.5,952.14,210,3.4,3.2,No Prazo,Nenhuma
6711,20250418,3,35,2,18,5,4.2,3189.16,550,8.9,9.1,No Prazo,Nenhuma
6712,20250418,9,18,1,18,2,28.5,2682.9,550,8.9,8.8,No Prazo,Nenhuma
6713,20250418,40,32,17,14,4,10.7,3507.52,800,12.9,12.3,No Prazo,Nenhuma
6714,20250418,41,20,27,11,3,33.4,1888.82,410,6.6,6.6,No Prazo,Problema Documental
6715,20250418,33,22,7,4,1,19.7,2624.41,550,8.9,9.8,Atrasado,Atraso em Carga/Descarga
6716,20250418,22,38,15,15,2,8.8,921.61,210,3.4,4.1,Atrasado,Nenhuma
6717,20250418,5,1,9,11,1,25.6,2487.91,410,6.6,6.8,No Prazo,Nenhuma
6718,20250419,14,35,23,13,5,5.1,7015.4,1370,22.1,28.8,Atrasado,Nenhuma
6719,20250419,38,34,17,4,5,44.9,2292.54,550,8.9,8.5,No Prazo,Nenhuma
6720,20250419,33,27,14,20,1,21.0,4950.68,930,15.0,13.9,No Prazo,Nenhuma
6721,20250419,16,23,11,13,4,3.8,7955.48,1370,22.1,21.3,No Prazo,Nenhuma
6722,20250419,17,28,3,16,5,12.4,1816.17,315,5.1,4.8,No Prazo,Nenhuma
6723,20250419,21,27,29,19,1,37.0,1553.03,300,4.8,4.7,No Prazo,Nenhuma
6724,20250419,25,17,9,16,5,11.4,1866.49,315,5.1,6.0,Atrasado,Nenhuma
6725,20250419,5,11,10,11,1,36.5,2476.89,410,6.6,6.3,No Prazo,Trânsito/Rota
6726,20250419,37,1,19,14,1,26.9,3227.35,800,12.9,12.8,No Prazo,Nenhuma
6727,20250419,39,23,15,18,4,20.6,2522.46,550,8.9,8.8,No Prazo,Nenhuma
6728,20250420,29,22,19,20,1,9.9,4557.3,930,15.0,15.1,No Prazo,Nenhuma
6729,20250420,8,11,28,8,1,12.5,5332.36,930,15.0,16.0,Atrasado,Nenhuma
6730,20250420,39,23,17,14,4,16.7,4496.29,800,12.9,16.2,Atrasado,Nenhuma
6731,20250420,15,27,25,9,1,51.3,10291.77,1960,31.6,43.4,Atrasado,Nenhuma
6732,20250420,16,10,9,18,4,4.9,2318.72,550,8.9,9.0,No Prazo,Nenhuma
6733,20250420,41,20,28,17,3,36.1,498.18,100,1.6,2.2,Atrasado,Nenhuma
6734,20250420,40,32,4,12,4,11.6,3193.51,590,9.5,9.9,No Prazo,Nenhuma
6735,20250420,4,6,17,15,1,5.0,960.94,210,3.4,3.3,No Prazo,Nenhuma
6736,20250421,3,12,16,15,5,5.5,1147.76,210,3.4,3.4,No Prazo,Nenhuma
6737,20250421,29,11,16,10,1,10.7,4555.12,930,15.0,14.7,No Prazo,Nenhuma
6738,20250421,41,33,28,3,3,36.6,2913.16,590,9.5,13.5,Atrasado,Nenhuma
6739,20250421,1,7,12,9,3,9.1,10770.11,1960,31.6,43.1,Atrasado,Nenhuma
6740,20250421,27,17,17,18,5,35.9,2532.4,550,8.9,8.6,No Prazo,Nenhuma
6741,20250421,25,35,22,15,5,9.8,1182.05,210,3.4,3.2,No Prazo,Nenhuma
6742,20250421,14,29,7,16,5,4.2,1521.87,315,5.1,6.9,Atrasado,Nenhuma
6743,20250421,23,23,28,17,4,3.6,496.47,100,1.6,2.0,Atrasado,Nenhuma
6744,20250421,20,35,14,18,5,5.3,2511.14,550,8.9,9.0,No Prazo,Nenhuma
6745,20250421,27,12,11,1,5,36.2,2059.79,430,6.9,6.9,No Prazo,Nenhuma
6746,20250421,11,33,3,15,3,5.1,1103.82,210,3.4,4.4,Atrasado,Atraso em Carga/Descarga
6747,20250421,27,12,15,17,5,56.9,579.09,100,1.6,2.2,Atrasado,Pane Mecânica
6748,20250422,34,18,7,4,2,5.9,2328.37,550,8.9,8.9,No Prazo,Nenhuma
6749,20250422,37,22,30,20,1,24.6,4959.09,930,15.0,15.7,No Prazo,Nenhuma
6750,20250422,22,18,27,8,2,10.9,5078.21,930,15.0,15.5,No Prazo,Nenhuma
6751,20250422,32,10,22,19,4,20.9,1793.84,300,4.8,5.4,Atrasado,Problema Documental
6752,20250422,32,10,24,14,4,25.0,3881.49,800,12.9,12.8,No Prazo,Nenhuma
6753,20250422,7,13,26,5,5,3.7,5930.7,1370,22.1,20.8,No Prazo,Trânsito/Rota
6754,20250422,39,36,3,3,4,16.2,2632.99,590,9.5,13.3,Atrasado,Nenhuma
6755,20250422,6,28,18,12,5,11.5,3143.64,590,9.5,9.1,No Prazo,Nenhuma
6756,20250422,27,29,28,17,5,38.4,567.24,100,1.6,2.0,Atrasado,Nenhuma
6757,20250422,15,2,24,12,1,55.3,3194.08,590,9.5,9.9,No Prazo,Nenhuma
6758,20250422,20,17,13,8,5,4.6,5205.28,930,15.0,14.4,No Prazo,Nenhuma
6759,20250422,38,17,15,1,5,39.7,2294.21,430,6.9,6.7,No Prazo,Nenhuma
6760,20250422,33,22,28,7,1,17.0,1028.27,210,3.4,3.6,No Prazo,Nenhuma
6761,20250422,18,33,29,13,3,55.4,6072.7,1370,22.1,30.6,Atrasado,Nenhuma
6762,20250422,14,17,29,19,5,3.8,1680.58,300,4.8,4.7,No Prazo,Nenhuma
6763,20250422,36,15,2,20,1,4.8,4760.83,930,15.0,14.3,No Prazo,Nenhuma
6764,20250422,22,18,22,17,2,9.7,442.12,100,1.6,2.0,Atrasado,Nenhuma
6765,20250422,42,17,19,15,5,4.7,1019.58,210,3.4,3.9,Atrasado,Nenhuma
6766,20250422,36,2,27,6,1,6.0,3198.92,800,12.9,11.9,No Prazo,Nenhuma
6767,20250422,15,30,17,7,1,53.5,1010.73,210,3.4,3.3,No Prazo,Nenhuma
6768,20250422,34,16,7,9,2,5.1,11063.98,1960,31.6,29.4,No Prazo,Nenhuma
6769,20250422,31,11,25,11,1,36.7,1630.91,410,6.6,7.5,Atrasado,Nenhuma
6770,20250422,25,28,11,20,5,10.0,4314.76,930,15.0,20.1,Atrasado,Nenhuma
6771,20250422,17,13,29,8,5,9.6,4303.74,930,15.0,15.5,No Prazo,Nenhuma
6772,20250422,7,13,26,7,5,3.6,1130.74,210,3.4,3.6,Atrasado,Nenhuma
6773,20250423,19,13,9,1,5,31.3,2338.27,430,6.9,6.8,No Prazo,Nenhuma
6774,20250423,26,22,15,19,1,11.2,1537.33,300,4.8,4.5,No Prazo,Nenhuma
6775,20250423,22,21,28,4,2,9.3,2704.9,550,8.9,8.6,No Prazo,Nenhuma
6776,20250423,14,37,28,20,5,5.7,4491.61,930,15.0,14.7,No Prazo,Nenhuma
6777,20250423,26,22,6,7,1,9.6,877.36,210,3.4,3.5,No Prazo,Nenhuma
6778,20250423,11,3,30,7,3,5.4,844.43,210,3.4,3.5,No Prazo,Problema Documental
6779,20250423,42,37,9,15,5,4.7,1081.23,210,3.4,4.0,Atrasado,Nenhuma
6780,20250423,9,18,30,5,2,28.2,7826.37,1370,22.1,30.6,Atrasado,Nenhuma
6781,20250423,23,36,3,8,4,5.9,4781.48,930,15.0,15.7,No Prazo,Nenhuma
6782,20250423,9,14,3,10,2,28.2,5055.44,930,15.0,14.5,No Prazo,Nenhuma
6783,20250423,17,35,27,18,5,12.3,2243.3,550,8.9,9.1,No Prazo,Trânsito/Rota
6784,20250423,19,35,6,8,5,34.3,5595.99,930,15.0,14.4,No Prazo,Pane Mecânica
6785,20250423,42,34,13,3,5,4.2,3258.72,590,9.5,9.7,No Prazo,Nenhuma
6786,20250423,41,3,19,1,3,22.5,1985.92,430,6.9,7.1,No Prazo,Nenhuma
6787,20250424,15,6,13,1,1,47.6,2092.65,430,6.9,8.8,Atrasado,Pane Mecânica
6788,20250424,30,10,23,17,4,55.6,542.37,100,1.6,1.5,No Prazo,Nenhuma
6789,20250424,39,23,24,7,4,19.3,926.62,210,3.4,3.2,No Prazo,Nenhuma
6790,20250424,32,24,17,2,4,21.0,1865.4,410,6.6,7.3,Atrasado,Nenhuma
6791,20250424,6,35,6,11,5,9.8,1937.28,410,6.6,6.6,No Prazo,Trânsito/Rota
6792,20250424,8,6,9,5,1,9.6,5730.29,1370,22.1,21.0,No Prazo,Atraso em Carga/Descarga
6793,20250424,32,10,20,15,4,23.6,864.01,210,3.4,4.5,Atrasado,Nenhuma
6794,20250424,4,22,26,18,1,4.7,2753.41,550,8.9,8.4,No Prazo,Nenhuma
6795,20250424,12,12,9,9,5,12.8,11269.19,1960,31.6,30.1,No Prazo,Nenhuma
6796,20250424,34,19,14,9,2,4.1,9522.96,1960,31.6,29.9,No Prazo,Nenhuma
6797,20250424,14,37,9,3,5,5.2,2958.08,590,9.5,8.9,No Prazo,Nenhuma
6798,20250424,24,36,5,10,4,44.6,5771.72,930,15.0,15.4,No Prazo,Nenhuma
6799,20250424,10,38,28,11,2,23.2,2307.56,410,6.6,6.8,No Prazo,Nenhuma
6800,20250424,33,6,19,10,1,18.6,3905.64,930,15.0,15.3,No Prazo,Nenhuma
6801,20250424,38,13,27,18,5,36.9,2464.03,550,8.9,8.5,No Prazo,Nenhuma
6802,20250424,13,4,2,20,3,37.9,5246.74,930,15.0,14.4,No Prazo,Nenhuma
6803,20250424,9,19,26,8,2,33.1,4178.84,930,15.0,14.9,No Prazo,Atraso em Carga/Descarga
6804,20250424,9,26,2,18,2,25.7,2650.94,550,8.9,11.2,Atrasado,Trânsito/Rota
6805,20250424,17,17,26,8,5,11.8,4885.2,930,15.0,15.3,No Prazo,Nenhuma
6806,20250424,38,34,19,8,5,39.5,5688.62,930,15.0,14.9,No Prazo,Nenhuma
6807,20250424,6,12,7,14,5,11.7,4585.7,800,12.9,12.0,No Prazo,Nenhuma
6808,20250424,10,19,12,4,2,19.3,2650.73,550,8.9,8.3,No Prazo,Nenhuma
6809,20250424,13,7,6,18,3,42.0,2417.58,550,8.9,8.9,No Prazo,Nenhuma
6810,20250424,1,4,12,10,3,13.0,4075.54,930,15.0,18.6,Atrasado,Problema Documental
6811,20250424,25,35,19,18,5,13.3,2409.29,550,8.9,9.1,No Prazo,Nenhuma
6812,20250424,31,2,26,7,1,46.7,1307.77,210,3.4,3.3,No Prazo,Nenhuma
6813,20250425,11,5,12,13,3,5.1,6130.58,1370,22.1,22.2,No Prazo,Nenhuma
6814,20250425,32,32,22,15,4,21.4,875.79,210,3.4,3.2,No Prazo,Nenhuma
6815,20250425,40,24,19,9,4,12.2,9074.32,1960,31.6,33.1,No Prazo,Nenhuma
6816,20250425,32,23,30,6,4,26.4,4746.26,800,12.9,16.1,Atrasado,Nenhuma
6817,20250425,6,28,27,10,5,12.7,5405.38,930,15.0,15.7,No Prazo,Nenhuma
6818,20250425,7,13,29,4,5,3.8,2644.83,550,8.9,12.0,Atrasado,Trânsito/Rota
6819,20250425,23,36,20,19,4,4.6,1417.59,300,4.8,4.8,No Prazo,Nenhuma
6820,20250425,22,25,19,19,2,11.4,1423.04,300,4.8,4.9,No Prazo,Nenhuma
6821,20250425,8,1,23,1,1,12.2,2244.34,430,6.9,6.6,No Prazo,Nenhuma
6822,20250425,17,12,30,16,5,12.9,1450.65,315,5.1,4.9,No Prazo,Nenhuma
6823,20250425,25,12,7,9,5,9.9,11300.77,1960,31.6,31.4,No Prazo,Nenhuma
6824,20250425,24,32,24,17,4,36.6,427.42,100,1.6,1.7,No Prazo,Nenhuma
6825,20250425,22,19,22,12,2,13.1,3317.4,590,9.5,9.8,No Prazo,Trânsito/Rota
6826,20250425,11,31,18,12,3,4.0,2302.39,590,9.5,8.9,No Prazo,Nenhuma
6827,20250425,7,37,19,12,5,4.2,2708.87,590,9.5,9.2,No Prazo,Nenhuma
6828,20250425,36,30,29,5,1,4.6,5936.64,1370,22.1,22.9,No Prazo,Nenhuma
6829,20250425,23,32,5,20,4,5.5,4492.34,930,15.0,14.3,No Prazo,Atraso em Carga/Descarga
6830,20250425,11,20,22,5,3,5.8,7140.2,1370,22.1,22.3,No Prazo,Nenhuma
6831,20250425,30,10,24,18,4,43.8,2777.39,550,8.9,8.4,No Prazo,Nenhuma
6832,20250425,3,35,29,12,5,5.8,3513.49,590,9.5,13.1,Atrasado,Nenhuma
6833,20250425,8,11,30,15,1,13.0,1067.81,210,3.4,3.2,No Prazo,Nenhuma
6834,20250425,18,20,11,8,3,40.3,5189.42,930,15.0,16.4,Atrasado,Trânsito/Rota
6835,20250425,4,22,2,16,1,5.3,1927.86,315,5.1,7.2,Atrasado,Nenhuma
6836,20250425,1,33,17,6,3,8.7,3731.0,800,12.9,12.8,No Prazo,Nenhuma
6837,20250426,13,20,23,6,3,55.6,4972.21,800,12.9,12.9,No Prazo,Nenhuma
6838,20250426,14,34,17,13,5,3.9,6574.59,1370,22.1,22.9,No Prazo,Nenhuma
6839,20250426,21,15,2,10,1,28.6,4032.22,930,15.0,17.2,Atrasado,Nenhuma
6840,20250426,8,6,25,13,1,10.0,8127.52,1370,22.1,21.1,No Prazo,Nenhuma
6841,20250426,8,1,11,2,1,8.8,2215.83,410,6.6,6.2,No Prazo,Problema Documental
6842,20250426,39,24,25,3,4,25.9,2486.21,590,9.5,9.2,No Prazo,Nenhuma
6843,20250426,1,7,5,7,3,13.3,1151.4,210,3.4,3.4,No Prazo,Pane Mecânica
6844,20250426,18,4,23,4,3,37.1,3339.93,550,8.9,9.1,No Prazo,Nenhuma
6845,20250426,39,24,17,15,4,23.7,1098.59,210,3.4,3.6,No Prazo,Nenhuma
6846,20250426,32,24,12,3,4,26.7,2873.42,590,9.5,9.7,No Prazo,Nenhuma
6847,20250427,35,20,5,19,3,4.7,1324.49,300,4.8,5.7,Atrasado,Nenhuma
6848,20250427,39,23,9,7,4,25.7,1169.65,210,3.4,3.5,No Prazo,Nenhuma
6849,20250427,8,11,6,17,1,10.2,469.5,100,1.6,1.5,No Prazo,Nenhuma
6850,20250428,13,4,13,3,3,48.5,2778.11,590,9.5,12.7,Atrasado,Nenhuma
6851,20250428,7,29,30,18,5,4.7,2818.42,550,8.9,8.2,No Prazo,Nenhuma
6852,20250428,41,5,12,10,3,30.1,4348.76,930,15.0,20.5,Atrasado,Nenhuma
6853,20250428,8,15,16,16,1,13.1,1296.56,315,5.1,5.1,No Prazo,Nenhuma
6854,20250428,26,6,19,18,1,13.9,3138.25,550,8.9,8.9,No Prazo,Atraso em Carga/Descarga
6855,20250428,20,28,23,9,5,3.7,9770.27,1960,31.6,32.6,No Prazo,Nenhuma
6856,20250428,34,38,13,9,2,5.0,10901.14,1960,31.6,32.1,No Prazo,Nenhuma
6857,20250428,10,38,29,4,2,26.4,2928.42,550,8.9,8.2,No Prazo,Nenhuma
6858,20250428,6,28,18,15,5,10.4,1166.3,210,3.4,4.6,Atrasado,Nenhuma
6859,20250428,32,32,3,1,4,17.8,2194.55,430,6.9,7.1,No Prazo,Nenhuma
6860,20250428,28,2,5,13,1,44.3,7656.03,1370,22.1,28.5,Atrasado,Nenhuma
6861,20250428,33,11,28,19,1,24.5,1280.32,300,4.8,4.5,No Prazo,Nenhuma
6862,20250428,31,2,13,13,1,45.8,7629.24,1370,22.1,20.9,No Prazo,Trânsito/Rota
6863,20250428,14,13,24,19,5,5.9,1275.42,300,4.8,4.5,No Prazo,Trânsito/Rota
6864,20250428,14,35,21,13,5,4.8,7191.59,1370,22.1,22.8,No Prazo,Nenhuma
6865,20250428,3,13,11,3,5,4.9,3372.53,590,9.5,9.7,No Prazo,Nenhuma
6866,20250428,6,17,6,6,5,10.7,4568.76,800,12.9,12.6,No Prazo,Nenhuma
6867,20250428,27,12,25,14,5,54.0,3442.39,800,12.9,16.9,Atrasado,Nenhuma
6868,20250428,30,23,20,13,4,39.0,5760.96,1370,22.1,22.2,No Prazo,Nenhuma
6869,20250428,16,23,22,12,4,4.8,3189.87,590,9.5,9.8,No Prazo,Nenhuma
6870,20250428,28,22,7,1,1,35.0,2134.31,430,6.9,7.4,Atrasado,Nenhuma
6871,20250428,18,4,21,8,3,54.6,5631.09,930,15.0,17.1,Atrasado,Nenhuma
6872,20250428,8,1,2,12,1,10.6,2710.3,590,9.5,9.4,No Prazo,Nenhuma
6873,20250428,18,5,7,18,3,35.1,2633.88,550,8.9,12.1,Atrasado,Nenhuma
6874,20250428,11,7,4,8,3,4.7,4965.61,930,15.0,14.9,No Prazo,Nenhuma
6875,20250429,13,7,13,14,3,34.2,3218.9,800,12.9,12.5,No Prazo,Trânsito/Rota
6876,20250429,38,35,21,20,5,48.1,5290.59,930,15.0,15.4,No Prazo,Nenhuma
6877,20250429,1,3,30,15,3,9.1,1081.0,210,3.4,4.1,Atrasado,Nenhuma
6878,20250429,42,37,6,17,5,4.3,400.92,100,1.6,1.5,No Prazo,Nenhuma
6879,20250429,39,32,23,20,4,19.9,4666.53,930,15.0,14.9,No Prazo,Nenhuma
6880,20250429,34,8,7,20,2,5.2,5528.0,930,15.0,13.8,No Prazo,Nenhuma
6881,20250429,31,15,13,8,1,36.0,5191.47,930,15.0,14.1,No Prazo,Nenhuma
6882,20250429,9,19,8,13,2,22.9,7790.82,1370,22.1,22.5,No Prazo,Trânsito/Rota
6883,20250429,9,26,12,20,2,32.7,4464.58,930,15.0,13.8,No Prazo,Nenhuma
6884,20250429,21,30,24,18,1,30.4,2825.76,550,8.9,8.4,No Prazo,Trânsito/Rota
6885,20250429,37,30,14,14,1,19.4,4436.53,800,12.9,12.1,No Prazo,Nenhuma
6886,20250429,35,4,15,5,3,5.5,5724.54,1370,22.1,21.7,No Prazo,Nenhuma
6887,20250429,20,34,27,10,5,4.9,4689.42,930,15.0,14.0,No Prazo,Nenhuma
6888,20250429,31,1,7,18,1,37.9,2887.22,550,8.9,8.9,No Prazo,Atraso em Carga/Descarga
6889,20250429,12,17,29,19,5,11.4,1201.34,300,4.8,4.5,No Prazo,Nenhuma
6890,20250429,25,37,15,9,5,10.6,10107.02,1960,31.6,30.4,No Prazo,Nenhuma
6891,20250429,9,8,26,19,2,28.9,1447.32,300,4.8,6.6,Atrasado,Nenhuma
6892,20250429,31,6,23,2,1,48.5,2315.8,410,6.6,6.7,No Prazo,Nenhuma
6893,20250429,14,37,10,14,5,4.8,4015.83,800,12.9,17.8,Atrasado,Nenhuma
6894,20250429,24,36,19,5,4,50.5,7215.34,1370,22.1,31.5,Atrasado,Nenhuma
6895,20250429,4,15,29,18,1,4.9,3086.54,550,8.9,8.2,No Prazo,Nenhuma
6896,20250429,8,15,27,6,1,10.2,3508.13,800,12.9,12.3,No Prazo,Pane Mecânica
6897,20250429,16,23,7,5,4,4.0,7928.22,1370,22.1,20.8,No Prazo,Atraso em Carga/Descarga
6898,20250429,26,2,13,15,1,11.0,987.61,210,3.4,3.4,No Prazo,Nenhuma
6899,20250429,19,28,27,12,5,34.1,3166.41,590,9.5,9.4,No Prazo,Nenhuma
6900,20250430,30,32,18,4,4,44.9,3207.97,550,8.9,8.2,No Prazo,Trânsito/Rota
6901,20250430,25,37,6,19,5,10.4,1315.04,300,4.8,6.9,Atrasado,Atraso em Carga/Descarga
6902,20250430,20,13,30,13,5,5.2,7901.09,1370,22.1,30.2,Atrasado,Nenhuma
6903,20250430,31,27,5,6,1,40.1,4858.52,800,12.9,12.9,No Prazo,Nenhuma
6904,20250430,38,34,25,11,5,50.0,2319.48,410,6.6,6.2,No Prazo,Nenhuma
6905,20250430,11,5,22,1,3,3.6,2082.0,430,6.9,7.2,No Prazo,Nenhuma
6906,20250430,2,37,20,10,5,5.5,5238.73,930,15.0,14.7,No Prazo,Nenhuma
6907,20250430,38,12,4,15,5,46.0,859.76,210,3.4,3.6,No Prazo,Nenhuma
6908,20250430,10,14,15,19,2,21.1,1452.96,300,4.8,4.6,No Prazo,Nenhuma
6909,20250430,14,17,3,2,5,4.0,1942.36,410,6.6,6.2,No Prazo,Nenhuma
6910,20250430,29,1,20,19,1,12.7,1769.15,300,4.8,4.7,No Prazo,Nenhuma
6911,20250430,12,17,5,20,5,12.5,4251.98,930,15.0,17.9,Atrasado,Nenhuma
6912,20250430,6,34,5,19,5,10.1,1515.06,300,4.8,4.6,No Prazo,Nenhuma
6913,20250430,39,10,25,3,4,18.1,3052.1,590,9.5,9.8,No Prazo,Nenhuma
6914,20250501,30,10,21,19,4,50.6,1644.11,300,4.8,5.8,Atrasado,Nenhuma
6915,20250501,40,23,30,10,4,13.4,3941.92,930,15.0,19.7,Atrasado,Nenhuma
6916,20250501,29,11,21,12,1,12.5,2383.97,590,9.5,13.3,Atrasado,Nenhuma
6917,20250501,34,14,21,18,2,5.2,2295.35,550,8.9,8.3,No Prazo,Nenhuma
6918,20250501,17,12,10,6,5,12.7,4405.94,800,12.9,16.8,Atrasado,Nenhuma
6919,20250501,38,37,21,15,5,39.3,1117.7,210,3.4,3.3,No Prazo,Nenhuma
6920,20250501,5,1,6,4,1,23.3,2373.04,550,8.9,9.3,No Prazo,Nenhuma
6921,20250501,5,2,5,1,1,32.3,2396.69,430,6.9,9.4,Atrasado,Nenhuma
6922,20250501,33,30,29,13,1,17.6,7719.19,1370,22.1,23.1,No Prazo,Trânsito/Rota
6923,20250501,9,14,8,5,2,22.5,6219.58,1370,22.1,21.3,No Prazo,Nenhuma
6924,20250501,31,11,14,5,1,43.5,5918.66,1370,22.1,23.7,Atrasado,Atraso em Carga/Descarga
6925,20250501,38,34,15,19,5,46.4,1367.02,300,4.8,4.6,No Prazo,Nenhuma
6926,20250501,34,26,13,16,2,5.6,1373.81,315,5.1,4.7,No Prazo,Problema Documental
6927,20250501,33,11,30,8,1,21.8,4644.44,930,15.0,21.3,Atrasado,Nenhuma
6928,20250501,18,20,9,1,3,37.5,2439.35,430,6.9,6.8,No Prazo,Nenhuma
6929,20250501,6,28,6,6,5,12.9,3933.55,800,12.9,12.6,No Prazo,Nenhuma
6930,20250501,28,1,22,3,1,37.2,3019.76,590,9.5,9.6,No Prazo,Nenhuma
6931,20250501,1,20,7,19,3,8.5,1660.95,300,4.8,4.6,No Prazo,Nenhuma
6932,20250501,19,37,5,9,5,24.7,10176.87,1960,31.6,30.2,No Prazo,Pane Mecânica
6933,20250501,1,7,25,12,3,10.5,3021.27,590,9.5,9.8,No Prazo,Nenhuma
6934,20250501,22,18,2,4,2,11.3,2445.92,550,8.9,12.6,Atrasado,Nenhuma
6935,20250502,32,10,18,9,4,18.6,8261.88,1960,31.6,33.1,No Prazo,Nenhuma
6936,20250502,11,7,14,1,3,4.2,2550.34,430,6.9,7.1,No Prazo,Nenhuma
6937,20250502,34,16,21,1,2,4.6,2262.35,430,6.9,7.0,No Prazo,Nenhuma
6938,20250502,1,4,15,15,3,9.4,1004.11,210,3.4,3.3,No Prazo,Nenhuma
6939,20250502,9,19,18,9,2,31.5,8896.49,1960,31.6,32.0,No Prazo,Pane Mecânica
6940,20250502,11,33,4,1,3,3.6,1827.59,430,6.9,7.0,No Prazo,Nenhuma
6941,20250502,22,38,25,16,2,13.7,1565.64,315,5.1,5.0,No Prazo,Nenhuma
6942,20250502,28,30,24,2,1,46.6,1809.34,410,6.6,6.5,No Prazo,Nenhuma
6943,20250502,1,4,12,9,3,9.5,10321.53,1960,31.6,32.7,No Prazo,Nenhuma
6944,20250502,32,23,30,14,4,19.0,3571.55,800,12.9,16.4,Atrasado,Nenhuma
6945,20250502,10,9,18,6,2,25.6,4445.65,800,12.9,15.2,Atrasado,Nenhuma
6946,20250502,5,15,20,8,1,32.6,4383.46,930,15.0,16.5,Atrasado,Nenhuma
6947,20250502,24,24,14,13,4,47.4,5967.45,1370,22.1,22.6,No Prazo,Trânsito/Rota
6948,20250502,6,37,8,1,5,11.6,2388.62,430,6.9,7.1,No Prazo,Nenhuma
6949,20250502,8,6,6,1,1,12.1,2483.77,430,6.9,6.9,No Prazo,Trânsito/Rota
6950,20250502,40,10,14,5,4,8.4,5825.98,1370,22.1,22.9,No Prazo,Atraso em Carga/Descarga
6951,20250502,10,18,10,12,2,23.7,3403.64,590,9.5,9.2,No Prazo,Pane Mecânica
6952,20250502,21,27,24,5,1,31.1,7466.63,1370,22.1,21.1,No Prazo,Nenhuma
6953,20250502,2,13,17,19,5,5.9,1235.29,300,4.8,4.4,No Prazo,Pane Mecânica
6954,20250502,39,24,3,3,4,25.7,3086.96,590,9.5,9.5,No Prazo,Trânsito/Rota
6955,20250503,16,36,29,1,4,5.6,2313.37,430,6.9,7.0,No Prazo,Nenhuma
6956,20250503,24,23,9,19,4,50.0,1354.37,300,4.8,4.9,No Prazo,Nenhuma
6957,20250503,33,27,3,6,1,22.2,4759.76,800,12.9,14.9,Atrasado,Trânsito/Rota
6958,20250503,40,36,15,19,4,10.2,1315.37,300,4.8,6.1,Atrasado,Nenhuma
6959,20250503,32,10,9,4,4,22.1,2838.51,550,8.9,8.8,No Prazo,Nenhuma
6960,20250503,31,22,27,18,1,50.1,2206.39,550,8.9,8.8,No Prazo,Nenhuma
6961,20250504,26,1,20,13,1,13.2,7623.56,1370,22.1,29.1,Atrasado,Nenhuma
6962,20250504,41,7,28,7,3,23.0,1125.59,210,3.4,3.2,No Prazo,Trânsito/Rota
6963,20250504,38,17,2,17,5,35.6,558.55,100,1.6,1.5,No Prazo,Trânsito/Rota
6964,20250504,17,12,23,7,5,11.7,1024.29,210,3.4,3.3,No Prazo,Nenhuma
6965,20250504,35,31,21,1,3,5.6,2440.48,430,6.9,7.5,Atrasado,Nenhuma
6966,20250504,23,36,1,6,4,5.5,4617.19,800,12.9,13.0,No Prazo,Pane Mecânica
6967,20250504,33,22,28,1,1,23.7,2073.48,430,6.9,6.8,No Prazo,Nenhuma
6968,20250505,29,15,1,7,1,12.7,960.62,210,3.4,3.3,No Prazo,Nenhuma
6969,20250505,32,36,28,5,4,24.5,7294.13,1370,22.1,21.1,No Prazo,Nenhuma
6970,20250505,11,20,24,13,3,5.1,5523.26,1370,22.1,25.4,Atrasado,Nenhuma
6971,20250505,11,31,20,4,3,4.5,2755.44,550,8.9,9.9,Atrasado,Nenhuma
6972,20250505,3,12,25,5,5,4.1,6452.84,1370,22.1,22.1,No Prazo,Trânsito/Rota
6973,20250505,36,2,12,13,1,3.8,7060.09,1370,22.1,28.2,Atrasado,Nenhuma
6974,20250505,6,37,26,8,5,8.5,4973.38,930,15.0,15.2,No Prazo,Nenhuma
6975,20250505,16,36,1,11,4,5.4,2536.55,410,6.6,9.4,Atrasado,Nenhuma
6976,20250505,32,10,9,5,4,20.8,7169.26,1370,22.1,20.5,No Prazo,Nenhuma
6977,20250505,39,32,1,9,4,24.6,10089.16,1960,31.6,30.2,No Prazo,Trânsito/Rota
6978,20250505,28,11,22,13,1,55.2,5553.44,1370,22.1,31.7,Atrasado,Nenhuma
6979,20250505,21,2,11,7,1,24.6,996.98,210,3.4,3.5,No Prazo,Nenhuma
6980,20250505,23,32,13,1,4,4.2,2467.97,430,6.9,6.5,No Prazo,Trânsito/Rota
6981,20250505,41,31,3,15,3,29.8,1041.11,210,3.4,4.9,Atrasado,Nenhuma
6982,20250505,27,17,2,3,5,38.4,2323.45,590,9.5,8.8,No Prazo,Nenhuma
6983,20250505,14,29,17,13,5,3.6,7086.92,1370,22.1,31.7,Atrasado,Nenhuma
6984,20250505,10,38,9,15,2,26.9,1056.02,210,3.4,3.4,No Prazo,Nenhuma
6985,20250505,31,6,8,9,1,56.9,11696.87,1960,31.6,38.7,Atrasado,Nenhuma
6986,20250505,37,6,5,6,1,23.6,3793.36,800,12.9,13.7,Atrasado,Nenhuma
6987,20250505,17,12,14,3,5,12.1,2604.22,590,9.5,8.9,No Prazo,Nenhuma
6988,20250505,30,32,4,13,4,40.9,7421.36,1370,22.1,29.3,Atrasado,Nenhuma
6989,20250505,7,12,15,7,5,5.9,1003.07,210,3.4,3.5,No Prazo,Nenhuma
6990,20250505,15,6,7,9,1,37.4,10908.26,1960,31.6,32.9,No Prazo,Pane Mecânica
6991,20250506,15,2,18,18,1,49.9,3299.57,550,8.9,8.7,No Prazo,Nenhuma
6992,20250506,22,21,10,9,2,9.8,10868.85,1960,31.6,29.9,No Prazo,Nenhuma
6993,20250506,5,11,28,2,1,32.1,2243.16,410,6.6,6.7,No Prazo,Nenhuma
6994,20250506,14,29,3,2,5,5.3,2267.62,410,6.6,6.3,No Prazo,Nenhuma
6995,20250506,1,3,24,8,3,8.9,3729.95,930,15.0,16.2,Atrasado,Nenhuma
6996,20250506,36,15,9,12,1,4.1,2866.94,590,9.5,9.2,No Prazo,Nenhuma
6997,20250506,35,31,18,11,3,6.0,2437.58,410,6.6,8.9,Atrasado,Atraso em Carga/Descarga
6998,20250506,28,6,11,13,1,53.6,6885.54,1370,22.1,21.4,No Prazo,Nenhuma
6999,20250506,38,28,28,20,5,45.8,5000.88,930,15.0,18.0,Atrasado,Nenhuma
7000,20250506,30,10,4,4,4,43.9,2778.78,550,8.9,8.8,No Prazo,Nenhuma
7001,20250506,40,36,8,20,4,10.1,5517.22,930,15.0,13.9,No Prazo,Nenhuma
7002,20250506,30,10,6,20,4,42.2,4411.78,930,15.0,17.3,Atrasado,Nenhuma
7003,20250506,41,3,18,8,3,29.7,3942.97,930,15.0,14.8,No Prazo,Nenhuma
7004,20250506,13,5,23,11,3,34.3,2360.82,410,6.6,6.1,No Prazo,Nenhuma
7005,20250506,4,15,17,11,1,4.5,2271.12,410,6.6,6.9,No Prazo,Nenhuma
7006,20250506,41,3,24,7,3,34.8,1077.17,210,3.4,3.2,No Prazo,Nenhuma
7007,20250506,32,32,30,20,4,25.4,4496.24,930,15.0,14.3,No Prazo,Nenhuma
7008,20250506,7,37,7,4,5,4.9,2280.25,550,8.9,11.7,Atrasado,Nenhuma
7009,20250506,39,32,28,20,4,22.9,5061.55,930,15.0,20.1,Atrasado,Nenhuma
7010,20250506,1,5,29,2,3,8.4,1791.79,410,6.6,6.7,No Prazo,Nenhuma
7011,20250506,2,13,3,8,5,5.6,4618.64,930,15.0,15.7,No Prazo,Trânsito/Rota
7012,20250507,19,12,8,17,5,27.1,420.27,100,1.6,1.6,No Prazo,Nenhuma
7013,20250507,30,10,26,18,4,40.4,2537.29,550,8.9,10.5,Atrasado,Nenhuma
7014,20250507,26,2,12,6,1,12.3,4091.17,800,12.9,12.6,No Prazo,Nenhuma
7015,20250507,22,8,27,20,2,12.5,5058.75,930,15.0,14.7,No Prazo,Nenhuma
7016,20250507,26,27,12,16,1,12.5,1530.66,315,5.1,4.7,No Prazo,Nenhuma
7017,20250507,4,6,19,2,1,5.1,1722.86,410,6.6,6.8,No Prazo,Nenhuma
7018,20250507,1,7,6,16,3,12.0,1278.68,315,5.1,4.8,No Prazo,Nenhuma
7019,20250507,27,17,10,6,5,42.6,4330.16,800,12.9,13.4,No Prazo,Problema Documental
7020,20250507,13,31,9,1,3,46.3,2629.34,430,6.9,6.8,No Prazo,Atraso em Carga/Descarga
7021,20250507,42,37,17,9,5,4.7,10026.36,1960,31.6,34.7,Atrasado,Nenhuma
7022,20250507,42,34,18,7,5,4.8,948.01,210,3.4,3.5,No Prazo,Nenhuma
7023,20250507,27,29,29,19,5,46.1,1596.76,300,4.8,5.3,Atrasado,Nenhuma
7024,20250507,16,36,25,16,4,5.4,1850.94,315,5.1,4.8,No Prazo,Pane Mecânica
7025,20250507,36,11,3,7,1,5.3,901.2,210,3.4,3.3,No Prazo,Nenhuma
7026,20250507,38,28,28,20,5,55.1,5416.82,930,15.0,18.6,Atrasado,Nenhuma
7027,20250507,20,12,12,17,5,4.4,570.15,100,1.6,1.6,No Prazo,Nenhuma
7028,20250507,34,8,15,11,2,4.8,1665.34,410,6.6,6.6,No Prazo,Atraso em Carga/Descarga
7029,20250507,22,38,27,9,2,9.1,10303.4,1960,31.6,32.3,No Prazo,Trânsito/Rota
7030,20250507,12,34,18,7,5,10.6,1164.67,210,3.4,3.4,No Prazo,Nenhuma
7031,20250507,16,10,10,3,4,5.2,3588.59,590,9.5,10.8,Atrasado,Nenhuma
7032,20250507,15,6,25,17,1,43.3,418.1,100,1.6,1.6,No Prazo,Nenhuma
7033,20250507,29,30,15,2,1,11.2,2272.52,410,6.6,6.7,No Prazo,Trânsito/Rota
7034,20250507,37,11,17,20,1,19.1,5049.21,930,15.0,20.9,Atrasado,Nenhuma
7035,20250508,37,15,2,19,1,23.2,1677.15,300,4.8,4.6,No Prazo,Nenhuma
7036,20250508,38,12,15,16,5,49.2,1556.17,315,5.1,5.3,No Prazo,Nenhuma
7037,20250508,5,22,19,13,1,32.9,6103.55,1370,22.1,22.9,No Prazo,Nenhuma
7038,20250508,33,27,9,14,1,25.8,4891.73,800,12.9,18.2,Atrasado,Nenhuma
7039,20250508,4,11,20,14,1,4.6,3252.16,800,12.9,11.9,No Prazo,Nenhuma
7040,20250508,3,34,28,14,5,5.2,4495.76,800,12.9,12.9,No Prazo,Nenhuma
7041,20250508,25,28,16,18,5,8.7,2833.0,550,8.9,9.1,No Prazo,Problema Documental
7042,20250508,41,3,23,20,3,32.0,4129.24,930,15.0,14.3,No Prazo,Nenhuma
7043,20250508,17,28,13,1,5,11.5,2112.76,430,6.9,6.5,No Prazo,Nenhuma
7044,20250508,6,35,14,15,5,10.9,1058.62,210,3.4,3.1,No Prazo,Nenhuma
7045,20250508,4,22,14,3,1,4.5,3119.46,590,9.5,10.8,Atrasado,Nenhuma
7046,20250508,30,32,13,4,4,44.7,3425.72,550,8.9,8.6,No Prazo,Nenhuma
7047,20250508,16,24,14,2,4,4.3,1903.67,410,6.6,7.1,Atrasado,Nenhuma
7048,20250508,42,34,27,17,5,4.4,480.43,100,1.6,1.6,No Prazo,Nenhuma
7049,20250508,40,36,10,10,4,12.7,5048.15,930,15.0,14.4,No Prazo,Atraso em Carga/Descarga
7050,20250509,17,17,7,19,5,11.2,1714.08,300,4.8,4.5,No Prazo,Nenhuma
7051,20250509,22,38,7,14,2,8.6,3473.6,800,12.9,12.0,No Prazo,Nenhuma
7052,20250509,25,37,4,5,5,8.6,6762.39,1370,22.1,24.3,Atrasado,Trânsito/Rota
7053,20250509,23,32,27,20,4,4.5,4265.61,930,15.0,20.6,Atrasado,Nenhuma
7054,20250509,11,4,26,11,3,4.3,2313.22,410,6.6,7.4,Atrasado,Nenhuma
7055,20250509,17,12,18,3,5,9.1,2482.8,590,9.5,9.8,No Prazo,Atraso em Carga/Descarga
7056,20250509,1,7,4,11,3,9.1,1719.81,410,6.6,6.9,No Prazo,Nenhuma
7057,20250509,32,23,21,5,4,17.8,7272.54,1370,22.1,20.4,No Prazo,Nenhuma
7058,20250509,32,10,8,19,4,17.6,1549.64,300,4.8,4.5,No Prazo,Nenhuma
7059,20250509,14,28,27,16,5,5.0,1642.34,315,5.1,4.8,No Prazo,Nenhuma
7060,20250509,15,27,12,9,1,47.6,9436.97,1960,31.6,37.6,Atrasado,Nenhuma
7061,20250509,41,3,11,20,3,31.1,5319.99,930,15.0,21.7,Atrasado,Nenhuma
7062,20250509,17,17,21,13,5,10.0,7541.56,1370,22.1,21.7,No Prazo,Nenhuma
7063,20250509,40,24,8,2,4,8.7,2334.82,410,6.6,8.5,Atrasado,Nenhuma
7064,20250509,41,31,21,6,3,30.8,3774.02,800,12.9,13.7,Atrasado,Nenhuma
7065,20250509,1,20,8,8,3,12.0,3692.88,930,15.0,15.6,No Prazo,Nenhuma
7066,20250509,6,29,17,2,5,9.1,2518.56,410,6.6,7.9,Atrasado,Nenhuma
7067,20250509,2,37,24,8,5,5.3,4542.25,930,15.0,20.5,Atrasado,Nenhuma
7068,20250509,11,5,30,15,3,5.0,1004.69,210,3.4,3.4,No Prazo,Nenhuma
7069,20250509,10,9,14,18,2,25.5,2505.88,550,8.9,8.5,No Prazo,Atraso em Carga/Descarga
7070,20250509,18,5,6,2,3,37.8,1829.53,410,6.6,6.2,No Prazo,Nenhuma
7071,20250509,27,34,27,2,5,46.3,1852.49,410,6.6,7.5,Atrasado,Atraso em Carga/Descarga
7072,20250509,21,15,7,5,1,27.0,7276.84,1370,22.1,20.4,No Prazo,Nenhuma
7073,20250509,17,28,20,3,5,12.2,3399.76,590,9.5,10.0,No Prazo,Trânsito/Rota
7074,20250510,39,32,6,12,4,23.6,3467.48,590,9.5,9.2,No Prazo,Nenhuma
7075,20250510,35,20,13,2,3,5.0,1850.5,410,6.6,6.7,No Prazo,Nenhuma
7076,20250510,33,22,8,12,1,25.1,3072.8,590,9.5,9.8,No Prazo,Nenhuma
7077,20250510,28,15,24,5,1,35.0,6451.52,1370,22.1,29.4,Atrasado,Nenhuma
7078,20250510,17,17,14,19,5,13.7,1363.89,300,4.8,4.6,No Prazo,Pane Mecânica
7079,20250510,37,30,22,19,1,24.1,1712.46,300,4.8,4.7,No Prazo,Nenhuma
7080,20250510,17,29,18,15,5,11.7,1125.06,210,3.4,4.8,Atrasado,Nenhuma
7081,20250510,24,24,29,16,4,39.7,1322.85,315,5.1,5.1,No Prazo,Nenhuma
7082,20250510,14,37,20,1,5,4.4,2281.27,430,6.9,7.2,No Prazo,Nenhuma
7083,20250510,5,15,22,17,1,24.9,525.3,100,1.6,1.5,No Prazo,Nenhuma
7084,20250511,3,34,22,17,5,4.9,513.48,100,1.6,1.9,Atrasado,Nenhuma
7085,20250511,33,1,18,19,1,21.2,1563.15,300,4.8,5.3,Atrasado,Nenhuma
7086,20250511,2,37,5,10,5,5.4,5432.59,930,15.0,14.9,No Prazo,Nenhuma
7087,20250512,18,7,7,6,3,37.3,4532.67,800,12.9,18.4,Atrasado,Nenhuma
7088,20250512,31,11,2,19,1,38.1,1725.7,300,4.8,4.9,No Prazo,Nenhuma
7089,20250512,15,2,6,12,1,40.2,3208.45,590,9.5,10.3,Atrasado,Nenhuma
7090,20250512,22,9,25,6,2,10.5,4257.22,800,12.9,12.0,No Prazo,Nenhuma
7091,20250512,3,12,7,6,5,4.6,3967.12,800,12.9,13.0,No Prazo,Nenhuma
7092,20250512,20,35,15,4,5,4.2,2253.2,550,8.9,8.7,No Prazo,Nenhuma
7093,20250512,12,17,18,10,5,10.8,4416.29,930,15.0,17.8,Atrasado,Nenhuma
7094,20250512,29,2,28,11,1,12.4,1660.85,410,6.6,8.9,Atrasado,Nenhuma
7095,20250512,16,36,13,1,4,4.6,1898.26,430,6.9,6.4,No Prazo,Nenhuma
7096,20250512,24,23,7,9,4,54.6,11242.72,1960,31.6,30.5,No Prazo,Trânsito/Rota
7097,20250512,23,32,8,5,4,5.3,5858.0,1370,22.1,21.3,No Prazo,Trânsito/Rota
7098,20250512,42,37,2,13,5,4.6,6496.59,1370,22.1,22.9,No Prazo,Nenhuma
7099,20250512,16,10,18,5,4,5.3,8283.75,1370,22.1,23.2,No Prazo,Nenhuma
7100,20250512,19,35,15,12,5,34.9,2887.17,590,9.5,9.4,No Prazo,Nenhuma
7101,20250512,16,32,21,19,4,4.7,1565.81,300,4.8,4.7,No Prazo,Nenhuma
7102,20250512,16,10,5,6,4,5.7,3481.14,800,12.9,16.0,Atrasado,Nenhuma
7103,20250512,1,20,18,4,3,8.6,2209.7,550,8.9,9.3,No Prazo,Atraso em Carga/Descarga
7104,20250512,8,6,28,13,1,11.3,5553.2,1370,22.1,23.0,No Prazo,Nenhuma
7105,20250512,2,13,16,17,5,5.4,511.45,100,1.6,1.5,No Prazo,Nenhuma
7106,20250512,26,11,13,8,1,8.8,4074.49,930,15.0,18.5,Atrasado,Nenhuma
7107,20250512,23,36,5,15,4,5.3,1187.13,210,3.4,3.8,Atrasado,Nenhuma
7108,20250512,18,7,14,1,3,47.2,1967.14,430,6.9,6.4,No Prazo,Nenhuma
7109,20250512,38,34,6,19,5,37.2,1200.13,300,4.8,6.4,Atrasado,Nenhuma
7110,20250512,34,18,21,10,2,3.7,4542.04,930,15.0,14.5,No Prazo,Nenhuma
7111,20250513,17,34,5,16,5,11.5,1297.63,315,5.1,6.3,Atrasado,Pane Mecânica
7112,20250513,39,32,16,2,4,23.2,1838.92,410,6.6,6.9,No Prazo,Nenhuma
7113,20250513,3,12,26,19,5,3.7,1392.88,300,4.8,4.7,No Prazo,Nenhuma
7114,20250513,31,11,28,17,1,37.8,461.03,100,1.6,1.5,No Prazo,Nenhuma
7115,20250513,9,14,15,12,2,23.9,3412.37,590,9.5,11.8,Atrasado,Nenhuma
7116,20250513,40,23,16,18,4,9.6,2553.56,550,8.9,8.6,No Prazo,Nenhuma
7117,20250513,40,36,15,6,4,10.8,3813.76,800,12.9,18.1,Atrasado,Nenhuma
7118,20250513,31,1,27,15,1,41.4,976.64,210,3.4,3.2,No Prazo,Trânsito/Rota
7119,20250513,33,6,18,14,1,18.2,3158.35,800,12.9,16.4,Atrasado,Problema Documental
7120,20250513,30,32,10,20,4,41.5,4923.81,930,15.0,19.1,Atrasado,Nenhuma
7121,20250513,22,9,8,12,2,12.8,3221.92,590,9.5,9.1,No Prazo,Atraso em Carga/Descarga
7122,20250513,3,28,8,6,5,5.6,3734.0,800,12.9,13.4,No Prazo,Nenhuma
7123,20250513,38,34,30,14,5,48.2,3474.42,800,12.9,18.6,Atrasado,Atraso em Carga/Descarga
7124,20250513,30,23,19,8,4,50.3,4085.99,930,15.0,19.5,Atrasado,Nenhuma
7125,20250513,19,17,23,6,5,24.6,4422.46,800,12.9,14.2,Atrasado,Pane Mecânica
7126,20250513,5,27,8,4,1,24.2,3071.32,550,8.9,8.8,No Prazo,Trânsito/Rota
7127,20250513,25,17,13,11,5,10.1,1769.71,410,6.6,7.7,Atrasado,Nenhuma
7128,20250513,10,14,29,10,2,20.0,4830.25,930,15.0,13.9,No Prazo,Nenhuma
7129,20250513,18,31,13,20,3,40.1,3999.03,930,15.0,18.4,Atrasado,Nenhuma
7130,20250513,10,18,17,20,2,20.5,4473.96,930,15.0,14.0,No Prazo,Nenhuma
7131,20250513,15,11,26,1,1,55.9,1922.27,430,6.9,7.1,No Prazo,Nenhuma
7132,20250514,34,21,28,16,2,4.1,1729.03,315,5.1,5.0,No Prazo,Nenhuma
7133,20250514,12,35,13,7,5,11.0,1009.62,210,3.4,3.4,No Prazo,Nenhuma
7134,20250514,22,26,15,15,2,13.8,1090.72,210,3.4,3.2,No Prazo,Nenhuma
7135,20250514,29,15,9,4,1,13.4,2509.76,550,8.9,11.0,Atrasado,Nenhuma
7136,20250514,16,36,19,14,4,4.9,4421.14,800,12.9,13.3,No Prazo,Nenhuma
7137,20250514,9,38,7,17,2,24.6,437.64,100,1.6,2.1,Atrasado,Atraso em Carga/Descarga
7138,20250514,15,11,2,19,1,50.9,1596.06,300,4.8,5.8,Atrasado,Trânsito/Rota
7139,20250514,13,4,12,13,3,47.0,8215.47,1370,22.1,20.6,No Prazo,Nenhuma
7140,20250514,20,37,18,1,5,5.9,2102.09,430,6.9,6.4,No Prazo,Nenhuma
7141,20250514,41,5,17,11,3,31.9,2311.44,410,6.6,6.5,No Prazo,Nenhuma
7142,20250514,11,33,26,1,3,3.6,2131.36,430,6.9,7.9,Atrasado,Nenhuma
7143,20250514,24,36,27,5,4,49.0,6430.09,1370,22.1,22.2,No Prazo,Nenhuma
7144,20250514,26,22,25,2,1,8.4,2203.84,410,6.6,6.1,No Prazo,Nenhuma
7145,20250514,7,35,21,17,5,5.6,421.87,100,1.6,1.5,No Prazo,Nenhuma
7146,20250514,28,11,3,11,1,38.5,1746.42,410,6.6,9.1,Atrasado,Nenhuma
7147,20250514,3,29,6,20,5,5.9,4425.73,930,15.0,15.4,No Prazo,Nenhuma
7148,20250514,4,27,5,7,1,5.4,1209.46,210,3.4,3.3,No Prazo,Nenhuma
7149,20250514,30,23,6,17,4,42.7,547.46,100,1.6,2.1,Atrasado,Atraso em Carga/Descarga
7150,20250515,38,37,3,15,5,43.3,1119.79,210,3.4,3.5,No Prazo,Trânsito/Rota
7151,20250515,1,31,30,1,3,11.8,2178.31,430,6.9,6.9,No Prazo,Nenhuma
7152,20250515,24,36,2,14,4,53.3,3388.27,800,12.9,13.5,No Prazo,Nenhuma
7153,20250515,33,6,22,1,1,17.5,2136.1,430,6.9,7.2,No Prazo,Problema Documental
7154,20250515,36,2,22,7,1,5.5,1000.9,210,3.4,3.5,No Prazo,Nenhuma
7155,20250515,33,30,13,15,1,17.3,1169.55,210,3.4,4.7,Atrasado,Trânsito/Rota
7156,20250515,10,25,3,4,2,22.9,2308.2,550,8.9,10.8,Atrasado,Trânsito/Rota
7157,20250515,15,2,2,13,1,55.8,5701.13,1370,22.1,21.6,No Prazo,Trânsito/Rota
7158,20250515,38,35,28,20,5,54.3,4575.6,930,15.0,15.3,No Prazo,Atraso em Carga/Descarga
7159,20250515,42,34,26,20,5,5.7,4306.22,930,15.0,18.8,Atrasado,Nenhuma
7160,20250515,39,23,2,12,4,26.3,2974.98,590,9.5,9.3,No Prazo,Nenhuma
7161,20250515,6,37,12,2,5,13.0,1691.83,410,6.6,6.1,No Prazo,Nenhuma
7162,20250515,1,31,15,3,3,12.0,3151.97,590,9.5,9.0,No Prazo,Trânsito/Rota
7163,20250515,28,27,18,4,1,52.7,2697.69,550,8.9,8.9,No Prazo,Nenhuma
7164,20250515,42,17,25,10,5,5.3,4890.25,930,15.0,14.6,No Prazo,Nenhuma
7165,20250515,28,30,3,13,1,34.6,7715.35,1370,22.1,22.1,No Prazo,Nenhuma
7166,20250515,18,7,2,18,3,52.1,2592.8,550,8.9,10.8,Atrasado,Nenhuma
7167,20250515,2,13,6,4,5,5.9,2438.57,550,8.9,11.8,Atrasado,Trânsito/Rota
7168,20250515,12,12,2,19,5,9.1,1263.79,300,4.8,6.6,Atrasado,Atraso em Carga/Descarga
7169,20250515,34,38,11,8,2,4.0,4585.68,930,15.0,15.1,No Prazo,Trânsito/Rota
7170,20250515,18,4,20,9,3,43.6,10800.93,1960,31.6,42.2,Atrasado,Nenhuma
7171,20250516,4,2,20,14,1,4.9,4687.23,800,12.9,16.8,Atrasado,Trânsito/Rota
7172,20250516,2,34,20,19,5,5.6,1601.08,300,4.8,4.5,No Prazo,Nenhuma
7173,20250516,15,27,23,17,1,35.6,405.09,100,1.6,1.6,No Prazo,Nenhuma
7174,20250516,41,3,17,14,3,31.7,3627.41,800,12.9,12.2,No Prazo,Nenhuma
7175,20250516,33,15,28,7,1,21.0,976.05,210,3.4,3.4,No Prazo,Trânsito/Rota
7176,20250516,24,36,30,16,4,45.9,1507.33,315,5.1,6.6,Atrasado,Nenhuma
7177,20250516,13,7,19,11,3,51.4,1793.0,410,6.6,6.2,No Prazo,Nenhuma
7178,20250516,29,1,4,10,1,8.5,4344.51,930,15.0,14.8,No Prazo,Pane Mecânica
7179,20250516,16,24,12,4,4,4.0,2433.31,550,8.9,9.7,Atrasado,Nenhuma
7180,20250516,9,16,16,10,2,36.7,5294.26,930,15.0,18.8,Atrasado,Nenhuma
7181,20250516,3,34,15,15,5,5.6,1221.11,210,3.4,3.3,No Prazo,Trânsito/Rota
7182,20250516,22,19,21,7,2,13.3,1073.59,210,3.4,3.2,No Prazo,Nenhuma
7183,20250516,27,17,17,20,5,51.0,5233.73,930,15.0,14.9,No Prazo,Nenhuma
7184,20250516,39,24,15,4,4,19.8,3110.16,550,8.9,8.5,No Prazo,Nenhuma
7185,20250516,16,24,15,17,4,4.4,560.97,100,1.6,1.5,No Prazo,Trânsito/Rota
7186,20250516,39,36,26,19,4,18.3,1435.95,300,4.8,6.2,Atrasado,Nenhuma
7187,20250516,39,23,29,14,4,17.5,3698.72,800,12.9,11.9,No Prazo,Nenhuma
7188,20250516,31,30,30,12,1,43.4,2705.4,590,9.5,9.6,No Prazo,Nenhuma
7189,20250516,14,29,1,17,5,3.8,519.27,100,1.6,1.6,No Prazo,Nenhuma
7190,20250516,42,17,2,15,5,6.0,1138.69,210,3.4,3.4,No Prazo,Nenhuma
7191,20250517,10,9,14,9,2,17.0,8404.04,1960,31.6,30.0,No Prazo,Atraso em Carga/Descarga
7192,20250517,2,13,6,8,5,5.8,4211.53,930,15.0,14.8,No Prazo,Nenhuma
7193,20250517,38,28,30,4,5,48.9,2452.68,550,8.9,8.4,No Prazo,Nenhuma
7194,20250518,15,27,16,14,1,46.1,3728.25,800,12.9,15.2,Atrasado,Trânsito/Rota
7195,20250518,16,10,11,13,4,3.7,7553.74,1370,22.1,20.7,No Prazo,Pane Mecânica
7196,20250518,33,1,28,12,1,22.6,3195.74,590,9.5,8.8,No Prazo,Nenhuma
7197,20250518,7,35,13,17,5,4.7,564.96,100,1.6,1.5,No Prazo,Atraso em Carga/Descarga
7198,20250518,22,25,13,20,2,10.2,5397.38,930,15.0,15.4,No Prazo,Nenhuma
7199,20250518,33,6,23,19,1,23.2,1443.15,300,4.8,4.7,No Prazo,Nenhuma
7200,20250518,33,2,10,16,1,26.7,1505.27,315,5.1,5.2,No Prazo,Pane Mecânica
7201,20250518,10,38,28,16,2,24.1,1350.5,315,5.1,4.7,No Prazo,Nenhuma
7202,20250518,9,38,2,4,2,35.2,3141.91,550,8.9,10.4,Atrasado,Nenhuma
7203,20250519,3,28,13,5,5,4.9,5803.3,1370,22.1,22.3,No Prazo,Nenhuma
7204,20250519,12,34,5,10,5,11.1,3857.69,930,15.0,15.6,No Prazo,Nenhuma
7205,20250519,20,37,19,7,5,4.8,919.85,210,3.4,3.1,No Prazo,Nenhuma
7206,20250519,7,29,6,2,5,3.7,2168.73,410,6.6,6.5,No Prazo,Nenhuma
7207,20250519,11,20,16,5,3,5.6,6522.67,1370,22.1,30.6,Atrasado,Nenhuma
7208,20250519,41,20,2,19,3,25.9,1698.53,300,4.8,4.7,No Prazo,Nenhuma
7209,20250519,7,35,30,13,5,3.9,6689.56,1370,22.1,25.9,Atrasado,Nenhuma
7210,20250519,33,27,11,1,1,18.3,2054.25,430,6.9,8.7,Atrasado,Pane Mecânica
7211,20250519,38,37,22,17,5,43.7,491.28,100,1.6,2.3,Atrasado,Nenhuma
7212,20250519,16,23,14,15,4,4.1,1123.59,210,3.4,3.3,No Prazo,Nenhuma
7213,20250519,6,35,22,8,5,10.3,5011.35,930,15.0,19.3,Atrasado,Atraso em Carga/Descarga
7214,20250519,8,11,4,14,1,12.6,4634.12,800,12.9,12.9,No Prazo,Nenhuma
7215,20250519,31,1,21,15,1,43.3,1020.02,210,3.4,3.1,No Prazo,Nenhuma
7216,20250519,14,37,16,16,5,4.7,1543.08,315,5.1,5.0,No Prazo,Nenhuma
7217,20250519,21,15,10,19,1,32.7,1361.36,300,4.8,6.7,Atrasado,Nenhuma
7218,20250519,9,21,26,18,2,36.2,3003.86,550,8.9,12.5,Atrasado,Nenhuma
7219,20250519,32,23,21,11,4,21.0,1838.29,410,6.6,6.8,No Prazo,Nenhuma
7220,20250519,1,31,5,20,3,13.3,4760.81,930,15.0,15.1,No Prazo,Nenhuma
7221,20250520,27,28,3,13,5,56.4,7426.45,1370,22.1,22.0,No Prazo,Nenhuma
7222,20250520,41,7,18,14,3,29.1,4386.45,800,12.9,13.3,No Prazo,Nenhuma
7223,20250520,7,35,8,8,5,4.3,4234.35,930,15.0,20.7,Atrasado,Nenhuma
7224,20250520,39,32,21,1,4,16.3,2335.02,430,6.9,7.0,No Prazo,Nenhuma
7225,20250520,17,13,2,19,5,12.4,1564.22,300,4.8,4.7,No Prazo,Nenhuma
7226,20250520,31,15,8,5,1,54.7,6358.59,1370,22.1,21.2,No Prazo,Pane Mecânica
7227,20250520,21,11,3,4,1,23.7,2627.65,550,8.9,9.1,No Prazo,Nenhuma
7228,20250520,19,35,6,18,5,27.3,2764.01,550,8.9,8.3,No Prazo,Nenhuma
7229,20250520,28,15,16,8,1,42.8,4448.07,930,15.0,20.1,Atrasado,Nenhuma
7230,20250520,18,3,29,18,3,40.9,3125.36,550,8.9,11.4,Atrasado,Trânsito/Rota
7231,20250520,15,11,4,19,1,43.3,1503.47,300,4.8,4.5,No Prazo,Nenhuma
7232,20250520,36,1,5,16,1,5.2,1666.11,315,5.1,6.7,Atrasado,Nenhuma
7233,20250520,25,35,30,8,5,13.3,4692.58,930,15.0,14.1,No Prazo,Nenhuma
7234,20250520,8,6,28,17,1,11.6,511.95,100,1.6,1.6,No Prazo,Atraso em Carga/Descarga
7235,20250520,1,20,30,17,3,13.6,466.94,100,1.6,1.5,No Prazo,Trânsito/Rota
7236,20250520,33,6,11,8,1,17.2,4343.1,930,15.0,15.0,No Prazo,Nenhuma
7237,20250520,32,24,30,1,4,22.0,2254.03,430,6.9,6.5,No Prazo,Nenhuma
7238,20250520,34,38,1,8,2,6.0,3886.81,930,15.0,13.9,No Prazo,Nenhuma
7239,20250520,9,26,12,9,2,25.7,8935.8,1960,31.6,32.5,No Prazo,Pane Mecânica
7240,20250520,11,4,27,11,3,3.8,1789.15,410,6.6,6.2,No Prazo,Nenhuma
7241,20250520,5,1,18,9,1,23.2,8478.49,1960,31.6,29.5,No Prazo,Nenhuma
7242,20250520,15,2,19,20,1,34.2,5229.33,930,15.0,14.6,No Prazo,Nenhuma
7243,20250520,20,29,28,15,5,4.1,1172.7,210,3.4,4.1,Atrasado,Trânsito/Rota
7244,20250520,29,22,28,3,1,10.2,2941.14,590,9.5,10.7,Atrasado,Nenhuma
7245,20250520,40,24,23,17,4,8.4,444.52,100,1.6,1.7,No Prazo,Nenhuma
7246,20250521,22,21,18,11,2,13.0,1672.84,410,6.6,6.3,No Prazo,Nenhuma
7247,20250521,34,26,19,3,2,4.4,3231.15,590,9.5,9.6,No Prazo,Nenhuma
7248,20250521,25,13,4,7,5,11.6,1194.37,210,3.4,3.2,No Prazo,Pane Mecânica
7249,20250521,41,4,13,18,3,22.2,2739.19,550,8.9,8.8,No Prazo,Nenhuma
7250,20250521,21,2,2,15,1,23.2,1004.7,210,3.4,3.3,No Prazo,Pane Mecânica
7251,20250521,35,3,27,4,3,5.7,3188.79,550,8.9,8.8,No Prazo,Pane Mecânica
7252,20250521,34,14,18,18,2,5.9,2687.45,550,8.9,9.2,No Prazo,Nenhuma
7253,20250521,42,13,19,16,5,5.2,1788.69,315,5.1,4.8,No Prazo,Nenhuma
7254,20250521,41,20,29,12,3,36.0,2530.35,590,9.5,9.3,No Prazo,Nenhuma
7255,20250521,25,29,10,8,5,9.2,3966.06,930,15.0,17.5,Atrasado,Trânsito/Rota
7256,20250521,30,10,10,7,4,47.4,926.06,210,3.4,3.2,No Prazo,Nenhuma
7257,20250521,26,30,24,12,1,9.4,3046.59,590,9.5,9.7,No Prazo,Nenhuma
7258,20250521,23,23,22,13,4,4.6,7365.84,1370,22.1,22.0,No Prazo,Nenhuma
7259,20250521,18,31,13,4,3,45.7,2294.93,550,8.9,8.2,No Prazo,Nenhuma
7260,20250521,28,6,19,4,1,50.7,2804.51,550,8.9,12.8,Atrasado,Trânsito/Rota
7261,20250522,22,25,1,2,2,9.0,2439.11,410,6.6,8.7,Atrasado,Nenhuma
7262,20250522,19,12,30,4,5,27.4,2682.67,550,8.9,8.8,No Prazo,Nenhuma
7263,20250522,7,12,7,9,5,5.3,11688.67,1960,31.6,34.0,Atrasado,Nenhuma
7264,20250522,29,15,30,13,1,13.2,5870.56,1370,22.1,22.3,No Prazo,Trânsito/Rota
7265,20250522,27,17,21,11,5,46.1,1770.01,410,6.6,6.8,No Prazo,Trânsito/Rota
7266,20250522,37,27,5,14,1,18.5,3451.72,800,12.9,12.3,No Prazo,Nenhuma
7267,20250522,36,30,3,5,1,5.4,6113.76,1370,22.1,22.0,No Prazo,Nenhuma
7268,20250522,1,3,13,18,3,12.5,2818.56,550,8.9,9.0,No Prazo,Nenhuma
7269,20250522,8,6,27,16,1,13.8,1702.21,315,5.1,6.6,Atrasado,Nenhuma
7270,20250522,32,24,2,9,4,22.7,8147.34,1960,31.6,31.7,No Prazo,Nenhuma
7271,20250522,23,32,19,4,4,5.3,2477.34,550,8.9,12.8,Atrasado,Nenhuma
7272,20250522,14,13,8,8,5,5.1,4951.31,930,15.0,13.9,No Prazo,Trânsito/Rota
7273,20250523,13,3,9,18,3,43.8,2683.31,550,8.9,9.2,No Prazo,Pane Mecânica
7274,20250523,22,25,12,4,2,9.6,2881.53,550,8.9,8.4,No Prazo,Nenhuma
7275,20250523,13,33,15,2,3,48.6,2484.63,410,6.6,8.3,Atrasado,Nenhuma
7276,20250523,4,30,29,5,1,3.6,6791.72,1370,22.1,20.9,No Prazo,Nenhuma
7277,20250523,7,12,13,12,5,5.1,3345.81,590,9.5,9.7,No Prazo,Nenhuma
7278,20250523,21,6,22,2,1,28.6,1774.14,410,6.6,8.4,Atrasado,Nenhuma
7279,20250523,40,32,25,11,4,11.5,2511.33,410,6.6,6.8,No Prazo,Nenhuma
7280,20250523,12,34,15,10,5,11.7,3837.41,930,15.0,15.2,No Prazo,Nenhuma
7281,20250523,42,13,19,8,5,6.0,3930.2,930,15.0,16.9,Atrasado,Nenhuma
7282,20250523,11,33,10,8,3,5.6,5462.31,930,15.0,15.3,No Prazo,Atraso em Carga/Descarga
7283,20250523,28,22,12,12,1,40.8,2533.48,590,9.5,9.0,No Prazo,Nenhuma
7284,20250523,14,13,14,8,5,3.6,4840.64,930,15.0,14.6,No Prazo,Nenhuma
7285,20250523,1,3,1,4,3,11.2,3006.67,550,8.9,8.6,No Prazo,Nenhuma
7286,20250523,13,7,17,20,3,45.8,5374.01,930,15.0,18.1,Atrasado,Trânsito/Rota
7287,20250524,2,17,20,9,5,4.2,11867.72,1960,31.6,29.1,No Prazo,Problema Documental
7288,20250524,40,36,3,16,4,11.3,1699.21,315,5.1,5.2,No Prazo,Pane Mecânica
7289,20250524,1,31,12,17,3,13.0,470.95,100,1.6,1.6,No Prazo,Atraso em Carga/Descarga
7290,20250525,32,23,12,3,4,18.3,2422.42,590,9.5,8.8,No Prazo,Nenhuma
7291,20250525,29,30,1,8,1,13.8,5158.12,930,15.0,14.4,No Prazo,Nenhuma
7292,20250525,26,2,8,11,1,12.3,2036.65,410,6.6,7.2,Atrasado,Nenhuma
7293,20250526,42,34,13,2,5,5.3,1977.55,410,6.6,7.0,Atrasado,Nenhuma
7294,20250526,16,32,10,5,4,3.8,5978.41,1370,22.1,20.5,No Prazo,Trânsito/Rota
7295,20250526,21,6,5,9,1,22.2,11657.98,1960,31.6,32.1,No Prazo,Nenhuma
7296,20250526,5,1,29,17,1,34.8,571.73,100,1.6,1.5,No Prazo,Atraso em Carga/Descarga
7297,20250526,22,14,1,14,2,8.4,4283.43,800,12.9,12.4,No Prazo,Trânsito/Rota
7298,20250526,6,35,5,2,5,12.3,1941.08,410,6.6,6.1,No Prazo,Nenhuma
7299,20250526,13,7,28,16,3,55.6,1722.79,315,5.1,5.2,No Prazo,Nenhuma
7300,20250526,5,27,28,18,1,28.8,2388.8,550,8.9,9.0,No Prazo,Nenhuma
7301,20250526,28,6,4,15,1,37.5,959.56,210,3.4,3.2,No Prazo,Trânsito/Rota
7302,20250526,30,36,4,3,4,41.2,3385.43,590,9.5,10.2,Atrasado,Nenhuma
7303,20250526,5,30,5,10,1,27.3,5368.36,930,15.0,13.9,No Prazo,Nenhuma
7304,20250526,17,13,11,16,5,13.0,1567.84,315,5.1,4.8,No Prazo,Nenhuma
7305,20250527,8,15,23,16,1,8.7,1287.12,315,5.1,5.3,No Prazo,Nenhuma
7306,20250527,3,17,15,6,5,4.6,4105.21,800,12.9,16.8,Atrasado,Nenhuma
7307,20250527,39,10,28,14,4,21.2,3540.0,800,12.9,17.7,Atrasado,Problema Documental
7308,20250527,41,7,10,3,3,27.9,2698.54,590,9.5,9.2,No Prazo,Nenhuma
7309,20250527,1,3,15,10,3,12.9,3829.69,930,15.0,15.1,No Prazo,Nenhuma
7310,20250527,26,2,18,3,1,9.5,3284.65,590,9.5,9.5,No Prazo,Nenhuma
7311,20250527,9,26,4,18,2,31.3,2311.11,550,8.9,12.8,Atrasado,Nenhuma
7312,20250527,12,13,15,3,5,12.0,2823.18,590,9.5,9.9,No Prazo,Nenhuma
7313,20250527,17,37,27,17,5,8.9,541.91,100,1.6,1.7,No Prazo,Nenhuma
7314,20250527,37,15,10,3,1,16.7,3498.49,590,9.5,13.5,Atrasado,Nenhuma
7315,20250527,13,20,27,12,3,54.8,3131.5,590,9.5,10.4,Atrasado,Nenhuma
7316,20250527,32,10,12,4,4,17.2,2536.73,550,8.9,10.7,Atrasado,Nenhuma
7317,20250527,32,24,21,12,4,19.0,3005.32,590,9.5,9.0,No Prazo,Nenhuma
7318,20250527,38,13,4,18,5,37.4,3058.12,550,8.9,8.4,No Prazo,Nenhuma
7319,20250527,26,15,8,2,1,12.1,1632.17,410,6.6,6.9,No Prazo,Problema Documental
7320,20250527,10,18,29,2,2,20.3,2317.93,410,6.6,6.3,No Prazo,Nenhuma
7321,20250527,3,12,27,17,5,5.1,570.37,100,1.6,1.7,No Prazo,Nenhuma
7322,20250527,29,1,1,3,1,10.4,3231.11,590,9.5,10.9,Atrasado,Nenhuma
7323,20250527,30,10,15,13,4,54.3,6052.72,1370,22.1,20.7,No Prazo,Nenhuma
7324,20250527,35,31,16,17,3,4.3,457.08,100,1.6,1.5,No Prazo,Nenhuma
7325,20250527,6,29,29,19,5,11.2,1646.36,300,4.8,5.7,Atrasado,Trânsito/Rota
7326,20250527,40,36,7,10,4,9.2,4023.43,930,15.0,15.6,No Prazo,Nenhuma
7327,20250527,11,33,22,11,3,3.7,1907.07,410,6.6,6.6,No Prazo,Nenhuma
7328,20250527,11,20,4,18,3,5.4,2777.17,550,8.9,8.7,No Prazo,Nenhuma
7329,20250527,31,22,25,3,1,49.0,2633.37,590,9.5,9.8,No Prazo,Nenhuma
7330,20250528,38,12,13,19,5,40.8,1574.95,300,4.8,4.9,No Prazo,Nenhuma
7331,20250528,10,18,11,18,2,22.3,2902.16,550,8.9,9.2,No Prazo,Nenhuma
7332,20250528,6,28,24,13,5,10.0,6517.49,1370,22.1,28.9,Atrasado,Nenhuma
7333,20250528,33,30,23,6,1,17.2,3604.91,800,12.9,17.8,Atrasado,Atraso em Carga/Descarga
7334,20250528,18,4,24,18,3,50.9,2503.6,550,8.9,8.8,No Prazo,Nenhuma
7335,20250528,7,29,14,13,5,5.2,7751.38,1370,22.1,22.7,No Prazo,Nenhuma
7336,20250528,14,29,15,3,5,3.9,3574.99,590,9.5,9.2,No Prazo,Trânsito/Rota
7337,20250528,14,35,4,17,5,5.7,507.45,100,1.6,2.0,Atrasado,Nenhuma
7338,20250528,37,15,18,6,1,21.5,3606.47,800,12.9,16.6,Atrasado,Trânsito/Rota
7339,20250528,24,24,22,4,4,52.3,2366.9,550,8.9,9.9,Atrasado,Nenhuma
7340,20250528,22,14,24,12,2,13.5,2914.78,590,9.5,9.9,No Prazo,Nenhuma
7341,20250528,31,11,22,10,1,38.3,4207.08,930,15.0,20.1,Atrasado,Nenhuma
7342,20250528,13,5,26,13,3,52.4,7340.33,1370,22.1,22.5,No Prazo,Trânsito/Rota
7343,20250528,22,8,26,6,2,10.9,4494.63,800,12.9,12.4,No Prazo,Nenhuma
7344,20250528,28,11,28,13,1,49.5,6655.06,1370,22.1,20.5,No Prazo,Atraso em Carga/Descarga
7345,20250528,5,22,19,18,1,34.7,2839.25,550,8.9,8.3,No Prazo,Nenhuma
7346,20250528,19,37,2,6,5,34.4,4498.25,800,12.9,12.4,No Prazo,Nenhuma
7347,20250528,40,10,11,7,4,11.8,929.05,210,3.4,4.0,Atrasado,Nenhuma
7348,20250528,2,37,3,12,5,4.6,3523.38,590,9.5,9.4,No Prazo,Nenhuma
7349,20250528,31,30,2,11,1,46.2,2304.09,410,6.6,6.3,No Prazo,Nenhuma
7350,20250528,5,27,24,15,1,26.5,1073.61,210,3.4,4.1,Atrasado,Nenhuma
7351,20250528,22,18,9,18,2,13.4,2897.71,550,8.9,8.3,No Prazo,Nenhuma
7352,20250528,18,20,7,20,3,52.5,4636.74,930,15.0,15.5,No Prazo,Nenhuma
7353,20250528,6,35,25,5,5,9.6,6553.85,1370,22.1,26.5,Atrasado,Nenhuma
7354,20250528,13,7,21,16,3,47.8,1591.8,315,5.1,5.2,No Prazo,Nenhuma
7355,20250528,3,12,12,18,5,5.7,3019.01,550,8.9,8.6,No Prazo,Atraso em Carga/Descarga
7356,20250528,6,12,27,5,5,8.6,5632.94,1370,22.1,23.0,No Prazo,Nenhuma
7357,20250528,34,25,7,17,2,4.7,597.82,100,1.6,1.5,No Prazo,Nenhuma
7358,20250529,20,35,21,15,5,4.5,1107.84,210,3.4,3.3,No Prazo,Nenhuma
7359,20250529,31,22,23,11,1,48.5,1995.1,410,6.6,6.3,No Prazo,Nenhuma
7360,20250529,5,30,24,10,1,28.6,4134.11,930,15.0,14.1,No Prazo,Trânsito/Rota
7361,20250529,35,4,20,2,3,4.2,1947.7,410,6.6,9.0,Atrasado,Nenhuma
7362,20250529,28,11,17,12,1,37.1,2583.96,590,9.5,9.4,No Prazo,Nenhuma
7363,20250529,39,10,22,18,4,17.9,2659.25,550,8.9,12.5,Atrasado,Nenhuma
7364,20250529,38,29,24,4,5,40.6,2607.47,550,8.9,9.3,No Prazo,Nenhuma
7365,20250529,7,29,22,11,5,4.5,1671.2,410,6.6,6.2,No Prazo,Nenhuma
7366,20250529,3,29,14,14,5,4.5,4609.02,800,12.9,14.0,Atrasado,Nenhuma
7367,20250529,6,13,13,12,5,10.8,2771.85,590,9.5,9.9,No Prazo,Nenhuma
7368,20250529,35,20,19,10,3,5.3,5776.27,930,15.0,14.3,No Prazo,Nenhuma
7369,20250529,2,35,20,11,5,4.1,1945.72,410,6.6,6.8,No Prazo,Nenhuma
7370,20250529,12,17,22,16,5,8.6,1762.63,315,5.1,4.9,No Prazo,Nenhuma
7371,20250529,34,21,11,19,2,3.7,1294.09,300,4.8,5.0,No Prazo,Nenhuma
7372,20250529,4,30,9,9,1,4.5,10968.68,1960,31.6,31.5,No Prazo,Nenhuma
7373,20250529,17,29,23,3,5,12.8,3384.53,590,9.5,9.3,No Prazo,Nenhuma
7374,20250529,20,35,13,17,5,5.9,522.8,100,1.6,1.8,Atrasado,Nenhuma
7375,20250529,42,29,15,2,5,3.7,1818.58,410,6.6,6.9,No Prazo,Nenhuma
7376,20250529,2,34,10,16,5,4.0,1584.71,315,5.1,6.6,Atrasado,Nenhuma
7377,20250530,30,36,8,4,4,47.1,3014.94,550,8.9,8.8,No Prazo,Nenhuma
7378,20250530,3,12,27,7,5,3.8,1225.4,210,3.4,3.3,No Prazo,Trânsito/Rota
7379,20250530,38,37,20,11,5,44.5,1841.3,410,6.6,7.1,Atrasado,Nenhuma
7380,20250530,18,5,26,19,3,52.6,1224.42,300,4.8,4.8,No Prazo,Atraso em Carga/Descarga
7381,20250530,7,35,11,19,5,4.9,1500.4,300,4.8,4.7,No Prazo,Nenhuma
7382,20250530,10,25,12,16,2,19.1,1819.74,315,5.1,4.9,No Prazo,Nenhuma
7383,20250530,22,14,24,16,2,10.0,1680.11,315,5.1,4.7,No Prazo,Trânsito/Rota
7384,20250530,30,24,10,10,4,55.3,5025.88,930,15.0,15.2,No Prazo,Nenhuma
7385,20250530,6,29,16,7,5,10.1,1018.75,210,3.4,3.4,No Prazo,Nenhuma
7386,20250530,19,35,17,3,5,24.0,3466.48,590,9.5,9.2,No Prazo,Pane Mecânica
7387,20250530,3,34,2,10,5,5.4,4424.98,930,15.0,14.1,No Prazo,Nenhuma
7388,20250530,38,37,15,5,5,43.9,7696.17,1370,22.1,21.2,No Prazo,Nenhuma
7389,20250530,31,15,26,16,1,35.2,1713.46,315,5.1,4.7,No Prazo,Nenhuma
7390,20250530,37,1,15,5,1,20.7,7647.04,1370,22.1,21.3,No Prazo,Nenhuma
7391,20250530,23,10,13,14,4,5.6,3611.31,800,12.9,13.1,No Prazo,Nenhuma
7392,20250530,7,28,16,19,5,4.2,1480.76,300,4.8,4.6,No Prazo,Nenhuma
7393,20250530,42,29,16,16,5,5.7,1737.56,315,5.1,5.3,No Prazo,Nenhuma
7394,20250530,33,22,21,19,1,20.4,1408.69,300,4.8,4.7,No Prazo,Nenhuma
7395,20250530,37,27,17,7,1,17.4,1186.13,210,3.4,3.3,No Prazo,Nenhuma
7396,20250530,33,2,22,14,1,23.6,3703.67,800,12.9,12.9,No Prazo,Atraso em Carga/Descarga
7397,20250530,30,36,2,8,4,51.6,4168.05,930,15.0,14.5,No Prazo,Nenhuma
7398,20250530,8,1,21,17,1,8.8,507.4,100,1.6,1.7,No Prazo,Nenhuma
7399,20250530,16,24,14,15,4,4.6,1092.58,210,3.4,3.5,No Prazo,Atraso em Carga/Descarga
7400,20250531,21,27,17,7,1,35.5,1105.33,210,3.4,3.3,No Prazo,Nenhuma
7401,20250531,14,28,26,14,5,4.9,3683.85,800,12.9,12.2,No Prazo,Pane Mecânica
7402,20250531,14,37,24,10,5,4.1,4656.61,930,15.0,14.5,No Prazo,Nenhuma
7403,20250531,29,15,11,13,1,9.4,6627.83,1370,22.1,21.8,No Prazo,Nenhuma
7404,20250531,40,10,4,13,4,8.5,7079.3,1370,22.1,20.4,No Prazo,Nenhuma
7405,20250531,13,20,18,4,3,37.5,3138.22,550,8.9,8.7,No Prazo,Pane Mecânica
7406,20250531,34,21,19,19,2,4.3,1747.78,300,4.8,4.6,No Prazo,Nenhuma
7407,20250531,9,21,7,12,2,34.1,2756.57,590,9.5,9.3,No Prazo,Nenhuma
7408,20250531,13,3,13,13,3,38.2,7555.61,1370,22.1,20.7,No Prazo,Nenhuma
7409,20250601,42,28,11,4,5,5.3,3009.44,550,8.9,8.4,No Prazo,Pane Mecânica
7410,20250601,16,36,17,19,4,5.4,1263.67,300,4.8,5.5,Atrasado,Nenhuma
7411,20250601,40,24,20,6,4,11.6,4612.08,800,12.9,13.8,Atrasado,Nenhuma
7412,20250601,2,12,3,11,5,5.5,2136.86,410,6.6,6.4,No Prazo,Nenhuma
7413,20250601,28,2,12,5,1,48.6,7652.86,1370,22.1,20.4,No Prazo,Pane Mecânica
7414,20250601,23,23,9,9,4,5.6,8140.55,1960,31.6,36.7,Atrasado,Nenhuma
7415,20250601,33,30,4,11,1,18.7,2228.09,410,6.6,9.0,Atrasado,Nenhuma
7416,20250601,40,36,6,10,4,9.1,4706.11,930,15.0,14.8,No Prazo,Pane Mecânica
7417,20250601,27,29,3,17,5,49.9,543.64,100,1.6,1.5,No Prazo,Pane Mecânica
7418,20250601,24,10,1,9,4,56.9,8732.87,1960,31.6,38.3,Atrasado,Trânsito/Rota
7419,20250601,30,36,12,4,4,38.5,3187.81,550,8.9,10.3,Atrasado,Nenhuma
7420,20250602,19,13,18,9,5,32.0,9457.24,1960,31.6,34.3,Atrasado,Nenhuma
7421,20250602,18,4,19,6,3,43.3,4363.48,800,12.9,12.4,No Prazo,Nenhuma
7422,20250602,28,15,25,15,1,38.7,1060.47,210,3.4,3.5,No Prazo,Nenhuma
7423,20250602,5,2,30,18,1,29.1,3179.42,550,8.9,9.0,No Prazo,Trânsito/Rota
7424,20250602,30,10,19,9,4,45.1,11195.92,1960,31.6,32.8,No Prazo,Nenhuma
7425,20250602,12,13,21,13,5,8.4,6139.46,1370,22.1,22.4,No Prazo,Nenhuma
7426,20250602,20,37,13,1,5,5.9,1999.16,430,6.9,6.7,No Prazo,Nenhuma
7427,20250602,34,38,26,18,2,5.0,2948.15,550,8.9,12.2,Atrasado,Atraso em Carga/Descarga
7428,20250602,29,27,9,14,1,11.0,4361.72,800,12.9,15.5,Atrasado,Nenhuma
7429,20250602,38,17,1,13,5,51.4,6052.48,1370,22.1,22.7,No Prazo,Nenhuma
7430,20250602,42,34,20,11,5,4.6,2174.15,410,6.6,6.9,No Prazo,Nenhuma
7431,20250602,35,20,25,9,3,5.0,11207.44,1960,31.6,36.4,Atrasado,Nenhuma
7432,20250602,28,22,18,3,1,51.0,2677.79,590,9.5,11.2,Atrasado,Nenhuma
7433,20250602,16,24,2,5,4,4.6,6464.6,1370,22.1,22.5,No Prazo,Nenhuma
7434,20250602,21,2,4,6,1,26.2,3400.05,800,12.9,12.4,No Prazo,Atraso em Carga/Descarga
7435,20250602,20,35,1,3,5,3.9,3248.07,590,9.5,9.9,No Prazo,Nenhuma
7436,20250602,39,10,29,20,4,24.1,5266.75,930,15.0,17.4,Atrasado,Nenhuma
7437,20250602,29,2,10,3,1,10.9,2562.3,590,9.5,9.2,No Prazo,Nenhuma
7438,20250602,2,29,3,20,5,4.9,3910.72,930,15.0,14.7,No Prazo,Nenhuma
7439,20250602,25,29,16,15,5,10.2,1133.11,210,3.4,4.0,Atrasado,Nenhuma
7440,20250602,39,24,20,15,4,18.4,1104.63,210,3.4,3.4,No Prazo,Atraso em Carga/Descarga
7441,20250602,9,38,29,6,2,31.2,4965.37,800,12.9,15.6,Atrasado,Atraso em Carga/Descarga
7442,20250602,40,10,10,15,4,9.5,991.85,210,3.4,3.3,No Prazo,Nenhuma
7443,20250602,11,7,13,16,3,6.0,1452.13,315,5.1,5.3,No Prazo,Nenhuma
7444,20250602,18,31,18,2,3,36.7,2313.45,410,6.6,8.8,Atrasado,Nenhuma
7445,20250602,36,15,29,20,1,4.6,4790.68,930,15.0,15.6,No Prazo,Nenhuma
7446,20250602,30,36,14,6,4,51.8,4179.42,800,12.9,12.4,No Prazo,Nenhuma
7447,20250602,14,37,5,10,5,5.2,4746.29,930,15.0,20.3,Atrasado,Nenhuma
7448,20250602,35,7,21,8,3,4.8,4042.79,930,15.0,14.4,No Prazo,Nenhuma
7449,20250602,37,1,1,10,1,17.4,4225.55,930,15.0,14.0,No Prazo,Nenhuma
7450,20250602,40,10,3,11,4,11.3,2071.89,410,6.6,6.7,No Prazo,Trânsito/Rota
7451,20250603,23,36,28,4,4,4.6,2565.45,550,8.9,8.5,No Prazo,Nenhuma
7452,20250603,8,15,25,2,1,11.1,2241.53,410,6.6,6.5,No Prazo,Nenhuma
7453,20250603,20,29,24,4,5,5.3,2732.28,550,8.9,12.4,Atrasado,Atraso em Carga/Descarga
7454,20250603,21,22,20,13,1,34.1,6019.34,1370,22.1,22.5,No Prazo,Nenhuma
7455,20250603,3,28,4,9,5,3.6,10712.79,1960,31.6,33.1,No Prazo,Nenhuma
7456,20250603,6,13,3,4,5,13.9,3074.42,550,8.9,8.4,No Prazo,Nenhuma
7457,20250603,26,27,2,14,1,11.8,4834.84,800,12.9,16.5,Atrasado,Trânsito/Rota
7458,20250603,38,35,18,4,5,44.5,3161.09,550,8.9,8.5,No Prazo,Atraso em Carga/Descarga
7459,20250603,4,22,12,18,1,3.6,2949.32,550,8.9,11.6,Atrasado,Nenhuma
7460,20250603,42,12,21,1,5,5.7,2093.29,430,6.9,8.0,Atrasado,Pane Mecânica
7461,20250603,8,1,7,8,1,10.8,4206.13,930,15.0,21.2,Atrasado,Nenhuma
7462,20250603,39,32,4,3,4,18.6,3269.07,590,9.5,9.2,No Prazo,Nenhuma
7463,20250603,23,24,14,5,4,4.6,6822.84,1370,22.1,21.1,No Prazo,Nenhuma
7464,20250603,15,1,21,4,1,49.2,2275.24,550,8.9,9.0,No Prazo,Nenhuma
7465,20250603,20,35,29,7,5,4.8,1079.46,210,3.4,3.9,Atrasado,Nenhuma
7466,20250603,9,18,22,10,2,25.3,5138.25,930,15.0,14.2,No Prazo,Pane Mecânica
7467,20250604,30,24,19,13,4,38.8,6663.94,1370,22.1,22.1,No Prazo,Nenhuma
7468,20250604,27,35,5,20,5,48.0,5351.19,930,15.0,14.5,No Prazo,Atraso em Carga/Descarga
7469,20250604,9,19,5,10,2,32.6,4793.59,930,15.0,15.1,No Prazo,Problema Documental
7470,20250604,36,27,25,13,1,4.1,7185.49,1370,22.1,21.8,No Prazo,Nenhuma
7471,20250604,34,18,22,8,2,4.7,4124.4,930,15.0,14.2,No Prazo,Nenhuma
7472,20250604,32,36,23,15,4,22.6,1038.29,210,3.4,3.5,No Prazo,Pane Mecânica
7473,20250604,4,27,28,12,1,4.6,3085.95,590,9.5,9.6,No Prazo,Nenhuma
7474,20250604,3,35,6,14,5,4.9,3735.22,800,12.9,13.1,No Prazo,Nenhuma
7475,20250604,22,18,23,3,2,11.3,2811.16,590,9.5,9.5,No Prazo,Nenhuma
7476,20250604,2,35,24,7,5,5.4,950.01,210,3.4,3.4,No Prazo,Nenhuma
7477,20250604,14,34,15,4,5,4.0,2261.8,550,8.9,12.8,Atrasado,Nenhuma
7478,20250604,20,29,16,8,5,4.6,5111.97,930,15.0,19.1,Atrasado,Atraso em Carga/Descarga
7479,20250604,38,37,7,9,5,45.5,7733.26,1960,31.6,35.5,Atrasado,Nenhuma
7480,20250604,29,2,25,8,1,11.1,5275.04,930,15.0,17.1,Atrasado,Nenhuma
7481,20250604,20,13,15,20,5,4.7,4613.82,930,15.0,16.2,Atrasado,Nenhuma
7482,20250604,39,10,5,1,4,26.6,2499.65,430,6.9,6.6,No Prazo,Nenhuma
7483,20250604,30,10,27,17,4,34.2,421.84,100,1.6,1.6,No Prazo,Trânsito/Rota
7484,20250604,1,7,9,9,3,11.9,9050.4,1960,31.6,45.4,Atrasado,Nenhuma
7485,20250604,41,20,13,1,3,34.1,1880.7,430,6.9,7.0,No Prazo,Nenhuma
7486,20250604,16,32,11,10,4,3.7,3925.76,930,15.0,14.1,No Prazo,Nenhuma
7487,20250605,6,37,18,1,5,12.3,2152.52,430,6.9,6.7,No Prazo,Nenhuma
7488,20250605,9,26,14,9,2,33.1,8917.88,1960,31.6,32.5,No Prazo,Nenhuma
7489,20250605,12,12,27,13,5,11.6,7824.75,1370,22.1,21.0,No Prazo,Nenhuma
7490,20250605,34,14,10,9,2,5.3,8193.56,1960,31.6,37.7,Atrasado,Nenhuma
7491,20250605,42,28,13,20,5,4.3,4486.85,930,15.0,15.4,No Prazo,Nenhuma
7492,20250605,31,15,22,6,1,39.0,4843.72,800,12.9,16.5,Atrasado,Trânsito/Rota
7493,20250605,15,15,11,14,1,54.4,4522.66,800,12.9,11.9,No Prazo,Nenhuma
7494,20250605,40,23,28,2,4,11.5,2309.83,410,6.6,6.3,No Prazo,Nenhuma
7495,20250605,1,31,30,8,3,12.9,4641.05,930,15.0,15.5,No Prazo,Nenhuma
7496,20250605,20,37,20,13,5,5.0,6204.17,1370,22.1,22.8,No Prazo,Nenhuma
7497,20250605,11,5,30,9,3,5.8,11841.64,1960,31.6,41.2,Atrasado,Nenhuma
7498,20250605,12,35,6,13,5,10.0,7200.42,1370,22.1,28.9,Atrasado,Atraso em Carga/Descarga
7499,20250605,38,12,2,11,5,50.2,2383.28,410,6.6,6.8,No Prazo,Pane Mecânica
7500,20250605,21,30,25,19,1,23.7,1655.63,300,4.8,6.3,Atrasado,Trânsito/Rota
7501,20250605,41,31,27,11,3,32.0,2218.59,410,6.6,6.9,No Prazo,Nenhuma
7502,20250605,10,8,11,7,2,23.1,1085.57,210,3.4,3.5,No Prazo,Nenhuma
7503,20250605,17,17,2,18,5,13.7,2406.35,550,8.9,8.8,No Prazo,Nenhuma
7504,20250605,8,6,5,7,1,10.6,1087.31,210,3.4,3.4,No Prazo,Pane Mecânica
7505,20250605,5,2,2,17,1,32.1,481.48,100,1.6,1.6,No Prazo,Nenhuma
7506,20250605,37,27,17,4,1,19.1,2211.91,550,8.9,8.4,No Prazo,Nenhuma
7507,20250605,33,2,2,5,1,24.6,7432.33,1370,22.1,23.1,No Prazo,Nenhuma
7508,20250605,10,14,13,11,2,18.0,2346.02,410,6.6,6.7,No Prazo,Atraso em Carga/Descarga
7509,20250605,4,1,2,7,1,3.9,945.33,210,3.4,3.2,No Prazo,Nenhuma
7510,20250605,36,15,8,7,1,5.1,1046.95,210,3.4,3.4,No Prazo,Nenhuma
7511,20250605,28,30,2,10,1,37.4,5454.88,930,15.0,14.3,No Prazo,Atraso em Carga/Descarga
7512,20250605,14,37,4,13,5,5.5,7573.89,1370,22.1,22.4,No Prazo,Nenhuma
7513,20250605,17,17,30,2,5,9.6,2070.38,410,6.6,7.8,Atrasado,Nenhuma
7514,20250605,29,1,14,6,1,12.7,3910.6,800,12.9,12.4,No Prazo,Nenhuma
7515,20250605,9,8,26,20,2,29.9,4662.34,930,15.0,18.0,Atrasado,Nenhuma
7516,20250605,32,36,21,19,4,19.8,1272.38,300,4.8,4.5,No Prazo,Nenhuma
7517,20250605,2,12,14,10,5,5.9,5188.0,930,15.0,14.4,No Prazo,Nenhuma
7518,20250605,20,17,13,8,5,4.9,4389.16,930,15.0,14.3,No Prazo,Nenhuma
7519,20250606,13,4,11,1,3,50.8,2407.84,430,6.9,7.2,No Prazo,Nenhuma
7520,20250606,29,2,14,8,1,9.4,5060.26,930,15.0,15.0,No Prazo,Nenhuma
7521,20250606,10,9,4,7,2,24.6,1173.21,210,3.4,4.3,Atrasado,Nenhuma
7522,20250606,27,28,9,2,5,34.8,2368.79,410,6.6,6.2,No Prazo,Nenhuma
7523,20250606,34,18,23,15,2,5.1,933.55,210,3.4,3.2,No Prazo,Nenhuma
7524,20250606,24,10,10,6,4,47.8,3472.78,800,12.9,15.3,Atrasado,Nenhuma
7525,20250606,38,29,23,4,5,56.3,2339.75,550,8.9,8.3,No Prazo,Nenhuma
7526,20250606,28,2,14,9,1,43.9,11663.42,1960,31.6,32.0,No Prazo,Pane Mecânica
7527,20250606,29,22,19,16,1,9.3,1332.57,315,5.1,5.0,No Prazo,Nenhuma
7528,20250606,27,34,9,5,5,36.9,5892.54,1370,22.1,22.8,No Prazo,Nenhuma
7529,20250606,24,23,16,14,4,42.5,4561.31,800,12.9,12.9,No Prazo,Nenhuma
7530,20250606,6,37,30,14,5,10.6,3672.88,800,12.9,12.2,No Prazo,Atraso em Carga/Descarga
7531,20250606,33,11,27,20,1,19.7,4903.25,930,15.0,17.7,Atrasado,Nenhuma
7532,20250606,35,7,17,6,3,5.4,4198.29,800,12.9,15.8,Atrasado,Nenhuma
7533,20250606,42,28,8,18,5,4.7,2890.19,550,8.9,10.6,Atrasado,Nenhuma
7534,20250606,25,37,21,17,5,10.0,507.74,100,1.6,2.3,Atrasado,Nenhuma
7535,20250606,5,22,5,4,1,30.8,3136.54,550,8.9,9.0,No Prazo,Nenhuma
7536,20250606,1,3,28,9,3,11.5,11734.77,1960,31.6,31.0,No Prazo,Nenhuma
7537,20250606,6,12,10,2,5,11.7,2487.11,410,6.6,6.4,No Prazo,Nenhuma
7538,20250606,3,28,26,6,5,4.4,3647.93,800,12.9,12.7,No Prazo,Nenhuma
7539,20250606,35,31,21,15,3,5.7,1015.51,210,3.4,3.4,No Prazo,Nenhuma
7540,20250606,42,28,21,12,5,5.4,2528.64,590,9.5,9.2,No Prazo,Nenhuma
7541,20250606,29,15,10,10,1,13.7,4493.56,930,15.0,20.7,Atrasado,Nenhuma
7542,20250606,17,37,25,2,5,8.6,1889.9,410,6.6,7.8,Atrasado,Trânsito/Rota
7543,20250606,23,23,22,19,4,5.1,1336.12,300,4.8,4.6,No Prazo,Nenhuma
7544,20250606,1,3,8,10,3,12.7,5278.96,930,15.0,15.4,No Prazo,Nenhuma
7545,20250606,3,34,13,4,5,4.2,3259.03,550,8.9,9.9,Atrasado,Nenhuma
7546,20250606,26,2,28,15,1,9.8,1192.19,210,3.4,4.3,Atrasado,Nenhuma
7547,20250606,23,10,2,11,4,5.6,2128.67,410,6.6,6.6,No Prazo,Atraso em Carga/Descarga
7548,20250606,13,31,12,14,3,40.5,4448.49,800,12.9,13.5,No Prazo,Nenhuma
7549,20250606,36,6,14,20,1,5.8,5410.18,930,15.0,15.1,No Prazo,Nenhuma
7550,20250606,36,6,7,11,1,5.1,2171.95,410,6.6,8.1,Atrasado,Nenhuma
7551,20250606,38,13,18,14,5,55.7,4748.5,800,12.9,12.4,No Prazo,Nenhuma
7552,20250607,7,12,1,19,5,4.7,1547.44,300,4.8,6.2,Atrasado,Nenhuma
7553,20250607,25,37,9,9,5,11.5,9669.97,1960,31.6,30.1,No Prazo,Nenhuma
7554,20250607,5,22,5,20,1,23.4,5348.81,930,15.0,15.5,No Prazo,Nenhuma
7555,20250607,9,26,2,14,2,31.2,3538.28,800,12.9,11.9,No Prazo,Nenhuma
7556,20250607,28,22,11,4,1,51.3,2851.2,550,8.9,11.6,Atrasado,Nenhuma
7557,20250607,15,30,9,2,1,49.0,1795.75,410,6.6,6.6,No Prazo,Nenhuma
7558,20250607,35,7,25,4,3,4.8,2563.83,550,8.9,8.9,No Prazo,Nenhuma
7559,20250607,10,19,24,20,2,17.2,4902.03,930,15.0,15.6,No Prazo,Pane Mecânica
7560,20250607,30,10,12,15,4,54.2,944.04,210,3.4,4.0,Atrasado,Nenhuma
7561,20250607,6,13,9,20,5,13.1,4615.95,930,15.0,15.2,No Prazo,Nenhuma
7562,20250607,17,17,4,19,5,10.3,1753.27,300,4.8,4.7,No Prazo,Pane Mecânica
7563,20250607,3,37,7,9,5,5.4,12253.75,1960,31.6,43.7,Atrasado,Nenhuma
7564,20250608,15,22,7,6,1,49.2,3427.87,800,12.9,13.4,No Prazo,Nenhuma
7565,20250608,9,38,20,7,2,26.3,929.27,210,3.4,3.5,No Prazo,Nenhuma
7566,20250608,28,30,30,17,1,53.9,462.92,100,1.6,1.6,No Prazo,Nenhuma
7567,20250608,12,17,22,20,5,13.0,4593.6,930,15.0,13.9,No Prazo,Nenhuma
7568,20250608,19,13,12,11,5,31.4,1711.67,410,6.6,6.6,No Prazo,Pane Mecânica
7569,20250608,20,28,29,5,5,4.5,7647.25,1370,22.1,21.6,No Prazo,Nenhuma
7570,20250608,6,35,20,15,5,11.3,921.62,210,3.4,3.2,No Prazo,Nenhuma
7571,20250608,33,6,19,4,1,25.0,2799.9,550,8.9,9.2,No Prazo,Nenhuma
7572,20250608,41,5,27,4,3,30.9,3090.81,550,8.9,9.1,No Prazo,Nenhuma
7573,20250609,4,15,23,16,1,5.0,1829.27,315,5.1,6.7,Atrasado,Nenhuma
7574,20250609,32,10,5,13,4,21.3,7089.71,1370,22.1,28.5,Atrasado,Nenhuma
7575,20250609,21,6,21,12,1,33.0,3366.91,590,9.5,9.8,No Prazo,Nenhuma
7576,20250609,18,4,15,10,3,46.0,4998.96,930,15.0,19.9,Atrasado,Nenhuma
7577,20250609,9,9,6,7,2,25.6,1190.87,210,3.4,4.8,Atrasado,Nenhuma
7578,20250609,33,6,27,14,1,17.2,3543.77,800,12.9,12.6,No Prazo,Nenhuma
7579,20250609,38,17,27,3,5,54.2,3154.2,590,9.5,9.7,No Prazo,Nenhuma
7580,20250609,33,1,8,14,1,18.9,4152.2,800,12.9,11.9,No Prazo,Nenhuma
7581,20250609,12,13,22,10,5,8.8,4835.89,930,15.0,20.8,Atrasado,Atraso em Carga/Descarga
7582,20250609,20,28,14,3,5,4.0,2414.74,590,9.5,9.7,No Prazo,Nenhuma
7583,20250609,9,21,26,6,2,26.9,4197.57,800,12.9,16.5,Atrasado,Nenhuma
7584,20250609,13,3,22,3,3,40.0,2698.28,590,9.5,13.0,Atrasado,Atraso em Carga/Descarga
7585,20250609,19,37,19,16,5,32.1,1509.48,315,5.1,5.2,No Prazo,Trânsito/Rota
7586,20250609,31,2,22,7,1,38.4,939.81,210,3.4,4.3,Atrasado,Nenhuma
7587,20250609,28,15,24,4,1,46.5,3169.95,550,8.9,12.4,Atrasado,Pane Mecânica
7588,20250609,3,37,24,7,5,4.2,1031.59,210,3.4,3.2,No Prazo,Trânsito/Rota
7589,20250609,34,9,30,20,2,3.7,4477.79,930,15.0,14.4,No Prazo,Pane Mecânica
7590,20250609,32,32,26,7,4,17.2,922.75,210,3.4,3.2,No Prazo,Nenhuma
7591,20250609,19,29,15,15,5,24.6,883.64,210,3.4,4.7,Atrasado,Nenhuma
7592,20250609,6,28,3,12,5,13.6,2934.19,590,9.5,9.1,No Prazo,Nenhuma
7593,20250609,21,22,24,13,1,23.6,7698.76,1370,22.1,20.8,No Prazo,Nenhuma
7594,20250610,7,28,10,7,5,5.6,960.65,210,3.4,4.1,Atrasado,Nenhuma
7595,20250610,23,24,11,20,4,5.1,4537.15,930,15.0,15.4,No Prazo,Nenhuma
7596,20250610,10,38,11,15,2,24.4,977.06,210,3.4,3.5,No Prazo,Nenhuma
7597,20250610,2,12,3,9,5,4.3,11332.9,1960,31.6,45.6,Atrasado,Trânsito/Rota
7598,20250610,11,7,18,12,3,5.0,2348.28,590,9.5,9.8,No Prazo,Nenhuma
7599,20250610,5,11,10,6,1,29.7,4202.18,800,12.9,13.0,No Prazo,Nenhuma
7600,20250610,18,3,4,1,3,40.5,2164.01,430,6.9,7.1,No Prazo,Nenhuma
7601,20250610,29,11,13,17,1,12.7,451.9,100,1.6,2.3,Atrasado,Nenhuma
7602,20250610,34,26,17,12,2,4.7,2740.06,590,9.5,8.7,No Prazo,Nenhuma
7603,20250610,8,27,16,14,1,10.6,3344.95,800,12.9,12.6,No Prazo,Pane Mecânica
7604,20250610,33,22,12,9,1,21.4,10238.14,1960,31.6,35.5,Atrasado,Nenhuma
7605,20250610,18,7,16,6,3,54.4,4440.64,800,12.9,15.2,Atrasado,Nenhuma
7606,20250610,30,10,4,20,4,34.6,4665.02,930,15.0,14.3,No Prazo,Nenhuma
7607,20250610,23,32,30,4,4,5.8,2446.01,550,8.9,9.8,Atrasado,Nenhuma
7608,20250610,25,35,16,4,5,12.3,2895.81,550,8.9,8.4,No Prazo,Nenhuma
7609,20250610,20,37,19,11,5,4.8,2290.33,410,6.6,8.1,Atrasado,Nenhuma
7610,20250611,24,36,25,7,4,39.9,895.66,210,3.4,3.3,No Prazo,Nenhuma
7611,20250611,38,17,19,4,5,52.3,3106.27,550,8.9,8.5,No Prazo,Nenhuma
7612,20250611,23,24,27,2,4,4.3,1732.83,410,6.6,8.2,Atrasado,Nenhuma
7613,20250611,33,15,5,17,1,21.0,589.28,100,1.6,1.6,No Prazo,Nenhuma
7614,20250611,39,24,23,1,4,23.5,2396.11,430,6.9,7.2,No Prazo,Nenhuma
7615,20250611,23,36,15,10,4,5.2,4781.36,930,15.0,14.2,No Prazo,Nenhuma
7616,20250611,1,3,5,4,3,8.9,2209.09,550,8.9,9.3,No Prazo,Nenhuma
7617,20250611,36,22,8,13,1,4.5,8348.17,1370,22.1,31.8,Atrasado,Atraso em Carga/Descarga
7618,20250611,34,25,17,1,2,4.0,1845.66,430,6.9,9.4,Atrasado,Nenhuma
7619,20250611,27,34,1,19,5,36.5,1262.04,300,4.8,6.1,Atrasado,Nenhuma
7620,20250611,31,1,9,8,1,46.0,4856.31,930,15.0,14.0,No Prazo,Atraso em Carga/Descarga
7621,20250611,22,38,1,17,2,11.9,426.0,100,1.6,2.1,Atrasado,Nenhuma
7622,20250611,27,12,22,16,5,37.3,1659.03,315,5.1,5.1,No Prazo,Nenhuma
7623,20250611,42,29,16,13,5,5.2,8041.43,1370,22.1,25.1,Atrasado,Nenhuma
7624,20250611,38,17,4,18,5,49.6,3076.67,550,8.9,8.9,No Prazo,Nenhuma
7625,20250611,28,2,25,13,1,53.1,8020.42,1370,22.1,21.2,No Prazo,Nenhuma
7626,20250611,38,29,3,17,5,38.7,542.69,100,1.6,2.2,Atrasado,Nenhuma
7627,20250611,41,4,2,16,3,23.4,1778.59,315,5.1,4.9,No Prazo,Nenhuma
7628,20250611,31,11,11,12,1,40.9,2706.83,590,9.5,9.6,No Prazo,Nenhuma
7629,20250611,16,24,9,2,4,4.0,1873.65,410,6.6,8.9,Atrasado,Atraso em Carga/Descarga
7630,20250611,18,31,28,4,3,36.9,2484.98,550,8.9,8.8,No Prazo,Pane Mecânica
7631,20250611,35,5,1,18,3,5.9,2726.88,550,8.9,8.4,No Prazo,Trânsito/Rota
7632,20250612,39,32,24,11,4,26.9,2368.02,410,6.6,6.2,No Prazo,Nenhuma
7633,20250612,6,35,26,7,5,12.0,1051.99,210,3.4,3.4,No Prazo,Nenhuma
7634,20250612,9,9,16,3,2,23.3,2673.91,590,9.5,8.9,No Prazo,Nenhuma
7635,20250612,25,28,25,4,5,11.0,2739.32,550,8.9,8.6,No Prazo,Trânsito/Rota
7636,20250612,41,3,15,1,3,36.0,2368.26,430,6.9,6.6,No Prazo,Nenhuma
7637,20250612,40,10,9,13,4,9.2,6443.41,1370,22.1,20.7,No Prazo,Nenhuma
7638,20250612,39,32,20,5,4,17.7,7705.47,1370,22.1,20.4,No Prazo,Nenhuma
7639,20250612,3,37,23,1,5,5.7,2338.04,430,6.9,8.0,Atrasado,Nenhuma
7640,20250612,29,2,1,2,1,13.9,2390.44,410,6.6,6.8,No Prazo,Atraso em Carga/Descarga
7641,20250612,41,5,24,14,3,34.3,3469.65,800,12.9,13.4,No Prazo,Nenhuma
7642,20250612,35,33,21,13,3,5.7,5906.4,1370,22.1,20.8,No Prazo,Pane Mecânica
7643,20250612,11,5,20,15,3,4.9,905.6,210,3.4,4.9,Atrasado,Nenhuma
7644,20250612,16,24,8,6,4,3.9,3534.99,800,12.9,17.4,Atrasado,Nenhuma
7645,20250612,24,24,20,1,4,51.4,1762.63,430,6.9,6.7,No Prazo,Nenhuma
7646,20250612,14,37,2,19,5,4.5,1455.23,300,4.8,5.4,Atrasado,Nenhuma
7647,20250612,40,10,22,18,4,13.2,2323.11,550,8.9,9.2,No Prazo,Nenhuma
7648,20250612,6,29,12,17,5,13.7,562.58,100,1.6,1.5,No Prazo,Nenhuma
7649,20250612,3,12,20,13,5,5.0,6277.48,1370,22.1,22.8,No Prazo,Nenhuma
7650,20250612,24,32,16,18,4,41.9,2683.79,550,8.9,10.4,Atrasado,Pane Mecânica
7651,20250612,22,16,18,15,2,9.5,964.97,210,3.4,3.3,No Prazo,Nenhuma
7652,20250612,11,7,14,15,3,5.6,962.32,210,3.4,3.2,No Prazo,Nenhuma
7653,20250612,1,20,1,12,3,10.9,2494.41,590,9.5,11.3,Atrasado,Nenhuma
7654,20250612,35,3,4,15,3,3.9,1110.91,210,3.4,3.4,No Prazo,Nenhuma
7655,20250612,28,6,7,3,1,56.3,2519.76,590,9.5,8.8,No Prazo,Nenhuma
7656,20250612,33,1,5,3,1,21.4,3244.1,590,9.5,9.2,No Prazo,Nenhuma
7657,20250612,18,3,29,7,3,38.5,1236.13,210,3.4,3.5,No Prazo,Nenhuma
7658,20250612,12,35,11,4,5,9.0,2258.13,550,8.9,10.2,Atrasado,Trânsito/Rota
7659,20250612,34,21,21,15,2,5.0,893.43,210,3.4,4.5,Atrasado,Atraso em Carga/Descarga
7660,20250613,41,3,19,15,3,26.3,884.72,210,3.4,3.4,No Prazo,Nenhuma
7661,20250613,26,11,17,14,1,13.1,4168.0,800,12.9,12.7,No Prazo,Pane Mecânica
7662,20250613,9,18,29,17,2,22.6,547.91,100,1.6,1.6,No Prazo,Trânsito/Rota
7663,20250613,17,12,2,5,5,13.9,7613.49,1370,22.1,21.3,No Prazo,Nenhuma
7664,20250613,10,19,30,12,2,21.0,3257.67,590,9.5,9.7,No Prazo,Nenhuma
7665,20250613,15,27,22,2,1,37.2,2345.29,410,6.6,6.6,No Prazo,Nenhuma
7666,20250613,16,36,30,14,4,5.4,3686.73,800,12.9,12.7,No Prazo,Nenhuma
7667,20250613,3,28,14,3,5,4.2,3652.66,590,9.5,8.8,No Prazo,Nenhuma
7668,20250613,36,6,14,11,1,5.8,2113.47,410,6.6,6.8,No Prazo,Atraso em Carga/Descarga
7669,20250613,24,10,13,4,4,51.6,2554.17,550,8.9,8.8,No Prazo,Nenhuma
7670,20250613,8,15,28,1,1,10.7,2153.88,430,6.9,8.9,Atrasado,Nenhuma
7671,20250613,42,35,12,16,5,3.9,1881.37,315,5.1,5.3,No Prazo,Nenhuma
7672,20250613,26,30,12,15,1,10.0,1066.6,210,3.4,3.4,No Prazo,Nenhuma
7673,20250613,28,30,19,5,1,41.9,6404.91,1370,22.1,20.4,No Prazo,Nenhuma
7674,20250613,1,3,24,2,3,12.9,2397.54,410,6.6,6.4,No Prazo,Nenhuma
7675,20250613,30,10,9,2,4,52.5,2110.24,410,6.6,6.4,No Prazo,Pane Mecânica
7676,20250613,23,10,1,2,4,3.7,2210.57,410,6.6,6.6,No Prazo,Nenhuma
7677,20250613,17,37,24,4,5,10.1,2751.82,550,8.9,9.3,No Prazo,Nenhuma
7678,20250613,19,37,23,14,5,30.6,4653.46,800,12.9,12.2,No Prazo,Nenhuma
7679,20250613,23,24,5,9,4,4.9,8105.25,1960,31.6,35.4,Atrasado,Nenhuma
7680,20250613,39,32,13,16,4,24.6,1616.95,315,5.1,5.3,No Prazo,Nenhuma
7681,20250613,33,2,9,14,1,25.2,4738.59,800,12.9,16.1,Atrasado,Nenhuma
7682,20250614,11,3,18,9,3,4.9,9508.38,1960,31.6,31.0,No Prazo,Pane Mecânica
7683,20250614,2,13,4,14,5,4.2,3645.25,800,12.9,17.7,Atrasado,Pane Mecânica
7684,20250614,3,17,13,16,5,4.7,1652.3,315,5.1,4.7,No Prazo,Nenhuma
7685,20250614,38,34,12,7,5,56.3,1159.64,210,3.4,4.2,Atrasado,Nenhuma
7686,20250615,17,34,23,1,5,12.3,1802.3,430,6.9,6.9,No Prazo,Nenhuma
7687,20250615,40,10,9,20,4,10.6,4902.73,930,15.0,14.0,No Prazo,Nenhuma
7688,20250615,40,23,23,14,4,10.3,3621.46,800,12.9,12.0,No Prazo,Nenhuma
7689,20250615,12,34,17,14,5,8.4,3368.27,800,12.9,14.5,Atrasado,Nenhuma
7690,20250615,34,21,23,14,2,5.6,4810.9,800,12.9,12.0,No Prazo,Nenhuma
7691,20250615,31,2,8,1,1,37.0,2444.28,430,6.9,8.8,Atrasado,Nenhuma
7692,20250615,7,28,4,18,5,4.5,2394.19,550,8.9,8.2,No Prazo,Nenhuma
7693,20250615,21,22,30,3,1,29.1,3229.51,590,9.5,10.2,Atrasado,Problema Documental
7694,20250615,39,24,15,10,4,19.2,4157.3,930,15.0,20.4,Atrasado,Nenhuma
7695,20250615,8,15,20,12,1,13.1,3114.11,590,9.5,9.4,No Prazo,Nenhuma
7696,20250616,9,8,12,3,2,35.7,3596.63,590,9.5,9.2,No Prazo,Nenhuma
7697,20250616,26,22,25,20,1,9.2,4052.98,930,15.0,15.3,No Prazo,Pane Mecânica
7698,20250616,28,22,5,12,1,40.0,2835.1,590,9.5,9.1,No Prazo,Atraso em Carga/Descarga
7699,20250616,17,34,19,17,5,12.4,565.23,100,1.6,1.6,No Prazo,Nenhuma
7700,20250616,13,4,14,20,3,52.3,5611.16,930,15.0,14.8,No Prazo,Nenhuma
7701,20250616,9,8,9,4,2,29.1,2696.57,550,8.9,9.3,No Prazo,Nenhuma
7702,20250616,41,4,24,5,3,24.3,6419.17,1370,22.1,21.0,No Prazo,Nenhuma
7703,20250616,17,34,15,20,5,9.7,5036.26,930,15.0,14.7,No Prazo,Atraso em Carga/Descarga
7704,20250616,17,34,2,19,5,13.1,1716.35,300,4.8,4.7,No Prazo,Nenhuma
7705,20250616,11,20,13,19,3,5.1,1513.96,300,4.8,4.7,No Prazo,Nenhuma
7706,20250616,18,4,10,9,3,53.2,10912.73,1960,31.6,32.7,No Prazo,Nenhuma
7707,20250616,10,14,28,19,2,24.3,1543.32,300,4.8,4.5,No Prazo,Atraso em Carga/Descarga
7708,20250616,32,24,11,16,4,25.9,1610.79,315,5.1,5.3,No Prazo,Nenhuma
7709,20250616,37,6,26,9,1,25.6,10779.61,1960,31.6,29.2,No Prazo,Nenhuma
7710,20250616,22,8,10,1,2,12.8,2242.07,430,6.9,7.1,No Prazo,Nenhuma
7711,20250616,28,6,15,3,1,54.9,3053.25,590,9.5,8.9,No Prazo,Nenhuma
7712,20250616,12,28,29,6,5,13.0,4330.94,800,12.9,18.6,Atrasado,Nenhuma
7713,20250616,18,31,24,10,3,53.6,5311.94,930,15.0,14.7,No Prazo,Atraso em Carga/Descarga
7714,20250617,35,4,5,8,3,5.3,5374.9,930,15.0,14.3,No Prazo,Nenhuma
7715,20250617,3,35,14,2,5,5.4,1902.58,410,6.6,6.8,No Prazo,Nenhuma
7716,20250617,33,22,15,16,1,17.8,1701.33,315,5.1,4.9,No Prazo,Atraso em Carga/Descarga
7717,20250617,25,17,16,14,5,9.8,4448.64,800,12.9,13.3,No Prazo,Nenhuma
7718,20250617,12,37,11,3,5,12.7,2715.71,590,9.5,9.5,No Prazo,Nenhuma
7719,20250617,39,32,26,8,4,18.2,5209.24,930,15.0,14.0,No Prazo,Nenhuma
7720,20250617,12,28,7,12,5,10.6,2874.41,590,9.5,11.2,Atrasado,Trânsito/Rota
7721,20250617,20,35,7,13,5,4.1,7925.27,1370,22.1,24.6,Atrasado,Nenhuma
7722,20250617,24,24,3,8,4,52.2,4276.78,930,15.0,14.6,No Prazo,Pane Mecânica
7723,20250617,34,14,21,11,2,6.0,2287.69,410,6.6,9.0,Atrasado,Pane Mecânica
7724,20250617,25,13,12,18,5,12.7,2894.33,550,8.9,10.0,Atrasado,Nenhuma
7725,20250617,12,13,4,11,5,12.8,1883.74,410,6.6,6.2,No Prazo,Nenhuma
7726,20250617,28,15,9,9,1,48.7,9956.96,1960,31.6,32.8,No Prazo,Nenhuma
7727,20250617,21,15,16,3,1,29.3,2516.38,590,9.5,10.5,Atrasado,Nenhuma
7728,20250617,41,20,25,7,3,33.3,1084.45,210,3.4,3.9,Atrasado,Nenhuma
7729,20250617,1,7,7,12,3,11.8,2478.5,590,9.5,9.3,No Prazo,Nenhuma
7730,20250617,37,6,14,4,1,20.6,2348.26,550,8.9,9.2,No Prazo,Nenhuma
7731,20250617,2,12,18,13,5,5.1,5867.87,1370,22.1,28.6,Atrasado,Pane Mecânica
7732,20250617,12,17,9,19,5,9.2,1703.8,300,4.8,5.0,No Prazo,Nenhuma
7733,20250618,38,12,5,14,5,35.6,4404.89,800,12.9,11.9,No Prazo,Nenhuma
7734,20250618,29,6,9,8,1,11.1,3845.04,930,15.0,14.6,No Prazo,Nenhuma
7735,20250618,2,37,17,3,5,4.7,2785.62,590,9.5,9.5,No Prazo,Nenhuma
7736,20250618,27,17,13,3,5,53.9,3594.19,590,9.5,11.6,Atrasado,Nenhuma
7737,20250618,6,34,5,14,5,12.0,3312.57,800,12.9,16.0,Atrasado,Nenhuma
7738,20250618,9,8,14,9,2,31.0,11677.84,1960,31.6,29.4,No Prazo,Nenhuma
7739,20250618,11,33,27,8,3,5.6,5479.53,930,15.0,16.7,Atrasado,Nenhuma
7740,20250618,29,1,12,1,1,12.8,2377.19,430,6.9,9.7,Atrasado,Nenhuma
7741,20250618,4,15,4,18,1,4.1,3119.54,550,8.9,12.5,Atrasado,Nenhuma
7742,20250618,5,2,23,20,1,29.6,4874.81,930,15.0,15.0,No Prazo,Nenhuma
7743,20250618,31,6,30,9,1,41.3,8215.6,1960,31.6,30.1,No Prazo,Nenhuma
7744,20250618,16,10,13,14,4,5.0,3948.63,800,12.9,18.4,Atrasado,Nenhuma
7745,20250618,32,10,18,9,4,25.1,10275.5,1960,31.6,32.8,No Prazo,Nenhuma
7746,20250618,28,1,10,9,1,47.6,9037.64,1960,31.6,30.5,No Prazo,Nenhuma
7747,20250618,19,29,22,3,5,33.0,3348.54,590,9.5,8.9,No Prazo,Nenhuma
7748,20250618,33,6,2,6,1,22.8,3535.91,800,12.9,15.9,Atrasado,Nenhuma
7749,20250619,6,34,22,3,5,10.5,3150.71,590,9.5,9.2,No Prazo,Nenhuma
7750,20250619,7,35,30,2,5,4.9,1901.88,410,6.6,8.5,Atrasado,Trânsito/Rota
7751,20250619,23,23,25,1,4,4.1,2289.05,430,6.9,9.3,Atrasado,Nenhuma
7752,20250619,39,10,17,1,4,24.3,2188.96,430,6.9,6.7,No Prazo,Nenhuma
7753,20250619,14,13,9,8,5,4.4,5152.8,930,15.0,15.2,No Prazo,Nenhuma
7754,20250619,42,29,16,4,5,5.6,2866.49,550,8.9,8.6,No Prazo,Nenhuma
7755,20250619,34,26,29,9,2,4.9,11501.16,1960,31.6,33.2,No Prazo,Nenhuma
7756,20250619,41,7,19,13,3,23.9,6504.31,1370,22.1,20.9,No Prazo,Nenhuma
7757,20250619,13,33,3,2,3,43.6,2453.59,410,6.6,6.2,No Prazo,Nenhuma
7758,20250619,2,28,14,1,5,4.6,1953.32,430,6.9,6.8,No Prazo,Nenhuma
7759,20250619,6,35,2,6,5,13.6,3781.96,800,12.9,14.8,Atrasado,Trânsito/Rota
7760,20250619,34,14,11,3,2,5.2,3046.19,590,9.5,9.2,No Prazo,Pane Mecânica
7761,20250619,34,38,27,9,2,4.9,11437.94,1960,31.6,29.7,No Prazo,Trânsito/Rota
7762,20250619,22,9,16,3,2,9.6,2824.75,590,9.5,9.0,No Prazo,Nenhuma
7763,20250619,4,6,11,13,1,3.8,6081.63,1370,22.1,23.0,No Prazo,Nenhuma
7764,20250619,12,35,1,9,5,11.4,10689.04,1960,31.6,31.8,No Prazo,Nenhuma
7765,20250619,40,23,7,13,4,10.3,6350.75,1370,22.1,20.7,No Prazo,Nenhuma
7766,20250619,3,37,7,17,5,4.7,615.45,100,1.6,1.6,No Prazo,Nenhuma
7767,20250619,34,19,18,14,2,3.8,4522.9,800,12.9,15.3,Atrasado,Trânsito/Rota
7768,20250619,36,27,22,18,1,4.5,2685.72,550,8.9,8.7,No Prazo,Pane Mecânica
7769,20250619,18,4,11,16,3,39.6,1399.8,315,5.1,4.9,No Prazo,Nenhuma
7770,20250620,30,24,28,6,4,41.4,4588.66,800,12.9,14.3,Atrasado,Nenhuma
7771,20250620,15,11,29,12,1,43.2,3283.42,590,9.5,9.7,No Prazo,Nenhuma
7772,20250620,22,16,6,11,2,9.4,2264.85,410,6.6,6.8,No Prazo,Nenhuma
7773,20250620,10,8,27,8,2,23.3,4491.32,930,15.0,15.2,No Prazo,Nenhuma
7774,20250620,26,11,13,12,1,10.9,3426.48,590,9.5,9.3,No Prazo,Nenhuma
7775,20250620,25,37,20,2,5,10.0,1866.45,410,6.6,6.9,No Prazo,Nenhuma
7776,20250620,22,26,1,5,2,8.4,7494.07,1370,22.1,30.0,Atrasado,Atraso em Carga/Descarga
7777,20250620,40,24,15,1,4,12.5,2096.75,430,6.9,6.6,No Prazo,Nenhuma
7778,20250620,35,33,26,14,3,5.6,4461.63,800,12.9,12.2,No Prazo,Nenhuma
7779,20250620,11,20,21,6,3,4.1,3485.81,800,12.9,18.5,Atrasado,Nenhuma
7780,20250620,22,14,25,1,2,10.8,1779.5,430,6.9,7.0,No Prazo,Pane Mecânica
7781,20250620,34,25,24,4,2,4.6,2417.96,550,8.9,9.2,No Prazo,Nenhuma
7782,20250620,13,4,25,14,3,44.6,4747.76,800,12.9,12.5,No Prazo,Nenhuma
7783,20250620,21,1,11,16,1,27.5,1574.84,315,5.1,4.7,No Prazo,Nenhuma
7784,20250620,21,11,3,10,1,29.8,4456.42,930,15.0,17.1,Atrasado,Nenhuma
7785,20250620,25,29,11,14,5,13.9,4173.78,800,12.9,12.3,No Prazo,Nenhuma
7786,20250620,36,30,6,15,1,4.3,1166.84,210,3.4,3.3,No Prazo,Nenhuma
7787,20250620,36,2,4,17,1,5.6,482.61,100,1.6,1.5,No Prazo,Trânsito/Rota
7788,20250620,28,11,11,6,1,46.8,4105.73,800,12.9,12.0,No Prazo,Nenhuma
7789,20250620,35,3,27,10,3,4.9,4823.15,930,15.0,14.9,No Prazo,Nenhuma
7790,20250620,29,2,10,17,1,11.1,517.05,100,1.6,1.5,No Prazo,Trânsito/Rota
7791,20250620,25,13,23,15,5,9.0,1100.45,210,3.4,3.2,No Prazo,Nenhuma
7792,20250620,13,5,15,19,3,36.4,1461.23,300,4.8,5.9,Atrasado,Nenhuma
7793,20250620,9,21,2,6,2,23.7,3319.73,800,12.9,13.0,No Prazo,Nenhuma
7794,20250620,38,13,3,1,5,37.1,2053.55,430,6.9,8.2,Atrasado,Nenhuma
7795,20250620,19,17,29,9,5,31.3,8290.4,1960,31.6,43.8,Atrasado,Trânsito/Rota
7796,20250620,5,27,22,19,1,27.2,1653.62,300,4.8,4.5,No Prazo,Nenhuma
7797,20250621,42,29,8,18,5,5.4,2673.26,550,8.9,8.5,No Prazo,Nenhuma
7798,20250621,12,13,21,6,5,13.8,4484.24,800,12.9,12.2,No Prazo,Pane Mecânica
7799,20250621,37,6,15,1,1,19.9,1956.76,430,6.9,6.4,No Prazo,Trânsito/Rota
7800,20250621,12,35,30,6,5,13.3,3851.47,800,12.9,13.2,No Prazo,Nenhuma
7801,20250621,5,15,22,17,1,25.4,414.88,100,1.6,1.5,No Prazo,Nenhuma
7802,20250621,25,35,4,16,5,9.5,1332.77,315,5.1,7.3,Atrasado,Nenhuma
7803,20250621,37,1,11,15,1,18.7,960.42,210,3.4,3.1,No Prazo,Nenhuma
7804,20250621,31,2,12,11,1,56.8,2027.07,410,6.6,6.4,No Prazo,Nenhuma
7805,20250621,32,23,10,18,4,24.2,2646.06,550,8.9,8.8,No Prazo,Nenhuma
7806,20250621,6,29,26,5,5,13.1,7829.55,1370,22.1,21.9,No Prazo,Nenhuma
7807,20250622,11,33,29,13,3,5.7,7979.47,1370,22.1,31.7,Atrasado,Nenhuma
7808,20250622,20,37,23,10,5,3.7,4956.22,930,15.0,17.9,Atrasado,Nenhuma
7809,20250622,1,4,29,9,3,12.7,9003.56,1960,31.6,30.8,No Prazo,Nenhuma
7810,20250622,31,2,18,17,1,48.3,595.68,100,1.6,1.6,No Prazo,Nenhuma
7811,20250622,27,29,7,12,5,45.1,2884.0,590,9.5,9.2,No Prazo,Nenhuma
7812,20250622,26,30,17,3,1,12.9,3495.63,590,9.5,11.0,Atrasado,Trânsito/Rota
7813,20250623,14,12,30,20,5,3.7,4434.27,930,15.0,19.5,Atrasado,Nenhuma
7814,20250623,16,24,14,17,4,5.9,584.68,100,1.6,1.6,No Prazo,Nenhuma
7815,20250623,23,32,17,13,4,5.3,5656.68,1370,22.1,20.5,No Prazo,Nenhuma
7816,20250623,38,34,23,9,5,48.0,8692.86,1960,31.6,39.5,Atrasado,Nenhuma
7817,20250623,24,36,26,17,4,53.5,424.18,100,1.6,2.0,Atrasado,Nenhuma
7818,20250623,15,22,1,2,1,44.9,1816.97,410,6.6,6.2,No Prazo,Nenhuma
7819,20250623,21,1,24,12,1,35.6,2764.66,590,9.5,9.5,No Prazo,Nenhuma
7820,20250623,35,7,25,20,3,5.4,4696.44,930,15.0,15.6,No Prazo,Nenhuma
7821,20250623,36,22,20,3,1,5.2,3559.3,590,9.5,10.9,Atrasado,Nenhuma
7822,20250623,37,27,9,8,1,20.9,4679.41,930,15.0,14.0,No Prazo,Atraso em Carga/Descarga
7823,20250623,21,30,11,11,1,36.0,2106.13,410,6.6,6.8,No Prazo,Nenhuma
7824,20250623,18,31,6,11,3,46.2,2035.27,410,6.6,8.6,Atrasado,Nenhuma
7825,20250623,36,11,22,13,1,5.1,7875.25,1370,22.1,20.6,No Prazo,Nenhuma
7826,20250623,17,17,21,20,5,11.8,4825.45,930,15.0,18.3,Atrasado,Nenhuma
7827,20250623,24,24,27,18,4,48.2,3255.85,550,8.9,10.0,Atrasado,Nenhuma
7828,20250623,1,3,20,18,3,12.4,2967.22,550,8.9,8.9,No Prazo,Trânsito/Rota
7829,20250624,14,12,28,16,5,5.4,1357.0,315,5.1,5.0,No Prazo,Nenhuma
7830,20250624,15,1,3,14,1,46.1,4102.41,800,12.9,16.5,Atrasado,Nenhuma
7831,20250624,3,28,4,10,5,3.6,4389.07,930,15.0,17.8,Atrasado,Nenhuma
7832,20250624,3,12,6,17,5,6.0,600.6,100,1.6,1.5,No Prazo,Nenhuma
7833,20250624,27,17,18,10,5,35.1,4542.74,930,15.0,21.7,Atrasado,Nenhuma
7834,20250624,38,13,2,12,5,41.9,3284.67,590,9.5,9.3,No Prazo,Nenhuma
7835,20250624,33,2,10,5,1,26.9,7508.24,1370,22.1,23.2,No Prazo,Nenhuma
7836,20250624,23,36,3,13,4,5.5,8212.12,1370,22.1,22.4,No Prazo,Nenhuma
7837,20250624,11,5,16,13,3,4.3,6438.15,1370,22.1,21.6,No Prazo,Nenhuma
7838,20250624,36,27,17,9,1,5.3,10043.53,1960,31.6,29.5,No Prazo,Nenhuma
7839,20250624,21,6,26,7,1,34.9,1004.98,210,3.4,3.2,No Prazo,Nenhuma
7840,20250624,29,2,3,6,1,9.7,4499.65,800,12.9,13.0,No Prazo,Nenhuma
7841,20250624,27,12,13,3,5,38.6,3423.28,590,9.5,12.2,Atrasado,Nenhuma
7842,20250624,38,12,15,17,5,53.9,474.6,100,1.6,1.7,No Prazo,Nenhuma
7843,20250624,34,8,2,7,2,4.8,1032.43,210,3.4,3.6,No Prazo,Nenhuma
7844,20250624,38,28,21,17,5,38.2,435.56,100,1.6,1.6,No Prazo,Nenhuma
7845,20250624,39,10,21,12,4,25.8,3385.21,590,9.5,9.0,No Prazo,Pane Mecânica
7846,20250624,15,15,22,17,1,37.6,436.17,100,1.6,1.6,No Prazo,Nenhuma
7847,20250624,41,4,7,16,3,29.3,1724.74,315,5.1,5.0,No Prazo,Trânsito/Rota
7848,20250624,30,23,16,4,4,48.0,3324.36,550,8.9,10.5,Atrasado,Nenhuma
7849,20250624,20,29,29,7,5,5.9,1058.36,210,3.4,4.3,Atrasado,Nenhuma
7850,20250624,11,5,30,9,3,4.2,10426.9,1960,31.6,29.4,No Prazo,Nenhuma
7851,20250624,42,37,3,9,5,4.4,8420.88,1960,31.6,30.8,No Prazo,Nenhuma
7852,20250624,32,23,5,1,4,17.8,2359.66,430,6.9,8.1,Atrasado,Nenhuma
7853,20250624,12,34,21,6,5,8.8,4739.43,800,12.9,15.3,Atrasado,Nenhuma
7854,20250624,1,33,4,13,3,10.6,6702.6,1370,22.1,23.2,No Prazo,Nenhuma
7855,20250624,2,35,11,5,5,5.3,7908.58,1370,22.1,20.8,No Prazo,Nenhuma
7856,20250624,23,10,10,12,4,5.6,2870.35,590,9.5,11.8,Atrasado,Nenhuma
7857,20250624,34,14,9,13,2,5.9,5656.36,1370,22.1,23.1,No Prazo,Trânsito/Rota
7858,20250624,1,3,29,4,3,12.1,2763.69,550,8.9,9.0,No Prazo,Nenhuma
7859,20250624,4,11,25,20,1,5.7,5621.22,930,15.0,14.1,No Prazo,Nenhuma
7860,20250624,8,27,18,11,1,13.2,2336.78,410,6.6,6.2,No Prazo,Nenhuma
7861,20250624,16,36,30,19,4,5.6,1682.11,300,4.8,5.5,Atrasado,Nenhuma
7862,20250625,10,26,19,20,2,23.1,4054.3,930,15.0,18.4,Atrasado,Atraso em Carga/Descarga
7863,20250625,10,38,13,8,2,25.2,4385.55,930,15.0,15.5,No Prazo,Nenhuma
7864,20250625,39,10,14,1,4,23.2,2386.74,430,6.9,6.8,No Prazo,Nenhuma
7865,20250625,8,2,14,2,1,12.4,2113.45,410,6.6,7.4,Atrasado,Nenhuma
7866,20250625,20,29,5,11,5,5.7,1983.97,410,6.6,6.2,No Prazo,Nenhuma
7867,20250625,3,34,4,11,5,5.9,2251.66,410,6.6,6.8,No Prazo,Nenhuma
7868,20250625,35,20,28,12,3,5.3,3555.76,590,9.5,9.5,No Prazo,Nenhuma
7869,20250625,40,23,29,17,4,13.7,440.94,100,1.6,1.5,No Prazo,Nenhuma
7870,20250625,28,30,23,19,1,42.1,1417.62,300,4.8,4.5,No Prazo,Nenhuma
7871,20250625,6,13,16,19,5,12.6,1602.18,300,4.8,6.2,Atrasado,Pane Mecânica
7872,20250625,20,35,27,14,5,4.4,4820.15,800,12.9,12.0,No Prazo,Nenhuma
7873,20250625,17,29,11,9,5,9.2,11508.39,1960,31.6,31.8,No Prazo,Nenhuma
7874,20250625,12,29,1,19,5,10.8,1347.45,300,4.8,6.9,Atrasado,Nenhuma
7875,20250625,23,32,14,6,4,5.9,3238.12,800,12.9,13.2,No Prazo,Nenhuma
7876,20250625,2,37,16,1,5,5.2,2026.69,430,6.9,6.9,No Prazo,Nenhuma
7877,20250625,24,32,7,12,4,53.3,3133.12,590,9.5,9.7,No Prazo,Pane Mecânica
7878,20250625,16,10,27,9,4,4.1,11282.35,1960,31.6,29.9,No Prazo,Nenhuma
7879,20250625,16,32,30,16,4,4.7,1546.92,315,5.1,5.2,No Prazo,Nenhuma
7880,20250625,20,29,4,15,5,5.5,918.31,210,3.4,3.9,Atrasado,Trânsito/Rota
7881,20250625,35,31,6,2,3,4.6,2182.91,410,6.6,6.2,No Prazo,Nenhuma
7882,20250625,7,29,24,2,5,4.4,2126.97,410,6.6,6.7,No Prazo,Nenhuma
7883,20250625,7,37,22,19,5,4.8,1737.85,300,4.8,4.5,No Prazo,Nenhuma
7884,20250625,25,13,1,17,5,11.3,481.15,100,1.6,2.1,Atrasado,Nenhuma
7885,20250625,2,34,7,3,5,4.1,2587.82,590,9.5,9.8,No Prazo,Nenhuma
7886,20250625,35,31,5,17,3,4.4,510.05,100,1.6,1.8,Atrasado,Nenhuma
7887,20250625,25,35,17,9,5,10.8,10407.23,1960,31.6,30.9,No Prazo,Nenhuma
7888,20250625,38,37,10,8,5,44.3,5359.01,930,15.0,19.8,Atrasado,Nenhuma
7889,20250626,14,29,9,6,5,4.8,3905.83,800,12.9,12.5,No Prazo,Nenhuma
7890,20250626,9,19,1,7,2,26.1,1076.58,210,3.4,3.4,No Prazo,Nenhuma
7891,20250626,41,31,19,6,3,27.6,4232.22,800,12.9,12.1,No Prazo,Nenhuma
7892,20250626,34,21,14,3,2,4.5,2404.52,590,9.5,10.0,No Prazo,Nenhuma
7893,20250626,40,36,8,12,4,11.2,2737.0,590,9.5,9.7,No Prazo,Nenhuma
7894,20250626,22,21,23,10,2,11.4,4476.25,930,15.0,14.9,No Prazo,Nenhuma
7895,20250626,2,35,30,2,5,4.2,1954.22,410,6.6,6.4,No Prazo,Nenhuma
7896,20250626,34,14,22,16,2,4.9,1517.5,315,5.1,5.2,No Prazo,Nenhuma
7897,20250626,24,24,30,15,4,34.5,952.35,210,3.4,3.5,No Prazo,Nenhuma
7898,20250626,7,29,9,4,5,5.3,2690.74,550,8.9,9.5,Atrasado,Nenhuma
7899,20250626,30,36,7,14,4,47.6,4021.99,800,12.9,13.0,No Prazo,Nenhuma
7900,20250626,26,11,28,1,1,12.3,2034.2,430,6.9,9.2,Atrasado,Atraso em Carga/Descarga
7901,20250626,32,10,11,10,4,16.9,4070.34,930,15.0,14.7,No Prazo,Nenhuma
7902,20250626,19,28,11,2,5,32.9,2010.13,410,6.6,9.4,Atrasado,Nenhuma
7903,20250626,12,28,19,14,5,14.0,4609.62,800,12.9,13.1,No Prazo,Nenhuma
7904,20250626,23,23,10,16,4,5.3,1654.48,315,5.1,4.8,No Prazo,Nenhuma
7905,20250626,40,10,20,4,4,10.8,3124.67,550,8.9,9.1,No Prazo,Nenhuma
7906,20250626,5,6,14,18,1,25.8,3088.04,550,8.9,8.3,No Prazo,Nenhuma
7907,20250626,24,36,20,12,4,51.1,3368.93,590,9.5,9.8,No Prazo,Problema Documental
7908,20250626,13,5,20,15,3,44.9,1209.12,210,3.4,3.5,No Prazo,Nenhuma
7909,20250626,28,11,22,7,1,54.7,887.7,210,3.4,4.1,Atrasado,Nenhuma
7910,20250626,24,24,16,11,4,34.4,2409.19,410,6.6,7.4,Atrasado,Atraso em Carga/Descarga
7911,20250626,4,27,21,5,1,3.7,6168.99,1370,22.1,22.1,No Prazo,Nenhuma
7912,20250626,28,1,1,20,1,48.3,3878.94,930,15.0,15.6,No Prazo,Atraso em Carga/Descarga
7913,20250626,22,14,25,7,2,9.6,1110.51,210,3.4,4.8,Atrasado,Nenhuma
7914,20250626,16,10,23,16,4,4.5,1499.83,315,5.1,4.8,No Prazo,Nenhuma
7915,20250626,31,2,14,6,1,46.4,4115.95,800,12.9,12.9,No Prazo,Nenhuma
7916,20250626,40,23,9,3,4,11.6,3279.41,590,9.5,9.5,No Prazo,Nenhuma
7917,20250627,13,31,22,7,3,39.6,882.84,210,3.4,3.5,No Prazo,Nenhuma
7918,20250627,2,28,15,2,5,4.4,2249.64,410,6.6,6.7,No Prazo,Nenhuma
7919,20250627,18,20,22,14,3,44.0,4479.16,800,12.9,13.2,No Prazo,Pane Mecânica
7920,20250627,22,25,14,12,2,11.3,2820.57,590,9.5,12.5,Atrasado,Nenhuma
7921,20250627,14,13,2,6,5,5.6,4860.74,800,12.9,12.9,No Prazo,Pane Mecânica
7922,20250627,39,10,13,18,4,17.8,2441.62,550,8.9,9.3,No Prazo,Nenhuma
7923,20250627,21,1,28,6,1,31.1,4182.53,800,12.9,12.8,No Prazo,Atraso em Carga/Descarga
7924,20250627,42,35,5,2,5,3.6,2189.42,410,6.6,6.2,No Prazo,Nenhuma
7925,20250627,35,31,12,8,3,3.7,4278.3,930,15.0,20.3,Atrasado,Nenhuma
7926,20250627,10,9,7,7,2,17.8,997.22,210,3.4,4.1,Atrasado,Problema Documental
7927,20250627,28,27,18,14,1,47.1,3807.3,800,12.9,12.8,No Prazo,Nenhuma
7928,20250627,12,29,2,10,5,13.8,4730.11,930,15.0,20.8,Atrasado,Nenhuma
7929,20250627,24,10,20,13,4,41.2,5928.4,1370,22.1,29.0,Atrasado,Atraso em Carga/Descarga
7930,20250627,15,6,21,19,1,49.9,1440.2,300,4.8,4.7,No Prazo,Nenhuma
7931,20250627,24,24,19,8,4,42.9,4346.41,930,15.0,16.2,Atrasado,Nenhuma
7932,20250628,33,2,26,2,1,22.5,2403.4,410,6.6,6.2,No Prazo,Nenhuma
7933,20250628,31,27,10,16,1,36.4,1866.4,315,5.1,5.2,No Prazo,Trânsito/Rota
7934,20250628,30,36,5,19,4,35.4,1433.22,300,4.8,4.9,No Prazo,Trânsito/Rota
7935,20250628,2,17,7,2,5,5.6,1670.08,410,6.6,6.5,No Prazo,Nenhuma
7936,20250629,39,23,9,13,4,23.7,6705.66,1370,22.1,25.3,Atrasado,Pane Mecânica
7937,20250629,39,24,16,10,4,22.4,5567.91,930,15.0,17.7,Atrasado,Nenhuma
7938,20250629,32,10,15,6,4,21.2,4768.34,800,12.9,12.2,No Prazo,Trânsito/Rota
7939,20250629,27,12,22,11,5,36.1,2358.63,410,6.6,9.4,Atrasado,Pane Mecânica
7940,20250629,10,16,2,5,2,16.4,5703.57,1370,22.1,22.6,No Prazo,Nenhuma
7941,20250629,21,11,15,20,1,35.7,5069.07,930,15.0,15.1,No Prazo,Nenhuma
7942,20250629,1,20,6,17,3,9.0,568.74,100,1.6,1.6,No Prazo,Nenhuma
7943,20250630,19,12,1,12,5,25.7,3060.5,590,9.5,10.5,Atrasado,Nenhuma
7944,20250630,14,35,8,18,5,5.7,2535.39,550,8.9,10.3,Atrasado,Problema Documental
7945,20250630,1,33,8,18,3,10.5,2413.35,550,8.9,12.2,Atrasado,Nenhuma
7946,20250630,38,29,9,2,5,43.0,2357.48,410,6.6,6.5,No Prazo,Nenhuma
7947,20250630,38,13,13,13,5,52.5,6621.49,1370,22.1,28.2,Atrasado,Nenhuma
7948,20250630,11,3,29,9,3,4.9,11307.0,1960,31.6,34.0,Atrasado,Nenhuma
7949,20250630,13,4,16,4,3,42.4,2875.93,550,8.9,11.9,Atrasado,Nenhuma
7950,20250630,27,37,25,9,5,36.8,9637.69,1960,31.6,44.7,Atrasado,Trânsito/Rota
7951,20250630,3,28,10,9,5,4.2,11088.49,1960,31.6,45.5,Atrasado,Nenhuma
7952,20250630,29,27,24,5,1,9.0,7596.8,1370,22.1,23.1,No Prazo,Nenhuma
7953,20250630,13,33,1,2,3,40.4,2502.89,410,6.6,9.3,Atrasado,Atraso em Carga/Descarga
7954,20250630,13,3,26,13,3,54.1,5990.64,1370,22.1,31.9,Atrasado,Trânsito/Rota
7955,20250630,30,10,30,4,4,56.0,2506.58,550,8.9,11.7,Atrasado,Nenhuma
7956,20250630,26,1,5,9,1,9.0,7933.28,1960,31.6,44.8,Atrasado,Nenhuma
7957,20250630,29,11,13,15,1,9.2,1008.98,210,3.4,3.3,No Prazo,Pane Mecânica
7958,20250630,41,33,8,15,3,32.1,987.1,210,3.4,3.2,No Prazo,Atraso em Carga/Descarga
7959,20250630,42,28,5,10,5,4.8,4616.3,930,15.0,19.5,Atrasado,Nenhuma
7960,20250630,40,10,30,18,4,12.1,2642.13,550,8.9,10.2,Atrasado,Pane Mecânica
7961,20250701,24,24,29,1,4,53.2,1881.22,430,6.9,8.7,Atrasado,Nenhuma
7962,20250701,14,28,18,10,5,5.2,4683.41,930,15.0,15.5,No Prazo,Nenhuma
7963,20250701,20,13,28,1,5,4.2,1902.43,430,6.9,9.1,Atrasado,Nenhuma
7964,20250701,11,5,2,6,3,4.1,4096.42,800,12.9,13.0,No Prazo,Nenhuma
7965,20250701,18,4,1,3,3,44.0,3479.32,590,9.5,10.7,Atrasado,Nenhuma
7966,20250701,33,15,2,5,1,21.3,6343.22,1370,22.1,30.2,Atrasado,Nenhuma
7967,20250701,37,27,15,19,1,24.3,1370.89,300,4.8,5.3,Atrasado,Nenhuma
7968,20250701,12,35,22,14,5,8.8,4497.06,800,12.9,13.3,No Prazo,Nenhuma
7969,20250701,12,29,21,18,5,11.5,2954.27,550,8.9,12.3,Atrasado,Nenhuma
7970,20250701,38,35,11,8,5,36.9,5051.34,930,15.0,15.1,No Prazo,Nenhuma
7971,20250701,29,15,5,14,1,11.4,3651.75,800,12.9,14.7,Atrasado,Nenhuma
7972,20250701,31,30,29,8,1,47.3,4655.84,930,15.0,14.5,No Prazo,Nenhuma
7973,20250701,14,12,4,9,5,5.0,11061.39,1960,31.6,30.1,No Prazo,Nenhuma
7974,20250701,18,31,9,3,3,37.6,2549.57,590,9.5,9.1,No Prazo,Nenhuma
7975,20250701,41,31,5,13,3,30.9,7783.74,1370,22.1,23.0,No Prazo,Nenhuma
7976,20250701,3,37,20,10,5,4.6,4241.94,930,15.0,14.6,No Prazo,Nenhuma
7977,20250702,15,6,28,2,1,44.5,2409.63,410,6.6,6.6,No Prazo,Nenhuma
7978,20250702,34,16,8,6,2,4.3,3498.77,800,12.9,12.5,No Prazo,Nenhuma
7979,20250702,10,19,6,9,2,17.2,9455.01,1960,31.6,32.9,No Prazo,Nenhuma
7980,20250702,4,2,27,13,1,5.2,6105.59,1370,22.1,25.4,Atrasado,Nenhuma
7981,20250702,6,35,19,15,5,13.4,1013.03,210,3.4,3.2,No Prazo,Nenhuma
7982,20250702,17,17,20,20,5,11.2,3963.72,930,15.0,14.9,No Prazo,Nenhuma
7983,20250702,40,10,19,8,4,9.0,5725.44,930,15.0,14.9,No Prazo,Nenhuma
7984,20250702,20,29,2,16,5,5.0,1678.87,315,5.1,4.8,No Prazo,Nenhuma
7985,20250702,36,22,25,5,1,4.1,7354.33,1370,22.1,22.0,No Prazo,Nenhuma
7986,20250702,12,37,27,6,5,8.8,4391.58,800,12.9,13.4,No Prazo,Nenhuma
7987,20250702,28,15,11,10,1,35.8,5172.79,930,15.0,14.7,No Prazo,Nenhuma
7988,20250702,42,37,16,17,5,4.1,596.67,100,1.6,1.6,No Prazo,Nenhuma
7989,20250702,21,27,11,18,1,26.8,3160.91,550,8.9,8.5,No Prazo,Nenhuma
7990,20250702,30,36,22,12,4,42.8,2375.81,590,9.5,12.6,Atrasado,Nenhuma
7991,20250702,39,23,28,18,4,21.7,3123.16,550,8.9,8.2,No Prazo,Nenhuma
7992,20250702,17,29,27,7,5,13.0,1000.38,210,3.4,4.2,Atrasado,Nenhuma
7993,20250702,37,2,12,3,1,24.6,2639.18,590,9.5,10.3,Atrasado,Pane Mecânica
7994,20250702,5,6,4,16,1,24.4,1743.24,315,5.1,4.7,No Prazo,Nenhuma
7995,20250702,15,11,21,11,1,42.3,1861.17,410,6.6,6.8,No Prazo,Trânsito/Rota
7996,20250702,33,1,1,11,1,19.0,1920.38,410,6.6,7.9,Atrasado,Nenhuma
7997,20250702,24,24,2,18,4,56.0,2653.52,550,8.9,8.6,No Prazo,Nenhuma
7998,20250702,17,34,11,6,5,12.1,4546.56,800,12.9,12.6,No Prazo,Nenhuma
7999,20250702,2,29,14,11,5,5.6,2260.27,410,6.6,6.5,No Prazo,Nenhuma
8000,20250702,13,20,6,1,3,54.3,2237.15,430,6.9,6.6,No Prazo,Trânsito/Rota
8001,20250702,9,21,26,12,2,27.9,2402.2,590,9.5,8.8,No Prazo,Nenhuma
8002,20250702,9,19,30,14,2,27.6,3572.31,800,12.9,13.1,No Prazo,Nenhuma
8003,20250702,33,22,17,1,1,26.2,2404.05,430,6.9,6.7,No Prazo,Nenhuma
8004,20250702,23,24,27,15,4,5.2,1085.11,210,3.4,3.2,No Prazo,Trânsito/Rota
8005,20250702,29,22,11,17,1,11.8,528.26,100,1.6,1.7,No Prazo,Nenhuma
8006,20250702,7,35,13,14,5,5.7,3990.32,800,12.9,12.9,No Prazo,Nenhuma
8007,20250703,16,36,9,19,4,4.4,1586.81,300,4.8,4.7,No Prazo,Nenhuma
8008,20250703,16,32,27,2,4,4.0,2411.34,410,6.6,6.6,No Prazo,Nenhuma
8009,20250703,1,20,1,20,3,10.8,4717.47,930,15.0,14.5,No Prazo,Nenhuma
8010,20250703,28,15,1,4,1,39.0,2892.99,550,8.9,8.3,No Prazo,Nenhuma
8011,20250703,5,22,12,3,1,33.5,3205.03,590,9.5,9.0,No Prazo,Nenhuma
8012,20250703,35,3,23,1,3,5.5,1864.03,430,6.9,7.9,Atrasado,Pane Mecânica
8013,20250703,8,15,5,20,1,10.0,5091.91,930,15.0,17.6,Atrasado,Nenhuma
8014,20250703,14,17,3,19,5,5.3,1346.91,300,4.8,4.5,No Prazo,Nenhuma
8015,20250703,17,13,12,6,5,10.4,3752.92,800,12.9,13.3,No Prazo,Atraso em Carga/Descarga
8016,20250703,20,17,16,11,5,5.3,2367.85,410,6.6,7.9,Atrasado,Nenhuma
8017,20250703,12,28,11,9,5,12.2,8965.96,1960,31.6,33.8,Atrasado,Pane Mecânica
8018,20250703,16,36,5,7,4,5.9,1164.74,210,3.4,4.6,Atrasado,Nenhuma
8019,20250703,37,1,28,19,1,24.3,1563.98,300,4.8,4.6,No Prazo,Trânsito/Rota
8020,20250703,29,2,4,13,1,8.5,5945.9,1370,22.1,20.9,No Prazo,Nenhuma
8021,20250703,28,11,3,3,1,38.3,2432.55,590,9.5,9.9,No Prazo,Nenhuma
8022,20250703,27,17,20,14,5,36.4,4556.44,800,12.9,12.2,No Prazo,Nenhuma
8023,20250703,3,13,18,15,5,5.8,939.3,210,3.4,4.1,Atrasado,Nenhuma
8024,20250703,14,37,25,20,5,3.9,5248.85,930,15.0,14.3,No Prazo,Nenhuma
8025,20250703,10,14,8,1,2,21.3,1937.66,430,6.9,7.1,No Prazo,Nenhuma
8026,20250703,20,29,8,6,5,4.9,3960.63,800,12.9,17.5,Atrasado,Atraso em Carga/Descarga
8027,20250703,33,1,12,20,1,23.5,5064.24,930,15.0,14.1,No Prazo,Nenhuma
8028,20250703,2,29,3,8,5,4.0,5524.46,930,15.0,14.5,No Prazo,Pane Mecânica
8029,20250703,42,13,28,14,5,4.6,4183.22,800,12.9,13.2,No Prazo,Nenhuma
8030,20250703,18,5,20,4,3,38.5,2367.46,550,8.9,8.3,No Prazo,Nenhuma
8031,20250703,2,28,9,14,5,4.0,4170.44,800,12.9,12.4,No Prazo,Nenhuma
8032,20250704,7,17,1,11,5,5.4,2072.95,410,6.6,6.1,No Prazo,Nenhuma
8033,20250704,14,28,26,20,5,4.1,4343.24,930,15.0,14.3,No Prazo,Nenhuma
8034,20250704,34,19,25,15,2,5.4,1073.09,210,3.4,4.4,Atrasado,Nenhuma
8035,20250704,8,6,5,18,1,11.1,2834.79,550,8.9,8.6,No Prazo,Nenhuma
8036,20250704,7,17,30,2,5,5.0,2297.65,410,6.6,9.6,Atrasado,Nenhuma
8037,20250704,7,29,28,5,5,5.7,7127.96,1370,22.1,29.3,Atrasado,Nenhuma
8038,20250704,12,29,25,13,5,9.1,6305.34,1370,22.1,22.2,No Prazo,Nenhuma
8039,20250704,17,34,11,14,5,10.0,3672.65,800,12.9,15.3,Atrasado,Nenhuma
8040,20250704,36,30,27,14,1,5.8,4840.0,800,12.9,12.2,No Prazo,Nenhuma
8041,20250704,23,23,12,16,4,4.7,1401.7,315,5.1,5.0,No Prazo,Atraso em Carga/Descarga
8042,20250704,29,27,26,5,1,11.2,8054.27,1370,22.1,21.9,No Prazo,Nenhuma
8043,20250704,17,17,21,6,5,9.6,3285.46,800,12.9,13.1,No Prazo,Nenhuma
8044,20250704,38,37,8,4,5,42.3,3009.27,550,8.9,8.5,No Prazo,Nenhuma
8045,20250704,26,30,26,13,1,12.8,8237.09,1370,22.1,21.2,No Prazo,Nenhuma
8046,20250704,2,34,10,20,5,3.6,4423.81,930,15.0,15.6,No Prazo,Nenhuma
8047,20250704,9,19,1,6,2,37.0,4433.24,800,12.9,11.9,No Prazo,Atraso em Carga/Descarga
8048,20250704,33,15,7,9,1,22.1,10000.49,1960,31.6,30.9,No Prazo,Nenhuma
8049,20250704,19,29,17,2,5,27.1,2021.54,410,6.6,7.5,Atrasado,Nenhuma
8050,20250704,15,6,6,5,1,40.5,6622.99,1370,22.1,22.4,No Prazo,Atraso em Carga/Descarga
8051,20250704,18,3,15,16,3,46.7,1265.25,315,5.1,5.4,Atrasado,Nenhuma
8052,20250704,29,2,8,1,1,11.3,2250.01,430,6.9,6.9,No Prazo,Trânsito/Rota
8053,20250704,31,15,9,1,1,50.8,2458.91,430,6.9,7.1,No Prazo,Nenhuma
8054,20250704,37,22,25,3,1,17.3,2478.91,590,9.5,8.8,No Prazo,Nenhuma
8055,20250704,6,29,9,18,5,9.8,2557.79,550,8.9,9.3,No Prazo,Nenhuma
8056,20250704,31,11,28,4,1,54.9,2996.12,550,8.9,10.0,Atrasado,Nenhuma
8057,20250704,28,22,2,4,1,44.5,2522.02,550,8.9,8.9,No Prazo,Trânsito/Rota
8058,20250704,17,13,28,11,5,10.0,1918.36,410,6.6,6.8,No Prazo,Nenhuma
8059,20250705,25,34,15,7,5,11.4,871.22,210,3.4,3.2,No Prazo,Nenhuma
8060,20250705,12,12,12,2,5,13.6,2294.99,410,6.6,8.0,Atrasado,Nenhuma
8061,20250705,30,23,19,12,4,51.3,2694.44,590,9.5,11.7,Atrasado,Trânsito/Rota
8062,20250705,28,15,29,4,1,34.6,2382.01,550,8.9,8.4,No Prazo,Pane Mecânica
8063,20250706,14,35,4,16,5,4.5,1922.17,315,5.1,6.5,Atrasado,Nenhuma
8064,20250706,12,28,13,12,5,11.1,2618.0,590,9.5,12.2,Atrasado,Nenhuma
8065,20250706,16,10,20,3,4,4.6,2785.37,590,9.5,9.8,No Prazo,Nenhuma
8066,20250706,17,29,27,12,5,8.8,2982.59,590,9.5,9.3,No Prazo,Nenhuma
8067,20250706,16,32,15,10,4,5.6,5252.44,930,15.0,13.8,No Prazo,Nenhuma
8068,20250706,10,16,6,14,2,19.5,4244.31,800,12.9,12.4,No Prazo,Nenhuma
8069,20250706,28,22,10,5,1,51.7,5858.49,1370,22.1,22.3,No Prazo,Nenhuma
8070,20250706,9,14,4,3,2,25.8,2362.17,590,9.5,11.3,Atrasado,Nenhuma
8071,20250706,37,30,9,17,1,26.1,485.14,100,1.6,1.7,No Prazo,Nenhuma
8072,20250707,39,32,13,3,4,17.0,2417.94,590,9.5,9.0,No Prazo,Nenhuma
8073,20250707,42,37,21,19,5,4.9,1645.42,300,4.8,4.8,No Prazo,Nenhuma
8074,20250707,34,26,8,3,2,4.5,3243.44,590,9.5,12.3,Atrasado,Problema Documental
8075,20250707,9,9,4,2,2,31.7,2145.66,410,6.6,6.3,No Prazo,Nenhuma
8076,20250707,31,22,13,9,1,42.9,9619.39,1960,31.6,30.8,No Prazo,Nenhuma
8077,20250707,7,29,19,13,5,4.6,6963.28,1370,22.1,20.6,No Prazo,Atraso em Carga/Descarga
8078,20250707,32,10,25,16,4,19.7,1431.92,315,5.1,4.8,No Prazo,Nenhuma
8079,20250707,15,2,19,14,1,39.1,3798.1,800,12.9,17.8,Atrasado,Nenhuma
8080,20250707,33,15,11,17,1,24.4,528.04,100,1.6,1.6,No Prazo,Atraso em Carga/Descarga
8081,20250707,27,17,10,18,5,44.6,2965.38,550,8.9,8.4,No Prazo,Nenhuma
8082,20250707,12,17,27,18,5,11.2,3241.27,550,8.9,8.7,No Prazo,Nenhuma
8083,20250707,26,1,15,18,1,9.5,3060.1,550,8.9,8.6,No Prazo,Nenhuma
8084,20250707,5,2,19,20,1,26.8,5545.9,930,15.0,15.6,No Prazo,Trânsito/Rota
8085,20250707,7,17,27,5,5,3.6,6403.51,1370,22.1,23.1,No Prazo,Nenhuma
8086,20250707,2,29,5,12,5,5.0,2791.94,590,9.5,8.9,No Prazo,Atraso em Carga/Descarga
8087,20250707,4,11,21,15,1,5.1,978.04,210,3.4,3.8,Atrasado,Atraso em Carga/Descarga
8088,20250707,31,22,20,3,1,50.9,2717.5,590,9.5,11.0,Atrasado,Nenhuma
8089,20250707,11,33,1,16,3,4.3,1507.14,315,5.1,5.2,No Prazo,Nenhuma
8090,20250707,28,1,4,4,1,44.1,2907.65,550,8.9,9.3,No Prazo,Nenhuma
8091,20250708,24,23,16,20,4,43.5,4304.15,930,15.0,14.3,No Prazo,Nenhuma
8092,20250708,39,36,15,18,4,21.5,3134.74,550,8.9,11.3,Atrasado,Nenhuma
8093,20250708,26,6,25,4,1,8.9,2632.0,550,8.9,11.7,Atrasado,Nenhuma
8094,20250708,42,17,12,7,5,5.0,991.37,210,3.4,3.4,No Prazo,Trânsito/Rota
8095,20250708,20,35,30,7,5,4.4,977.11,210,3.4,3.2,No Prazo,Nenhuma
8096,20250708,24,23,13,12,4,35.1,2586.47,590,9.5,13.7,Atrasado,Nenhuma
8097,20250708,21,11,28,11,1,22.6,2078.65,410,6.6,9.5,Atrasado,Nenhuma
8098,20250708,24,23,23,10,4,41.3,4428.51,930,15.0,13.8,No Prazo,Trânsito/Rota
8099,20250708,37,22,29,12,1,20.3,3127.27,590,9.5,9.8,No Prazo,Nenhuma
8100,20250708,34,21,17,5,2,4.4,8109.15,1370,22.1,21.9,No Prazo,Nenhuma
8101,20250708,32,23,24,7,4,25.8,977.73,210,3.4,3.4,No Prazo,Nenhuma
8102,20250708,23,24,13,7,4,4.3,1156.56,210,3.4,4.6,Atrasado,Nenhuma
8103,20250708,17,29,17,9,5,8.8,8374.12,1960,31.6,32.5,No Prazo,Nenhuma
8104,20250708,7,28,15,2,5,5.8,2389.82,410,6.6,8.6,Atrasado,Pane Mecânica
8105,20250708,6,12,11,4,5,12.3,3171.2,550,8.9,8.9,No Prazo,Problema Documental
8106,20250708,20,34,15,18,5,3.7,2332.12,550,8.9,10.3,Atrasado,Nenhuma
8107,20250708,16,32,16,19,4,4.0,1358.74,300,4.8,4.5,No Prazo,Nenhuma
8108,20250708,20,34,12,6,5,5.9,4434.15,800,12.9,13.1,No Prazo,Nenhuma
8109,20250708,30,10,30,9,4,52.3,10194.91,1960,31.6,30.9,No Prazo,Problema Documental
8110,20250708,12,34,13,19,5,10.6,1481.0,300,4.8,4.7,No Prazo,Nenhuma
8111,20250708,6,34,27,10,5,12.4,4158.37,930,15.0,15.5,No Prazo,Trânsito/Rota
8112,20250708,6,35,18,9,5,10.7,8183.47,1960,31.6,31.2,No Prazo,Nenhuma
8113,20250708,13,5,16,12,3,40.4,2410.35,590,9.5,11.5,Atrasado,Nenhuma
8114,20250708,4,2,4,5,1,5.2,8197.09,1370,22.1,22.0,No Prazo,Nenhuma
8115,20250708,32,32,23,5,4,22.5,7171.96,1370,22.1,22.0,No Prazo,Nenhuma
8116,20250708,10,18,22,17,2,18.5,554.75,100,1.6,1.6,No Prazo,Nenhuma
8117,20250708,32,10,28,10,4,27.0,5441.39,930,15.0,15.3,No Prazo,Nenhuma
8118,20250709,8,15,16,8,1,10.9,4704.7,930,15.0,14.5,No Prazo,Nenhuma
8119,20250709,8,11,27,3,1,10.9,3510.42,590,9.5,9.8,No Prazo,Nenhuma
8120,20250709,22,26,7,18,2,13.1,2326.63,550,8.9,10.0,Atrasado,Nenhuma
8121,20250709,15,30,27,12,1,49.0,2463.73,590,9.5,9.9,No Prazo,Nenhuma
8122,20250709,24,36,6,15,4,55.3,1167.15,210,3.4,3.4,No Prazo,Atraso em Carga/Descarga
8123,20250709,37,11,7,7,1,26.6,1156.1,210,3.4,3.5,No Prazo,Nenhuma
8124,20250709,33,11,30,11,1,26.8,1832.01,410,6.6,6.3,No Prazo,Nenhuma
8125,20250709,28,22,2,15,1,36.6,1104.87,210,3.4,4.2,Atrasado,Nenhuma
8126,20250709,12,35,2,18,5,8.8,2478.23,550,8.9,8.7,No Prazo,Nenhuma
8127,20250709,27,37,13,18,5,47.9,2331.8,550,8.9,9.2,No Prazo,Nenhuma
8128,20250709,17,28,21,17,5,11.3,421.17,100,1.6,1.6,No Prazo,Problema Documental
8129,20250709,20,35,20,3,5,3.9,2803.01,590,9.5,9.2,No Prazo,Nenhuma
8130,20250709,5,22,1,4,1,34.1,2283.32,550,8.9,8.9,No Prazo,Pane Mecânica
8131,20250709,5,11,1,16,1,23.7,1278.23,315,5.1,4.8,No Prazo,Nenhuma
8132,20250709,14,37,7,15,5,5.5,1250.65,210,3.4,3.2,No Prazo,Nenhuma
8133,20250709,10,14,13,12,2,20.2,2404.42,590,9.5,10.4,Atrasado,Nenhuma
8134,20250709,25,34,17,2,5,9.1,2246.29,410,6.6,8.6,Atrasado,Nenhuma
8135,20250709,42,13,8,20,5,4.6,4123.13,930,15.0,14.3,No Prazo,Nenhuma
8136,20250709,3,34,8,6,5,3.9,3390.27,800,12.9,13.2,No Prazo,Nenhuma
8137,20250709,6,17,29,18,5,13.0,2566.3,550,8.9,8.8,No Prazo,Nenhuma
8138,20250709,20,34,8,2,5,4.9,2183.18,410,6.6,8.3,Atrasado,Nenhuma
8139,20250709,7,35,30,19,5,4.7,1221.64,300,4.8,4.9,No Prazo,Nenhuma
8140,20250709,37,11,8,6,1,19.5,4268.14,800,12.9,13.5,No Prazo,Nenhuma
8141,20250709,21,1,6,16,1,34.3,1691.59,315,5.1,4.7,No Prazo,Nenhuma
8142,20250709,4,22,2,13,1,3.7,7938.87,1370,22.1,20.7,No Prazo,Nenhuma
8143,20250709,14,29,28,16,5,4.3,1564.23,315,5.1,5.6,Atrasado,Nenhuma
8144,20250709,2,37,24,19,5,5.4,1268.21,300,4.8,4.8,No Prazo,Nenhuma
8145,20250709,34,25,6,14,2,5.0,3429.17,800,12.9,12.4,No Prazo,Atraso em Carga/Descarga
8146,20250709,41,20,22,20,3,33.3,5374.22,930,15.0,14.6,No Prazo,Nenhuma
8147,20250709,29,2,7,7,1,11.8,942.87,210,3.4,3.2,No Prazo,Nenhuma
8148,20250710,22,16,8,6,2,8.9,4110.3,800,12.9,12.5,No Prazo,Nenhuma
8149,20250710,11,5,8,18,3,4.7,2766.79,550,8.9,9.0,No Prazo,Nenhuma
8150,20250710,32,23,15,2,4,19.1,2057.71,410,6.6,6.9,No Prazo,Pane Mecânica
8151,20250710,16,32,28,18,4,5.9,3234.44,550,8.9,8.5,No Prazo,Nenhuma
8152,20250710,40,32,5,18,4,13.1,2227.37,550,8.9,8.6,No Prazo,Nenhuma
8153,20250710,41,33,4,9,3,33.8,8735.8,1960,31.6,30.9,No Prazo,Trânsito/Rota
8154,20250710,13,20,2,6,3,41.2,4279.74,800,12.9,17.6,Atrasado,Nenhuma
8155,20250710,15,27,7,12,1,38.7,3378.86,590,9.5,9.5,No Prazo,Nenhuma
8156,20250710,42,34,19,6,5,5.9,4791.72,800,12.9,18.5,Atrasado,Nenhuma
8157,20250710,31,15,12,17,1,50.2,549.16,100,1.6,1.5,No Prazo,Nenhuma
8158,20250710,35,5,5,12,3,5.5,2980.4,590,9.5,11.0,Atrasado,Nenhuma
8159,20250710,28,1,9,2,1,36.5,2073.46,410,6.6,6.3,No Prazo,Nenhuma
8160,20250710,42,13,10,20,5,5.9,5307.12,930,15.0,15.4,No Prazo,Nenhuma
8161,20250710,9,25,3,12,2,22.8,3341.12,590,9.5,9.8,No Prazo,Pane Mecânica
8162,20250710,34,18,6,6,2,5.6,3925.0,800,12.9,13.4,No Prazo,Nenhuma
8163,20250710,42,34,7,17,5,5.2,463.42,100,1.6,1.5,No Prazo,Nenhuma
8164,20250710,13,3,3,3,3,55.7,3620.3,590,9.5,9.9,No Prazo,Nenhuma
8165,20250710,34,25,9,12,2,4.9,3212.3,590,9.5,9.7,No Prazo,Nenhuma
8166,20250710,26,6,4,6,1,10.5,3964.69,800,12.9,17.7,Atrasado,Trânsito/Rota
8167,20250710,13,31,2,1,3,38.4,2312.2,430,6.9,6.7,No Prazo,Nenhuma
8168,20250710,6,37,20,16,5,12.4,1928.68,315,5.1,4.9,No Prazo,Pane Mecânica
8169,20250710,41,7,24,20,3,34.0,4596.95,930,15.0,14.8,No Prazo,Nenhuma
8170,20250710,4,30,2,3,1,4.6,3330.61,590,9.5,9.9,No Prazo,Nenhuma
8171,20250710,32,36,29,5,4,25.0,6404.6,1370,22.1,22.1,No Prazo,Nenhuma
8172,20250710,35,7,24,20,3,4.8,4296.85,930,15.0,19.9,Atrasado,Nenhuma
8173,20250710,28,2,23,14,1,50.4,3630.24,800,12.9,12.2,No Prazo,Nenhuma
8174,20250710,1,4,2,6,3,10.0,3333.53,800,12.9,15.8,Atrasado,Nenhuma
8175,20250710,32,36,4,8,4,25.2,5521.92,930,15.0,13.8,No Prazo,Trânsito/Rota
8176,20250710,1,5,3,18,3,8.6,2558.64,550,8.9,9.2,No Prazo,Nenhuma
8177,20250710,23,10,26,6,4,4.8,4433.23,800,12.9,12.9,No Prazo,Nenhuma
8178,20250711,3,17,4,4,5,5.2,2758.58,550,8.9,8.6,No Prazo,Nenhuma
8179,20250711,29,22,20,18,1,13.2,3145.82,550,8.9,11.2,Atrasado,Nenhuma
8180,20250711,3,12,28,11,5,4.9,2373.49,410,6.6,6.4,No Prazo,Nenhuma
8181,20250711,27,13,14,6,5,54.9,3866.99,800,12.9,13.5,No Prazo,Nenhuma
8182,20250711,17,13,16,2,5,11.1,1797.09,410,6.6,6.2,No Prazo,Nenhuma
8183,20250711,6,17,21,14,5,13.6,4057.2,800,12.9,12.2,No Prazo,Nenhuma
8184,20250711,27,29,16,8,5,36.5,5430.69,930,15.0,14.7,No Prazo,Nenhuma
8185,20250711,32,36,19,8,4,24.1,4876.18,930,15.0,14.3,No Prazo,Pane Mecânica
8186,20250711,11,4,17,16,3,5.5,1735.34,315,5.1,5.2,No Prazo,Pane Mecânica
8187,20250711,6,37,3,15,5,11.0,1176.01,210,3.4,3.2,No Prazo,Trânsito/Rota
8188,20250711,21,6,16,9,1,30.1,10496.37,1960,31.6,44.3,Atrasado,Atraso em Carga/Descarga
8189,20250711,42,34,18,17,5,4.9,559.18,100,1.6,1.6,No Prazo,Nenhuma
8190,20250711,7,28,6,8,5,3.7,4228.52,930,15.0,17.1,Atrasado,Nenhuma
8191,20250711,25,28,10,11,5,10.9,1932.67,410,6.6,6.2,No Prazo,Nenhuma
8192,20250711,12,28,22,4,5,9.9,2947.69,550,8.9,8.5,No Prazo,Nenhuma
8193,20250711,13,20,16,15,3,54.4,942.32,210,3.4,4.8,Atrasado,Nenhuma
8194,20250711,23,10,10,9,4,4.3,8640.64,1960,31.6,32.1,No Prazo,Pane Mecânica
8195,20250711,26,22,1,5,1,13.1,7775.04,1370,22.1,20.8,No Prazo,Trânsito/Rota
8196,20250712,38,34,24,10,5,35.3,4731.41,930,15.0,15.3,No Prazo,Nenhuma
8197,20250712,35,7,6,18,3,5.2,2645.64,550,8.9,10.1,Atrasado,Nenhuma
8198,20250712,18,7,2,4,3,51.2,3404.15,550,8.9,8.5,No Prazo,Nenhuma
8199,20250712,17,34,24,7,5,11.5,894.27,210,3.4,3.2,No Prazo,Pane Mecânica
8200,20250712,28,2,9,2,1,45.0,2423.98,410,6.6,6.8,No Prazo,Nenhuma
8201,20250712,31,27,11,17,1,48.8,603.58,100,1.6,2.0,Atrasado,Pane Mecânica
8202,20250713,25,35,19,11,5,10.6,1995.99,410,6.6,6.4,No Prazo,Nenhuma
8203,20250713,40,10,5,20,4,8.6,4995.16,930,15.0,16.9,Atrasado,Nenhuma
8204,20250713,16,32,4,3,4,4.6,2604.44,590,9.5,12.3,Atrasado,Nenhuma
8205,20250713,21,1,27,3,1,22.6,3042.4,590,9.5,9.6,No Prazo,Nenhuma
8206,20250713,27,17,17,3,5,34.7,2409.24,590,9.5,9.2,No Prazo,Trânsito/Rota
8207,20250713,1,5,15,19,3,13.1,1406.37,300,4.8,5.8,Atrasado,Nenhuma
8208,20250713,33,15,17,10,1,17.9,4306.37,930,15.0,21.0,Atrasado,Nenhuma
8209,20250714,27,29,10,20,5,44.5,4606.98,930,15.0,17.1,Atrasado,Nenhuma
8210,20250714,39,24,8,18,4,19.7,2624.83,550,8.9,8.7,No Prazo,Nenhuma
8211,20250714,27,37,21,16,5,51.1,1900.67,315,5.1,5.1,No Prazo,Nenhuma
8212,20250714,24,36,3,7,4,54.5,1015.95,210,3.4,3.5,No Prazo,Nenhuma
8213,20250714,16,32,11,5,4,4.7,8352.72,1370,22.1,21.7,No Prazo,Atraso em Carga/Descarga
8214,20250714,41,31,9,13,3,36.0,6640.05,1370,22.1,20.9,No Prazo,Nenhuma
8215,20250714,14,12,5,18,5,5.4,2682.16,550,8.9,8.8,No Prazo,Nenhuma
8216,20250714,38,34,15,11,5,46.7,1698.3,410,6.6,6.8,No Prazo,Atraso em Carga/Descarga
8217,20250714,7,28,20,11,5,4.6,1912.66,410,6.6,8.4,Atrasado,Nenhuma
8218,20250714,6,13,9,17,5,10.1,433.16,100,1.6,1.5,No Prazo,Nenhuma
8219,20250714,3,13,26,6,5,4.2,3938.21,800,12.9,13.0,No Prazo,Atraso em Carga/Descarga
8220,20250714,19,17,2,2,5,23.5,1883.53,410,6.6,6.9,No Prazo,Nenhuma
8221,20250714,2,17,8,1,5,3.9,2204.82,430,6.9,6.6,No Prazo,Nenhuma
8222,20250714,16,32,28,1,4,4.3,2211.78,430,6.9,6.6,No Prazo,Atraso em Carga/Descarga
8223,20250714,18,3,18,2,3,51.9,2166.57,410,6.6,6.9,No Prazo,Nenhuma
8224,20250714,20,17,3,20,5,3.8,4920.63,930,15.0,21.5,Atrasado,Nenhuma
8225,20250715,18,7,16,12,3,54.1,3645.36,590,9.5,12.5,Atrasado,Nenhuma
8226,20250715,31,6,3,1,1,46.1,2104.49,430,6.9,9.3,Atrasado,Nenhuma
8227,20250715,16,23,4,13,4,3.6,7046.96,1370,22.1,26.2,Atrasado,Nenhuma
8228,20250715,30,24,23,18,4,40.9,2507.72,550,8.9,8.5,No Prazo,Nenhuma
8229,20250715,1,5,12,15,3,8.9,1188.63,210,3.4,4.1,Atrasado,Nenhuma
8230,20250715,29,1,12,1,1,8.8,2534.98,430,6.9,6.8,No Prazo,Nenhuma
8231,20250715,7,37,9,4,5,4.8,3171.59,550,8.9,9.1,No Prazo,Nenhuma
8232,20250715,30,32,8,16,4,45.8,1417.83,315,5.1,5.0,No Prazo,Nenhuma
8233,20250715,15,15,13,16,1,35.4,1761.16,315,5.1,6.9,Atrasado,Nenhuma
8234,20250715,32,23,28,7,4,22.8,1002.52,210,3.4,4.5,Atrasado,Nenhuma
8235,20250715,30,32,16,3,4,54.0,2565.45,590,9.5,11.0,Atrasado,Nenhuma
8236,20250715,12,37,2,15,5,13.4,1010.48,210,3.4,4.4,Atrasado,Nenhuma
8237,20250715,8,2,29,3,1,11.5,3665.38,590,9.5,9.1,No Prazo,Nenhuma
8238,20250715,36,1,5,4,1,4.2,2321.15,550,8.9,9.2,No Prazo,Nenhuma
8239,20250715,19,35,24,17,5,23.4,533.31,100,1.6,1.5,No Prazo,Nenhuma
8240,20250715,3,12,20,13,5,4.8,5823.67,1370,22.1,21.6,No Prazo,Nenhuma
8241,20250715,19,17,17,12,5,34.3,2769.42,590,9.5,9.1,No Prazo,Nenhuma
8242,20250715,10,21,3,14,2,17.8,3676.99,800,12.9,12.1,No Prazo,Nenhuma
8243,20250715,11,7,24,19,3,6.0,1590.49,300,4.8,4.7,No Prazo,Pane Mecânica
8244,20250715,5,27,3,1,1,36.9,2212.34,430,6.9,6.9,No Prazo,Nenhuma
8245,20250715,17,17,2,5,5,10.6,7123.12,1370,22.1,22.0,No Prazo,Pane Mecânica
8246,20250715,33,22,4,19,1,25.8,1557.04,300,4.8,4.7,No Prazo,Trânsito/Rota
8247,20250715,6,37,5,6,5,9.5,3226.68,800,12.9,15.6,Atrasado,Nenhuma
8248,20250715,6,29,10,4,5,9.9,2975.12,550,8.9,11.5,Atrasado,Nenhuma
8249,20250715,17,13,28,6,5,13.6,3239.99,800,12.9,13.5,No Prazo,Pane Mecânica
8250,20250716,19,29,27,12,5,35.8,2862.11,590,9.5,11.9,Atrasado,Nenhuma
8251,20250716,23,24,10,6,4,5.0,3981.31,800,12.9,13.1,No Prazo,Nenhuma
8252,20250716,2,13,13,17,5,5.9,438.3,100,1.6,1.5,No Prazo,Nenhuma
8253,20250716,14,29,30,14,5,5.8,4017.75,800,12.9,12.3,No Prazo,Nenhuma
8254,20250716,23,32,21,6,4,3.7,4131.29,800,12.9,11.9,No Prazo,Atraso em Carga/Descarga
8255,20250716,20,35,4,3,5,3.8,3303.76,590,9.5,9.4,No Prazo,Nenhuma
8256,20250716,29,22,5,1,1,10.5,1949.86,430,6.9,9.2,Atrasado,Nenhuma
8257,20250716,5,6,16,13,1,24.6,5889.55,1370,22.1,30.8,Atrasado,Nenhuma
8258,20250716,12,13,28,4,5,11.1,2221.9,550,8.9,8.4,No Prazo,Atraso em Carga/Descarga
8259,20250716,8,30,23,15,1,10.8,1026.3,210,3.4,4.3,Atrasado,Nenhuma
8260,20250716,34,25,2,6,2,4.0,3885.45,800,12.9,12.6,No Prazo,Problema Documental
8261,20250716,37,22,29,17,1,18.6,574.74,100,1.6,1.8,Atrasado,Problema Documental
8262,20250716,14,35,10,3,5,4.9,3113.26,590,9.5,9.3,No Prazo,Nenhuma
8263,20250716,37,2,25,19,1,25.8,1393.6,300,4.8,4.8,No Prazo,Nenhuma
8264,20250716,15,22,29,11,1,43.8,2317.37,410,6.6,6.6,No Prazo,Nenhuma
8265,20250716,33,30,7,16,1,17.7,1467.83,315,5.1,5.3,No Prazo,Nenhuma
8266,20250716,25,29,26,5,5,13.7,6552.43,1370,22.1,20.9,No Prazo,Nenhuma
8267,20250716,2,13,26,2,5,5.3,1696.64,410,6.6,6.2,No Prazo,Nenhuma
8268,20250717,39,32,29,14,4,21.2,4261.15,800,12.9,12.7,No Prazo,Nenhuma
8269,20250717,15,6,29,19,1,49.6,1811.32,300,4.8,4.9,No Prazo,Nenhuma
8270,20250717,6,13,10,17,5,13.4,553.8,100,1.6,2.0,Atrasado,Nenhuma
8271,20250717,27,28,22,8,5,56.2,3812.75,930,15.0,15.4,No Prazo,Nenhuma
8272,20250717,1,33,8,16,3,10.7,1601.41,315,5.1,4.7,No Prazo,Nenhuma
8273,20250717,18,31,4,11,3,43.0,1924.87,410,6.6,9.3,Atrasado,Nenhuma
8274,20250717,6,13,2,3,5,10.0,2829.72,590,9.5,9.6,No Prazo,Pane Mecânica
8275,20250717,39,24,29,7,4,24.8,893.46,210,3.4,3.3,No Prazo,Nenhuma
8276,20250717,19,37,8,4,5,24.2,2368.65,550,8.9,10.6,Atrasado,Pane Mecânica
8277,20250717,13,4,27,13,3,45.4,5576.71,1370,22.1,20.6,No Prazo,Nenhuma
8278,20250717,19,34,2,14,5,25.7,4604.21,800,12.9,16.3,Atrasado,Trânsito/Rota
8279,20250717,37,15,21,20,1,16.5,4441.51,930,15.0,21.1,Atrasado,Nenhuma
8280,20250717,35,20,25,11,3,4.3,2320.49,410,6.6,6.8,No Prazo,Nenhuma
8281,20250717,7,37,29,14,5,5.1,4462.75,800,12.9,13.2,No Prazo,Nenhuma
8282,20250717,42,17,8,15,5,5.6,961.09,210,3.4,3.3,No Prazo,Nenhuma
8283,20250717,40,36,5,9,4,11.7,10603.57,1960,31.6,44.1,Atrasado,Trânsito/Rota
8284,20250717,7,34,9,12,5,6.0,2996.27,590,9.5,10.2,Atrasado,Trânsito/Rota
8285,20250717,8,2,13,14,1,9.4,4714.34,800,12.9,12.1,No Prazo,Nenhuma
8286,20250717,17,35,20,12,5,9.7,3183.59,590,9.5,12.0,Atrasado,Nenhuma
8287,20250717,28,11,5,6,1,40.8,3986.8,800,12.9,13.3,No Prazo,Trânsito/Rota
8288,20250717,13,3,11,17,3,40.7,555.48,100,1.6,2.2,Atrasado,Trânsito/Rota
8289,20250717,20,29,9,15,5,5.1,863.04,210,3.4,3.4,No Prazo,Pane Mecânica
8290,20250718,32,23,17,11,4,19.7,2255.71,410,6.6,6.5,No Prazo,Nenhuma
8291,20250718,30,36,14,16,4,44.0,1304.02,315,5.1,5.6,Atrasado,Nenhuma
8292,20250718,18,5,13,3,3,53.1,2704.83,590,9.5,9.8,No Prazo,Nenhuma
8293,20250718,25,34,30,6,5,13.0,4549.87,800,12.9,13.3,No Prazo,Nenhuma
8294,20250718,31,11,24,3,1,50.0,3059.31,590,9.5,13.5,Atrasado,Nenhuma
8295,20250718,9,21,23,6,2,36.2,4096.57,800,12.9,17.4,Atrasado,Nenhuma
8296,20250718,28,15,14,1,1,41.0,2171.02,430,6.9,6.9,No Prazo,Nenhuma
8297,20250718,7,29,8,16,5,5.3,1588.98,315,5.1,4.8,No Prazo,Nenhuma
8298,20250718,33,6,22,8,1,16.3,3957.07,930,15.0,15.2,No Prazo,Nenhuma
8299,20250718,4,11,13,20,1,5.9,4444.94,930,15.0,14.8,No Prazo,Nenhuma
8300,20250718,8,2,21,12,1,12.6,2762.88,590,9.5,9.0,No Prazo,Nenhuma
8301,20250718,6,13,14,17,5,12.5,537.56,100,1.6,1.6,No Prazo,Pane Mecânica
8302,20250718,29,27,26,11,1,13.5,2100.2,410,6.6,8.9,Atrasado,Nenhuma
8303,20250718,35,33,11,12,3,3.7,2688.37,590,9.5,9.2,No Prazo,Nenhuma
8304,20250718,8,22,20,4,1,10.8,2973.43,550,8.9,8.2,No Prazo,Nenhuma
8305,20250718,16,32,10,17,4,4.4,445.25,100,1.6,1.6,No Prazo,Nenhuma
8306,20250718,7,12,5,16,5,4.2,1609.96,315,5.1,5.3,No Prazo,Atraso em Carga/Descarga
8307,20250718,21,22,7,20,1,29.7,4722.61,930,15.0,15.7,No Prazo,Nenhuma
8308,20250718,23,36,7,16,4,4.5,1790.38,315,5.1,7.3,Atrasado,Nenhuma
8309,20250718,42,34,30,17,5,4.4,516.49,100,1.6,1.5,No Prazo,Nenhuma
8310,20250718,19,12,25,19,5,29.0,1305.03,300,4.8,5.0,No Prazo,Nenhuma
8311,20250718,39,24,8,2,4,24.0,1725.0,410,6.6,6.7,No Prazo,Nenhuma
8312,20250718,4,22,11,1,1,4.2,2227.28,430,6.9,6.9,No Prazo,Nenhuma
8313,20250718,33,2,28,11,1,17.1,2116.08,410,6.6,7.8,Atrasado,Nenhuma
8314,20250719,29,11,1,9,1,9.4,9245.48,1960,31.6,45.7,Atrasado,Nenhuma
8315,20250719,31,6,17,15,1,35.7,1259.58,210,3.4,3.9,Atrasado,Trânsito/Rota
8316,20250719,14,17,12,19,5,4.8,1189.49,300,4.8,4.7,No Prazo,Nenhuma
8317,20250719,35,33,27,20,3,5.5,5262.53,930,15.0,14.9,No Prazo,Nenhuma
8318,20250719,36,2,15,18,1,3.7,2381.56,550,8.9,8.7,No Prazo,Nenhuma
8319,20250719,1,7,9,18,3,13.2,3251.53,550,8.9,9.1,No Prazo,Nenhuma
8320,20250719,39,24,10,10,4,16.4,3974.68,930,15.0,16.0,Atrasado,Atraso em Carga/Descarga
8321,20250720,42,17,3,4,5,4.6,3001.88,550,8.9,11.4,Atrasado,Nenhuma
8322,20250720,9,16,22,7,2,24.1,848.82,210,3.4,3.4,No Prazo,Nenhuma
8323,20250720,27,29,10,2,5,42.4,2199.25,410,6.6,6.3,No Prazo,Nenhuma
8324,20250720,40,36,13,16,4,10.5,1321.24,315,5.1,7.3,Atrasado,Nenhuma
8325,20250720,26,6,5,17,1,11.7,573.55,100,1.6,1.5,No Prazo,Nenhuma
8326,20250720,2,13,22,3,5,5.2,2939.79,590,9.5,12.5,Atrasado,Pane Mecânica
8327,20250720,32,32,6,1,4,26.6,2569.74,430,6.9,6.4,No Prazo,Pane Mecânica
8328,20250720,16,23,16,13,4,5.4,7991.14,1370,22.1,22.6,No Prazo,Nenhuma
8329,20250720,20,12,25,17,5,4.2,422.37,100,1.6,1.5,No Prazo,Nenhuma
8330,20250721,23,23,18,4,4,5.5,2666.14,550,8.9,10.3,Atrasado,Nenhuma
8331,20250721,18,4,9,8,3,36.4,5078.86,930,15.0,15.4,No Prazo,Nenhuma
8332,20250721,8,6,26,11,1,11.5,2191.47,410,6.6,9.1,Atrasado,Trânsito/Rota
8333,20250721,17,34,12,7,5,10.9,1310.08,210,3.4,4.7,Atrasado,Nenhuma
8334,20250721,17,13,4,5,5,12.8,6346.52,1370,22.1,28.8,Atrasado,Nenhuma
8335,20250721,26,11,6,7,1,13.7,1105.67,210,3.4,3.4,No Prazo,Nenhuma
8336,20250721,12,13,29,19,5,13.9,1424.01,300,4.8,4.6,No Prazo,Nenhuma
8337,20250721,19,13,1,1,5,36.5,2099.38,430,6.9,6.6,No Prazo,Nenhuma
8338,20250721,35,20,26,5,3,6.0,5941.36,1370,22.1,21.1,No Prazo,Nenhuma
8339,20250721,20,34,29,10,5,3.6,4003.7,930,15.0,16.4,Atrasado,Nenhuma
8340,20250721,7,34,9,7,5,5.6,1096.31,210,3.4,3.5,No Prazo,Nenhuma
8341,20250721,29,30,22,14,1,9.8,3143.2,800,12.9,14.9,Atrasado,Pane Mecânica
8342,20250721,31,27,6,10,1,48.8,4023.96,930,15.0,15.5,No Prazo,Trânsito/Rota
8343,20250721,14,17,8,14,5,5.0,3976.71,800,12.9,12.4,No Prazo,Nenhuma
8344,20250721,8,1,7,15,1,12.4,1218.04,210,3.4,3.5,No Prazo,Nenhuma
8345,20250721,26,27,15,15,1,13.6,1036.23,210,3.4,3.5,No Prazo,Nenhuma
8346,20250721,37,6,16,4,1,24.2,2552.05,550,8.9,11.6,Atrasado,Nenhuma
8347,20250721,9,21,13,7,2,29.4,918.28,210,3.4,3.7,Atrasado,Nenhuma
8348,20250721,14,29,29,14,5,5.4,4364.81,800,12.9,12.9,No Prazo,Nenhuma
8349,20250721,9,38,5,6,2,29.8,3768.31,800,12.9,17.9,Atrasado,Nenhuma
8350,20250721,20,29,14,10,5,4.6,4822.73,930,15.0,19.3,Atrasado,Nenhuma
8351,20250721,37,27,11,18,1,17.0,2618.71,550,8.9,8.3,No Prazo,Nenhuma
8352,20250721,34,18,11,14,2,5.0,3992.73,800,12.9,12.6,No Prazo,Nenhuma
8353,20250721,3,35,12,8,5,3.7,5456.85,930,15.0,15.3,No Prazo,Nenhuma
8354,20250721,17,13,26,7,5,13.6,1225.96,210,3.4,4.1,Atrasado,Nenhuma
8355,20250721,32,10,1,4,4,21.0,3283.55,550,8.9,11.1,Atrasado,Nenhuma
8356,20250721,23,36,9,9,4,5.3,11117.41,1960,31.6,32.8,No Prazo,Nenhuma
8357,20250722,41,20,5,8,3,34.3,4585.26,930,15.0,20.5,Atrasado,Nenhuma
8358,20250722,29,2,9,8,1,13.4,4698.76,930,15.0,19.9,Atrasado,Atraso em Carga/Descarga
8359,20250722,41,4,2,4,3,32.8,2719.17,550,8.9,8.6,No Prazo,Nenhuma
8360,20250722,38,13,5,3,5,39.8,3470.02,590,9.5,9.8,No Prazo,Nenhuma
8361,20250722,17,28,30,5,5,12.6,6261.39,1370,22.1,22.9,No Prazo,Nenhuma
8362,20250722,15,27,23,3,1,35.7,2690.66,590,9.5,9.3,No Prazo,Nenhuma
8363,20250722,11,31,2,20,3,4.0,4929.28,930,15.0,14.1,No Prazo,Nenhuma
8364,20250722,29,27,30,8,1,12.2,4137.49,930,15.0,15.3,No Prazo,Trânsito/Rota
8365,20250722,18,4,13,10,3,45.6,4760.64,930,15.0,14.8,No Prazo,Nenhuma
8366,20250722,17,37,27,18,5,12.2,2769.99,550,8.9,12.3,Atrasado,Nenhuma
8367,20250722,35,3,3,15,3,5.5,828.82,210,3.4,3.4,No Prazo,Nenhuma
8368,20250722,38,13,29,3,5,40.6,3215.02,590,9.5,9.8,No Prazo,Nenhuma
8369,20250722,37,1,11,5,1,25.4,5623.35,1370,22.1,28.1,Atrasado,Nenhuma
8370,20250722,9,18,10,20,2,24.0,5178.66,930,15.0,15.0,No Prazo,Nenhuma
8371,20250722,20,37,2,13,5,5.6,6421.08,1370,22.1,22.7,No Prazo,Atraso em Carga/Descarga
8372,20250722,27,35,25,9,5,53.8,11356.35,1960,31.6,29.7,No Prazo,Nenhuma
8373,20250722,27,13,12,9,5,50.0,9428.73,1960,31.6,31.1,No Prazo,Nenhuma
8374,20250722,7,37,13,7,5,4.9,1011.4,210,3.4,3.2,No Prazo,Nenhuma
8375,20250722,37,30,23,18,1,25.6,2650.79,550,8.9,9.2,No Prazo,Nenhuma
8376,20250722,30,10,9,11,4,44.8,1938.21,410,6.6,8.8,Atrasado,Nenhuma
8377,20250722,32,36,30,11,4,22.7,2135.01,410,6.6,9.3,Atrasado,Trânsito/Rota
8378,20250722,10,19,21,17,2,22.1,510.7,100,1.6,1.5,No Prazo,Problema Documental
8379,20250722,25,13,4,13,5,11.7,6511.46,1370,22.1,21.2,No Prazo,Nenhuma
8380,20250722,4,6,17,16,1,5.8,1304.45,315,5.1,5.3,No Prazo,Trânsito/Rota
8381,20250722,32,10,7,2,4,19.0,1725.99,410,6.6,7.9,Atrasado,Nenhuma
8382,20250722,21,30,2,8,1,34.1,4017.54,930,15.0,15.7,No Prazo,Nenhuma
8383,20250722,23,23,6,11,4,3.8,2356.29,410,6.6,7.2,Atrasado,Nenhuma
8384,20250722,3,37,25,1,5,4.6,1719.95,430,6.9,6.8,No Prazo,Nenhuma
8385,20250722,21,27,6,11,1,29.7,1848.57,410,6.6,7.7,Atrasado,Nenhuma
8386,20250722,8,15,6,14,1,13.4,3807.84,800,12.9,12.8,No Prazo,Nenhuma
8387,20250722,41,33,29,9,3,25.6,8542.88,1960,31.6,30.9,No Prazo,Nenhuma
8388,20250722,28,1,10,7,1,52.6,1168.83,210,3.4,3.2,No Prazo,Trânsito/Rota
8389,20250723,26,2,21,18,1,8.8,2977.29,550,8.9,10.4,Atrasado,Atraso em Carga/Descarga
8390,20250723,16,24,1,10,4,4.3,4926.68,930,15.0,14.5,No Prazo,Nenhuma
8391,20250723,11,20,16,2,3,3.6,1969.0,410,6.6,7.2,Atrasado,Nenhuma
8392,20250723,15,2,25,17,1,35.1,603.69,100,1.6,1.6,No Prazo,Nenhuma
8393,20250723,16,36,4,10,4,5.4,4568.63,930,15.0,15.6,No Prazo,Nenhuma
8394,20250723,5,30,1,9,1,22.7,10408.86,1960,31.6,38.8,Atrasado,Atraso em Carga/Descarga
8395,20250723,1,4,3,4,3,13.5,2604.19,550,8.9,10.4,Atrasado,Nenhuma
8396,20250723,17,37,21,16,5,8.5,1587.64,315,5.1,6.7,Atrasado,Nenhuma
8397,20250723,8,30,6,8,1,13.6,3917.84,930,15.0,14.9,No Prazo,Nenhuma
8398,20250723,4,30,28,14,1,4.0,3802.44,800,12.9,12.4,No Prazo,Problema Documental
8399,20250723,7,17,30,19,5,3.9,1520.8,300,4.8,5.3,Atrasado,Problema Documental
8400,20250723,27,12,10,7,5,53.9,1124.7,210,3.4,4.6,Atrasado,Nenhuma
8401,20250723,29,22,25,5,1,12.7,7753.57,1370,22.1,27.1,Atrasado,Trânsito/Rota
8402,20250723,9,16,1,19,2,33.4,1251.76,300,4.8,6.3,Atrasado,Nenhuma
8403,20250723,14,17,27,16,5,4.5,1546.68,315,5.1,5.0,No Prazo,Nenhuma
8404,20250723,24,36,7,15,4,47.3,870.31,210,3.4,3.3,No Prazo,Nenhuma
8405,20250723,31,11,29,8,1,55.1,3950.76,930,15.0,17.8,Atrasado,Nenhuma
8406,20250723,19,29,13,7,5,33.0,960.63,210,3.4,3.3,No Prazo,Nenhuma
8407,20250723,8,6,26,20,1,12.6,5443.84,930,15.0,15.7,No Prazo,Nenhuma
8408,20250723,37,2,16,6,1,23.0,4546.22,800,12.9,17.2,Atrasado,Nenhuma
8409,20250723,4,6,5,14,1,3.8,4556.64,800,12.9,13.3,No Prazo,Nenhuma
8410,20250724,32,32,10,16,4,23.4,1542.69,315,5.1,4.9,No Prazo,Nenhuma
8411,20250724,32,32,3,2,4,17.9,2371.07,410,6.6,6.6,No Prazo,Nenhuma
8412,20250724,36,1,3,18,1,4.9,3077.39,550,8.9,12.8,Atrasado,Trânsito/Rota
8413,20250724,7,29,29,10,5,5.1,4455.34,930,15.0,16.8,Atrasado,Trânsito/Rota
8414,20250724,19,13,4,15,5,36.4,992.62,210,3.4,3.6,No Prazo,Nenhuma
8415,20250724,25,35,13,13,5,9.6,6645.19,1370,22.1,20.6,No Prazo,Nenhuma
8416,20250724,24,32,9,3,4,37.3,2993.47,590,9.5,11.1,Atrasado,Nenhuma
8417,20250724,9,19,19,11,2,22.3,1835.32,410,6.6,6.4,No Prazo,Nenhuma
8418,20250724,8,30,9,15,1,9.9,854.63,210,3.4,3.5,No Prazo,Nenhuma
8419,20250724,40,32,1,15,4,10.2,1128.6,210,3.4,3.4,No Prazo,Nenhuma
8420,20250724,40,24,10,20,4,13.1,5104.65,930,15.0,14.5,No Prazo,Nenhuma
8421,20250724,39,10,22,16,4,22.5,1405.13,315,5.1,5.2,No Prazo,Nenhuma
8422,20250724,7,17,21,8,5,4.4,5236.05,930,15.0,15.3,No Prazo,Nenhuma
8423,20250724,19,34,23,9,5,32.1,8042.25,1960,31.6,32.3,No Prazo,Nenhuma
8424,20250724,40,32,8,1,4,12.4,2450.4,430,6.9,6.9,No Prazo,Nenhuma
8425,20250724,19,37,14,18,5,36.8,2609.67,550,8.9,8.7,No Prazo,Nenhuma
8426,20250724,25,12,11,1,5,9.8,2534.47,430,6.9,7.2,No Prazo,Trânsito/Rota
8427,20250724,30,36,26,6,4,49.8,4093.2,800,12.9,16.4,Atrasado,Nenhuma
8428,20250724,42,17,28,5,5,5.7,6741.92,1370,22.1,22.4,No Prazo,Nenhuma
8429,20250724,10,26,26,11,2,25.4,2143.46,410,6.6,6.9,No Prazo,Nenhuma
8430,20250724,23,32,5,15,4,3.9,892.41,210,3.4,3.5,No Prazo,Nenhuma
8431,20250724,26,15,15,20,1,9.2,5016.73,930,15.0,14.0,No Prazo,Nenhuma
8432,20250724,31,6,2,14,1,37.8,4630.36,800,12.9,13.5,No Prazo,Nenhuma
8433,20250724,21,1,8,6,1,26.9,3396.35,800,12.9,14.5,Atrasado,Nenhuma
8434,20250724,17,37,19,18,5,13.6,2354.66,550,8.9,9.3,No Prazo,Nenhuma
8435,20250724,12,29,29,6,5,11.3,4003.06,800,12.9,13.2,No Prazo,Nenhuma
8436,20250724,12,37,15,9,5,13.6,8882.4,1960,31.6,32.5,No Prazo,Nenhuma
8437,20250725,40,24,30,9,4,8.4,10410.81,1960,31.6,30.0,No Prazo,Nenhuma
8438,20250725,31,1,9,8,1,36.6,3922.44,930,15.0,19.1,Atrasado,Nenhuma
8439,20250725,37,1,4,20,1,20.3,4881.97,930,15.0,14.9,No Prazo,Pane Mecânica
8440,20250725,35,4,16,16,3,4.0,1700.23,315,5.1,4.9,No Prazo,Pane Mecânica
8441,20250725,34,26,24,1,2,3.9,2443.97,430,6.9,6.4,No Prazo,Atraso em Carga/Descarga
8442,20250725,20,13,9,5,5,5.0,7828.95,1370,22.1,21.1,No Prazo,Nenhuma
8443,20250725,38,13,30,7,5,52.0,945.52,210,3.4,3.9,Atrasado,Nenhuma
8444,20250725,38,37,8,4,5,55.2,2929.32,550,8.9,8.6,No Prazo,Nenhuma
8445,20250725,11,4,7,9,3,5.2,7758.79,1960,31.6,31.4,No Prazo,Nenhuma
8446,20250725,6,28,22,6,5,11.3,3670.0,800,12.9,13.5,No Prazo,Atraso em Carga/Descarga
8447,20250725,11,31,5,5,3,5.3,7125.05,1370,22.1,20.5,No Prazo,Nenhuma
8448,20250725,22,26,17,7,2,13.7,1086.34,210,3.4,4.7,Atrasado,Nenhuma
8449,20250725,15,30,9,2,1,54.7,2295.91,410,6.6,6.8,No Prazo,Pane Mecânica
8450,20250725,30,24,6,3,4,36.1,3047.35,590,9.5,11.9,Atrasado,Nenhuma
8451,20250725,8,1,15,17,1,13.9,501.44,100,1.6,1.6,No Prazo,Nenhuma
8452,20250725,9,38,12,16,2,27.6,1462.24,315,5.1,6.6,Atrasado,Nenhuma
8453,20250725,25,35,27,8,5,13.6,4018.58,930,15.0,20.3,Atrasado,Nenhuma
8454,20250725,18,20,24,2,3,41.5,2535.05,410,6.6,6.4,No Prazo,Nenhuma
8455,20250725,21,2,14,18,1,36.0,3331.43,550,8.9,8.8,No Prazo,Nenhuma
8456,20250725,5,15,3,6,1,23.8,3656.34,800,12.9,14.3,Atrasado,Trânsito/Rota
8457,20250725,39,23,10,19,4,23.7,1681.72,300,4.8,4.6,No Prazo,Nenhuma
8458,20250725,33,11,21,17,1,17.4,445.57,100,1.6,1.6,No Prazo,Nenhuma
8459,20250725,25,28,11,10,5,9.5,4448.3,930,15.0,14.0,No Prazo,Nenhuma
8460,20250725,28,30,11,10,1,39.2,4490.31,930,15.0,20.3,Atrasado,Nenhuma
8461,20250725,25,35,11,20,5,11.6,3748.86,930,15.0,15.5,No Prazo,Nenhuma
8462,20250725,30,36,9,1,4,38.0,1935.09,430,6.9,6.7,No Prazo,Nenhuma
8463,20250725,1,33,14,4,3,13.6,3055.29,550,8.9,8.9,No Prazo,Nenhuma
8464,20250726,30,24,6,1,4,48.8,2189.76,430,6.9,6.6,No Prazo,Problema Documental
8465,20250726,10,25,28,11,2,22.7,2017.92,410,6.6,6.6,No Prazo,Pane Mecânica
8466,20250726,33,11,10,5,1,25.8,7769.17,1370,22.1,21.1,No Prazo,Atraso em Carga/Descarga
8467,20250726,19,12,25,15,5,25.2,1222.75,210,3.4,3.4,No Prazo,Nenhuma
8468,20250727,25,17,28,15,5,8.6,866.55,210,3.4,3.4,No Prazo,Nenhuma
8469,20250727,13,31,22,8,3,50.2,4325.2,930,15.0,16.4,Atrasado,Nenhuma
8470,20250727,25,37,3,5,5,13.8,6213.19,1370,22.1,22.5,No Prazo,Pane Mecânica
8471,20250727,3,12,10,19,5,4.2,1232.6,300,4.8,4.9,No Prazo,Nenhuma
8472,20250728,38,35,17,17,5,55.8,462.13,100,1.6,1.6,No Prazo,Nenhuma
8473,20250728,22,19,27,10,2,9.0,4844.3,930,15.0,15.4,No Prazo,Nenhuma
8474,20250728,42,29,5,16,5,4.0,1799.78,315,5.1,5.2,No Prazo,Nenhuma
8475,20250728,9,16,15,8,2,26.2,5134.48,930,15.0,14.2,No Prazo,Nenhuma
8476,20250728,8,22,16,5,1,13.3,7425.7,1370,22.1,21.1,No Prazo,Nenhuma
8477,20250728,17,35,22,17,5,9.8,611.0,100,1.6,1.5,No Prazo,Problema Documental
8478,20250728,12,34,20,19,5,11.3,1462.92,300,4.8,5.0,No Prazo,Nenhuma
8479,20250728,21,11,12,19,1,30.5,1512.43,300,4.8,4.6,No Prazo,Nenhuma
8480,20250728,33,30,17,16,1,22.7,1350.58,315,5.1,5.1,No Prazo,Nenhuma
8481,20250728,39,24,12,14,4,21.2,3816.95,800,12.9,12.4,No Prazo,Trânsito/Rota
8482,20250728,24,36,9,4,4,46.6,2389.76,550,8.9,11.7,Atrasado,Nenhuma
8483,20250728,3,35,4,6,5,4.7,4056.53,800,12.9,16.4,Atrasado,Nenhuma
8484,20250728,15,22,10,12,1,45.7,2607.54,590,9.5,9.3,No Prazo,Nenhuma
8485,20250728,18,31,21,9,3,56.3,8530.97,1960,31.6,43.4,Atrasado,Nenhuma
8486,20250728,40,32,3,15,4,10.9,1022.32,210,3.4,3.2,No Prazo,Trânsito/Rota
8487,20250728,24,36,17,17,4,46.6,557.76,100,1.6,1.6,No Prazo,Nenhuma
8488,20250728,25,34,22,19,5,10.6,1418.94,300,4.8,5.0,No Prazo,Nenhuma
8489,20250728,7,37,22,14,5,5.6,4139.78,800,12.9,18.5,Atrasado,Nenhuma
8490,20250728,39,24,3,1,4,26.3,2073.95,430,6.9,6.9,No Prazo,Atraso em Carga/Descarga
8491,20250728,6,34,21,19,5,9.2,1267.7,300,4.8,4.9,No Prazo,Nenhuma
8492,20250728,36,2,7,10,1,5.5,5096.68,930,15.0,15.5,No Prazo,Trânsito/Rota
8493,20250728,18,5,28,19,3,35.3,1723.69,300,4.8,4.6,No Prazo,Nenhuma
8494,20250728,38,29,12,16,5,40.1,1393.94,315,5.1,5.6,Atrasado,Atraso em Carga/Descarga
8495,20250728,17,13,7,16,5,10.2,1640.55,315,5.1,5.3,No Prazo,Pane Mecânica
8496,20250728,4,15,21,20,1,3.8,5452.27,930,15.0,20.6,Atrasado,Nenhuma
8497,20250728,6,29,7,14,5,9.7,3442.66,800,12.9,15.8,Atrasado,Nenhuma
8498,20250728,22,19,24,20,2,13.3,5046.64,930,15.0,15.3,No Prazo,Nenhuma
8499,20250728,39,10,8,6,4,18.1,4628.77,800,12.9,12.2,No Prazo,Nenhuma
8500,20250728,10,9,23,15,2,17.1,1316.63,210,3.4,3.3,No Prazo,Nenhuma
8501,20250728,11,20,3,6,3,3.8,4469.22,800,12.9,14.2,Atrasado,Nenhuma
8502,20250729,14,35,24,9,5,4.2,8470.14,1960,31.6,33.6,Atrasado,Nenhuma
8503,20250729,8,30,17,10,1,13.9,5100.23,930,15.0,15.3,No Prazo,Nenhuma
8504,20250729,29,30,28,20,1,11.9,3766.86,930,15.0,19.9,Atrasado,Nenhuma
8505,20250729,6,13,5,3,5,13.0,3357.75,590,9.5,10.1,Atrasado,Nenhuma
8506,20250729,13,5,28,10,3,46.6,5284.09,930,15.0,14.3,No Prazo,Nenhuma
8507,20250729,30,32,5,2,4,42.0,1906.39,410,6.6,6.4,No Prazo,Atraso em Carga/Descarga
8508,20250729,25,35,27,7,5,13.7,1076.55,210,3.4,3.2,No Prazo,Nenhuma
8509,20250729,26,11,17,9,1,11.4,11205.96,1960,31.6,31.4,No Prazo,Nenhuma
8510,20250729,37,15,22,18,1,17.8,3116.87,550,8.9,8.6,No Prazo,Nenhuma
8511,20250729,11,7,28,19,3,5.4,1397.74,300,4.8,4.9,No Prazo,Nenhuma
8512,20250729,11,33,17,3,3,3.9,2580.98,590,9.5,9.7,No Prazo,Nenhuma
8513,20250729,37,27,19,19,1,16.2,1574.95,300,4.8,4.9,No Prazo,Trânsito/Rota
8514,20250729,16,10,27,2,4,5.6,1891.52,410,6.6,8.7,Atrasado,Trânsito/Rota
8515,20250729,41,20,25,10,3,36.2,4934.34,930,15.0,14.9,No Prazo,Atraso em Carga/Descarga
8516,20250729,28,30,26,2,1,50.0,1968.85,410,6.6,6.6,No Prazo,Nenhuma
8517,20250729,18,5,12,15,3,54.8,983.14,210,3.4,3.3,No Prazo,Nenhuma
8518,20250729,15,1,9,16,1,44.2,1532.45,315,5.1,4.8,No Prazo,Nenhuma
8519,20250729,9,19,15,3,2,28.9,2520.52,590,9.5,10.2,Atrasado,Nenhuma
8520,20250729,29,2,15,18,1,10.5,3332.71,550,8.9,9.3,No Prazo,Nenhuma
8521,20250729,17,37,2,13,5,10.5,8419.35,1370,22.1,24.9,Atrasado,Problema Documental
8522,20250729,35,31,2,12,3,3.7,2501.99,590,9.5,9.0,No Prazo,Atraso em Carga/Descarga
8523,20250729,42,12,30,2,5,3.8,2406.84,410,6.6,8.7,Atrasado,Nenhuma
8524,20250729,22,25,3,17,2,12.9,583.03,100,1.6,1.6,No Prazo,Nenhuma
8525,20250729,16,36,8,10,4,5.1,3902.54,930,15.0,14.1,No Prazo,Problema Documental
8526,20250729,37,11,6,12,1,17.9,3098.91,590,9.5,12.4,Atrasado,Nenhuma
8527,20250729,40,32,18,14,4,9.6,3453.77,800,12.9,12.3,No Prazo,Nenhuma
8528,20250729,19,29,8,19,5,36.3,1563.93,300,4.8,6.0,Atrasado,Nenhuma
8529,20250729,3,37,16,12,5,5.3,3388.36,590,9.5,9.5,No Prazo,Nenhuma
8530,20250729,1,3,25,6,3,13.8,4392.75,800,12.9,12.4,No Prazo,Nenhuma
8531,20250729,20,28,5,7,5,3.7,1128.68,210,3.4,4.3,Atrasado,Nenhuma
8532,20250729,28,22,28,16,1,42.1,1304.09,315,5.1,4.8,No Prazo,Nenhuma
8533,20250729,34,19,30,7,2,4.0,1063.49,210,3.4,3.5,No Prazo,Trânsito/Rota
8534,20250729,10,25,14,19,2,24.2,1209.11,300,4.8,4.6,No Prazo,Nenhuma
8535,20250730,23,10,6,8,4,5.7,3938.73,930,15.0,15.4,No Prazo,Nenhuma
8536,20250730,15,15,29,14,1,42.3,3950.37,800,12.9,12.8,No Prazo,Atraso em Carga/Descarga
8537,20250730,42,13,29,6,5,5.9,3950.54,800,12.9,13.1,No Prazo,Nenhuma
8538,20250730,17,13,14,5,5,12.1,6483.72,1370,22.1,21.1,No Prazo,Nenhuma
8539,20250730,30,24,1,15,4,56.3,1260.59,210,3.4,3.4,No Prazo,Nenhuma
8540,20250730,8,22,25,8,1,12.9,4979.77,930,15.0,14.1,No Prazo,Nenhuma
8541,20250730,40,23,14,16,4,12.4,1718.66,315,5.1,6.0,Atrasado,Pane Mecânica
8542,20250730,10,26,1,2,2,23.4,1873.1,410,6.6,6.6,No Prazo,Nenhuma
8543,20250730,37,11,27,14,1,24.7,4305.97,800,12.9,13.0,No Prazo,Nenhuma
8544,20250730,9,16,6,2,2,31.5,2062.22,410,6.6,6.3,No Prazo,Nenhuma
8545,20250730,26,1,13,16,1,8.7,1284.71,315,5.1,4.9,No Prazo,Trânsito/Rota
8546,20250730,28,11,22,19,1,37.2,1424.45,300,4.8,5.0,No Prazo,Nenhuma
8547,20250730,34,25,27,11,2,5.4,1903.55,410,6.6,9.4,Atrasado,Atraso em Carga/Descarga
8548,20250730,19,34,21,15,5,35.5,1180.85,210,3.4,4.2,Atrasado,Pane Mecânica
8549,20250730,22,38,26,4,2,8.5,2671.98,550,8.9,9.0,No Prazo,Nenhuma
8550,20250730,22,19,25,3,2,11.9,3192.97,590,9.5,9.5,No Prazo,Nenhuma
8551,20250730,3,13,13,5,5,4.2,6821.37,1370,22.1,21.3,No Prazo,Atraso em Carga/Descarga
8552,20250730,33,27,15,6,1,18.5,3476.0,800,12.9,17.6,Atrasado,Nenhuma
8553,20250730,25,13,15,5,5,9.5,8056.45,1370,22.1,22.7,No Prazo,Nenhuma
8554,20250730,35,5,11,7,3,5.3,1240.06,210,3.4,3.2,No Prazo,Nenhuma
8555,20250730,2,12,3,15,5,4.9,1215.74,210,3.4,3.3,No Prazo,Nenhuma
8556,20250730,23,36,3,3,4,3.8,2483.93,590,9.5,9.4,No Prazo,Nenhuma
8557,20250730,12,29,22,1,5,13.9,2000.81,430,6.9,9.2,Atrasado,Nenhuma
8558,20250730,19,29,11,14,5,24.6,4059.32,800,12.9,13.2,No Prazo,Pane Mecânica
8559,20250730,10,19,19,15,2,26.6,1016.21,210,3.4,3.5,No Prazo,Nenhuma
8560,20250730,12,12,15,4,5,12.4,3180.44,550,8.9,8.4,No Prazo,Nenhuma
8561,20250730,30,36,22,15,4,41.0,982.9,210,3.4,3.3,No Prazo,Nenhuma
8562,20250731,42,35,9,8,5,3.6,3874.08,930,15.0,15.0,No Prazo,Nenhuma
8563,20250731,23,10,15,14,4,4.9,4642.55,800,12.9,12.0,No Prazo,Atraso em Carga/Descarga
8564,20250731,14,12,16,6,5,5.9,4492.01,800,12.9,12.7,No Prazo,Nenhuma
8565,20250731,13,33,18,2,3,34.7,2044.55,410,6.6,7.4,Atrasado,Nenhuma
8566,20250731,41,33,20,2,3,32.8,2489.62,410,6.6,8.1,Atrasado,Trânsito/Rota
8567,20250731,28,6,19,12,1,47.7,2532.34,590,9.5,11.6,Atrasado,Nenhuma
8568,20250731,5,15,8,11,1,32.5,1737.59,410,6.6,6.5,No Prazo,Nenhuma
8569,20250731,12,12,16,16,5,13.6,1704.74,315,5.1,6.4,Atrasado,Nenhuma
8570,20250731,12,12,18,15,5,12.3,990.66,210,3.4,3.4,No Prazo,Nenhuma
8571,20250731,2,17,4,16,5,5.0,1665.16,315,5.1,4.9,No Prazo,Nenhuma
8572,20250731,15,22,27,11,1,36.9,1890.96,410,6.6,8.1,Atrasado,Nenhuma
8573,20250731,13,7,10,12,3,44.0,2542.82,590,9.5,9.1,No Prazo,Nenhuma
8574,20250731,20,13,21,2,5,4.3,1762.47,410,6.6,6.2,No Prazo,Nenhuma
8575,20250731,31,2,4,4,1,50.8,3150.35,550,8.9,11.9,Atrasado,Nenhuma
8576,20250731,22,26,8,13,2,13.4,6385.49,1370,22.1,20.6,No Prazo,Pane Mecânica
8577,20250731,5,11,30,15,1,36.1,1200.95,210,3.4,4.3,Atrasado,Nenhuma
8578,20250731,7,12,15,17,5,5.6,452.69,100,1.6,2.1,Atrasado,Pane Mecânica
8579,20250731,5,2,29,7,1,22.4,1286.14,210,3.4,3.7,Atrasado,Nenhuma
8580,20250731,13,20,23,19,3,56.7,1556.31,300,4.8,5.0,No Prazo,Nenhuma
8581,20250731,42,28,17,1,5,5.5,2469.35,430,6.9,7.0,No Prazo,Nenhuma
8582,20250731,17,28,2,18,5,10.6,2716.3,550,8.9,8.9,No Prazo,Nenhuma
8583,20250731,8,22,27,19,1,12.7,1679.58,300,4.8,5.0,No Prazo,Nenhuma
8584,20250731,21,6,24,20,1,22.7,3987.77,930,15.0,16.5,Atrasado,Nenhuma
8585,20250731,2,37,29,9,5,5.9,8631.46,1960,31.6,36.4,Atrasado,Nenhuma
8586,20250731,30,32,1,15,4,44.7,960.07,210,3.4,3.5,No Prazo,Nenhuma
8587,20250731,25,37,27,18,5,13.9,3223.85,550,8.9,8.4,No Prazo,Nenhuma
8588,20250731,6,17,16,6,5,12.9,3416.56,800,12.9,13.5,No Prazo,Nenhuma
8589,20250731,31,15,5,7,1,44.3,1154.28,210,3.4,3.5,No Prazo,Nenhuma
8590,20250731,12,37,18,17,5,11.7,604.18,100,1.6,1.5,No Prazo,Nenhuma
8591,20250731,32,10,1,6,4,25.7,3814.13,800,12.9,12.9,No Prazo,Nenhuma
8592,20250731,11,3,19,19,3,5.4,1451.88,300,4.8,4.7,No Prazo,Nenhuma
8593,20250731,36,27,28,15,1,5.5,1076.31,210,3.4,4.7,Atrasado,Nenhuma
8594,20250731,20,12,15,9,5,5.3,9588.65,1960,31.6,31.5,No Prazo,Atraso em Carga/Descarga
8595,20250801,40,24,25,18,4,11.0,2912.51,550,8.9,8.8,No Prazo,Nenhuma
8596,20250801,8,27,18,3,1,8.5,3309.69,590,9.5,9.0,No Prazo,Pane Mecânica
8597,20250801,12,28,20,12,5,12.3,3395.39,590,9.5,12.3,Atrasado,Nenhuma
8598,20250801,38,29,18,18,5,54.8,3026.22,550,8.9,9.3,No Prazo,Nenhuma
8599,20250801,16,36,9,11,4,3.9,2483.3,410,6.6,6.8,No Prazo,Nenhuma
8600,20250801,20,17,13,1,5,4.6,1943.38,430,6.9,9.3,Atrasado,Nenhuma
8601,20250801,6,37,1,4,5,10.9,2585.7,550,8.9,8.3,No Prazo,Nenhuma
8602,20250801,19,34,1,15,5,28.1,1143.18,210,3.4,3.3,No Prazo,Nenhuma
8603,20250801,34,16,30,9,2,5.0,9750.9,1960,31.6,32.8,No Prazo,Nenhuma
8604,20250801,2,29,5,1,5,4.9,2012.28,430,6.9,6.9,No Prazo,Nenhuma
8605,20250801,5,30,8,18,1,33.1,2326.95,550,8.9,8.3,No Prazo,Nenhuma
8606,20250801,6,13,15,5,5,13.6,8066.78,1370,22.1,22.6,No Prazo,Nenhuma
8607,20250801,32,36,15,1,4,24.5,1888.86,430,6.9,6.5,No Prazo,Pane Mecânica
8608,20250801,10,18,29,1,2,23.2,2417.09,430,6.9,6.4,No Prazo,Nenhuma
8609,20250801,34,38,22,12,2,4.7,3044.66,590,9.5,11.1,Atrasado,Nenhuma
8610,20250801,21,6,18,18,1,33.7,2358.7,550,8.9,8.6,No Prazo,Nenhuma
8611,20250801,36,1,18,10,1,4.0,5310.79,930,15.0,15.7,No Prazo,Nenhuma
8612,20250802,17,12,1,3,5,11.7,2971.93,590,9.5,9.1,No Prazo,Nenhuma
8613,20250802,13,3,6,17,3,50.0,429.5,100,1.6,1.6,No Prazo,Nenhuma
8614,20250802,31,22,19,12,1,38.1,2992.59,590,9.5,9.7,No Prazo,Nenhuma
8615,20250802,24,23,30,13,4,43.4,6920.38,1370,22.1,27.6,Atrasado,Nenhuma
8616,20250803,35,5,14,6,3,4.7,3554.05,800,12.9,12.1,No Prazo,Atraso em Carga/Descarga
8617,20250803,10,38,23,18,2,23.2,3277.9,550,8.9,9.0,No Prazo,Nenhuma
8618,20250803,18,3,14,8,3,56.4,5027.5,930,15.0,14.7,No Prazo,Nenhuma
8619,20250803,41,3,3,12,3,35.4,3050.11,590,9.5,9.6,No Prazo,Atraso em Carga/Descarga
8620,20250803,42,13,25,11,5,5.3,1965.03,410,6.6,6.1,No Prazo,Nenhuma
8621,20250803,8,11,28,20,1,10.1,3958.54,930,15.0,14.2,No Prazo,Nenhuma
8622,20250803,8,27,6,3,1,12.1,3156.33,590,9.5,12.4,Atrasado,Nenhuma
8623,20250803,19,28,9,13,5,32.3,7221.97,1370,22.1,28.6,Atrasado,Nenhuma
8624,20250803,39,24,12,13,4,21.1,5650.99,1370,22.1,22.1,No Prazo,Nenhuma
8625,20250804,35,7,22,3,3,3.6,3110.99,590,9.5,9.7,No Prazo,Nenhuma
8626,20250804,42,28,7,7,5,5.2,957.84,210,3.4,3.4,No Prazo,Nenhuma
8627,20250804,33,2,3,14,1,21.3,3322.33,800,12.9,16.5,Atrasado,Nenhuma
8628,20250804,10,9,24,8,2,20.8,4775.64,930,15.0,14.1,No Prazo,Atraso em Carga/Descarga
8629,20250804,42,17,5,7,5,3.9,1021.86,210,3.4,3.2,No Prazo,Atraso em Carga/Descarga
8630,20250804,37,1,13,11,1,25.1,2381.15,410,6.6,8.8,Atrasado,Nenhuma
8631,20250804,5,1,20,9,1,24.7,8370.83,1960,31.6,29.4,No Prazo,Nenhuma
8632,20250804,26,22,16,18,1,10.6,2239.28,550,8.9,8.9,No Prazo,Nenhuma
8633,20250804,2,13,23,5,5,5.4,7193.64,1370,22.1,22.3,No Prazo,Problema Documental
8634,20250804,22,18,15,13,2,9.3,7165.39,1370,22.1,23.0,No Prazo,Nenhuma
8635,20250804,33,11,14,10,1,24.3,5344.46,930,15.0,14.7,No Prazo,Nenhuma
8636,20250804,9,18,23,7,2,32.7,1154.03,210,3.4,3.5,No Prazo,Nenhuma
8637,20250804,17,35,9,9,5,12.0,9920.08,1960,31.6,33.0,No Prazo,Trânsito/Rota
8638,20250804,41,5,28,19,3,23.4,1395.99,300,4.8,5.6,Atrasado,Nenhuma
8639,20250804,37,2,23,19,1,21.4,1696.56,300,4.8,6.8,Atrasado,Trânsito/Rota
8640,20250804,8,27,8,7,1,12.0,1294.3,210,3.4,3.8,Atrasado,Nenhuma
8641,20250804,32,24,7,16,4,19.9,1690.14,315,5.1,5.0,No Prazo,Nenhuma
8642,20250804,10,16,21,12,2,24.9,3148.72,590,9.5,11.7,Atrasado,Nenhuma
8643,20250804,16,32,4,18,4,4.1,3095.35,550,8.9,12.9,Atrasado,Nenhuma
8644,20250804,21,22,27,19,1,22.3,1605.42,300,4.8,5.0,No Prazo,Nenhuma
8645,20250804,18,5,28,9,3,56.0,10678.95,1960,31.6,45.3,Atrasado,Nenhuma
8646,20250804,21,22,23,17,1,29.9,608.19,100,1.6,2.3,Atrasado,Nenhuma
8647,20250804,39,36,16,9,4,25.3,8700.06,1960,31.6,29.9,No Prazo,Nenhuma
8648,20250804,9,38,5,14,2,30.9,3237.11,800,12.9,18.7,Atrasado,Nenhuma
8649,20250804,2,37,24,20,5,5.9,4959.13,930,15.0,15.2,No Prazo,Nenhuma
8650,20250804,5,30,9,7,1,29.0,1216.67,210,3.4,3.5,No Prazo,Trânsito/Rota
8651,20250805,21,22,6,5,1,24.5,7033.06,1370,22.1,21.5,No Prazo,Nenhuma
8652,20250805,15,2,8,4,1,35.0,2883.01,550,8.9,8.5,No Prazo,Nenhuma
8653,20250805,9,8,1,13,2,28.9,6960.37,1370,22.1,22.9,No Prazo,Nenhuma
8654,20250805,28,2,21,16,1,35.4,1608.72,315,5.1,5.5,Atrasado,Nenhuma
8655,20250805,6,13,4,15,5,10.2,1009.06,210,3.4,3.5,No Prazo,Nenhuma
8656,20250805,15,6,2,1,1,42.6,1775.45,430,6.9,7.1,No Prazo,Nenhuma
8657,20250805,35,4,8,11,3,5.1,2151.18,410,6.6,9.0,Atrasado,Nenhuma
8658,20250805,13,31,2,7,3,37.0,1030.51,210,3.4,3.5,No Prazo,Nenhuma
8659,20250805,31,2,6,15,1,35.4,835.23,210,3.4,3.5,No Prazo,Trânsito/Rota
8660,20250805,24,10,7,8,4,39.2,4753.01,930,15.0,19.2,Atrasado,Nenhuma
8661,20250805,12,34,3,16,5,9.1,1656.92,315,5.1,4.9,No Prazo,Nenhuma
8662,20250805,23,10,26,5,4,5.2,7951.18,1370,22.1,20.5,No Prazo,Trânsito/Rota
8663,20250805,3,17,2,9,5,4.8,10668.32,1960,31.6,36.8,Atrasado,Nenhuma
8664,20250805,11,3,29,5,3,5.8,6560.71,1370,22.1,22.4,No Prazo,Nenhuma
8665,20250806,27,34,23,15,5,34.9,1175.19,210,3.4,3.5,No Prazo,Trânsito/Rota
8666,20250806,34,26,7,15,2,4.9,1172.53,210,3.4,3.4,No Prazo,Problema Documental
8667,20250806,5,30,8,19,1,29.0,1261.51,300,4.8,5.0,No Prazo,Nenhuma
8668,20250806,20,17,21,2,5,3.7,2224.63,410,6.6,6.8,No Prazo,Nenhuma
8669,20250806,15,30,6,2,1,53.4,2058.88,410,6.6,6.1,No Prazo,Nenhuma
8670,20250806,25,35,2,5,5,9.9,6690.81,1370,22.1,20.9,No Prazo,Nenhuma
8671,20250806,12,12,22,8,5,9.6,3863.97,930,15.0,14.9,No Prazo,Nenhuma
8672,20250806,8,22,14,12,1,10.6,2487.99,590,9.5,9.9,No Prazo,Nenhuma
8673,20250806,29,22,24,6,1,13.1,4419.54,800,12.9,12.0,No Prazo,Nenhuma
8674,20250806,21,2,12,3,1,23.4,2467.08,590,9.5,9.7,No Prazo,Nenhuma
8675,20250806,31,11,10,11,1,41.8,1935.7,410,6.6,6.5,No Prazo,Nenhuma
8676,20250806,2,17,3,13,5,4.8,6348.64,1370,22.1,23.6,Atrasado,Nenhuma
8677,20250806,35,33,22,16,3,5.4,1924.53,315,5.1,5.2,No Prazo,Pane Mecânica
8678,20250806,29,2,15,3,1,9.3,3294.85,590,9.5,9.7,No Prazo,Nenhuma
8679,20250806,30,23,17,14,4,55.5,4177.28,800,12.9,17.2,Atrasado,Nenhuma
8680,20250806,19,37,6,14,5,23.2,4033.76,800,12.9,12.1,No Prazo,Nenhuma
8681,20250806,42,34,28,13,5,5.4,7633.07,1370,22.1,21.7,No Prazo,Nenhuma
8682,20250806,28,11,2,15,1,45.8,921.91,210,3.4,3.5,No Prazo,Atraso em Carga/Descarga
8683,20250806,42,13,12,17,5,5.8,490.79,100,1.6,1.6,No Prazo,Nenhuma
8684,20250806,16,10,3,5,4,4.5,6836.95,1370,22.1,23.1,No Prazo,Pane Mecânica
8685,20250806,21,11,21,8,1,31.0,4634.85,930,15.0,15.7,No Prazo,Pane Mecânica
8686,20250806,42,37,3,7,5,5.1,1113.13,210,3.4,3.2,No Prazo,Nenhuma
8687,20250806,25,35,30,14,5,10.2,4468.36,800,12.9,18.7,Atrasado,Trânsito/Rota
8688,20250806,26,1,25,9,1,8.9,7668.6,1960,31.6,39.3,Atrasado,Nenhuma
8689,20250806,24,24,13,14,4,54.2,4796.52,800,12.9,17.4,Atrasado,Nenhuma
8690,20250806,40,24,16,1,4,12.0,1820.02,430,6.9,6.4,No Prazo,Trânsito/Rota
8691,20250806,35,20,20,6,3,4.0,3355.96,800,12.9,12.3,No Prazo,Nenhuma
8692,20250806,3,29,15,17,5,4.0,580.4,100,1.6,1.5,No Prazo,Nenhuma
8693,20250807,30,24,8,18,4,50.8,2488.33,550,8.9,8.4,No Prazo,Nenhuma
8694,20250807,31,15,3,14,1,45.5,4049.0,800,12.9,12.6,No Prazo,Nenhuma
8695,20250807,19,17,27,13,5,32.4,7675.33,1370,22.1,21.5,No Prazo,Nenhuma
8696,20250807,15,1,15,18,1,43.0,2866.43,550,8.9,9.2,No Prazo,Nenhuma
8697,20250807,7,28,29,16,5,4.5,1407.42,315,5.1,7.1,Atrasado,Nenhuma
8698,20250807,4,1,5,1,1,4.5,2343.39,430,6.9,8.9,Atrasado,Trânsito/Rota
8699,20250807,15,27,11,4,1,55.9,3221.35,550,8.9,9.1,No Prazo,Nenhuma
8700,20250807,18,7,23,12,3,47.9,2733.34,590,9.5,8.8,No Prazo,Nenhuma
8701,20250807,23,10,29,16,4,4.6,1537.54,315,5.1,5.1,No Prazo,Nenhuma
8702,20250807,9,38,28,16,2,29.3,1365.59,315,5.1,4.8,No Prazo,Nenhuma
8703,20250807,15,15,3,2,1,53.3,1700.59,410,6.6,6.2,No Prazo,Atraso em Carga/Descarga
8704,20250807,20,17,3,14,5,4.8,3606.43,800,12.9,13.2,No Prazo,Nenhuma
8705,20250807,7,17,8,19,5,5.8,1401.07,300,4.8,4.5,No Prazo,Trânsito/Rota
8706,20250807,41,5,26,12,3,24.2,2393.57,590,9.5,10.0,No Prazo,Nenhuma
8707,20250807,29,15,29,14,1,11.2,4114.3,800,12.9,12.9,No Prazo,Nenhuma
8708,20250807,10,9,29,1,2,20.9,2405.67,430,6.9,6.5,No Prazo,Nenhuma
8709,20250807,41,20,29,8,3,24.7,4895.43,930,15.0,15.5,No Prazo,Nenhuma
8710,20250807,39,36,14,6,4,17.1,4166.89,800,12.9,13.5,No Prazo,Nenhuma
8711,20250807,13,20,11,6,3,36.8,4220.61,800,12.9,12.5,No Prazo,Nenhuma
8712,20250807,37,2,15,15,1,25.5,1255.19,210,3.4,3.7,Atrasado,Nenhuma
8713,20250808,2,35,8,12,5,5.3,2748.12,590,9.5,9.0,No Prazo,Nenhuma
8714,20250808,22,21,21,7,2,8.9,1036.55,210,3.4,4.3,Atrasado,Nenhuma
8715,20250808,15,15,8,20,1,42.1,5277.37,930,15.0,14.3,No Prazo,Atraso em Carga/Descarga
8716,20250808,41,7,12,3,3,23.7,3308.08,590,9.5,9.3,No Prazo,Pane Mecânica
8717,20250808,12,13,18,20,5,11.8,4473.06,930,15.0,17.9,Atrasado,Pane Mecânica
8718,20250808,26,15,17,18,1,12.1,2486.97,550,8.9,8.9,No Prazo,Trânsito/Rota
8719,20250808,18,33,10,3,3,52.7,3279.13,590,9.5,9.3,No Prazo,Nenhuma
8720,20250808,26,2,27,16,1,13.3,1706.8,315,5.1,4.9,No Prazo,Nenhuma
8721,20250808,22,16,29,1,2,12.2,2089.43,430,6.9,6.6,No Prazo,Nenhuma
8722,20250808,9,18,1,12,2,36.5,2606.01,590,9.5,9.3,No Prazo,Nenhuma
8723,20250808,32,10,22,16,4,16.3,1614.82,315,5.1,5.1,No Prazo,Nenhuma
8724,20250808,28,30,28,9,1,38.3,10968.86,1960,31.6,31.6,No Prazo,Nenhuma
8725,20250808,15,27,24,17,1,53.7,403.28,100,1.6,1.8,Atrasado,Atraso em Carga/Descarga
8726,20250808,2,12,13,17,5,3.9,484.5,100,1.6,1.5,No Prazo,Nenhuma
8727,20250808,22,14,4,16,2,12.7,1399.17,315,5.1,5.1,No Prazo,Trânsito/Rota
8728,20250808,24,10,12,17,4,48.1,458.27,100,1.6,2.2,Atrasado,Nenhuma
8729,20250808,5,11,19,12,1,26.7,3437.89,590,9.5,8.9,No Prazo,Nenhuma
8730,20250808,37,11,14,10,1,19.7,4605.72,930,15.0,15.0,No Prazo,Atraso em Carga/Descarga
8731,20250808,25,37,9,19,5,13.5,1269.66,300,4.8,5.0,No Prazo,Nenhuma
8732,20250808,32,10,26,15,4,20.6,997.98,210,3.4,3.1,No Prazo,Nenhuma
8733,20250808,8,6,16,4,1,10.6,2166.54,550,8.9,12.4,Atrasado,Nenhuma
8734,20250808,10,18,11,2,2,23.4,1733.37,410,6.6,6.4,No Prazo,Nenhuma
8735,20250808,18,20,8,16,3,54.0,1732.66,315,5.1,4.9,No Prazo,Nenhuma
8736,20250808,7,29,17,18,5,5.8,2414.06,550,8.9,8.9,No Prazo,Nenhuma
8737,20250809,39,23,26,15,4,20.8,880.12,210,3.4,3.3,No Prazo,Problema Documental
8738,20250809,11,4,4,1,3,4.8,2096.88,430,6.9,6.9,No Prazo,Problema Documental
8739,20250809,35,20,19,9,3,5.8,11071.92,1960,31.6,31.7,No Prazo,Nenhuma
8740,20250809,2,28,3,5,5,4.4,5894.35,1370,22.1,27.8,Atrasado,Nenhuma
8741,20250809,26,30,6,12,1,12.0,3107.99,590,9.5,9.3,No Prazo,Nenhuma
8742,20250810,34,25,23,12,2,5.4,2728.95,590,9.5,13.5,Atrasado,Nenhuma
8743,20250810,28,27,11,11,1,43.2,2111.55,410,6.6,6.4,No Prazo,Nenhuma
8744,20250810,6,34,23,17,5,12.2,481.55,100,1.6,1.9,Atrasado,Atraso em Carga/Descarga
8745,20250810,32,10,19,2,4,18.7,1797.91,410,6.6,6.1,No Prazo,Atraso em Carga/Descarga
8746,20250810,18,3,14,8,3,50.8,4309.45,930,15.0,13.9,No Prazo,Nenhuma
8747,20250810,38,12,10,20,5,48.8,5507.48,930,15.0,14.6,No Prazo,Nenhuma
8748,20250810,38,34,4,10,5,47.1,3764.94,930,15.0,14.7,No Prazo,Pane Mecânica
8749,20250810,1,31,20,17,3,9.2,409.4,100,1.6,1.6,No Prazo,Nenhuma
8750,20250810,32,10,24,10,4,24.4,4381.55,930,15.0,14.6,No Prazo,Nenhuma
8751,20250811,15,27,11,5,1,41.2,7915.42,1370,22.1,21.3,No Prazo,Nenhuma
8752,20250811,15,6,17,14,1,46.5,3934.41,800,12.9,14.8,Atrasado,Nenhuma
8753,20250811,20,35,13,3,5,5.0,3099.74,590,9.5,9.1,No Prazo,Nenhuma
8754,20250811,9,8,22,10,2,24.6,5466.09,930,15.0,13.8,No Prazo,Atraso em Carga/Descarga
8755,20250811,8,15,7,10,1,10.6,4437.1,930,15.0,14.7,No Prazo,Nenhuma
8756,20250811,10,8,3,19,2,17.1,1476.6,300,4.8,6.8,Atrasado,Nenhuma
8757,20250811,9,19,3,1,2,22.5,2555.77,430,6.9,7.1,No Prazo,Nenhuma
8758,20250811,22,9,11,3,2,8.5,3324.67,590,9.5,11.2,Atrasado,Nenhuma
8759,20250811,22,26,19,20,2,12.3,5330.11,930,15.0,21.5,Atrasado,Nenhuma
8760,20250811,41,5,2,20,3,33.7,4256.24,930,15.0,20.4,Atrasado,Atraso em Carga/Descarga
8761,20250811,25,17,23,14,5,9.3,3220.48,800,12.9,13.3,No Prazo,Nenhuma
8762,20250811,26,2,5,7,1,13.8,1000.98,210,3.4,4.9,Atrasado,Nenhuma
8763,20250811,1,31,6,16,3,11.1,1858.46,315,5.1,5.0,No Prazo,Nenhuma
8764,20250811,38,37,10,13,5,38.0,6098.2,1370,22.1,21.9,No Prazo,Nenhuma
8765,20250811,35,20,26,16,3,5.2,1742.7,315,5.1,4.8,No Prazo,Nenhuma
8766,20250811,18,4,8,19,3,55.1,1378.71,300,4.8,4.6,No Prazo,Nenhuma
8767,20250811,12,37,22,2,5,10.5,2122.37,410,6.6,6.5,No Prazo,Nenhuma
8768,20250811,26,30,24,6,1,13.5,3284.69,800,12.9,12.1,No Prazo,Nenhuma
8769,20250811,42,17,19,2,5,5.2,1887.23,410,6.6,6.8,No Prazo,Nenhuma
8770,20250811,34,38,14,6,2,5.1,4766.31,800,12.9,12.5,No Prazo,Nenhuma
8771,20250811,7,12,14,19,5,4.5,1583.84,300,4.8,4.7,No Prazo,Nenhuma
8772,20250811,5,30,8,6,1,25.0,4777.23,800,12.9,13.3,No Prazo,Nenhuma
8773,20250811,9,26,3,2,2,31.8,2001.68,410,6.6,6.5,No Prazo,Nenhuma
8774,20250811,18,33,15,9,3,55.6,10830.27,1960,31.6,38.0,Atrasado,Nenhuma
8775,20250811,13,31,4,16,3,49.4,1248.88,315,5.1,5.1,No Prazo,Nenhuma
8776,20250811,21,22,7,14,1,23.4,4727.02,800,12.9,12.1,No Prazo,Nenhuma
8777,20250812,13,7,20,3,3,47.3,2543.51,590,9.5,11.5,Atrasado,Nenhuma
8778,20250812,34,18,2,2,2,5.4,1768.64,410,6.6,6.3,No Prazo,Nenhuma
8779,20250812,12,29,26,13,5,12.2,6849.49,1370,22.1,22.5,No Prazo,Nenhuma
8780,20250812,30,24,12,7,4,37.3,1081.9,210,3.4,3.3,No Prazo,Nenhuma
8781,20250812,37,22,19,2,1,17.0,2363.46,410,6.6,6.3,No Prazo,Nenhuma
8782,20250812,29,2,2,18,1,9.2,3310.99,550,8.9,8.5,No Prazo,Nenhuma
8783,20250812,8,27,17,17,1,11.8,455.96,100,1.6,2.0,Atrasado,Nenhuma
8784,20250812,17,37,9,4,5,10.2,2472.28,550,8.9,8.7,No Prazo,Nenhuma
8785,20250812,9,16,2,4,2,27.9,2314.05,550,8.9,9.1,No Prazo,Nenhuma
8786,20250812,38,34,4,13,5,40.3,7679.89,1370,22.1,23.1,No Prazo,Nenhuma
8787,20250812,11,20,25,8,3,4.1,5162.92,930,15.0,15.4,No Prazo,Nenhuma
8788,20250812,20,12,14,7,5,5.0,912.67,210,3.4,3.9,Atrasado,Nenhuma
8789,20250812,38,28,18,17,5,45.4,536.24,100,1.6,1.6,No Prazo,Nenhuma
8790,20250812,23,23,22,2,4,5.3,2450.36,410,6.6,6.8,No Prazo,Trânsito/Rota
8791,20250812,28,27,13,10,1,36.1,5432.22,930,15.0,14.7,No Prazo,Nenhuma
8792,20250812,29,22,30,4,1,10.1,2329.59,550,8.9,10.8,Atrasado,Nenhuma
8793,20250812,20,29,17,20,5,4.2,4033.73,930,15.0,14.7,No Prazo,Nenhuma
8794,20250812,23,24,29,10,4,4.1,4295.53,930,15.0,15.4,No Prazo,Trânsito/Rota
8795,20250812,8,30,3,20,1,10.3,4683.9,930,15.0,14.2,No Prazo,Nenhuma
8796,20250812,26,2,23,4,1,12.6,3145.2,550,8.9,8.2,No Prazo,Nenhuma
8797,20250813,4,1,27,3,1,4.2,3080.32,590,9.5,11.0,Atrasado,Nenhuma
8798,20250813,33,6,22,6,1,22.7,3688.71,800,12.9,16.4,Atrasado,Nenhuma
8799,20250813,24,32,27,16,4,35.6,1574.18,315,5.1,5.3,No Prazo,Nenhuma
8800,20250813,41,31,20,20,3,22.5,4997.75,930,15.0,15.3,No Prazo,Nenhuma
8801,20250813,24,32,27,4,4,35.4,2970.32,550,8.9,8.5,No Prazo,Nenhuma
8802,20250813,25,29,27,12,5,13.1,3054.32,590,9.5,9.3,No Prazo,Atraso em Carga/Descarga
8803,20250813,32,10,3,15,4,21.6,1113.59,210,3.4,3.4,No Prazo,Nenhuma
8804,20250813,12,28,30,16,5,10.4,1788.17,315,5.1,5.0,No Prazo,Nenhuma
8805,20250813,22,16,8,5,2,10.8,7452.84,1370,22.1,28.4,Atrasado,Nenhuma
8806,20250813,15,30,4,13,1,42.0,5648.37,1370,22.1,24.6,Atrasado,Nenhuma
8807,20250813,12,34,8,10,5,10.9,4706.28,930,15.0,15.5,No Prazo,Nenhuma
8808,20250813,28,15,28,17,1,43.0,546.29,100,1.6,1.6,No Prazo,Nenhuma
8809,20250813,24,36,17,4,4,40.5,2702.43,550,8.9,9.1,No Prazo,Nenhuma
8810,20250813,3,28,13,6,5,5.3,4266.12,800,12.9,12.9,No Prazo,Nenhuma
8811,20250813,29,11,1,17,1,9.8,451.85,100,1.6,1.7,No Prazo,Nenhuma
8812,20250813,27,37,3,3,5,51.4,3682.35,590,9.5,9.2,No Prazo,Nenhuma
8813,20250813,10,8,7,8,2,21.2,5125.62,930,15.0,19.7,Atrasado,Nenhuma
8814,20250813,21,2,18,14,1,35.1,4336.8,800,12.9,15.5,Atrasado,Nenhuma
8815,20250813,25,12,30,19,5,13.3,1451.14,300,4.8,6.3,Atrasado,Nenhuma
8816,20250813,35,4,21,9,3,5.9,10841.72,1960,31.6,31.7,No Prazo,Nenhuma
8817,20250813,36,11,22,7,1,4.8,1128.59,210,3.4,3.5,No Prazo,Atraso em Carga/Descarga
8818,20250814,18,33,20,19,3,55.4,1783.46,300,4.8,5.0,No Prazo,Nenhuma
8819,20250814,1,31,20,3,3,13.2,3485.39,590,9.5,9.2,No Prazo,Nenhuma
8820,20250814,39,23,28,9,4,17.4,7925.35,1960,31.6,29.4,No Prazo,Atraso em Carga/Descarga
8821,20250814,36,30,6,4,1,4.4,3017.82,550,8.9,8.8,No Prazo,Nenhuma
8822,20250814,16,32,15,7,4,5.0,1083.27,210,3.4,3.5,No Prazo,Trânsito/Rota
8823,20250814,37,6,21,19,1,25.8,1280.74,300,4.8,4.5,No Prazo,Nenhuma
8824,20250814,11,3,19,20,3,4.8,5332.33,930,15.0,20.7,Atrasado,Nenhuma
8825,20250814,13,5,4,17,3,54.3,512.51,100,1.6,1.6,No Prazo,Nenhuma
8826,20250814,40,23,30,18,4,9.9,2203.46,550,8.9,9.3,No Prazo,Nenhuma
8827,20250814,12,35,30,2,5,10.7,2273.34,410,6.6,6.4,No Prazo,Nenhuma
8828,20250814,40,24,29,1,4,12.7,2552.33,430,6.9,9.3,Atrasado,Nenhuma
8829,20250814,7,28,15,17,5,5.1,590.16,100,1.6,1.6,No Prazo,Nenhuma
8830,20250814,27,17,1,8,5,49.4,4188.16,930,15.0,15.4,No Prazo,Nenhuma
8831,20250814,32,10,7,8,4,18.9,4380.39,930,15.0,14.1,No Prazo,Atraso em Carga/Descarga
8832,20250814,40,24,27,8,4,9.7,4044.07,930,15.0,18.9,Atrasado,Nenhuma
8833,20250814,36,2,24,10,1,5.6,3868.85,930,15.0,15.4,No Prazo,Problema Documental
8834,20250814,25,29,27,9,5,13.3,9929.24,1960,31.6,29.3,No Prazo,Nenhuma
8835,20250814,35,3,18,5,3,5.6,6808.43,1370,22.1,20.5,No Prazo,Nenhuma
8836,20250814,28,2,29,20,1,51.6,5287.86,930,15.0,14.9,No Prazo,Nenhuma
8837,20250814,3,29,11,19,5,5.9,1279.98,300,4.8,5.0,No Prazo,Nenhuma
8838,20250814,32,10,30,20,4,18.2,4639.04,930,15.0,14.5,No Prazo,Trânsito/Rota
8839,20250814,5,22,27,13,1,22.3,8102.27,1370,22.1,22.7,No Prazo,Nenhuma
8840,20250814,21,1,11,6,1,31.8,4689.16,800,12.9,11.9,No Prazo,Trânsito/Rota
8841,20250814,38,17,25,9,5,43.6,10805.14,1960,31.6,32.5,No Prazo,Nenhuma
8842,20250815,14,34,3,19,5,5.1,1366.98,300,4.8,4.5,No Prazo,Nenhuma
8843,20250815,8,2,27,1,1,10.3,2459.33,430,6.9,6.8,No Prazo,Nenhuma
8844,20250815,23,36,27,1,4,4.7,1775.79,430,6.9,9.4,Atrasado,Trânsito/Rota
8845,20250815,40,23,17,8,4,12.5,4630.64,930,15.0,14.8,No Prazo,Nenhuma
8846,20250815,32,10,15,14,4,17.6,3938.67,800,12.9,11.9,No Prazo,Nenhuma
8847,20250815,36,11,29,11,1,6.0,1992.94,410,6.6,6.4,No Prazo,Nenhuma
8848,20250815,30,24,13,3,4,38.6,3332.91,590,9.5,9.1,No Prazo,Trânsito/Rota
8849,20250815,32,32,29,3,4,17.5,3165.32,590,9.5,9.1,No Prazo,Nenhuma
8850,20250815,23,24,13,10,4,5.4,3906.6,930,15.0,13.8,No Prazo,Nenhuma
8851,20250815,42,37,9,7,5,4.3,958.61,210,3.4,3.4,No Prazo,Nenhuma
8852,20250815,32,10,9,6,4,18.0,4036.1,800,12.9,12.3,No Prazo,Pane Mecânica
8853,20250815,24,24,1,12,4,44.7,2599.71,590,9.5,9.8,No Prazo,Nenhuma
8854,20250815,41,33,10,12,3,26.8,3004.1,590,9.5,13.2,Atrasado,Nenhuma
8855,20250815,15,11,18,10,1,51.3,5223.41,930,15.0,20.9,Atrasado,Trânsito/Rota
8856,20250815,6,28,15,10,5,9.6,4016.89,930,15.0,15.6,No Prazo,Nenhuma
8857,20250815,28,15,26,11,1,43.2,2063.21,410,6.6,6.5,No Prazo,Nenhuma
8858,20250816,38,35,18,10,5,54.4,4568.6,930,15.0,20.1,Atrasado,Nenhuma
8859,20250816,17,13,27,10,5,9.2,3948.13,930,15.0,15.0,No Prazo,Nenhuma
8860,20250816,26,6,14,19,1,12.5,1279.24,300,4.8,4.5,No Prazo,Nenhuma
8861,20250816,38,35,30,7,5,40.6,1308.39,210,3.4,3.4,No Prazo,Nenhuma
8862,20250816,24,23,9,8,4,48.8,4721.11,930,15.0,17.1,Atrasado,Pane Mecânica
8863,20250816,10,8,19,20,2,24.8,3943.3,930,15.0,17.3,Atrasado,Nenhuma
8864,20250816,30,32,25,2,4,42.8,2147.86,410,6.6,6.8,No Prazo,Nenhuma
8865,20250816,2,28,12,6,5,5.4,4731.95,800,12.9,12.7,No Prazo,Nenhuma
8866,20250817,6,35,29,18,5,13.2,2298.37,550,8.9,8.5,No Prazo,Pane Mecânica
8867,20250817,26,2,24,13,1,12.5,6029.78,1370,22.1,21.8,No Prazo,Nenhuma
8868,20250817,11,7,26,16,3,4.4,1530.88,315,5.1,4.8,No Prazo,Nenhuma
8869,20250817,4,22,28,15,1,4.9,1005.21,210,3.4,3.2,No Prazo,Pane Mecânica
8870,20250817,36,22,23,8,1,4.0,4489.78,930,15.0,14.5,No Prazo,Nenhuma
8871,20250817,39,23,18,12,4,20.3,2629.79,590,9.5,8.7,No Prazo,Nenhuma
8872,20250818,1,5,15,16,3,12.1,1411.49,315,5.1,5.9,Atrasado,Nenhuma
8873,20250818,32,10,1,7,4,25.6,983.36,210,3.4,3.3,No Prazo,Atraso em Carga/Descarga
8874,20250818,29,2,25,18,1,13.6,2741.42,550,8.9,11.9,Atrasado,Atraso em Carga/Descarga
8875,20250818,31,6,4,20,1,54.5,4752.19,930,15.0,14.2,No Prazo,Nenhuma
8876,20250818,20,29,17,17,5,5.8,503.01,100,1.6,1.5,No Prazo,Nenhuma
8877,20250818,35,7,10,7,3,4.6,973.77,210,3.4,3.2,No Prazo,Atraso em Carga/Descarga
8878,20250818,31,27,9,14,1,39.1,3452.83,800,12.9,12.5,No Prazo,Nenhuma
8879,20250818,22,19,17,6,2,10.8,3984.35,800,12.9,13.1,No Prazo,Nenhuma
8880,20250818,6,28,15,12,5,9.9,3507.28,590,9.5,9.9,No Prazo,Nenhuma
8881,20250818,39,36,7,9,4,19.6,9903.41,1960,31.6,32.1,No Prazo,Nenhuma
8882,20250818,41,7,4,12,3,29.7,2621.2,590,9.5,10.4,Atrasado,Nenhuma
8883,20250818,11,7,26,6,3,5.0,4899.48,800,12.9,16.9,Atrasado,Nenhuma
8884,20250818,32,23,21,3,4,22.8,2912.94,590,9.5,10.4,Atrasado,Nenhuma
8885,20250818,12,28,13,11,5,12.1,2042.91,410,6.6,7.7,Atrasado,Pane Mecânica
8886,20250818,17,28,24,16,5,11.3,1553.39,315,5.1,4.8,No Prazo,Nenhuma
8887,20250818,31,27,3,7,1,46.3,1238.18,210,3.4,3.5,No Prazo,Nenhuma
8888,20250818,38,12,16,16,5,56.7,1539.09,315,5.1,6.7,Atrasado,Nenhuma
8889,20250818,2,28,16,4,5,5.4,3032.36,550,8.9,9.0,No Prazo,Nenhuma
